Sample	Gene	Type	Expression	Threshold	Percent difference	Mean Accuracy	Minimum Accuracy	Maximum Accuracy	Sample 1 Accuracy	Sample 2 Accuracy	Sample 3 Accuracy	Sample 4 Accuracy	Sample 5 Accuracy
TH03_0159_S02	RP11-815J4.6	Up	1.29278174923	0.653314113617	49.46446962094541	99.9909338168631	99.95466908431551	100	99.95466908431551	100	100	100	100
