Sample	Gene	Type	Expression	Threshold	Percent difference	Mean Accuracy	Minimum Accuracy	Maximum Accuracy	Sample 1 Accuracy	Sample 2 Accuracy	Sample 3 Accuracy	Sample 4 Accuracy	Sample 5 Accuracy
TH03_0159_S02	LINC00607	Up	1.11769504267	0.861450731754	22.926138269690465	99.14881424675347	97.9020979020979	99.79959919839679	99.07834101382488	99.74937343358395	99.79959919839679	99.21465968586386	97.9020979020979
