Sample	Gene	Type	Expression	Threshold	Percent difference	Mean Accuracy	Minimum Accuracy	Maximum Accuracy	Sample 1 Accuracy	Sample 2 Accuracy	Sample 3 Accuracy	Sample 4 Accuracy	Sample 5 Accuracy
TH03_0159_S02	FAM225A	Up	2.87184364851	2.35468268394	18.007977726723347	99.74754228287804	99.50842696629213	99.94239631336406	99.68268359020853	99.94239631336406	99.83991462113127	99.50842696629213	99.76428992339422
