Sample	Gene	Type	Expression	Threshold	Percent difference	Mean Accuracy	Minimum Accuracy	Maximum Accuracy	Sample 1 Accuracy	Sample 2 Accuracy	Sample 3 Accuracy	Sample 4 Accuracy	Sample 5 Accuracy
TH03_0159_S02	XG	Up	4.14241343787	3.87098956108	6.552312579633876	99.88657519504977	99.62335216572504	100	100	100	100	99.80952380952381	99.62335216572504
