Sample	Gene	Type	Expression	Threshold	Percent difference	Mean Accuracy	Minimum Accuracy	Maximum Accuracy	Sample 1 Accuracy	Sample 2 Accuracy	Sample 3 Accuracy	Sample 4 Accuracy	Sample 5 Accuracy
TH03_0159_S02	PRKCZ	Down	0.722466024471	1.4076769352	94.84334038140013	88.44910764657047	83.98268398268398	95.27027027027027	83.98268398268398	90.57239057239057	95.27027027027027	88.09815950920246	84.32203389830508
