Sample	Gene	Type	Expression	Threshold	Percent difference	Mean Accuracy	Minimum Accuracy	Maximum Accuracy	Sample 1 Accuracy	Sample 2 Accuracy	Sample 3 Accuracy	Sample 4 Accuracy	Sample 5 Accuracy
TH03_0159_S02	VWFP1	Up	0.68706068834	0.55422270298	19.334243337506102	66.51068793339938	58.82352941176471	75.98944591029023	61.111111111111114	69.16666666666667	75.98944591029023	67.46268656716417	58.82352941176471
