Sample	Gene	Type	Expression	Threshold	Percent difference	Mean Accuracy	Minimum Accuracy	Maximum Accuracy	Sample 1 Accuracy	Sample 2 Accuracy	Sample 3 Accuracy	Sample 4 Accuracy	Sample 5 Accuracy
TH03_0159_S02	HSPA12B	Up	4.43162295971	4.19322681427	5.37943204120417	99.76876451854677	99.49388443694643	99.95625546806649	99.9474513925381	99.83029274501484	99.95625546806649	99.61593855016802	99.49388443694643
