Sample	Gene	Type	Expression	Threshold	Percent difference	Mean Accuracy	Minimum Accuracy	Maximum Accuracy	Sample 1 Accuracy	Sample 2 Accuracy	Sample 3 Accuracy	Sample 4 Accuracy	Sample 5 Accuracy
TH03_0159_S02	RP11-114G11.5	Up	0.214124805353	0.175973325968	17.81740294969775	65.3255064369867	57.289002557544755	74.93403693931398	60.1010101010101	68.33333333333333	74.93403693931398	65.97014925373135	57.289002557544755
