Sample	Gene	Type	Expression	Threshold	Percent difference	Mean Accuracy	Minimum Accuracy	Maximum Accuracy	Sample 1 Accuracy	Sample 2 Accuracy	Sample 3 Accuracy	Sample 4 Accuracy	Sample 5 Accuracy
TH03_0159_S02	GALNT5	Up	4.40258575823	4.39242601395	0.23076766332167242	27.718950183020482	21.762969211303247	34.120734908136484	24.592748292170256	32.626219770895204	34.120734908136484	25.492078732597218	21.762969211303247
