Sample	Gene	Type	Expression	Threshold	Percent difference	Mean Accuracy	Minimum Accuracy	Maximum Accuracy	Sample 1 Accuracy	Sample 2 Accuracy	Sample 3 Accuracy	Sample 4 Accuracy	Sample 5 Accuracy
TH03_0159_S02	CTD-3187F8.14	Up	0.422233000683	0.289616107941	31.40846227733981	72.21321296437411	61.54661016949152	88.73873873873875	63.85281385281385	78.33894500561168	88.73873873873875	68.58895705521473	61.54661016949152
