Sample	Gene	Type	Expression	Threshold	Percent difference	Mean Accuracy	Minimum Accuracy	Maximum Accuracy	Sample 1 Accuracy	Sample 2 Accuracy	Sample 3 Accuracy	Sample 4 Accuracy	Sample 5 Accuracy
TH03_0159_S02	CTC-205M6.5	Up	1.72683121703	1.66774511337	3.421649034213249	81.58654786440901	72.89334119033589	88.70967741935483	80.14505893019039	88.70967741935483	87.67342582710779	78.51123595505618	72.89334119033589
