Sample	Gene	Type	Expression	Threshold	Percent difference	Mean Accuracy	Minimum Accuracy	Maximum Accuracy	Sample 1 Accuracy	Sample 2 Accuracy	Sample 3 Accuracy	Sample 4 Accuracy	Sample 5 Accuracy
TH03_0159_S02	RP11-676J12.6	Up	0.367371065649	0.344080448151	6.339807261863341	10.639076405336981	8.159564823209429	14.626288659793815	11.37742718446602	14.626288659793815	9.025270758122744	8.159564823209429	10.006830601092895
