Sample	Gene	Type	Expression	Threshold	Percent difference	Mean Accuracy	Minimum Accuracy	Maximum Accuracy	Sample 1 Accuracy	Sample 2 Accuracy	Sample 3 Accuracy	Sample 4 Accuracy	Sample 5 Accuracy
TH03_0159_S02	MS4A7	Up	7.30651744525	7.29462862015	0.16271534543079422	69.09020650048876	62.5	82.79569892473118	64.54545454545455	82.79569892473118	71.09375	64.51612903225806	62.5
