Sample	Gene	Type	Expression	Threshold	Percent difference	Mean Accuracy	Minimum Accuracy	Maximum Accuracy	Sample 1 Accuracy	Sample 2 Accuracy	Sample 3 Accuracy	Sample 4 Accuracy	Sample 5 Accuracy
TH03_0159_S02	RP11-145A3.1	Up	1.54101915313	0.566591203213	63.23269557927404	99.95495495495496	99.77477477477478	100	100	99.77477477477478	100	100	100
