Sample	Gene	Type	Expression	Threshold	Percent difference	Mean Accuracy	Minimum Accuracy	Maximum Accuracy	Sample 1 Accuracy	Sample 2 Accuracy	Sample 3 Accuracy	Sample 4 Accuracy	Sample 5 Accuracy
TH03_0289_S01	AL163953.3	Up	1.3840498068	1.28863430023	6.893935904706054	58.19156967756623	48.525469168900806	68.21705426356588	48.525469168900806	67.04	68.21705426356588	52.90023201856149	54.27509293680297
