Sample	Gene	Type	Expression	Threshold	Percent difference	Mean Accuracy	Minimum Accuracy	Maximum Accuracy	Sample 1 Accuracy	Sample 2 Accuracy	Sample 3 Accuracy	Sample 4 Accuracy	Sample 5 Accuracy
TH03_0289_S01	RP11-447L10.1	Up	1.43829285158	0.277918636799	80.67718709067493	99.95934959349593	99.79674796747967	100	100	99.79674796747967	100	100	100
