Sample	Gene	Type	Expression	Threshold	Percent difference	Mean Accuracy	Minimum Accuracy	Maximum Accuracy	Sample 1 Accuracy	Sample 2 Accuracy	Sample 3 Accuracy	Sample 4 Accuracy	Sample 5 Accuracy
TH03_0289_S01	RP11-249L21.4	Up	0.48542682717	0.472911119461	2.5782892515367553	0.45447509348447906	0	1.0389610389610389	0.7444168734491315	0	0	0.4889975550122249	1.0389610389610389
