Sample	Gene	Type	Expression	Threshold	Percent difference	Mean Accuracy	Minimum Accuracy	Maximum Accuracy	Sample 1 Accuracy	Sample 2 Accuracy	Sample 3 Accuracy	Sample 4 Accuracy	Sample 5 Accuracy
TH03_0289_S01	ATP6V0A1	Down	1.7398481027	2.63706994057	51.568975273050434	99.90043590251635	99.74489795918367	100	99.75728155339806	99.74489795918367	100	100	100
