Sample	Gene	Type	Expression	Threshold	Percent difference	Mean Accuracy	Minimum Accuracy	Maximum Accuracy	Sample 1 Accuracy	Sample 2 Accuracy	Sample 3 Accuracy	Sample 4 Accuracy	Sample 5 Accuracy
TH03_0289_S01	SLC7A6	Up	5.47346223624	5.38810586929	1.559458406141026	99.06038192454307	97.10144927536231	100	100	99.43502824858757	100	98.76543209876543	97.10144927536231
