Sample	Gene	Type	Expression	Threshold	Percent difference	Mean Accuracy	Minimum Accuracy	Maximum Accuracy	Sample 1 Accuracy	Sample 2 Accuracy	Sample 3 Accuracy	Sample 4 Accuracy	Sample 5 Accuracy
TH03_0289_S01	GABPB1	Up	5.4389581479	5.38757133484	0.944791477754636	94.7356972887512	91.84397163120568	98.87640449438202	91.84397163120568	98.87640449438202	97.36842105263158	92.88135593220339	92.70833333333334
