Sample	Gene	Type	Expression	Threshold	Percent difference	Mean Accuracy	Minimum Accuracy	Maximum Accuracy	Sample 1 Accuracy	Sample 2 Accuracy	Sample 3 Accuracy	Sample 4 Accuracy	Sample 5 Accuracy
TH03_0289_S01	PRPS1	Up	6.93085558641	6.65396404266	3.9950557373165845	99.89495684273383	99.70414201183432	100	100	100	99.77064220183486	99.70414201183432	100
