Sample	Gene	Type	Expression	Threshold	Percent difference	Mean Accuracy	Minimum Accuracy	Maximum Accuracy	Sample 1 Accuracy	Sample 2 Accuracy	Sample 3 Accuracy	Sample 4 Accuracy	Sample 5 Accuracy
TH03_0289_S01	CTB-50L17.8	Up	2.63459326845	2.24448180199	14.807274850797475	98.46384268479517	97.49430523917995	99.78586723768737	97.81553398058253	99.48979591836735	99.78586723768737	97.73371104815864	97.49430523917995
