Sample	Gene	Type	Expression	Threshold	Percent difference	Mean Accuracy	Minimum Accuracy	Maximum Accuracy	Sample 1 Accuracy	Sample 2 Accuracy	Sample 3 Accuracy	Sample 4 Accuracy	Sample 5 Accuracy
TH03_0289_S01	RP11-1094M14.7	Up	0.298658315565	0.244026988745	18.29225036532091	53.53948560078572	42.335243553008596	67.8254942058623	42.335243553008596	61.70046801872074	67.8254942058623	51.69880624426079	44.13741598207618
