Sample	Gene	Type	Expression	Threshold	Percent difference	Mean Accuracy	Minimum Accuracy	Maximum Accuracy	Sample 1 Accuracy	Sample 2 Accuracy	Sample 3 Accuracy	Sample 4 Accuracy	Sample 5 Accuracy
TH03_0289_S01	TTF1	Up	5.1456774552	5.05286741257	1.8036506065146038	99.5455358740383	98.55072463768117	100	100	100	100	99.1769547325103	98.55072463768117
