Sample	Gene	Type	Expression	Threshold	Percent difference	Mean Accuracy	Minimum Accuracy	Maximum Accuracy	Sample 1 Accuracy	Sample 2 Accuracy	Sample 3 Accuracy	Sample 4 Accuracy	Sample 5 Accuracy
TH03_0289_S01	LRRC3B	Up	0.713695814843	0.6579002738	7.817832174800407	32.51954172030868	25.884543761638735	37.84860557768924	25.884543761638735	37.84860557768924	34.9721706864564	33.95348837209302	29.938900203665987
