Sample	Gene	Type	Expression	Threshold	Percent difference	Mean Accuracy	Minimum Accuracy	Maximum Accuracy	Sample 1 Accuracy	Sample 2 Accuracy	Sample 3 Accuracy	Sample 4 Accuracy	Sample 5 Accuracy
TH03_0289_S01	ZNF532	Down	0.18903382439	0.559413552284	195.93304483427326	99.1682139184035	97.5	99.69924812030075	99.56584659913169	99.6923076923077	99.69924812030075	97.5	99.38366718027734
