Sample	Gene	Type	Expression	Threshold	Percent difference	Mean Accuracy	Minimum Accuracy	Maximum Accuracy	Sample 1 Accuracy	Sample 2 Accuracy	Sample 3 Accuracy	Sample 4 Accuracy	Sample 5 Accuracy
TH03_0289_S01	HP1BP3	Up	8.46858331701	8.40230560303	0.7826304766568747	99.36734183545886	98.38709677419355	100	100	100	98.38709677419355	98.44961240310077	100
