Sample	Gene	Type	Expression	Threshold	Percent difference	Mean Accuracy	Minimum Accuracy	Maximum Accuracy	Sample 1 Accuracy	Sample 2 Accuracy	Sample 3 Accuracy	Sample 4 Accuracy	Sample 5 Accuracy
TH03_0289_S01	RP11-164J13.1	Up	3.71259578045	2.84088039398	23.479943360931696	99.9903984637542	99.951992318771	100	100	100	100	99.951992318771	100
