Sample	Gene	Type	Expression	Threshold	Percent difference	Mean Accuracy	Minimum Accuracy	Maximum Accuracy	Sample 1 Accuracy	Sample 2 Accuracy	Sample 3 Accuracy	Sample 4 Accuracy	Sample 5 Accuracy
TH03_0289_S01	ARL5C	Up	0.432959407276	0.244370207191	43.55817125478912	75.41757639184728	66.189111747851	89.36605316973414	66.189111747851	79.48517940717629	89.36605316973414	75.20661157024794	66.84092606422703
