Sample	Gene	Type	Expression	Threshold	Percent difference	Mean Accuracy	Minimum Accuracy	Maximum Accuracy	Sample 1 Accuracy	Sample 2 Accuracy	Sample 3 Accuracy	Sample 4 Accuracy	Sample 5 Accuracy
TH03_0289_S01	NUB1	Up	7.01100356443	6.99635505676	0.2089359609559892	74.37378296537618	65.0485436893204	84.16666666666667	75.3731343283582	84.16666666666667	79.83870967741935	67.44186046511628	65.0485436893204
