Sample	Gene	Type	Expression	Threshold	Percent difference	Mean Accuracy	Minimum Accuracy	Maximum Accuracy	Sample 1 Accuracy	Sample 2 Accuracy	Sample 3 Accuracy	Sample 4 Accuracy	Sample 5 Accuracy
TH03_0289_S01	ZNF730	Up	1.87970576628	1.87100338936	0.4629648467388798	12.004880598018826	7.038834951456311	16.916488222698074	7.038834951456311	13.520408163265307	16.916488222698074	11.614730878186968	10.933940774487471
