Sample	Gene	Type	Expression	Threshold	Percent difference	Mean Accuracy	Minimum Accuracy	Maximum Accuracy	Sample 1 Accuracy	Sample 2 Accuracy	Sample 3 Accuracy	Sample 4 Accuracy	Sample 5 Accuracy
TH03_0289_S01	MSMO1	Down	1.85598969731	2.11213493347	13.801005282046939	98.01993403549541	97.03872437357631	99.57173447537473	97.0873786407767	99.23469387755102	99.57173447537473	97.16713881019831	97.03872437357631
