Sample	Gene	Type	Expression	Threshold	Percent difference	Mean Accuracy	Minimum Accuracy	Maximum Accuracy	Sample 1 Accuracy	Sample 2 Accuracy	Sample 3 Accuracy	Sample 4 Accuracy	Sample 5 Accuracy
TH03_0289_S01	LPAL2	Up	1.42223300068	1.30400574207	8.31279112167085	88.39400027274279	82.75058275058275	94.98997995991984	84.7926267281106	91.47869674185463	94.98997995991984	87.95811518324608	82.75058275058275
