Sample	Gene	Type	Expression	Threshold	Percent difference	Mean Accuracy	Minimum Accuracy	Maximum Accuracy	Sample 1 Accuracy	Sample 2 Accuracy	Sample 3 Accuracy	Sample 4 Accuracy	Sample 5 Accuracy
TH03_0289_S01	RP11-452G18.2	Up	5.68453824858	5.51767349243	2.935414432151683	99.73752691821348	99.55156950672645	100	99.56709956709958	100	99.55156950672645	99.56896551724138	100
