Sample	Gene	Type	Expression	Threshold	Percent difference	Mean Accuracy	Minimum Accuracy	Maximum Accuracy	Sample 1 Accuracy	Sample 2 Accuracy	Sample 3 Accuracy	Sample 4 Accuracy	Sample 5 Accuracy
TH03_0289_S01	PATL2	Up	3.69265037004	3.20315217972	13.256012383178795	99.9206336708502	99.800796812749	100	100	100	99.800796812749	99.80237154150198	100
