Sample	Gene	Type	Expression	Threshold	Percent difference	Mean Accuracy	Minimum Accuracy	Maximum Accuracy	Sample 1 Accuracy	Sample 2 Accuracy	Sample 3 Accuracy	Sample 4 Accuracy	Sample 5 Accuracy
TH03_0289_S01	C15orf38-AP3S2	Down	2.07038932789	2.10949516296	1.8888155258148471	50.181589601454085	41.50326797385621	58.43023255813954	43.86503067484663	56.547619047619044	58.43023255813954	50.56179775280899	41.50326797385621
