Sample	Gene	Type	Expression	Threshold	Percent difference	Mean Accuracy	Minimum Accuracy	Maximum Accuracy	Sample 1 Accuracy	Sample 2 Accuracy	Sample 3 Accuracy	Sample 4 Accuracy	Sample 5 Accuracy
TH03_0289_S01	AMOTL2	Down	0.17632277264	0.607890486717	244.76005431138282	99.95605225545185	99.84631147540983	100	99.84631147540983	100	100	99.93394980184941	100
