Sample	Gene	Type	Expression	Threshold	Percent difference	Mean Accuracy	Minimum Accuracy	Maximum Accuracy	Sample 1 Accuracy	Sample 2 Accuracy	Sample 3 Accuracy	Sample 4 Accuracy	Sample 5 Accuracy
TH03_0289_S01	PRDM15	Up	3.464668267	3.36505818367	2.875025129498206	98.0937926853937	96.3728384647828	99.34383202099738	98.21334734629532	98.9393296563428	99.34383202099738	97.59961593855017	96.3728384647828
