Sample	Gene	Type	Expression	Threshold	Percent difference	Mean Accuracy	Minimum Accuracy	Maximum Accuracy	Sample 1 Accuracy	Sample 2 Accuracy	Sample 3 Accuracy	Sample 4 Accuracy	Sample 5 Accuracy
TH03_0289_S01	UTP14A	Up	5.47313748777	5.42063856125	0.9592108116653693	94.93141787552888	91.84397163120568	98.87640449438202	91.84397163120568	98.87640449438202	97.6608187134503	93.22033898305084	93.05555555555556
