Sample	Gene	Type	Expression	Threshold	Percent difference	Mean Accuracy	Minimum Accuracy	Maximum Accuracy	Sample 1 Accuracy	Sample 2 Accuracy	Sample 3 Accuracy	Sample 4 Accuracy	Sample 5 Accuracy
TH03_0289_S01	ST13P15	Up	1.10433665981	0.987685382366	10.563017754392911	90.095137215019	83.74384236453201	95.48693586698337	87.78280542986425	95.48693586698337	95.1923076923077	88.26979472140762	83.74384236453201
