Sample	Gene	Type	Expression	Threshold	Percent difference	Mean Accuracy	Minimum Accuracy	Maximum Accuracy	Sample 1 Accuracy	Sample 2 Accuracy	Sample 3 Accuracy	Sample 4 Accuracy	Sample 5 Accuracy
TH03_0143_S01	KBTBD13	Up	0.111031312389	0.0362440273166	67.35693153871904	87.17779699818206	81.00558659217877	94.99072356215214	81.00558659217877	90.13944223107569	94.99072356215214	86.04651162790698	83.70672097759673
