Sample	Gene	Type	Expression	Threshold	Percent difference	Mean Accuracy	Minimum Accuracy	Maximum Accuracy	Sample 1 Accuracy	Sample 2 Accuracy	Sample 3 Accuracy	Sample 4 Accuracy	Sample 5 Accuracy
TH03_0143_S01	RP5-837J1.4	Up	0.6322682155	0.566591203213	10.38752394584035	24.604044640282655	16.356567620105526	34.503865979381445	23.78640776699029	34.503865979381445	16.356567620105526	24.70534904805077	23.668032786885245
