Sample	Gene	Type	Expression	Threshold	Percent difference	Mean Accuracy	Minimum Accuracy	Maximum Accuracy	Sample 1 Accuracy	Sample 2 Accuracy	Sample 3 Accuracy	Sample 4 Accuracy	Sample 5 Accuracy
TH03_0143_S01	NMT1	Up	7.25342205764	7.24687290192	0.09029056448055363	44.44684997126397	35.294117647058826	52.29885057471264	39.726027397260275	52.29885057471264	50	35.294117647058826	44.91525423728814
