Sample	Gene	Type	Expression	Threshold	Percent difference	Mean Accuracy	Minimum Accuracy	Maximum Accuracy	Sample 1 Accuracy	Sample 2 Accuracy	Sample 3 Accuracy	Sample 4 Accuracy	Sample 5 Accuracy
TH03_0143_S01	BMPER	Up	2.40599235968	2.10947012901	12.324321375211591	96.71540695500333	95.662100456621	98.72881355932203	95.662100456621	96.3963963963964	98.72881355932203	96.88995215311004	95.8997722095672
