Sample	Gene	Type	Expression	Threshold	Percent difference	Mean Accuracy	Minimum Accuracy	Maximum Accuracy	Sample 1 Accuracy	Sample 2 Accuracy	Sample 3 Accuracy	Sample 4 Accuracy	Sample 5 Accuracy
TH03_0143_S01	HMCN1	Up	6.27276973244	6.18354511261	1.4224118473306795	99.11648568498612	98.1630309988519	100	99.19678714859438	100	99.65556831228473	98.56704196519959	98.1630309988519
