Sample	Gene	Type	Expression	Threshold	Percent difference	Mean Accuracy	Minimum Accuracy	Maximum Accuracy	Sample 1 Accuracy	Sample 2 Accuracy	Sample 3 Accuracy	Sample 4 Accuracy	Sample 5 Accuracy
TH03_0143_S01	ABRA	Up	0.731183241572	0.106960088015	85.37164394180557	92.32493593945065	89.72222222222223	97.36147757255937	90.65656565656566	89.72222222222223	97.36147757255937	92.83582089552239	91.04859335038363
