Sample	Gene	Type	Expression	Threshold	Percent difference	Mean Accuracy	Minimum Accuracy	Maximum Accuracy	Sample 1 Accuracy	Sample 2 Accuracy	Sample 3 Accuracy	Sample 4 Accuracy	Sample 5 Accuracy
TH03_0143_S01	TPBGL	Up	1.65535182861	1.51694500446	8.361172637615072	94.66739462858354	92.33449477351915	98.51851851851852	92.33449477351915	98.51851851851852	96.07142857142857	94.01709401709401	92.39543726235742
