Sample	Gene	Type	Expression	Threshold	Percent difference	Mean Accuracy	Minimum Accuracy	Maximum Accuracy	Sample 1 Accuracy	Sample 2 Accuracy	Sample 3 Accuracy	Sample 4 Accuracy	Sample 5 Accuracy
TH03_0143_S01	RBM24	Up	4.42425028608	3.29677128792	25.484069057019283	99.96047430830039	99.80237154150198	100	100	100	100	99.80237154150198	100
