Sample	Gene	Type	Expression	Threshold	Percent difference	Mean Accuracy	Minimum Accuracy	Maximum Accuracy	Sample 1 Accuracy	Sample 2 Accuracy	Sample 3 Accuracy	Sample 4 Accuracy	Sample 5 Accuracy
TH03_0143_S01	EEF1A1P22	Up	0.545968369105	0.366009682417	32.96137594619343	72.31575114595239	62.94227188081937	80.61224489795919	62.94227188081937	79.6812749003984	80.61224489795919	71.74418604651163	66.59877800407332
