Sample	Gene	Type	Expression	Threshold	Percent difference	Mean Accuracy	Minimum Accuracy	Maximum Accuracy	Sample 1 Accuracy	Sample 2 Accuracy	Sample 3 Accuracy	Sample 4 Accuracy	Sample 5 Accuracy
TH03_0143_S01	DCLK3	Up	0.831877241192	0.711962640285	14.414939484962218	61.10309905186091	52.61261261261261	69.09448818897637	52.61261261261261	69.09448818897637	69.00369003690037	62.11453744493392	52.69016697588126
