Sample	Gene	Type	Expression	Threshold	Percent difference	Mean Accuracy	Minimum Accuracy	Maximum Accuracy	Sample 1 Accuracy	Sample 2 Accuracy	Sample 3 Accuracy	Sample 4 Accuracy	Sample 5 Accuracy
TH03_0143_S01	COL2A1	Up	1.81147103053	1.78567552567	1.4240086882566692	51.19653644366268	40.895698291101944	60.992529348986125	47.733454215775154	58.46774193548387	60.992529348986125	47.89325842696629	40.895698291101944
