Sample	Gene	Type	Expression	Threshold	Percent difference	Mean Accuracy	Minimum Accuracy	Maximum Accuracy	Sample 1 Accuracy	Sample 2 Accuracy	Sample 3 Accuracy	Sample 4 Accuracy	Sample 5 Accuracy
TH03_0143_S01	BEST3	Up	1.7048719644600001	1.46486794949	14.07753895736204	98.76475823937729	98.0392156862745	99.70930232558139	98.46625766871165	99.10714285714286	99.70930232558139	98.50187265917603	98.0392156862745
