Sample	Gene	Type	Expression	Threshold	Percent difference	Mean Accuracy	Minimum Accuracy	Maximum Accuracy	Sample 1 Accuracy	Sample 2 Accuracy	Sample 3 Accuracy	Sample 4 Accuracy	Sample 5 Accuracy
TH03_0143_S01	SALRNA1	Up	0.298658315565	0.210507676005	29.515548359414385	75.76398406388104	71.1864406779661	82.85714285714286	71.63531114327061	80.3076923076923	82.85714285714286	72.83333333333334	71.1864406779661
