Sample	Gene	Type	Expression	Threshold	Percent difference	Mean Accuracy	Minimum Accuracy	Maximum Accuracy	Sample 1 Accuracy	Sample 2 Accuracy	Sample 3 Accuracy	Sample 4 Accuracy	Sample 5 Accuracy
TH03_0143_S01	ADAMTS7P1	Up	0.50589092973	0.188761264086	62.68735946961055	94.05750365533082	91.13495200451722	97.25940089228808	93.0327868852459	95.00304692260816	97.25940089228808	93.85733157199472	91.13495200451722
