Sample	Gene	Type	Expression	Threshold	Percent difference	Mean Accuracy	Minimum Accuracy	Maximum Accuracy	Sample 1 Accuracy	Sample 2 Accuracy	Sample 3 Accuracy	Sample 4 Accuracy	Sample 5 Accuracy
TH03_0143_S01	RP11-21C4.1	Up	0.286881147788	0.176311850548	38.54184845973522	82.23416293906752	74.93606138107417	90.23746701846966	79.04040404040404	82.77777777777777	90.23746701846966	84.17910447761194	74.93606138107417
