Sample	Gene	Type	Expression	Threshold	Percent difference	Mean Accuracy	Minimum Accuracy	Maximum Accuracy	Sample 1 Accuracy	Sample 2 Accuracy	Sample 3 Accuracy	Sample 4 Accuracy	Sample 5 Accuracy
TH03_0143_S01	KLHL31	Up	1.2750070475	1.04709196091	17.875594259411333	99.74754228287804	99.50842696629213	99.94239631336406	99.68268359020853	99.94239631336406	99.83991462113127	99.50842696629213	99.76428992339422
