Sample	Gene	Type	Expression	Threshold	Percent difference	Mean Accuracy	Minimum Accuracy	Maximum Accuracy	Sample 1 Accuracy	Sample 2 Accuracy	Sample 3 Accuracy	Sample 4 Accuracy	Sample 5 Accuracy
TH03_0143_S01	AC016716.1	Up	0.150559676575	0.141458824277	6.04468108927326	19.605094133495015	16.87471104946833	26.54006484483557	18.355555555555554	26.54006484483557	18.38417147568013	17.870967741935484	16.87471104946833
