Sample	Gene	Type	Expression	Threshold	Percent difference	Mean Accuracy	Minimum Accuracy	Maximum Accuracy	Sample 1 Accuracy	Sample 2 Accuracy	Sample 3 Accuracy	Sample 4 Accuracy	Sample 5 Accuracy
TH03_0143_S01	ITGB2-AS1	Up	3.47118746039	3.36924123764	2.9369264527864503	97.36707917541331	96.35974304068522	98.45559845559846	96.80170575692964	98.2	98.45559845559846	97.01834862385321	96.35974304068522
