Sample	Gene	Type	Expression	Threshold	Percent difference	Mean Accuracy	Minimum Accuracy	Maximum Accuracy	Sample 1 Accuracy	Sample 2 Accuracy	Sample 3 Accuracy	Sample 4 Accuracy	Sample 5 Accuracy
TH03_0143_S01	CCL16	Up	0.526068811668	0.244370207191	53.547862604479754	84.05450019419206	77.81385281385282	93.58108108108108	77.81385281385282	86.75645342312009	93.58108108108108	84.04907975460122	78.07203389830508
