Sample	Gene	Type	Expression	Threshold	Percent difference	Mean Accuracy	Minimum Accuracy	Maximum Accuracy	Sample 1 Accuracy	Sample 2 Accuracy	Sample 3 Accuracy	Sample 4 Accuracy	Sample 5 Accuracy
TH03_0143_S01	RP11-553L6.2	Up	0.422233000683	0.210507676005	50.14419155667965	80.81890751578766	73.41655108645399	91.71475680131904	74	86.38258452987493	91.71475680131904	78.58064516129032	73.41655108645399
