Sample	Gene	Type	Expression	Threshold	Percent difference	Mean Accuracy	Minimum Accuracy	Maximum Accuracy	Sample 1 Accuracy	Sample 2 Accuracy	Sample 3 Accuracy	Sample 4 Accuracy	Sample 5 Accuracy
TH03_0143_S01	RP11-576I22.2	Up	1.25096157353	1.02119207382	18.367430668683905	99.35654746083672	98.86104783599089	100	99.31506849315068	99.32432432432432	100	99.28229665071771	98.86104783599089
