Sample	Gene	Type	Expression	Threshold	Percent difference	Mean Accuracy	Minimum Accuracy	Maximum Accuracy	Sample 1 Accuracy	Sample 2 Accuracy	Sample 3 Accuracy	Sample 4 Accuracy	Sample 5 Accuracy
TH03_0143_S01	MYOM1	Up	3.78972925138	3.46905994415	8.461536061269562	99.96387630537492	99.90398463754201	100	100	99.95757318625371	100	99.90398463754201	99.95782370307887
