Sample	Gene	Type	Expression	Threshold	Percent difference	Mean Accuracy	Minimum Accuracy	Maximum Accuracy	Sample 1 Accuracy	Sample 2 Accuracy	Sample 3 Accuracy	Sample 4 Accuracy	Sample 5 Accuracy
TH03_0143_S01	CD300LB	Up	1.48026512205	1.47557151318	0.3170789340425662	8.059039627264927	3.910614525139665	12.087912087912088	6.282722513089005	12.087912087912088	9.181141439205955	8.832807570977918	3.910614525139665
