Sample	Gene	Type	Expression	Threshold	Percent difference	Mean Accuracy	Minimum Accuracy	Maximum Accuracy	Sample 1 Accuracy	Sample 2 Accuracy	Sample 3 Accuracy	Sample 4 Accuracy	Sample 5 Accuracy
TH03_0143_S01	RNA5-8S5	Down	5.33842441478	5.71341133118	7.024299442393672	89.32193732193733	81.48148148148148	100	81.48148148148148	90	100	88.46153846153845	86.66666666666667
