Sample	Gene	Type	Expression	Threshold	Percent difference	Mean Accuracy	Minimum Accuracy	Maximum Accuracy	Sample 1 Accuracy	Sample 2 Accuracy	Sample 3 Accuracy	Sample 4 Accuracy	Sample 5 Accuracy
TH03_0013_S01	CALM2	Down	6.87393620599	6.95034074783	1.1115107785466654	95.03523605670429	91.94444444444444	99.2248062015504	91.94444444444444	97.71428571428571	99.2248062015504	94.32835820895522	91.96428571428571
