Sample	Gene	Type	Expression	Threshold	Percent difference	Mean Accuracy	Minimum Accuracy	Maximum Accuracy	Sample 1 Accuracy	Sample 2 Accuracy	Sample 3 Accuracy	Sample 4 Accuracy	Sample 5 Accuracy
TH03_0013_S01	CTA-212A2.1	Up	1.41683974191	1.14434182644	19.23279728889123	99.30013143790704	98.7864077669903	99.78586723768737	98.7864077669903	99.74489795918367	99.78586723768737	98.86685552407933	99.31662870159454
