Sample	Gene	Type	Expression	Threshold	Percent difference	Mean Accuracy	Minimum Accuracy	Maximum Accuracy	Sample 1 Accuracy	Sample 2 Accuracy	Sample 3 Accuracy	Sample 4 Accuracy	Sample 5 Accuracy
TH03_0013_S01	PEX11A	Down	0.0565835283664	0.172673344612	205.16538928762805	99.77324760172938	99.60629921259843	100	100	99.60629921259843	99.63099630996311	100	99.62894248608535
