Sample	Gene	Type	Expression	Threshold	Percent difference	Mean Accuracy	Minimum Accuracy	Maximum Accuracy	Sample 1 Accuracy	Sample 2 Accuracy	Sample 3 Accuracy	Sample 4 Accuracy	Sample 5 Accuracy
TH03_0013_S01	GOLM1	Down	1.45417589319	1.46824026108	0.9671710248990127	28.60227880973499	25.475285171102662	35	25.78397212543554	31.11111111111111	35	25.64102564102564	25.475285171102662
