Sample	Gene	Type	Expression	Threshold	Percent difference	Mean Accuracy	Minimum Accuracy	Maximum Accuracy	Sample 1 Accuracy	Sample 2 Accuracy	Sample 3 Accuracy	Sample 4 Accuracy	Sample 5 Accuracy
TH03_0013_S01	C1GALT1C1	Down	2.07382023329	2.28255271912	10.065119554690488	93.80660290841276	90.20501138952164	97.03389830508475	92.23744292237443	94.81981981981981	97.03389830508475	94.73684210526315	90.20501138952164
