Sample	Gene	Type	Expression	Threshold	Percent difference	Mean Accuracy	Minimum Accuracy	Maximum Accuracy	Sample 1 Accuracy	Sample 2 Accuracy	Sample 3 Accuracy	Sample 4 Accuracy	Sample 5 Accuracy
TH03_0013_S01	AC006129.3	Up	1.95977015521	0.176311850548	91.00344241495468	99.95934959349593	99.79674796747967	100	100	99.79674796747967	100	100	100
