Sample	Gene	Type	Expression	Threshold	Percent difference	Mean Accuracy	Minimum Accuracy	Maximum Accuracy	Sample 1 Accuracy	Sample 2 Accuracy	Sample 3 Accuracy	Sample 4 Accuracy	Sample 5 Accuracy
TH03_0013_S01	CBX1	Down	2.464668267	2.82925915718	14.792696244828965	98.40718546099913	97.45042492917847	99.78586723768737	97.81553398058253	99.48979591836735	99.78586723768737	97.45042492917847	97.49430523917995
