Sample	Gene	Type	Expression	Threshold	Percent difference	Mean Accuracy	Minimum Accuracy	Maximum Accuracy	Sample 1 Accuracy	Sample 2 Accuracy	Sample 3 Accuracy	Sample 4 Accuracy	Sample 5 Accuracy
TH03_0013_S01	SUMO4	Up	0.6322682155	0.563512980938	10.874377815691426	37.94937491888544	30.802292263610315	46.56786271450858	30.802292263610315	46.56786271450858	41.717791411042946	37.64921946740129	33.00970873786408
