Sample	Gene	Type	Expression	Threshold	Percent difference	Mean Accuracy	Minimum Accuracy	Maximum Accuracy	Sample 1 Accuracy	Sample 2 Accuracy	Sample 3 Accuracy	Sample 4 Accuracy	Sample 5 Accuracy
TH03_0013_S01	ARHGAP24	Up	6.27965700653	6.18151140213	1.5629134568646303	98.0587414963092	97.26443768996961	99.26108374384236	97.70114942528735	98.27089337175792	99.26108374384236	97.7961432506887	97.26443768996961
