Sample	Gene	Type	Expression	Threshold	Percent difference	Mean Accuracy	Minimum Accuracy	Maximum Accuracy	Sample 1 Accuracy	Sample 2 Accuracy	Sample 3 Accuracy	Sample 4 Accuracy	Sample 5 Accuracy
TH03_0013_S01	UBE2B	Down	4.72355856147	4.72843980789	0.10333832758667064	8.352592372925901	6.843267108167771	11.354581673306772	6.872037914691943	8.590308370044053	11.354581673306772	8.102766798418973	6.843267108167771
