Sample	Gene	Type	Expression	Threshold	Percent difference	Mean Accuracy	Minimum Accuracy	Maximum Accuracy	Sample 1 Accuracy	Sample 2 Accuracy	Sample 3 Accuracy	Sample 4 Accuracy	Sample 5 Accuracy
TH03_0013_S01	UACA	Down	0.48542682717	1.42511701584	193.5801929506697	99.38690271084566	99.09909909909909	99.60629921259843	99.09909909909909	99.60629921259843	99.44649446494465	99.33920704845815	99.44341372912801
