Sample	Gene	Type	Expression	Threshold	Percent difference	Mean Accuracy	Minimum Accuracy	Maximum Accuracy	Sample 1 Accuracy	Sample 2 Accuracy	Sample 3 Accuracy	Sample 4 Accuracy	Sample 5 Accuracy
TH03_0013_S01	CRLS1	Down	3.53356334821	3.7496945858	6.116523641764785	99.7727199354318	99.42857142857143	100	100	100	100	99.42857142857143	99.43502824858757
