Sample	Gene	Type	Expression	Threshold	Percent difference	Mean Accuracy	Minimum Accuracy	Maximum Accuracy	Sample 1 Accuracy	Sample 2 Accuracy	Sample 3 Accuracy	Sample 4 Accuracy	Sample 5 Accuracy
TH03_0013_S01	PPP3CC	Up	5.45121111183	5.2437171936	3.806381994263715	99.89495684273383	99.70414201183432	100	100	100	99.77064220183486	99.70414201183432	100
