Sample	Gene	Type	Expression	Threshold	Percent difference	Mean Accuracy	Minimum Accuracy	Maximum Accuracy	Sample 1 Accuracy	Sample 2 Accuracy	Sample 3 Accuracy	Sample 4 Accuracy	Sample 5 Accuracy
TH03_0013_S01	CEBPD	Down	0.378511623254	0.898857831955	137.47165918649267	98.85633841379087	97	99.69924812030075	99.27641099855282	99.38461538461539	99.69924812030075	97	98.92141756548536
