Sample	Gene	Type	Expression	Threshold	Percent difference	Mean Accuracy	Minimum Accuracy	Maximum Accuracy	Sample 1 Accuracy	Sample 2 Accuracy	Sample 3 Accuracy	Sample 4 Accuracy	Sample 5 Accuracy
TH03_0013_S01	C1DP5	Up	0.831877241192	0.311149060726	62.596757632153356	81.258493848056915	73.36065573770492	91.75229103026938	74.96966019417476	87.0167525773196	91.75229103026938	79.19310970081595	73.36065573770492
