Sample	Gene	Type	Expression	Threshold	Percent difference	Mean Accuracy	Minimum Accuracy	Maximum Accuracy	Sample 1 Accuracy	Sample 2 Accuracy	Sample 3 Accuracy	Sample 4 Accuracy	Sample 5 Accuracy
TH03_0013_S01	RP11-74E24.2	Up	0.59454854955	0.311149060726	47.666332554086374	83.81264822409332	80.43143297380585	87.53846153846155	81.04196816208393	87.53846153846155	87.21804511278195	82.83333333333334	80.43143297380585
