Sample	Gene	Type	Expression	Threshold	Percent difference	Mean Accuracy	Minimum Accuracy	Maximum Accuracy	Sample 1 Accuracy	Sample 2 Accuracy	Sample 3 Accuracy	Sample 4 Accuracy	Sample 5 Accuracy
TH03_0013_S01	SELL	Up	6.7314548077	6.72521924973	0.09263314020717416	20.457761844755	16.610169491525422	26.591760299625467	19.50354609929078	26.591760299625467	22.22222222222222	16.610169491525422	17.36111111111111
