Sample	Gene	Type	Expression	Threshold	Percent difference	Mean Accuracy	Minimum Accuracy	Maximum Accuracy	Sample 1 Accuracy	Sample 2 Accuracy	Sample 3 Accuracy	Sample 4 Accuracy	Sample 5 Accuracy
TH03_0013_S01	WASIR1	Up	0.378511623254	0.141808778048	62.53515893940216	84.603461487729	78.34204630321136	91.68370824812543	78.58166189111748	89.46957878315132	91.68370824812543	84.94031221303948	78.34204630321136
