Sample	Gene	Type	Expression	Threshold	Percent difference	Mean Accuracy	Minimum Accuracy	Maximum Accuracy	Sample 1 Accuracy	Sample 2 Accuracy	Sample 3 Accuracy	Sample 4 Accuracy	Sample 5 Accuracy
TH03_0013_S01	DYRK3	Up	4.62175885671	4.60969114304	0.2611065190577683	21.866972186315564	16.39344262295082	26.94610778443114	18.562874251497004	26.94610778443114	24.675324675324674	22.75711159737418	16.39344262295082
