Sample	Gene	Type	Expression	Threshold	Percent difference	Mean Accuracy	Minimum Accuracy	Maximum Accuracy	Sample 1 Accuracy	Sample 2 Accuracy	Sample 3 Accuracy	Sample 4 Accuracy	Sample 5 Accuracy
TH03_0013_S01	ATP6V1H	Down	3.6287735952	3.73086023331	2.813254545420967	95.7508144889673	93.26923076923077	98.59154929577466	93.26923076923077	98.59154929577466	98.24868651488616	95.04761904761905	93.5969868173258
