Sample	Gene	Type	Expression	Threshold	Percent difference	Mean Accuracy	Minimum Accuracy	Maximum Accuracy	Sample 1 Accuracy	Sample 2 Accuracy	Sample 3 Accuracy	Sample 4 Accuracy	Sample 5 Accuracy
TH03_0013_S01	LPAR6	Up	7.21829683064	7.15592432022	0.8640890210450127	99.66193181818181	99.0909090909091	100	99.0909090909091	100	99.21875	100	100
