Sample	Gene	Type	Expression	Threshold	Percent difference	Mean Accuracy	Minimum Accuracy	Maximum Accuracy	Sample 1 Accuracy	Sample 2 Accuracy	Sample 3 Accuracy	Sample 4 Accuracy	Sample 5 Accuracy
TH03_0013_S01	CCDC50	Down	1.89530262133	2.25248408318	18.84561641134404	99.7840450891198	99.57865168539325	99.94239631336406	99.68268359020853	99.94239631336406	99.89327641408752	99.57865168539325	99.82321744254567
