Sample	Gene	Type	Expression	Threshold	Percent difference	Mean Accuracy	Minimum Accuracy	Maximum Accuracy	Sample 1 Accuracy	Sample 2 Accuracy	Sample 3 Accuracy	Sample 4 Accuracy	Sample 5 Accuracy
TH03_0013_S01	WDR83OS	Down	6.01100356443	6.1006526947	1.4914170206202637	97.64648286543112	94.82758620689656	99.55156950672645	96.96969696969697	99.16666666666667	99.55156950672645	94.82758620689656	97.71689497716895
