Sample	Gene	Type	Expression	Threshold	Percent difference	Mean Accuracy	Minimum Accuracy	Maximum Accuracy	Sample 1 Accuracy	Sample 2 Accuracy	Sample 3 Accuracy	Sample 4 Accuracy	Sample 5 Accuracy
TH03_0013_S01	MAPKAPK3	Up	6.97016342466	6.81358242035	2.246446672340935	99.70671259441671	99.46380697050938	100	99.76190476190476	100	99.58333333333333	99.72451790633609	99.46380697050938
