Sample	Gene	Type	Expression	Threshold	Percent difference	Mean Accuracy	Minimum Accuracy	Maximum Accuracy	Sample 1 Accuracy	Sample 2 Accuracy	Sample 3 Accuracy	Sample 4 Accuracy	Sample 5 Accuracy
TH03_0013_S01	RP5-1086K13.1	Up	1.20163386117	1.08387207985	9.800138388688415	95.99225008861983	93.85474860335195	98.75930521091811	96.59685863874346	96.42857142857143	98.75930521091811	94.3217665615142	93.85474860335195
