Sample	Gene	Type	Expression	Threshold	Percent difference	Mean Accuracy	Minimum Accuracy	Maximum Accuracy	Sample 1 Accuracy	Sample 2 Accuracy	Sample 3 Accuracy	Sample 4 Accuracy	Sample 5 Accuracy
TH03_0013_S01	RRBP1	Down	3.56193705962	3.58812904358	0.7353297804423936	67.96065413462294	59.21552087726698	75.50306211723534	65.68575932737782	74.2044972422571	75.50306211723534	65.19443110897744	59.21552087726698
