Sample	Gene	Type	Expression	Threshold	Percent difference	Mean Accuracy	Minimum Accuracy	Maximum Accuracy	Sample 1 Accuracy	Sample 2 Accuracy	Sample 3 Accuracy	Sample 4 Accuracy	Sample 5 Accuracy
TH03_0013_S01	CTD-2506J14.1	Up	0.333423733725	0.277918636799	16.64701438793776	50.88426561584555	39.89071038251366	66.87031380172175	40.078883495145625	56.76546391752577	66.87031380172175	50.81595648232094	39.89071038251366
