Sample	Gene	Type	Expression	Threshold	Percent difference	Mean Accuracy	Minimum Accuracy	Maximum Accuracy	Sample 1 Accuracy	Sample 2 Accuracy	Sample 3 Accuracy	Sample 4 Accuracy	Sample 5 Accuracy
TH03_0013_S01	RP11-244H3.4	Up	2.33913738492	2.01337313652	13.92668299434415	99.27475307546798	98.82144961697112	99.6264674493063	99.22937443336355	99.53917050691244	99.6264674493063	99.15730337078652	98.82144961697112
