Sample	Gene	Type	Expression	Threshold	Percent difference	Mean Accuracy	Minimum Accuracy	Maximum Accuracy	Sample 1 Accuracy	Sample 2 Accuracy	Sample 3 Accuracy	Sample 4 Accuracy	Sample 5 Accuracy
TH03_0013_S01	ZNF532	Down	0.163498732283	0.559413552284	242.15161455546394	99.88682918325246	99.63099630996311	100	100	99.80314960629921	99.63099630996311	100	100
