Sample	Gene	Type	Expression	Threshold	Percent difference	Mean Accuracy	Minimum Accuracy	Maximum Accuracy	Sample 1 Accuracy	Sample 2 Accuracy	Sample 3 Accuracy	Sample 4 Accuracy	Sample 5 Accuracy
TH03_0013_S01	RP4-756G23.5	Up	1.75274859141	1.46978080273	16.144231412696016	98.39659114682179	97.71689497716895	99.57627118644068	97.71689497716895	98.1981981981982	99.57627118644068	98.08612440191388	98.40546697038725
