Sample	Gene	Type	Expression	Threshold	Percent difference	Mean Accuracy	Minimum Accuracy	Maximum Accuracy	Sample 1 Accuracy	Sample 2 Accuracy	Sample 3 Accuracy	Sample 4 Accuracy	Sample 5 Accuracy
TH03_0013_S01	DAD1	Down	6.32571020752	6.35793304443	0.5093947691706372	71.81755090030931	64.06926406926407	82.5	64.06926406926407	82.5	76.68161434977578	65.51724137931035	70.31963470319634
