Sample	Gene	Type	Expression	Threshold	Percent difference	Mean Accuracy	Minimum Accuracy	Maximum Accuracy	Sample 1 Accuracy	Sample 2 Accuracy	Sample 3 Accuracy	Sample 4 Accuracy	Sample 5 Accuracy
TH03_0013_S01	TNFRSF8	Up	2.09761079663	1.82014131546	13.227882008224778	99.13205700322425	98.40895698291102	99.6264674493063	99.18404351767906	99.42396313364056	99.6264674493063	99.01685393258427	98.40895698291102
