Sample	Gene	Type	Expression	Threshold	Percent difference	Mean Accuracy	Minimum Accuracy	Maximum Accuracy	Sample 1 Accuracy	Sample 2 Accuracy	Sample 3 Accuracy	Sample 4 Accuracy	Sample 5 Accuracy
TH01_0053_S01	KB-1471A8.1	Up	0.59454854955	0.366009682417	38.43905889703638	79.5826047847644	70.80957810718358	92.72503082614057	74.68982630272953	83.00395256916995	92.72503082614057	76.68463611859838	70.80957810718358
