Sample	Gene	Type	Expression	Threshold	Percent difference	Mean Accuracy	Minimum Accuracy	Maximum Accuracy	Sample 1 Accuracy	Sample 2 Accuracy	Sample 3 Accuracy	Sample 4 Accuracy	Sample 5 Accuracy
TH01_0053_S01	LRRC18	Up	0.443606651476	0.244370207191	44.91286224453266	79.73951725819946	72.51082251082252	90.990990990991	72.51082251082252	82.71604938271605	90.990990990991	79.38650306748465	73.09322033898306
