Sample	Gene	Type	Expression	Threshold	Percent difference	Mean Accuracy	Minimum Accuracy	Maximum Accuracy	Sample 1 Accuracy	Sample 2 Accuracy	Sample 3 Accuracy	Sample 4 Accuracy	Sample 5 Accuracy
TH01_0053_S01	FERMT2	Down	0.356143810225	0.466915130615	31.10297503697124	83.65547684260336	77.80914737436476	91.07711918419376	81.40368852459017	87.14198659354052	91.07711918419376	80.84544253632761	77.80914737436476
