Sample	Gene	Type	Expression	Threshold	Percent difference	Mean Accuracy	Minimum Accuracy	Maximum Accuracy	Sample 1 Accuracy	Sample 2 Accuracy	Sample 3 Accuracy	Sample 4 Accuracy	Sample 5 Accuracy
TH01_0053_S01	F7	Up	1.69153416492	1.44627797604	14.499038444878188	98.3160692878784	97.03872437357631	99.78586723768737	97.81553398058253	99.48979591836735	99.78586723768737	97.45042492917847	97.03872437357631
