Sample	Gene	Type	Expression	Threshold	Percent difference	Mean Accuracy	Minimum Accuracy	Maximum Accuracy	Sample 1 Accuracy	Sample 2 Accuracy	Sample 3 Accuracy	Sample 4 Accuracy	Sample 5 Accuracy
TH01_0053_S01	MATK	Up	4.93545974781	4.70295858383	4.710830922755828	99.42430431938065	99.12472647702407	99.81447124304268	99.20159680638723	99.8003992015968	99.81447124304268	99.12472647702407	99.18032786885246
