Sample	Gene	Type	Expression	Threshold	Percent difference	Mean Accuracy	Minimum Accuracy	Maximum Accuracy	Sample 1 Accuracy	Sample 2 Accuracy	Sample 3 Accuracy	Sample 4 Accuracy	Sample 5 Accuracy
TH02_0082_S01	C5orf64	Up	0.963474123975	0.210507676005	78.15118530256842	88.5018842762591	82.9608938547486	95.54730983302412	82.9608938547486	90.43824701195219	95.54730983302412	88.0232558139535	85.539714867617107
