Sample	Gene	Type	Expression	Threshold	Percent difference	Mean Accuracy	Minimum Accuracy	Maximum Accuracy	Sample 1 Accuracy	Sample 2 Accuracy	Sample 3 Accuracy	Sample 4 Accuracy	Sample 5 Accuracy
TH02_0082_S01	SMARCD2	Down	3.20633064787	3.39504694939	5.885740500449204	99.83287447851599	99.77064220183486	100	99.7867803837953	99.8	99.8069498069498	99.77064220183486	100
