Sample	Gene	Type	Expression	Threshold	Percent difference	Mean Accuracy	Minimum Accuracy	Maximum Accuracy	Sample 1 Accuracy	Sample 2 Accuracy	Sample 3 Accuracy	Sample 4 Accuracy	Sample 5 Accuracy
TH02_0082_S01	NGB	Up	0.68706068834	0.311149060726	54.71301647635176	86.74591577971064	81.07183580387685	95.43773119605426	82.6302729528536	91.43610013175231	95.43773119605426	83.15363881401618	81.07183580387685
