Sample	Gene	Type	Expression	Threshold	Percent difference	Mean Accuracy	Minimum Accuracy	Maximum Accuracy	Sample 1 Accuracy	Sample 2 Accuracy	Sample 3 Accuracy	Sample 4 Accuracy	Sample 5 Accuracy
TH02_0082_S01	LRRC4C	Up	2.99457972422	2.9141471386	2.6859390307583144	63.50594114763768	55.828220858895705	70.93023255813954	55.828220858895705	70.23809523809523	70.93023255813954	63.670411985018724	56.86274509803921
