Sample	Gene	Type	Expression	Threshold	Percent difference	Mean Accuracy	Minimum Accuracy	Maximum Accuracy	Sample 1 Accuracy	Sample 2 Accuracy	Sample 3 Accuracy	Sample 4 Accuracy	Sample 5 Accuracy
TH03_0144_S01	RBM15B	Up	5.6372044819	5.54088687897	1.708605803448445	99.5083114115445	98.97645854657114	100	99.59839357429718	100	99.77037887485649	98.97645854657114	99.19632606199771
