Sample	Gene	Type	Expression	Threshold	Percent difference	Mean Accuracy	Minimum Accuracy	Maximum Accuracy	Sample 1 Accuracy	Sample 2 Accuracy	Sample 3 Accuracy	Sample 4 Accuracy	Sample 5 Accuracy
TH03_0144_S01	SMG7-AS1	Up	1.25701061821	1.24092710018	1.2795053436305275	33.96647975074198	25.139664804469277	42.582417582417584	26.96335078534031	42.582417582417584	40.44665012406948	34.70031545741325	25.139664804469277
