Sample	Gene	Type	Expression	Threshold	Percent difference	Mean Accuracy	Minimum Accuracy	Maximum Accuracy	Sample 1 Accuracy	Sample 2 Accuracy	Sample 3 Accuracy	Sample 4 Accuracy	Sample 5 Accuracy
TH03_0144_S01	AC010136.2	Up	1.64616265716	1.16195762157	29.41416715316349	98.13770518291791	96.91689008042896	99.52	96.91689008042896	99.52	99.12790697674419	97.91183294663574	97.21189591078067
