Sample	Gene	Type	Expression	Threshold	Percent difference	Mean Accuracy	Minimum Accuracy	Maximum Accuracy	Sample 1 Accuracy	Sample 2 Accuracy	Sample 3 Accuracy	Sample 4 Accuracy	Sample 5 Accuracy
TH03_0144_S01	AC006011.4	Up	6.2878047090800004	6.04471492767	3.866051708936867	99.26865920854901	98.11320754716981	100	100	100	100	98.23008849557522	98.11320754716981
