Sample	Gene	Type	Expression	Threshold	Percent difference	Mean Accuracy	Minimum Accuracy	Maximum Accuracy	Sample 1 Accuracy	Sample 2 Accuracy	Sample 3 Accuracy	Sample 4 Accuracy	Sample 5 Accuracy
TH03_0144_S01	B3GALT5-AS1	Up	2	1.95626139641	2.186930179500002	40.807621717842586	29.836829836829835	51.703406813627254	35.483870967741936	50.6265664160401	51.703406813627254	36.38743455497382	29.836829836829835
