Sample	Gene	Type	Expression	Threshold	Percent difference	Mean Accuracy	Minimum Accuracy	Maximum Accuracy	Sample 1 Accuracy	Sample 2 Accuracy	Sample 3 Accuracy	Sample 4 Accuracy	Sample 5 Accuracy
TH03_0144_S01	CDH10	Up	1.32768736418	0.566591203213	57.32495326089546	99.92395437262357	99.61977186311786	100	100	100	100	100	99.61977186311786
