Sample	Gene	Type	Expression	Threshold	Percent difference	Mean Accuracy	Minimum Accuracy	Maximum Accuracy	Sample 1 Accuracy	Sample 2 Accuracy	Sample 3 Accuracy	Sample 4 Accuracy	Sample 5 Accuracy
TH03_0144_S01	NAT2	Up	1.20163386117	0.896965801716	25.354483532725386	99.3865762595535	98.36829836829837	99.79959919839679	99.53917050691244	99.74937343358395	99.79959919839679	99.47643979057592	98.36829836829837
