Sample	Gene	Type	Expression	Threshold	Percent difference	Mean Accuracy	Minimum Accuracy	Maximum Accuracy	Sample 1 Accuracy	Sample 2 Accuracy	Sample 3 Accuracy	Sample 4 Accuracy	Sample 5 Accuracy
TH03_0144_S01	RP11-748H22.1	Up	0.443606651476	0.210507676005	52.546321092214534	83.89902965523395	77.64830508474576	93.58108108108108	77.7056277056277	86.75645342312009	93.58108108108108	83.8036809815951	77.64830508474576
