Sample	Gene	Type	Expression	Threshold	Percent difference	Mean Accuracy	Minimum Accuracy	Maximum Accuracy	Sample 1 Accuracy	Sample 2 Accuracy	Sample 3 Accuracy	Sample 4 Accuracy	Sample 5 Accuracy
TH03_0144_S01	STK25	Up	7.99322146737	7.93179702759	0.7684566232869572	99.33227546810537	97.3913043478261	100	99.27007299270073	100	100	97.3913043478261	100
