Sample	Gene	Type	Expression	Threshold	Percent difference	Mean Accuracy	Minimum Accuracy	Maximum Accuracy	Sample 1 Accuracy	Sample 2 Accuracy	Sample 3 Accuracy	Sample 4 Accuracy	Sample 5 Accuracy
TH03_0144_S01	RP11-374M1.5	Up	2.71589337055	1.29032027721	52.49002441694921	99.65392297445979	99.25650557620817	100	99.46380697050938	99.83999999999999	99.70930232558139	100	99.25650557620817
