Sample	Gene	Type	Expression	Threshold	Percent difference	Mean Accuracy	Minimum Accuracy	Maximum Accuracy	Sample 1 Accuracy	Sample 2 Accuracy	Sample 3 Accuracy	Sample 4 Accuracy	Sample 5 Accuracy
TH03_0144_S01	ATP5G2P4	Up	0.678071905113	0.277918636799	59.01339744305065	80.08780412278412	71.75546448087432	91.36351013607332	73.20995145631069	86.05025773195877	91.36351013607332	78.05983680870354	71.75546448087432
