Sample	Gene	Type	Expression	Threshold	Percent difference	Mean Accuracy	Minimum Accuracy	Maximum Accuracy	Sample 1 Accuracy	Sample 2 Accuracy	Sample 3 Accuracy	Sample 4 Accuracy	Sample 5 Accuracy
TH03_0144_S01	HSPA8P9	Up	0.0976107966264	0.0714228823781	26.828911507128474	70.77329551869508	62.02964652223489	81.87422934648582	64.26799007444168	76.1528326745718	81.87422934648582	69.54177897574124	62.02964652223489
