Sample	Gene	Type	Expression	Threshold	Percent difference	Mean Accuracy	Minimum Accuracy	Maximum Accuracy	Sample 1 Accuracy	Sample 2 Accuracy	Sample 3 Accuracy	Sample 4 Accuracy	Sample 5 Accuracy
TH03_0144_S01	CHAF1A	Up	6.5799946932	6.39546632767	2.804384716612273	99.59327235344324	99.13793103448276	100	99.13793103448276	99.71181556195965	100	99.72451790633609	99.3920972644377
