Sample	Gene	Type	Expression	Threshold	Percent difference	Mean Accuracy	Minimum Accuracy	Maximum Accuracy	Sample 1 Accuracy	Sample 2 Accuracy	Sample 3 Accuracy	Sample 4 Accuracy	Sample 5 Accuracy
TH03_0144_S01	RNF217-AS1	Up	0.263034405834	0.222623795271	15.36324133524303	69.53443939690857	61.71654432523997	79.79604843849586	65.93237704918032	74.77148080438756	79.79604843849586	65.4557463672391	61.71654432523997
