Sample	Gene	Type	Expression	Threshold	Percent difference	Mean Accuracy	Minimum Accuracy	Maximum Accuracy	Sample 1 Accuracy	Sample 2 Accuracy	Sample 3 Accuracy	Sample 4 Accuracy	Sample 5 Accuracy
TH03_0144_S01	TFAP4	Up	5.95396359887	5.73622846603	3.6569778975693357	99.89495684273383	99.70414201183432	100	100	100	99.77064220183486	99.70414201183432	100
