Sample	Gene	Type	Expression	Threshold	Percent difference	Mean Accuracy	Minimum Accuracy	Maximum Accuracy	Sample 1 Accuracy	Sample 2 Accuracy	Sample 3 Accuracy	Sample 4 Accuracy	Sample 5 Accuracy
TH03_0144_S01	ZNF782	Up	2.97636363573	2.72597622871	8.41252742152215	95.44679788215517	93.13725490196079	98.54651162790698	93.25153374233128	97.91666666666666	98.54651162790698	94.3820224719101	93.13725490196079
