Sample	Gene	Type	Expression	Threshold	Percent difference	Mean Accuracy	Minimum Accuracy	Maximum Accuracy	Sample 1 Accuracy	Sample 2 Accuracy	Sample 3 Accuracy	Sample 4 Accuracy	Sample 5 Accuracy
TH03_0144_S01	ZDHHC8P1	Up	3.81249822533	3.53155088425	7.369114015933266	99.91525271729382	99.78118161925602	100	100	100	100	99.78118161925602	99.79508196721312
