Sample	Gene	Type	Expression	Threshold	Percent difference	Mean Accuracy	Minimum Accuracy	Maximum Accuracy	Sample 1 Accuracy	Sample 2 Accuracy	Sample 3 Accuracy	Sample 4 Accuracy	Sample 5 Accuracy
TH03_0144_S01	MNT	Up	5.23496109484	5.158659935	1.45753059970605	99.13944779750047	98.1630309988519	100	99.19678714859438	100	99.77037887485649	98.56704196519959	98.1630309988519
