Sample	Gene	Type	Expression	Threshold	Percent difference	Mean Accuracy	Minimum Accuracy	Maximum Accuracy	Sample 1 Accuracy	Sample 2 Accuracy	Sample 3 Accuracy	Sample 4 Accuracy	Sample 5 Accuracy
TH03_0144_S01	RPL12L3	Up	1.72683121703	1.14956068993	33.429470199922335	98.58784386628608	97.76951672862454	99.52	97.85522788203752	99.52	99.4186046511628	98.37587006960557	97.76951672862454
