Sample	Gene	Type	Expression	Threshold	Percent difference	Mean Accuracy	Minimum Accuracy	Maximum Accuracy	Sample 1 Accuracy	Sample 2 Accuracy	Sample 3 Accuracy	Sample 4 Accuracy	Sample 5 Accuracy
TH03_0144_S01	RP11-330M19.1	Up	1.6322682155	0.176311850548	89.1983530112426	99.94897959183673	99.74489795918367	100	100	99.74489795918367	100	100	100
