Sample	Gene	Type	Expression	Threshold	Percent difference	Mean Accuracy	Minimum Accuracy	Maximum Accuracy	Sample 1 Accuracy	Sample 2 Accuracy	Sample 3 Accuracy	Sample 4 Accuracy	Sample 5 Accuracy
TH03_0144_S01	ELAVL1	Up	6.91336815968	6.87395429611	0.5701108730165536	81.9564940343162	72.91666666666666	93.63295880149812	74.822695035461	93.63295880149812	89.76608187134502	78.64406779661017	72.91666666666666
