Sample	Gene	Type	Expression	Threshold	Percent difference	Mean Accuracy	Minimum Accuracy	Maximum Accuracy	Sample 1 Accuracy	Sample 2 Accuracy	Sample 3 Accuracy	Sample 4 Accuracy	Sample 5 Accuracy
TH03_0144_S01	LINC01101	Up	0.0840642647885	0.071774750948	14.61918910659552	54.693475595741205	42.98745724059293	67.69420468557337	49.37965260545906	61.9235836627141	67.69420468557337	51.482479784366575	42.98745724059293
