Sample	Gene	Type	Expression	Threshold	Percent difference	Mean Accuracy	Minimum Accuracy	Maximum Accuracy	Sample 1 Accuracy	Sample 2 Accuracy	Sample 3 Accuracy	Sample 4 Accuracy	Sample 5 Accuracy
TH03_0144_S01	SGOL1-AS1	Up	1.464668267	0.376716196537	74.27975979102713	99.92698713394901	99.79674796747967	100	99.83818770226537	99.79674796747967	100	100	100
