Sample	Gene	Type	Expression	Threshold	Percent difference	Mean Accuracy	Minimum Accuracy	Maximum Accuracy	Sample 1 Accuracy	Sample 2 Accuracy	Sample 3 Accuracy	Sample 4 Accuracy	Sample 5 Accuracy
TH03_0144_S01	SAMD11	Up	6.5581145386	6.42287635803	2.0621503295499033	99.59651975695115	99.17355371900827	100	99.76190476190476	100	99.58333333333333	99.17355371900827	99.46380697050938
