Sample	Gene	Type	Expression	Threshold	Percent difference	Mean Accuracy	Minimum Accuracy	Maximum Accuracy	Sample 1 Accuracy	Sample 2 Accuracy	Sample 3 Accuracy	Sample 4 Accuracy	Sample 5 Accuracy
TH03_0144_S01	MTF2	Up	5.35755200462	5.29394960403	1.1871541430704406	96.4015547995363	94.54022988505747	98.76847290640394	94.54022988505747	97.69452449567724	98.76847290640394	95.86776859504133	95.13677811550151
