Sample	Gene	Type	Expression	Threshold	Percent difference	Mean Accuracy	Minimum Accuracy	Maximum Accuracy	Sample 1 Accuracy	Sample 2 Accuracy	Sample 3 Accuracy	Sample 4 Accuracy	Sample 5 Accuracy
TH03_0144_S01	FGF9	Up	2.46727948046	1.63119447231	33.88691936894478	99.71103847929419	99.06759906759906	100	100	99.74937343358395	100	99.73821989528795	99.06759906759906
