Sample	Gene	Type	Expression	Threshold	Percent difference	Mean Accuracy	Minimum Accuracy	Maximum Accuracy	Sample 1 Accuracy	Sample 2 Accuracy	Sample 3 Accuracy	Sample 4 Accuracy	Sample 5 Accuracy
TH03_0144_S01	ZNF724P	Up	2.46727948046	2.39960813522	2.7427515113684366	64.57342156977325	57.18954248366013	72.09302325581395	57.36196319018405	71.42857142857143	72.09302325581395	64.7940074906367	57.18954248366013
