Sample	Gene	Type	Expression	Threshold	Percent difference	Mean Accuracy	Minimum Accuracy	Maximum Accuracy	Sample 1 Accuracy	Sample 2 Accuracy	Sample 3 Accuracy	Sample 4 Accuracy	Sample 5 Accuracy
TH03_0144_S01	FIP1L1	Up	6.8260399589	6.66125631332	2.4140445495803178	99.74153057111162	99.54128440366972	100	99.75124378109453	99.71098265895954	99.54128440366972	99.70414201183432	100
