Sample	Gene	Type	Expression	Threshold	Percent difference	Mean Accuracy	Minimum Accuracy	Maximum Accuracy	Sample 1 Accuracy	Sample 2 Accuracy	Sample 3 Accuracy	Sample 4 Accuracy	Sample 5 Accuracy
TH02_0093_S01	DLEU1-AS1	Up	0.2750070475	0.106960088015	61.10641927640054	83.13477774411363	76.97642163661581	92.74525968672712	77.37777777777778	87.86475220009264	92.74525968672712	80.70967741935485	76.97642163661581
