Sample	Gene	Type	Expression	Threshold	Percent difference	Mean Accuracy	Minimum Accuracy	Maximum Accuracy	Sample 1 Accuracy	Sample 2 Accuracy	Sample 3 Accuracy	Sample 4 Accuracy	Sample 5 Accuracy
TH02_0093_S01	RP11-212D19.5	Up	0.59454854955	0.176311850548	70.34525596245314	85.86514221001825	80.22922636103151	92.3653715064758	80.22922636103151	90.24960998439937	92.3653715064758	85.67493112947659	80.806572068708
