Sample	Gene	Type	Expression	Threshold	Percent difference	Mean Accuracy	Minimum Accuracy	Maximum Accuracy	Sample 1 Accuracy	Sample 2 Accuracy	Sample 3 Accuracy	Sample 4 Accuracy	Sample 5 Accuracy
TH02_0093_S01	HCFC1-AS1	Up	0.910732661903	0.535611569881	41.188935866006446	69.51618120181493	55.33498759305211	85.6	55.33498759305211	74.88584474885845	85.6	69.68215158924205	62.077922077922075
