Sample	Gene	Type	Expression	Threshold	Percent difference	Mean Accuracy	Minimum Accuracy	Maximum Accuracy	Sample 1 Accuracy	Sample 2 Accuracy	Sample 3 Accuracy	Sample 4 Accuracy	Sample 5 Accuracy
TH02_0093_S01	POU3F1	Up	1.81147103053	1.49833381176	17.286349794861597	99.55799648227544	98.95470383275261	100	98.95470383275261	100	99.64285714285714	99.57264957264957	99.61977186311786
