Sample	Gene	Type	Expression	Threshold	Percent difference	Mean Accuracy	Minimum Accuracy	Maximum Accuracy	Sample 1 Accuracy	Sample 2 Accuracy	Sample 3 Accuracy	Sample 4 Accuracy	Sample 5 Accuracy
TH02_0093_S01	PAQR9	Up	0.584962500721	0.344080448151	41.17905887524397	83.04438544088484	79.19876733436055	87.07692307692308	80.02894356005788	87.07692307692308	86.9172932330827	82	79.19876733436055
