Sample	Gene	Type	Expression	Threshold	Percent difference	Mean Accuracy	Minimum Accuracy	Maximum Accuracy	Sample 1 Accuracy	Sample 2 Accuracy	Sample 3 Accuracy	Sample 4 Accuracy	Sample 5 Accuracy
TH02_0093_S01	CTC-487M23.8	Up	3.15704371015	2.98982477188	5.296693794019562	99.54090339516455	99.04761904761905	100	99.42307692307692	99.79879275653923	100	99.04761904761905	99.43502824858757
