Sample	Gene	Type	Expression	Threshold	Percent difference	Mean Accuracy	Minimum Accuracy	Maximum Accuracy	Sample 1 Accuracy	Sample 2 Accuracy	Sample 3 Accuracy	Sample 4 Accuracy	Sample 5 Accuracy
TH02_0093_S01	DPY19L2P4	Up	2.15704371015	1.08740246296	49.58829726800564	99.90043590251635	99.74489795918367	100	99.75728155339806	99.74489795918367	100	100	100
