Sample	Gene	Type	Expression	Threshold	Percent difference	Mean Accuracy	Minimum Accuracy	Maximum Accuracy	Sample 1 Accuracy	Sample 2 Accuracy	Sample 3 Accuracy	Sample 4 Accuracy	Sample 5 Accuracy
TH02_0093_S01	MAP2K3	Down	2.99638874645	3.03679537773	1.3485109810224696	33.171309789264065	24.829157175398635	43.25481798715203	27.184466019417474	38.01020408163265	43.25481798715203	32.577903682719544	24.829157175398635
