Sample	Gene	Type	Expression	Threshold	Percent difference	Mean Accuracy	Minimum Accuracy	Maximum Accuracy	Sample 1 Accuracy	Sample 2 Accuracy	Sample 3 Accuracy	Sample 4 Accuracy	Sample 5 Accuracy
TH02_0093_S01	CDR1-AS	Up	1.90689059561	1.78508841991	6.387475819557255	81.65958724316731	72.96037296037296	90.38076152304609	76.49769585253456	85.21303258145363	90.38076152304609	83.24607329842932	72.96037296037296
