Sample	Gene	Type	Expression	Threshold	Percent difference	Mean Accuracy	Minimum Accuracy	Maximum Accuracy	Sample 1 Accuracy	Sample 2 Accuracy	Sample 3 Accuracy	Sample 4 Accuracy	Sample 5 Accuracy
TH02_0093_S01	LINC00856	Up	1.31034012061	0.504391551018	61.506822306319094	99.74471699859843	99.44237918215613	100	99.73190348525469	99.83999999999999	99.70930232558139	100	99.44237918215613
