Sample	Gene	Type	Expression	Threshold	Percent difference	Mean Accuracy	Minimum Accuracy	Maximum Accuracy	Sample 1 Accuracy	Sample 2 Accuracy	Sample 3 Accuracy	Sample 4 Accuracy	Sample 5 Accuracy
TH02_0093_S01	PTPN5	Up	1.54596836911	0.964658737183	37.60165107787132	99.83848428715349	99.57264957264957	100	100	100	100	99.57264957264957	99.61977186311786
