Sample	Gene	Type	Expression	Threshold	Percent difference	Mean Accuracy	Minimum Accuracy	Maximum Accuracy	Sample 1 Accuracy	Sample 2 Accuracy	Sample 3 Accuracy	Sample 4 Accuracy	Sample 5 Accuracy
TH03_0018_S02	FOXC2-AS1	Up	0.956056652412	0.597287535667	37.52592650653857	68.93870282002368	58.40163934426229	84.53207442377118	59.435679611650485	77.31958762886599	84.53207442377118	65.00453309156845	58.40163934426229
