Sample	Gene	Type	Expression	Threshold	Percent difference	Mean Accuracy	Minimum Accuracy	Maximum Accuracy	Sample 1 Accuracy	Sample 2 Accuracy	Sample 3 Accuracy	Sample 4 Accuracy	Sample 5 Accuracy
TH03_0018_S02	PHYHIPL	Up	4.79389588255	4.69829797745	1.9941589772105965	91.80026137171465	87.79443254817987	96.13899613899613	90.6183368869936	95	96.13899613899613	89.44954128440367	87.79443254817987
