Sample	Gene	Type	Expression	Threshold	Percent difference	Mean Accuracy	Minimum Accuracy	Maximum Accuracy	Sample 1 Accuracy	Sample 2 Accuracy	Sample 3 Accuracy	Sample 4 Accuracy	Sample 5 Accuracy
TH03_0018_S02	PCDHB14	Up	4.9126498649	4.78227853775	2.65378829624068	97.66728558075496	95.4027836355968	99.21259842519686	97.6878612716763	98.76962240135767	99.21259842519686	97.26356216994719	95.4027836355968
