Sample	Gene	Type	Expression	Threshold	Percent difference	Mean Accuracy	Minimum Accuracy	Maximum Accuracy	Sample 1 Accuracy	Sample 2 Accuracy	Sample 3 Accuracy	Sample 4 Accuracy	Sample 5 Accuracy
TH03_0018_S02	SNTG1	Up	0.411426245726	0.244370207191	40.60412777998984	83.4147340657219	80	86.90036900369003	80	86.61417322834646	86.90036900369003	83.03964757709251	80.51948051948052
