Sample	Gene	Type	Expression	Threshold	Percent difference	Mean Accuracy	Minimum Accuracy	Maximum Accuracy	Sample 1 Accuracy	Sample 2 Accuracy	Sample 3 Accuracy	Sample 4 Accuracy	Sample 5 Accuracy
TH03_0018_S02	CTC-270D5.1	Up	2.70929063572	1.41422963142	47.80074116913022	99.58993860179567	99.07063197026022	100	99.32975871313673	99.83999999999999	99.70930232558139	100	99.07063197026022
