Sample	Gene	Type	Expression	Threshold	Percent difference	Mean Accuracy	Minimum Accuracy	Maximum Accuracy	Sample 1 Accuracy	Sample 2 Accuracy	Sample 3 Accuracy	Sample 4 Accuracy	Sample 5 Accuracy
TH03_0018_S02	NANOGP1	Up	0.545968369105	0.106960088015	80.4091053497589	90.0485242682942	86.20296465222349	96.17755856966707	86.848635235732	93.41238471673255	96.17755856966707	87.6010781671159	86.20296465222349
