Sample	Gene	Type	Expression	Threshold	Percent difference	Mean Accuracy	Minimum Accuracy	Maximum Accuracy	Sample 1 Accuracy	Sample 2 Accuracy	Sample 3 Accuracy	Sample 4 Accuracy	Sample 5 Accuracy
TH03_0018_S02	PABPC5	Up	2.42223300068	2.05222129822	15.27564451298143	98.66860769539524	97.49430523917995	99.78586723768737	98.30097087378641	99.74489795918367	99.78586723768737	98.01699716713881	97.49430523917995
