Sample	Gene	Type	Expression	Threshold	Percent difference	Mean Accuracy	Minimum Accuracy	Maximum Accuracy	Sample 1 Accuracy	Sample 2 Accuracy	Sample 3 Accuracy	Sample 4 Accuracy	Sample 5 Accuracy
TH03_0018_S02	AC091878.1	Up	0.226508529809	0.176311850548	22.161054730842856	69.97641178887935	64.19437340153452	77.83641160949868	64.64646464646465	73.05555555555556	77.83641160949868	70.1492537313433	64.19437340153452
