Sample	Gene	Type	Expression	Threshold	Percent difference	Mean Accuracy	Minimum Accuracy	Maximum Accuracy	Sample 1 Accuracy	Sample 2 Accuracy	Sample 3 Accuracy	Sample 4 Accuracy	Sample 5 Accuracy
TH03_0018_S02	FRAS1	Up	4.24107745818	4.17264604568	1.613538379687296	90.99483519548257	85.28047237452552	95.18810148731409	90.6988964792433	94.27238014425117	95.18810148731409	89.53432549207874	85.28047237452552
