Sample	Gene	Type	Expression	Threshold	Percent difference	Mean Accuracy	Minimum Accuracy	Maximum Accuracy	Sample 1 Accuracy	Sample 2 Accuracy	Sample 3 Accuracy	Sample 4 Accuracy	Sample 5 Accuracy
TH03_0018_S02	CACNG6	Up	1.07038932789	0.627689063549	41.35880775396657	99.9071080650028	99.76076555023924	100	100	99.77477477477478	100	99.76076555023924	100
