Sample	Gene	Type	Expression	Threshold	Percent difference	Mean Accuracy	Minimum Accuracy	Maximum Accuracy	Sample 1 Accuracy	Sample 2 Accuracy	Sample 3 Accuracy	Sample 4 Accuracy	Sample 5 Accuracy
TH03_0018_S02	DNM1P35	Up	0.790772037862	0.728047251701	7.932094605998986	53.645032776372695	45.28514963297572	63.92606755895475	49.48770491803279	60.450944546008536	63.92606755895475	49.07529722589168	45.28514963297572
