Sample	Gene	Type	Expression	Threshold	Percent difference	Mean Accuracy	Minimum Accuracy	Maximum Accuracy	Sample 1 Accuracy	Sample 2 Accuracy	Sample 3 Accuracy	Sample 4 Accuracy	Sample 5 Accuracy
TH03_0018_S02	AC010468.1	Up	1.748461233	1.64859628677	5.711590531444175	65.04522168070795	56.599999999999994	74.82185273159145	61.97411003236246	72.35772357723577	74.82185273159145	59.47242206235012	56.599999999999994
