Sample	Gene	Type	Expression	Threshold	Percent difference	Mean Accuracy	Minimum Accuracy	Maximum Accuracy	Sample 1 Accuracy	Sample 2 Accuracy	Sample 3 Accuracy	Sample 4 Accuracy	Sample 5 Accuracy
TH03_0018_S02	HIVEP3	Up	4.9102529628	4.83603096008	1.5115718738383515	89.80603985760013	83.80430198228595	94.22572178477691	89.33263268523383	93.38141705557913	94.22572178477691	88.28612578012482	83.80430198228595
