Sample	Gene	Type	Expression	Threshold	Percent difference	Mean Accuracy	Minimum Accuracy	Maximum Accuracy	Sample 1 Accuracy	Sample 2 Accuracy	Sample 3 Accuracy	Sample 4 Accuracy	Sample 5 Accuracy
TH03_0018_S02	CYP8B1	Up	0.298658315565	0.255831867456	14.339613490413344	68.27521403833308	60.3613777526821	78.84002549394519	64.44672131147541	73.85740402193784	78.84002549394519	63.87054161162483	60.3613777526821
