Sample	Gene	Type	Expression	Threshold	Percent difference	Mean Accuracy	Minimum Accuracy	Maximum Accuracy	Sample 1 Accuracy	Sample 2 Accuracy	Sample 3 Accuracy	Sample 4 Accuracy	Sample 5 Accuracy
TH03_0018_S02	GPR37	Up	4.79597469421	4.53160476685	5.512329489126864	99.79407029669946	99.61593855016802	99.95625546806649	99.9474513925381	99.83029274501484	99.95625546806649	99.61593855016802	99.62041332770983
