Sample	Gene	Type	Expression	Threshold	Percent difference	Mean Accuracy	Minimum Accuracy	Maximum Accuracy	Sample 1 Accuracy	Sample 2 Accuracy	Sample 3 Accuracy	Sample 4 Accuracy	Sample 5 Accuracy
TH02_0089_S01	SLC25A41	Up	1.15704371015	0.966627895832	16.45709774381076	97.96957868868907	96.27039627039628	99.49874686716792	96.7741935483871	99.49874686716792	99.39879759519037	97.90575916230367	96.27039627039628
