Sample	Gene	Type	Expression	Threshold	Percent difference	Mean Accuracy	Minimum Accuracy	Maximum Accuracy	Sample 1 Accuracy	Sample 2 Accuracy	Sample 3 Accuracy	Sample 4 Accuracy	Sample 5 Accuracy
TH02_0089_S01	PRRT4	Up	2.73118324157	2.51237177849	8.011599505649357	93.25492485694684	90.22346368715084	96.52605459057072	93.45549738219894	93.95604395604396	96.52605459057072	92.11356466876973	90.22346368715084
