Sample	Gene	Type	Expression	Threshold	Percent difference	Mean Accuracy	Minimum Accuracy	Maximum Accuracy	Sample 1 Accuracy	Sample 2 Accuracy	Sample 3 Accuracy	Sample 4 Accuracy	Sample 5 Accuracy
TH02_0089_S01	FAM66D	Up	1.75274859141	0.687809228897	60.75824951348605	99.92698713394901	99.79674796747967	100	99.83818770226537	99.79674796747967	100	100	100
