Sample	Gene	Type	Expression	Threshold	Percent difference	Mean Accuracy	Minimum Accuracy	Maximum Accuracy	Sample 1 Accuracy	Sample 2 Accuracy	Sample 3 Accuracy	Sample 4 Accuracy	Sample 5 Accuracy
TH02_0089_S01	TP53TG3D	Up	3.23266075679	2.36578440666	26.816186892150096	99.96047430830039	99.80237154150198	100	100	100	100	99.80237154150198	100
