Sample	Gene	Type	Expression	Threshold	Percent difference	Mean Accuracy	Minimum Accuracy	Maximum Accuracy	Sample 1 Accuracy	Sample 2 Accuracy	Sample 3 Accuracy	Sample 4 Accuracy	Sample 5 Accuracy
TH02_0089_S01	RP11-271M24.2	Up	0.97085365434	0.398050010204	58.999998771740735	85.70400369409167	78.58472998137802	94.52690166975881	78.58472998137802	89.04382470119522	94.52690166975881	85	81.36456211812627
