Sample	Gene	Type	Expression	Threshold	Percent difference	Mean Accuracy	Minimum Accuracy	Maximum Accuracy	Sample 1 Accuracy	Sample 2 Accuracy	Sample 3 Accuracy	Sample 4 Accuracy	Sample 5 Accuracy
TH02_0080_S01	PVRL2	Down	3.1779177922	3.25826907158	2.5284253600649156	93.82242401776178	89.62472406181016	98.00796812749005	92.18009478672985	97.79735682819384	98.00796812749005	91.50197628458498	89.62472406181016
