Sample	Gene	Type	Expression	Threshold	Percent difference	Mean Accuracy	Minimum Accuracy	Maximum Accuracy	Sample 1 Accuracy	Sample 2 Accuracy	Sample 3 Accuracy	Sample 4 Accuracy	Sample 5 Accuracy
TH02_0080_S01	ARHGEF26-AS1	Up	3.76765479824	3.68899297714	2.0878192220992733	92.00886359656258	88.31967213114754	96.1038961038961	89.02195608782435	96.00798403193613	96.1038961038961	90.59080962800876	88.31967213114754
