Sample	Gene	Type	Expression	Threshold	Percent difference	Mean Accuracy	Minimum Accuracy	Maximum Accuracy	Sample 1 Accuracy	Sample 2 Accuracy	Sample 3 Accuracy	Sample 4 Accuracy	Sample 5 Accuracy
TH02_0080_S01	PIH1D1	Down	4.24716800037	4.56918621063	7.581951319842924	99.01704251786279	96.35627530364373	100	96.35627530364373	99.52606635071089	100	99.59349593495935	99.609375
