Sample	Gene	Type	Expression	Threshold	Percent difference	Mean Accuracy	Minimum Accuracy	Maximum Accuracy	Sample 1 Accuracy	Sample 2 Accuracy	Sample 3 Accuracy	Sample 4 Accuracy	Sample 5 Accuracy
TH02_0080_S01	ENSA	Down	5.08491465977	5.17123174667	1.6975129903931283	99.65624373923148	98.98305084745763	100	99.64539007092199	100	100	98.98305084745763	99.65277777777779
