Sample	Gene	Type	Expression	Threshold	Percent difference	Mean Accuracy	Minimum Accuracy	Maximum Accuracy	Sample 1 Accuracy	Sample 2 Accuracy	Sample 3 Accuracy	Sample 4 Accuracy	Sample 5 Accuracy
TH02_0080_S01	RP11-963H4.6	Up	2.10433665981	0	100	99.90243065860298	99.8062015503876	100	99.86595174262735	99.83999999999999	99.8062015503876	100	100
