Sample	Gene	Type	Expression	Threshold	Percent difference	Mean Accuracy	Minimum Accuracy	Maximum Accuracy	Sample 1 Accuracy	Sample 2 Accuracy	Sample 3 Accuracy	Sample 4 Accuracy	Sample 5 Accuracy
TH02_0080_S01	RNF7	Down	4.82476785314	4.88630104065	1.2753605848611749	69.40752362923307	57.95454545454546	81.07476635514018	62.10826210826211	80.18575851393189	81.07476635514018	65.71428571428571	57.95454545454546
