Sample	Gene	Type	Expression	Threshold	Percent difference	Mean Accuracy	Minimum Accuracy	Maximum Accuracy	Sample 1 Accuracy	Sample 2 Accuracy	Sample 3 Accuracy	Sample 4 Accuracy	Sample 5 Accuracy
TH02_0080_S01	LRRC61	Down	0.790772037862	0.792328715324	0.19685540047783087	18.114205262674986	14.194915254237289	24.324324324324326	14.285714285714285	21.32435465768799	24.324324324324326	16.441717791411044	14.194915254237289
