Sample	Gene	Type	Expression	Threshold	Percent difference	Mean Accuracy	Minimum Accuracy	Maximum Accuracy	Sample 1 Accuracy	Sample 2 Accuracy	Sample 3 Accuracy	Sample 4 Accuracy	Sample 5 Accuracy
TH02_0080_S01	RP11-305E6.4	Up	1.748461233	1.732853055	0.8926808158748532	35.58876655396532	28.579846788450208	42.68943436499467	33.27289211242067	41.58986175115207	42.68943436499467	31.81179775280899	28.579846788450208
