Sample	Gene	Type	Expression	Threshold	Percent difference	Mean Accuracy	Minimum Accuracy	Maximum Accuracy	Sample 1 Accuracy	Sample 2 Accuracy	Sample 3 Accuracy	Sample 4 Accuracy	Sample 5 Accuracy
TH02_0080_S01	TTLL7-IT1	Up	0.48542682717	0.0362440273166	92.53357554878049	92.49484397503034	89.72222222222223	97.36147757255937	90.9090909090909	89.72222222222223	97.36147757255937	93.43283582089552	91.04859335038363
