Sample	Gene	Type	Expression	Threshold	Percent difference	Mean Accuracy	Minimum Accuracy	Maximum Accuracy	Sample 1 Accuracy	Sample 2 Accuracy	Sample 3 Accuracy	Sample 4 Accuracy	Sample 5 Accuracy
TH02_0080_S01	THRB-IT1	Up	0.286881147788	0.071774750948	74.9810151341697	87.863297221725	83.008658008658	94.93243243243244	83.008658008658	90.57239057239057	94.93243243243244	87.11656441717791	83.6864406779661
