Sample	Gene	Type	Expression	Threshold	Percent difference	Mean Accuracy	Minimum Accuracy	Maximum Accuracy	Sample 1 Accuracy	Sample 2 Accuracy	Sample 3 Accuracy	Sample 4 Accuracy	Sample 5 Accuracy
TH02_0080_S01	RPS3AP34	Up	1.39506279952	0.805129170418	42.287245370242744	99.61998690510059	99.1869918699187	100	99.35275080906149	99.1869918699187	100	99.76019184652279	99.8
