Sample	Gene	Type	Expression	Threshold	Percent difference	Mean Accuracy	Minimum Accuracy	Maximum Accuracy	Sample 1 Accuracy	Sample 2 Accuracy	Sample 3 Accuracy	Sample 4 Accuracy	Sample 5 Accuracy
TH02_0080_S01	THAP2	Up	3.7355221773	3.63524508476	2.6844196816542305	97.09476861823984	92.62295081967213	98.96373056994818	97.8978978978979	98.75	98.96373056994818	97.23926380368098	92.62295081967213
