Sample	Gene	Type	Expression	Threshold	Percent difference	Mean Accuracy	Minimum Accuracy	Maximum Accuracy	Sample 1 Accuracy	Sample 2 Accuracy	Sample 3 Accuracy	Sample 4 Accuracy	Sample 5 Accuracy
TH02_0080_S01	TSEN54	Down	2.29572302454	2.60063481331	13.281732400235699	91.54949722580561	87.6	96.79334916864607	89.32038834951457	94.10569105691057	96.79334916864607	89.92805755395683	87.6
