Sample	Gene	Type	Expression	Threshold	Percent difference	Mean Accuracy	Minimum Accuracy	Maximum Accuracy	Sample 1 Accuracy	Sample 2 Accuracy	Sample 3 Accuracy	Sample 4 Accuracy	Sample 5 Accuracy
TH02_0080_S01	RP11-389G6.3	Up	0.321928094887	0.244370207191	24.09168038695834	67.49064781831044	58.49486887115165	80.39457459926017	61.29032258064516	73.12252964426878	80.39457459926017	64.15094339622641	58.49486887115165
