Sample	Gene	Type	Expression	Threshold	Percent difference	Mean Accuracy	Minimum Accuracy	Maximum Accuracy	Sample 1 Accuracy	Sample 2 Accuracy	Sample 3 Accuracy	Sample 4 Accuracy	Sample 5 Accuracy
TH02_0080_S01	RP11-624A21.1	Up	0.526068811668	0.071774750948	86.35639495137059	95.50986530795886	93.45002823263692	98.08795411089865	94.67213114754098	96.16087751371116	98.08795411089865	95.17833553500661	93.45002823263692
