Sample	Gene	Type	Expression	Threshold	Percent difference	Mean Accuracy	Minimum Accuracy	Maximum Accuracy	Sample 1 Accuracy	Sample 2 Accuracy	Sample 3 Accuracy	Sample 4 Accuracy	Sample 5 Accuracy
TH02_0080_S01	CCHCR1	Down	1.45943161864	1.81086885929	24.080418442454576	99.88104259556245	99.6845425867508	100	100	100	100	99.6845425867508	99.72067039106145
