Sample	Gene	Type	Expression	Threshold	Percent difference	Mean Accuracy	Minimum Accuracy	Maximum Accuracy	Sample 1 Accuracy	Sample 2 Accuracy	Sample 3 Accuracy	Sample 4 Accuracy	Sample 5 Accuracy
TH02_0080_S01	ALKBH4	Down	1.20789285164	1.83547055721	51.95640529852585	99.90043590251635	99.74489795918367	100	99.75728155339806	99.74489795918367	100	100	100
