Sample	Gene	Type	Expression	Threshold	Percent difference	Mean Accuracy	Minimum Accuracy	Maximum Accuracy	Sample 1 Accuracy	Sample 2 Accuracy	Sample 3 Accuracy	Sample 4 Accuracy	Sample 5 Accuracy
TH02_0080_S01	ERGIC3	Down	6.30140473756	6.4441204071	2.264823090783739	99.51426453443112	98.81656804733728	100	99.50248756218906	99.71098265895954	99.54128440366972	98.81656804733728	100
