Sample	Gene	Type	Expression	Threshold	Percent difference	Mean Accuracy	Minimum Accuracy	Maximum Accuracy	Sample 1 Accuracy	Sample 2 Accuracy	Sample 3 Accuracy	Sample 4 Accuracy	Sample 5 Accuracy
TH02_0080_S01	EIF1AD	Down	2.58496250072	2.87931346893	11.387049836429467	97.35235174413995	95.53072625698324	99.50372208436724	97.12041884816755	98.07692307692307	99.50372208436724	96.52996845425868	95.53072625698324
