Sample	Gene	Type	Expression	Threshold	Percent difference	Mean Accuracy	Minimum Accuracy	Maximum Accuracy	Sample 1 Accuracy	Sample 2 Accuracy	Sample 3 Accuracy	Sample 4 Accuracy	Sample 5 Accuracy
TH02_0080_S01	TARID	Up	0.613531652918	0.605942666531	1.2369347776771173	25.07933766097106	19.18158567774936	29.551451187335093	21.464646464646464	28.333333333333332	29.551451187335093	26.865671641791046	19.18158567774936
