Sample	Gene	Type	Expression	Threshold	Percent difference	Mean Accuracy	Minimum Accuracy	Maximum Accuracy	Sample 1 Accuracy	Sample 2 Accuracy	Sample 3 Accuracy	Sample 4 Accuracy	Sample 5 Accuracy
TH02_0080_S01	RP11-177C12.4	Up	0.238786859587	0.176311850548	26.16350378201517	63.9438303960333	52.17777777777778	82.76999175597692	52.17777777777778	70.12505789717461	82.76999175597692	60	54.64632454923717
