Sample	Gene	Type	Expression	Threshold	Percent difference	Mean Accuracy	Minimum Accuracy	Maximum Accuracy	Sample 1 Accuracy	Sample 2 Accuracy	Sample 3 Accuracy	Sample 4 Accuracy	Sample 5 Accuracy
TH02_0080_S01	RP11-586K2.1	Up	1.36176835942	0.376716196537	72.33624985254836	99.80870137126256	99.62825278810409	100	99.86595174262735	99.83999999999999	99.70930232558139	100	99.62825278810409
