Sample	Gene	Type	Expression	Threshold	Percent difference	Mean Accuracy	Minimum Accuracy	Maximum Accuracy	Sample 1 Accuracy	Sample 2 Accuracy	Sample 3 Accuracy	Sample 4 Accuracy	Sample 5 Accuracy
TH02_0080_S01	MRTO4	Down	1.94110631095	2.69281983376	38.72603569260987	99.85189221319595	99.51456310679612	100	99.51456310679612	99.74489795918367	100	100	100
