Sample	Gene	Type	Expression	Threshold	Percent difference	Mean Accuracy	Minimum Accuracy	Maximum Accuracy	Sample 1 Accuracy	Sample 2 Accuracy	Sample 3 Accuracy	Sample 4 Accuracy	Sample 5 Accuracy
TH02_0080_S01	RNF138P1	Up	1.10433665981	0.627403914928	43.18726003029328	99.33737664773467	98.69888475836431	99.76798143851508	98.92761394101876	99.68	99.6124031007752	99.76798143851508	98.69888475836431
