Sample	Gene	Type	Expression	Threshold	Percent difference	Mean Accuracy	Minimum Accuracy	Maximum Accuracy	Sample 1 Accuracy	Sample 2 Accuracy	Sample 3 Accuracy	Sample 4 Accuracy	Sample 5 Accuracy
TH02_0080_S01	UBR4	Down	4.2288186905	4.67572116852	10.568021727296141	99.98196320436998	99.951992318771	100	100	100	100	99.951992318771	99.95782370307887
