Sample	Gene	Type	Expression	Threshold	Percent difference	Mean Accuracy	Minimum Accuracy	Maximum Accuracy	Sample 1 Accuracy	Sample 2 Accuracy	Sample 3 Accuracy	Sample 4 Accuracy	Sample 5 Accuracy
TH02_0080_S01	HSPA1L	Up	2.7591558338	2.71618771553	1.5572921885612756	43.38091009478859	36.27450980392157	50	36.809815950920246	50	50	43.82022471910113	36.27450980392157
