Sample	Gene	Type	Expression	Threshold	Percent difference	Mean Accuracy	Minimum Accuracy	Maximum Accuracy	Sample 1 Accuracy	Sample 2 Accuracy	Sample 3 Accuracy	Sample 4 Accuracy	Sample 5 Accuracy
TH02_0080_S01	TGFB2	Up	6.27984269352	6.22511148453	0.871537897700455	91.51674834468976	88.44984802431611	96.05911330049261	88.50574712643679	93.65994236311239	96.05911330049261	90.9090909090909	88.44984802431611
