Sample	Gene	Type	Expression	Threshold	Percent difference	Mean Accuracy	Minimum Accuracy	Maximum Accuracy	Sample 1 Accuracy	Sample 2 Accuracy	Sample 3 Accuracy	Sample 4 Accuracy	Sample 5 Accuracy
TH02_0080_S01	OSER1	Down	3.27202318906	3.38490748405	3.449984565128649	97.71999243223135	96.23352165725048	99.29947460595446	96.53846153846153	99.19517102615694	99.29947460595446	97.33333333333334	96.23352165725048
