Sample	Gene	Type	Expression	Threshold	Percent difference	Mean Accuracy	Minimum Accuracy	Maximum Accuracy	Sample 1 Accuracy	Sample 2 Accuracy	Sample 3 Accuracy	Sample 4 Accuracy	Sample 5 Accuracy
TH02_0080_S01	ENDOG	Down	1.52606881167	1.5628426075	2.409707579945738	41.59870743621027	30.09049773755656	54.61538461538461	30.09049773755656	51.06888361045131	54.61538461538461	37.24340175953079	34.97536945812808
