Sample	Gene	Type	Expression	Threshold	Percent difference	Mean Accuracy	Minimum Accuracy	Maximum Accuracy	Sample 1 Accuracy	Sample 2 Accuracy	Sample 3 Accuracy	Sample 4 Accuracy	Sample 5 Accuracy
TH02_0080_S01	C1orf95	Up	2.92789645373	2.30298018456	21.34352355165725	99.87472318717367	99.78932584269663	100	99.81867633726202	99.94239631336406	100	99.78932584269663	99.82321744254567
