Sample	Gene	Type	Expression	Threshold	Percent difference	Mean Accuracy	Minimum Accuracy	Maximum Accuracy	Sample 1 Accuracy	Sample 2 Accuracy	Sample 3 Accuracy	Sample 4 Accuracy	Sample 5 Accuracy
TH02_0080_S01	AF064860.7	Up	0.400537929584	0.344080448151	14.095414507094727	49.69509856215843	38.45437616387337	57.88497217068645	38.45437616387337	55.87649402390438	57.88497217068645	51.86046511627907	44.39918533604888
