Sample	Gene	Type	Expression	Threshold	Percent difference	Mean Accuracy	Minimum Accuracy	Maximum Accuracy	Sample 1 Accuracy	Sample 2 Accuracy	Sample 3 Accuracy	Sample 4 Accuracy	Sample 5 Accuracy
TH02_0080_S01	RP11-15E1.5	Up	0.286881147788	0.277918636799	3.1241198866170046	26.467386111880444	21.879815100154083	34.76923076923077	24.457308248914618	34.76923076923077	25.563909774436087	25.666666666666664	21.879815100154083
