Sample	Gene	Type	Expression	Threshold	Percent difference	Mean Accuracy	Minimum Accuracy	Maximum Accuracy	Sample 1 Accuracy	Sample 2 Accuracy	Sample 3 Accuracy	Sample 4 Accuracy	Sample 5 Accuracy
TH02_0080_S01	DIMT1	Up	5.72900887034	5.62827730179	1.7582721694061962	99.5455358740383	98.55072463768117	100	100	100	100	99.1769547325103	98.55072463768117
