Sample	Gene	Type	Expression	Threshold	Percent difference	Mean Accuracy	Minimum Accuracy	Maximum Accuracy	Sample 1 Accuracy	Sample 2 Accuracy	Sample 3 Accuracy	Sample 4 Accuracy	Sample 5 Accuracy
TH02_0080_S01	RP11-678G14.3	Up	1.85996954822	1.49777853489	19.47295393500494	98.43254310633137	96.79802955665025	99.23076923076923	97.96380090497738	99.04988123515439	99.23076923076923	99.12023460410558	96.79802955665025
