Sample	Gene	Type	Expression	Threshold	Percent difference	Mean Accuracy	Minimum Accuracy	Maximum Accuracy	Sample 1 Accuracy	Sample 2 Accuracy	Sample 3 Accuracy	Sample 4 Accuracy	Sample 5 Accuracy
TH02_0080_S01	RP11-45P15.4	Up	2.87774424995	2.77383756638	3.6106990248283997	48.16344547995555	40.04796163069545	59.14634146341463	41.90938511326861	59.14634146341463	58.313539192399055	40.04796163069545	41.4
