Sample	Gene	Type	Expression	Threshold	Percent difference	Mean Accuracy	Minimum Accuracy	Maximum Accuracy	Sample 1 Accuracy	Sample 2 Accuracy	Sample 3 Accuracy	Sample 4 Accuracy	Sample 5 Accuracy
TH02_0080_S01	CETN2	Up	7.74261259758	7.68926095963	0.6890650575320664	99.02391334683402	98.38709677419355	100	99.25373134328358	100	98.38709677419355	98.44961240310077	99.02912621359224
