Sample	Gene	Type	Expression	Threshold	Percent difference	Mean Accuracy	Minimum Accuracy	Maximum Accuracy	Sample 1 Accuracy	Sample 2 Accuracy	Sample 3 Accuracy	Sample 4 Accuracy	Sample 5 Accuracy
TH02_0080_S01	CETN3	Down	2.50080205306	2.59846544266	3.90528268642846	75.08579997070156	69.83240223463687	80.76923076923077	70.68062827225131	80.76923076923077	80.64516129032258	73.50157728706624	69.83240223463687
