Sample	Gene	Type	Expression	Threshold	Percent difference	Mean Accuracy	Minimum Accuracy	Maximum Accuracy	Sample 1 Accuracy	Sample 2 Accuracy	Sample 3 Accuracy	Sample 4 Accuracy	Sample 5 Accuracy
TH02_0080_S01	KLHL26	Down	0.333423733725	0.351980865002	5.565629977710425	45.72737854199046	38.50931677018634	54.684512428298284	40.829918032786885	52.40706886045095	54.684512428298284	42.20607661822985	38.50931677018634
