Sample	Gene	Type	Expression	Threshold	Percent difference	Mean Accuracy	Minimum Accuracy	Maximum Accuracy	Sample 1 Accuracy	Sample 2 Accuracy	Sample 3 Accuracy	Sample 4 Accuracy	Sample 5 Accuracy
TH02_0080_S01	BCS1L	Down	2.95977015521	3.09569168091	4.59230002913371	64.88080037868433	55.42986425339367	74.42307692307692	55.42986425339367	74.34679334916865	74.42307692307692	61.58357771260997	58.620689655172406
