Sample	Gene	Type	Expression	Threshold	Percent difference	Mean Accuracy	Minimum Accuracy	Maximum Accuracy	Sample 1 Accuracy	Sample 2 Accuracy	Sample 3 Accuracy	Sample 4 Accuracy	Sample 5 Accuracy
TH02_0080_S01	TJAP1	Down	2.28688114779	2.44505739212	6.916679709518727	90.79784595828586	87.15083798882681	95.28535980148884	90.0523560209424	92.85714285714286	95.28535980148884	88.64353312302839	87.15083798882681
