Sample	Gene	Type	Expression	Threshold	Percent difference	Mean Accuracy	Minimum Accuracy	Maximum Accuracy	Sample 1 Accuracy	Sample 2 Accuracy	Sample 3 Accuracy	Sample 4 Accuracy	Sample 5 Accuracy
TH02_0080_S01	SIL1	Down	2.48542682717	2.95300936699	18.81296744319795	98.57242017886172	97.46543778801843	99.79959919839679	97.46543778801843	99.49874686716792	99.79959919839679	98.42931937172776	97.66899766899768
