Sample	Gene	Type	Expression	Threshold	Percent difference	Mean Accuracy	Minimum Accuracy	Maximum Accuracy	Sample 1 Accuracy	Sample 2 Accuracy	Sample 3 Accuracy	Sample 4 Accuracy	Sample 5 Accuracy
TH02_0080_S01	C17orf49	Down	4.46532151358	4.62870931625	3.659037813360194	94.20729392375802	87.85425101214574	98.59154929577466	87.85425101214574	95.73459715639811	98.59154929577466	94.71544715447155	94.140625
