Sample	Gene	Type	Expression	Threshold	Percent difference	Mean Accuracy	Minimum Accuracy	Maximum Accuracy	Sample 1 Accuracy	Sample 2 Accuracy	Sample 3 Accuracy	Sample 4 Accuracy	Sample 5 Accuracy
TH02_0080_S01	AARS2	Down	0.765534746363	1.07414841652	40.31347651079211	88.49578201155832	83.79446640316206	94.39133205863608	86.57786885245902	90.85923217550274	94.39133205863608	86.8560105680317	83.79446640316206
