Sample	Gene	Type	Expression	Threshold	Percent difference	Mean Accuracy	Minimum Accuracy	Maximum Accuracy	Sample 1 Accuracy	Sample 2 Accuracy	Sample 3 Accuracy	Sample 4 Accuracy	Sample 5 Accuracy
TH02_0080_S01	DOCK4-AS1	Up	0.918386234446	0.071774750948	92.18468785180596	93.30777337451428	90.27027027027027	96.49446494464945	90.27027027027027	95.2755905511811	96.49446494464945	92.29074889867842	92.20779220779221
