Sample	Gene	Type	Expression	Threshold	Percent difference	Mean Accuracy	Minimum Accuracy	Maximum Accuracy	Sample 1 Accuracy	Sample 2 Accuracy	Sample 3 Accuracy	Sample 4 Accuracy	Sample 5 Accuracy
TH02_0080_S01	TMEM229A	Up	2.04264433741	0.210507676005	89.69435490311955	99.94897959183673	99.74489795918367	100	100	99.74489795918367	100	100	100
