Sample	Gene	Type	Expression	Threshold	Percent difference	Mean Accuracy	Minimum Accuracy	Maximum Accuracy	Sample 1 Accuracy	Sample 2 Accuracy	Sample 3 Accuracy	Sample 4 Accuracy	Sample 5 Accuracy
TH02_0080_S01	RP11-362K14.5	Up	0.918386234446	0.772090137005	15.92969188276766	70.25069539303293	62.563523433088655	80.49713193116634	66.70081967213115	75.44180377818404	80.49713193116634	66.05019815059445	62.563523433088655
