Sample	Gene	Type	Expression	Threshold	Percent difference	Mean Accuracy	Minimum Accuracy	Maximum Accuracy	Sample 1 Accuracy	Sample 2 Accuracy	Sample 3 Accuracy	Sample 4 Accuracy	Sample 5 Accuracy
TH02_0080_S01	ZBTB22	Down	1.62760683813	1.65621745586	1.757833468116388	47.17040488306567	38.56209150326798	54.06976744186046	41.41104294478527	53.86904761904761	54.06976744186046	47.940074906367045	38.56209150326798
