Sample	Gene	Type	Expression	Threshold	Percent difference	Mean Accuracy	Minimum Accuracy	Maximum Accuracy	Sample 1 Accuracy	Sample 2 Accuracy	Sample 3 Accuracy	Sample 4 Accuracy	Sample 5 Accuracy
TH02_0080_S01	SEC14L6	Up	2.93357263826	2.35811519623	19.616267022838162	99.39423321378779	98.86685552407933	99.78586723768737	99.02912621359224	99.74489795918367	99.78586723768737	98.86685552407933	99.54441913439635
