Sample	Gene	Type	Expression	Threshold	Percent difference	Mean Accuracy	Minimum Accuracy	Maximum Accuracy	Sample 1 Accuracy	Sample 2 Accuracy	Sample 3 Accuracy	Sample 4 Accuracy	Sample 5 Accuracy
TH02_0080_S01	RP11-331D5.2	Up	0.0976107966264	0.0362440273166	62.868833603190396	85.35014390975189	79.43722943722943	94.14414414414415	79.43722943722943	88.21548821548821	94.14414414414415	85.39877300613496	79.55508474576271
