Sample	Gene	Type	Expression	Threshold	Percent difference	Mean Accuracy	Minimum Accuracy	Maximum Accuracy	Sample 1 Accuracy	Sample 2 Accuracy	Sample 3 Accuracy	Sample 4 Accuracy	Sample 5 Accuracy
TH02_0080_S01	AC007906.1	Up	1.69599381311	1.10930132866	34.5928434358002	99.32341546322496	98.8009592326139	100	99.02912621359224	99.1869918699187	100	98.8009592326139	99.6
