Sample	Gene	Type	Expression	Threshold	Percent difference	Mean Accuracy	Minimum Accuracy	Maximum Accuracy	Sample 1 Accuracy	Sample 2 Accuracy	Sample 3 Accuracy	Sample 4 Accuracy	Sample 5 Accuracy
TH02_0080_S01	NPRL3	Down	2.82578562746	2.91644358635	3.20823908257644	71.69322969939682	62.737642585551335	81.07142857142857	65.85365853658537	80	81.07142857142857	68.80341880341881	62.737642585551335
