Sample	Gene	Type	Expression	Threshold	Percent difference	Mean Accuracy	Minimum Accuracy	Maximum Accuracy	Sample 1 Accuracy	Sample 2 Accuracy	Sample 3 Accuracy	Sample 4 Accuracy	Sample 5 Accuracy
TH02_0080_S01	RP5-991G20.2	Up	1.36737106565	1.08943068981	20.32662404684401	98.64922500455485	97.04433497536947	99.61538461538461	98.41628959276018	99.04988123515439	99.61538461538461	99.12023460410558	97.04433497536947
