Sample	Gene	Type	Expression	Threshold	Percent difference	Mean Accuracy	Minimum Accuracy	Maximum Accuracy	Sample 1 Accuracy	Sample 2 Accuracy	Sample 3 Accuracy	Sample 4 Accuracy	Sample 5 Accuracy
TH02_0080_S01	KLHL11	Up	3.62293035092	3.49029040337	3.66112330910026	98.81588841324674	98.28693790149893	99.2	98.93390191897655	99.2	99.03474903474904	98.62385321100918	98.28693790149893
