Sample	Gene	Type	Expression	Threshold	Percent difference	Mean Accuracy	Minimum Accuracy	Maximum Accuracy	Sample 1 Accuracy	Sample 2 Accuracy	Sample 3 Accuracy	Sample 4 Accuracy	Sample 5 Accuracy
TH03_0139_S01	RP4-590F24.2	Up	0.0426443374085	0	100	95.14111711422167	93.16666666666666	97.14285714285714	94.79015918958031	96.76923076923077	97.14285714285714	93.16666666666666	93.8366718027735
