Sample	Gene	Type	Expression	Threshold	Percent difference	Mean Accuracy	Minimum Accuracy	Maximum Accuracy	Sample 1 Accuracy	Sample 2 Accuracy	Sample 3 Accuracy	Sample 4 Accuracy	Sample 5 Accuracy
TH03_0139_S01	DMBX1	Up	0.83995958749	0.805129170418	4.146677720065268	33.446639715964	26.598465473145783	40.369393139841684	27.77777777777778	36.666666666666664	40.369393139841684	35.82089552238806	26.598465473145783
