Sample	Gene	Type	Expression	Threshold	Percent difference	Mean Accuracy	Minimum Accuracy	Maximum Accuracy	Sample 1 Accuracy	Sample 2 Accuracy	Sample 3 Accuracy	Sample 4 Accuracy	Sample 5 Accuracy
TH03_0139_S01	RP11-244H3.4	Up	2.2110121934900002	2.01337313652	8.938849706569666	97.28237937484661	95.58043606364171	98.45250800426895	97.2348141432457	98.4447004608295	98.45250800426895	96.6994382022472	95.58043606364171
