Sample	Gene	Type	Expression	Threshold	Percent difference	Mean Accuracy	Minimum Accuracy	Maximum Accuracy	Sample 1 Accuracy	Sample 2 Accuracy	Sample 3 Accuracy	Sample 4 Accuracy	Sample 5 Accuracy
TH03_0139_S01	RNF2	Up	6.16992500144	6.09006261826	1.2943817495571008	97.0670249370413	95.26627218934911	98.85321100917432	95.77114427860697	98.84393063583815	98.85321100917432	95.26627218934911	96.60056657223795
