Sample	Gene	Type	Expression	Threshold	Percent difference	Mean Accuracy	Minimum Accuracy	Maximum Accuracy	Sample 1 Accuracy	Sample 2 Accuracy	Sample 3 Accuracy	Sample 4 Accuracy	Sample 5 Accuracy
TH03_0139_S01	RP11-290H9.2	Up	0.250961573533	0.176311850548	29.745479331394137	76.43619153429569	71.0997442455243	83.37730870712402	71.71717171717171	77.77777777777779	83.37730870712402	78.2089552238806	71.0997442455243
