Sample	Gene	Type	Expression	Threshold	Percent difference	Mean Accuracy	Minimum Accuracy	Maximum Accuracy	Sample 1 Accuracy	Sample 2 Accuracy	Sample 3 Accuracy	Sample 4 Accuracy	Sample 5 Accuracy
TH03_0139_S01	PIN4	Up	6.26378561389	6.10254812241	2.5741221270800536	99.73752691821348	99.55156950672645	100	99.56709956709958	100	99.55156950672645	99.56896551724138	100
