Sample	Gene	Type	Expression	Threshold	Percent difference	Mean Accuracy	Minimum Accuracy	Maximum Accuracy	Sample 1 Accuracy	Sample 2 Accuracy	Sample 3 Accuracy	Sample 4 Accuracy	Sample 5 Accuracy
TH03_0139_S01	CH507-42P11.2	Up	3.20163386117	2.44561886787	23.61341196659268	87.22922502334266	80.3921568627451	94.64285714285714	84.12698412698413	94.64285714285714	88.88888888888889	88.09523809523809	80.3921568627451
