Sample	Gene	Type	Expression	Threshold	Percent difference	Mean Accuracy	Minimum Accuracy	Maximum Accuracy	Sample 1 Accuracy	Sample 2 Accuracy	Sample 3 Accuracy	Sample 4 Accuracy	Sample 5 Accuracy
TH03_0139_S01	RP11-463O9.9	Up	0.389566811763	0.301015585661	22.73069045621672	78.12452927269372	71.37210615471486	86.8706182281708	74.23155737704919	82.38878732480195	86.8706182281708	75.75957727873184	71.37210615471486
