Sample	Gene	Type	Expression	Threshold	Percent difference	Mean Accuracy	Minimum Accuracy	Maximum Accuracy	Sample 1 Accuracy	Sample 2 Accuracy	Sample 3 Accuracy	Sample 4 Accuracy	Sample 5 Accuracy
TH03_0139_S01	ST13P6	Up	1.79908730607	1.4767922163	17.914366283537095	97.76073602919656	95.8128078817734	99.03846153846155	96.60633484162896	98.812351543943	99.03846153846155	98.53372434017595	95.8128078817734
