Sample	Gene	Type	Expression	Threshold	Percent difference	Mean Accuracy	Minimum Accuracy	Maximum Accuracy	Sample 1 Accuracy	Sample 2 Accuracy	Sample 3 Accuracy	Sample 4 Accuracy	Sample 5 Accuracy
TH03_0139_S01	PCDHGA12	Up	2.7782085764	2.75902986526	0.6903265400199603	28.748342875729538	23.158515026517385	35.05869797225187	26.518585675430646	34.21658986175115	35.05869797225187	24.78932584269663	23.158515026517385
