Sample	Gene	Type	Expression	Threshold	Percent difference	Mean Accuracy	Minimum Accuracy	Maximum Accuracy	Sample 1 Accuracy	Sample 2 Accuracy	Sample 3 Accuracy	Sample 4 Accuracy	Sample 5 Accuracy
TH03_0139_S01	RP4-545L17.11	Up	4.16510798514	3.79641318321	8.851986629047916	70.59587471352177	58.82352941176471	80.95238095238095	61.904761904761905	78.57142857142857	72.72727272727273	80.95238095238095	58.82352941176471
