Sample	Gene	Type	Expression	Threshold	Percent difference	Mean Accuracy	Minimum Accuracy	Maximum Accuracy	Sample 1 Accuracy	Sample 2 Accuracy	Sample 3 Accuracy	Sample 4 Accuracy	Sample 5 Accuracy
TH03_0139_S01	XKR5	Up	0.443606651476	0.387328118086	12.686584658445948	65.47656587583155	57.31225296442688	76.09942638623328	61.42418032786885	71.05423522242535	76.09942638623328	61.49273447820344	57.31225296442688
