Sample	Gene	Type	Expression	Threshold	Percent difference	Mean Accuracy	Minimum Accuracy	Maximum Accuracy	Sample 1 Accuracy	Sample 2 Accuracy	Sample 3 Accuracy	Sample 4 Accuracy	Sample 5 Accuracy
TH03_0139_S01	RP5-1074L1.1	Up	0.2750070475	0.246973007917	10.193934969248376	51.63977565869892	42.857142857142854	60.82677165354331	43.78378378378379	60.82677165354331	59.40959409594095	51.3215859030837	42.857142857142854
