Sample	Gene	Type	Expression	Threshold	Percent difference	Mean Accuracy	Minimum Accuracy	Maximum Accuracy	Sample 1 Accuracy	Sample 2 Accuracy	Sample 3 Accuracy	Sample 4 Accuracy	Sample 5 Accuracy
TH03_0139_S01	RP11-174G17.3	Up	0.111031312389	0.071774750948	35.356297783335215	87.32702096492648	81.98757763975155	93.75398342893563	85.24590163934425	90.31078610603291	93.75398342893563	85.33685601056803	81.98757763975155
