Sample	Gene	Type	Expression	Threshold	Percent difference	Mean Accuracy	Minimum Accuracy	Maximum Accuracy	Sample 1 Accuracy	Sample 2 Accuracy	Sample 3 Accuracy	Sample 4 Accuracy	Sample 5 Accuracy
TH03_0139_S01	AC011294.3	Up	0.378511623254	0.344080448151	9.096464411581625	36.78374461539445	28.77094972067039	42.92828685258964	28.77094972067039	42.92828685258964	39.23933209647495	39.06976744186046	33.91038696537678
