Sample	Gene	Type	Expression	Threshold	Percent difference	Mean Accuracy	Minimum Accuracy	Maximum Accuracy	Sample 1 Accuracy	Sample 2 Accuracy	Sample 3 Accuracy	Sample 4 Accuracy	Sample 5 Accuracy
TH03_0139_S01	C1QTNF1-AS1	Up	1.7782085764	0.472911119461	73.40519409604845	99.92698713394901	99.79674796747967	100	99.83818770226537	99.79674796747967	100	100	100
