Sample	Gene	Type	Expression	Threshold	Percent difference	Mean Accuracy	Minimum Accuracy	Maximum Accuracy	Sample 1 Accuracy	Sample 2 Accuracy	Sample 3 Accuracy	Sample 4 Accuracy	Sample 5 Accuracy
TH03_0139_S01	PIPSL	Up	0.948600847493	0.904196560383	4.681029668838417	35.334810933178254	28.9002557544757	42.21635883905013	29.292929292929294	38.05555555555556	42.21635883905013	38.2089552238806	28.9002557544757
