Sample	Gene	Type	Expression	Threshold	Percent difference	Mean Accuracy	Minimum Accuracy	Maximum Accuracy	Sample 1 Accuracy	Sample 2 Accuracy	Sample 3 Accuracy	Sample 4 Accuracy	Sample 5 Accuracy
TH03_0139_S01	RP1-102K2.6	Up	1.24488705912	0.106960088015	91.4080488481735	99.95934959349593	99.79674796747967	100	100	99.79674796747967	100	100	100
