Sample	Gene	Type	Expression	Threshold	Percent difference	Mean Accuracy	Minimum Accuracy	Maximum Accuracy	Sample 1 Accuracy	Sample 2 Accuracy	Sample 3 Accuracy	Sample 4 Accuracy	Sample 5 Accuracy
TH03_0139_S01	CTD-2017C7.2	Up	2.14730669878	2.14261341095	0.2185662547723807	2.0172763438436414	1.160092807424594	2.7131782945736433	1.742627345844504	2.2399999999999998	2.7131782945736433	1.160092807424594	2.2304832713754648
