Sample	Gene	Type	Expression	Threshold	Percent difference	Mean Accuracy	Minimum Accuracy	Maximum Accuracy	Sample 1 Accuracy	Sample 2 Accuracy	Sample 3 Accuracy	Sample 4 Accuracy	Sample 5 Accuracy
TH03_0139_S01	AP001065.15	Up	1.13093086983	0.776138663292	31.371697068569006	99.52571121381257	98.52216748768473	100	99.77375565610859	99.5249406175772	99.8076923076923	100	98.52216748768473
