Sample	Gene	Type	Expression	Threshold	Percent difference	Mean Accuracy	Minimum Accuracy	Maximum Accuracy	Sample 1 Accuracy	Sample 2 Accuracy	Sample 3 Accuracy	Sample 4 Accuracy	Sample 5 Accuracy
TH03_0139_S01	LRRC15	Up	5.65105169118	5.60858058929	0.7515610228143559	92.79276065493025	87.14121699196326	96.32606199770379	93.57429718875501	96.03174603174604	96.32606199770379	90.89048106448311	87.14121699196326
