Sample	Gene	Type	Expression	Threshold	Percent difference	Mean Accuracy	Minimum Accuracy	Maximum Accuracy	Sample 1 Accuracy	Sample 2 Accuracy	Sample 3 Accuracy	Sample 4 Accuracy	Sample 5 Accuracy
TH03_0139_S01	ASUN	Up	6.11186596387	5.96957015991	2.3281892109737767	99.42560825160986	98.85057471264368	100	98.85057471264368	99.71181556195965	100	99.17355371900827	99.3920972644377
