Sample	Gene	Type	Expression	Threshold	Percent difference	Mean Accuracy	Minimum Accuracy	Maximum Accuracy	Sample 1 Accuracy	Sample 2 Accuracy	Sample 3 Accuracy	Sample 4 Accuracy	Sample 5 Accuracy
TH03_0139_S01	AC006277.2	Up	1.45943161864	1.12511765957	22.907134174709533	97.62792360975337	96.6	99.6437054631829	97.24919093851133	97.76422764227642	99.6437054631829	96.88249400479616	96.6
