Sample	Gene	Type	Expression	Threshold	Percent difference	Mean Accuracy	Minimum Accuracy	Maximum Accuracy	Sample 1 Accuracy	Sample 2 Accuracy	Sample 3 Accuracy	Sample 4 Accuracy	Sample 5 Accuracy
TH03_0139_S01	CFAP20	Up	6.69223189431	6.67153549194	0.30926008986025255	54.08759083871892	45.27777777777778	66.1498708010336	45.27777777777778	65.71428571428571	66.1498708010336	47.462686567164184	45.83333333333333
