Sample	Gene	Type	Expression	Threshold	Percent difference	Mean Accuracy	Minimum Accuracy	Maximum Accuracy	Sample 1 Accuracy	Sample 2 Accuracy	Sample 3 Accuracy	Sample 4 Accuracy	Sample 5 Accuracy
TH03_0139_S01	RPGRIP1L	Up	4.4502214959	3.8736617565200002	12.955753773406242	99.96190476190476	99.80952380952381	100	100	100	100	99.80952380952381	100
