Sample	Gene	Type	Expression	Threshold	Percent difference	Mean Accuracy	Minimum Accuracy	Maximum Accuracy	Sample 1 Accuracy	Sample 2 Accuracy	Sample 3 Accuracy	Sample 4 Accuracy	Sample 5 Accuracy
TH03_0139_S01	SCNM1	Up	7.25757641795	7.21448659897	0.5937218776426154	98.44080283611007	96.63865546218487	100	97.26027397260275	100	100	96.63865546218487	98.30508474576271
