Sample	Gene	Type	Expression	Threshold	Percent difference	Mean Accuracy	Minimum Accuracy	Maximum Accuracy	Sample 1 Accuracy	Sample 2 Accuracy	Sample 3 Accuracy	Sample 4 Accuracy	Sample 5 Accuracy
TH03_0139_S01	CGGBP1	Up	6.86530024273	6.73247385025	1.9347499422280399	99.54142333821837	98.89807162534436	100	99.76190476190476	100	99.58333333333333	98.89807162534436	99.46380697050938
