Sample	Gene	Type	Expression	Threshold	Percent difference	Mean Accuracy	Minimum Accuracy	Maximum Accuracy	Sample 1 Accuracy	Sample 2 Accuracy	Sample 3 Accuracy	Sample 4 Accuracy	Sample 5 Accuracy
TH03_0139_S01	FAM98A	Up	6.32624970084	6.32506322861	0.018754748644242418	4.5152194289715615	2.680965147453083	6.216216216216217	3.0952380952380953	6.216216216216217	5.625	4.958677685950414	2.680965147453083
