Sample	Gene	Type	Expression	Threshold	Percent difference	Mean Accuracy	Minimum Accuracy	Maximum Accuracy	Sample 1 Accuracy	Sample 2 Accuracy	Sample 3 Accuracy	Sample 4 Accuracy	Sample 5 Accuracy
TH03_0139_S01	RP11-697N18.3	Up	1.22032995488	1.14434182644	6.226851036158671	75.87567337006898	70.13574660633483	84.32304038004752	70.13574660633483	84.32304038004752	83.46153846153847	71.26099706744868	70.19704433497537
