Sample	Gene	Type	Expression	Threshold	Percent difference	Mean Accuracy	Minimum Accuracy	Maximum Accuracy	Sample 1 Accuracy	Sample 2 Accuracy	Sample 3 Accuracy	Sample 4 Accuracy	Sample 5 Accuracy
TH03_0139_S01	RP11-15I11.3	Up	2.54596836911	1.58088183403	37.90646210649379	99.10260956990201	98.51301115241635	99.53596287703016	98.5254691689008	99.52	99.4186046511628	99.53596287703016	98.51301115241635
