Sample	Gene	Type	Expression	Threshold	Percent difference	Mean Accuracy	Minimum Accuracy	Maximum Accuracy	Sample 1 Accuracy	Sample 2 Accuracy	Sample 3 Accuracy	Sample 4 Accuracy	Sample 5 Accuracy
TH03_0139_S01	RP11-705C15.4	Up	0.356143810225	0.31082034111	12.72617066863134	36.68942134664146	30.15776699029126	44.652061855670105	30.15776699029126	44.652061855670105	40.12774229380728	37.805983680870355	30.703551912568305
