Sample	Gene	Type	Expression	Threshold	Percent difference	Mean Accuracy	Minimum Accuracy	Maximum Accuracy	Sample 1 Accuracy	Sample 2 Accuracy	Sample 3 Accuracy	Sample 4 Accuracy	Sample 5 Accuracy
TH03_0139_S01	FOXP4-AS1	Up	4.75435307169	4.45136976242	6.37275576090735	96.01722800564457	94.03973509933775	98.63013698630137	94.03973509933775	98.63013698630137	96.66666666666667	96.05263157894737	94.6969696969697
