Sample	Gene	Type	Expression	Threshold	Percent difference	Mean Accuracy	Minimum Accuracy	Maximum Accuracy	Sample 1 Accuracy	Sample 2 Accuracy	Sample 3 Accuracy	Sample 4 Accuracy	Sample 5 Accuracy
TH03_0139_S01	RP11-269G24.6	Up	0.333423733725	0.210220098495	36.95106939556241	68.65728518378002	58.09426229508197	84.17106359344626	59.07160194174757	77.12628865979381	84.17106359344626	64.82320942883047	58.09426229508197
