Sample	Gene	Type	Expression	Threshold	Percent difference	Mean Accuracy	Minimum Accuracy	Maximum Accuracy	Sample 1 Accuracy	Sample 2 Accuracy	Sample 3 Accuracy	Sample 4 Accuracy	Sample 5 Accuracy
TH03_0139_S01	LINC00115	Up	2.516015147	2.48429751396	1.2606296539120148	24.793175817870743	19.34731934731935	32.86573146292585	20.506912442396313	30.82706766917293	32.86573146292585	20.418848167539267	19.34731934731935
