Sample	Gene	Type	Expression	Threshold	Percent difference	Mean Accuracy	Minimum Accuracy	Maximum Accuracy	Sample 1 Accuracy	Sample 2 Accuracy	Sample 3 Accuracy	Sample 4 Accuracy	Sample 5 Accuracy
TH03_0139_S01	KLHDC2	Down	3.06177619759	3.08948564529	0.9050121861229027	60.6471736349246	51.60075329566855	73.90542907180385	52.88461538461539	69.41649899396378	73.90542907180385	55.42857142857143	51.60075329566855
