Sample	Gene	Type	Expression	Threshold	Percent difference	Mean Accuracy	Minimum Accuracy	Maximum Accuracy	Sample 1 Accuracy	Sample 2 Accuracy	Sample 3 Accuracy	Sample 4 Accuracy	Sample 5 Accuracy
TH03_0139_S01	LINC01136	Up	1.3840498068	1.2634819746	8.71123507316255	81.48822905051502	74	89.31116389548693	76.37540453074433	88.6178861788618	89.31116389548693	79.13669064748201	74
