Sample	Gene	Type	Expression	Threshold	Percent difference	Mean Accuracy	Minimum Accuracy	Maximum Accuracy	Sample 1 Accuracy	Sample 2 Accuracy	Sample 3 Accuracy	Sample 4 Accuracy	Sample 5 Accuracy
TH03_0139_S01	TMEM258	Down	6.06651978143	6.14643907547	1.317382896939325	91.2211397329781	84.070796460177	95.23809523809523	92	94.23076923076923	95.23809523809523	84.070796460177	90.56603773584906
