Sample	Gene	Type	Expression	Threshold	Percent difference	Mean Accuracy	Minimum Accuracy	Maximum Accuracy	Sample 1 Accuracy	Sample 2 Accuracy	Sample 3 Accuracy	Sample 4 Accuracy	Sample 5 Accuracy
TH03_0139_S01	CTD-2349P21.7	Up	2.84197311893	0	100	92.80290435815488	88.63636363636364	95.96774193548387	88.63636363636364	94.32624113475178	95.45454545454545	95.96774193548387	89.62962962962962
