Sample	Gene	Type	Expression	Threshold	Percent difference	Mean Accuracy	Minimum Accuracy	Maximum Accuracy	Sample 1 Accuracy	Sample 2 Accuracy	Sample 3 Accuracy	Sample 4 Accuracy	Sample 5 Accuracy
TH03_0139_S01	RNA5-8S5	Down	4.6820113908	5.71341133118	22.028992548088784	86.00012732365673	78.43137254901961	94.64285714285714	80.95238095238095	94.64285714285714	87.87878787878788	88.09523809523809	78.43137254901961
