Sample	Gene	Type	Expression	Threshold	Percent difference	Mean Accuracy	Minimum Accuracy	Maximum Accuracy	Sample 1 Accuracy	Sample 2 Accuracy	Sample 3 Accuracy	Sample 4 Accuracy	Sample 5 Accuracy
TH03_0139_S01	LBP	Up	2.41142624573	1.34339094162	44.290606275070985	99.85189221319595	99.51456310679612	100	99.51456310679612	99.74489795918367	100	100	100
