Sample	Gene	Type	Expression	Threshold	Percent difference	Mean Accuracy	Minimum Accuracy	Maximum Accuracy	Sample 1 Accuracy	Sample 2 Accuracy	Sample 3 Accuracy	Sample 4 Accuracy	Sample 5 Accuracy
TH03_0113_S01	INMT-FAM188B	Up	0.722466024471	0.597287535667	17.3265571755651	55.389042701134905	44.50651769087523	64.0074211502783	44.50651769087523	62.05179282868526	64.0074211502783	57.906976744186046	48.472505091649694
