Sample	Gene	Type	Expression	Threshold	Percent difference	Mean Accuracy	Minimum Accuracy	Maximum Accuracy	Sample 1 Accuracy	Sample 2 Accuracy	Sample 3 Accuracy	Sample 4 Accuracy	Sample 5 Accuracy
TH03_0113_S01	CLDN9	Up	3.2110121934900002	2.85996389389	10.93263676518311	99.95901639344262	99.79508196721312	100	100	100	100	100	99.79508196721312
