Sample	Gene	Type	Expression	Threshold	Percent difference	Mean Accuracy	Minimum Accuracy	Maximum Accuracy	Sample 1 Accuracy	Sample 2 Accuracy	Sample 3 Accuracy	Sample 4 Accuracy	Sample 5 Accuracy
TH03_0113_S01	CTC-523E23.4	Up	1.41142624573	1.01846182346	27.841654741708155	99.86144596454618	99.76076555023924	100	99.77168949771689	99.77477477477478	100	99.76076555023924	100
