Sample	Gene	Type	Expression	Threshold	Percent difference	Mean Accuracy	Minimum Accuracy	Maximum Accuracy	Sample 1 Accuracy	Sample 2 Accuracy	Sample 3 Accuracy	Sample 4 Accuracy	Sample 5 Accuracy
TH03_0113_S01	AP000662.4	Up	1.02147972741	1.00351417065	1.7587776123127234	40.32264488850965	32.42009132420091	49.78813559322034	32.42009132420091	45.04504504504504	49.78813559322034	40.19138755980861	34.16856492027335
