Sample	Gene	Type	Expression	Threshold	Percent difference	Mean Accuracy	Minimum Accuracy	Maximum Accuracy	Sample 1 Accuracy	Sample 2 Accuracy	Sample 3 Accuracy	Sample 4 Accuracy	Sample 5 Accuracy
TH03_0113_S01	RN7SL689P	Up	3.21412480535	2.6317987442	18.117717774390776	99.73509933774835	98.67549668874173	100	98.67549668874173	100	100	100	100
