Sample	Gene	Type	Expression	Threshold	Percent difference	Mean Accuracy	Minimum Accuracy	Maximum Accuracy	Sample 1 Accuracy	Sample 2 Accuracy	Sample 3 Accuracy	Sample 4 Accuracy	Sample 5 Accuracy
TH03_0113_S01	RP11-863P13.3	Up	2.24488705912	2.05418395996	8.494997482624173	84.93626731612925	78.07881773399015	91.53846153846153	81.44796380090497	91.21140142517815	91.53846153846153	82.40469208211144	78.07881773399015
