Sample	Gene	Type	Expression	Threshold	Percent difference	Mean Accuracy	Minimum Accuracy	Maximum Accuracy	Sample 1 Accuracy	Sample 2 Accuracy	Sample 3 Accuracy	Sample 4 Accuracy	Sample 5 Accuracy
TH03_0113_S01	ABC7-42404400C24.1	Up	1.75702324651	1.40466690063	20.054165280959726	99.52860114993774	98.73817034700315	100	99.73821989528795	99.72527472527473	100	98.73817034700315	99.4413407821229
