Sample	Gene	Type	Expression	Threshold	Percent difference	Mean Accuracy	Minimum Accuracy	Maximum Accuracy	Sample 1 Accuracy	Sample 2 Accuracy	Sample 3 Accuracy	Sample 4 Accuracy	Sample 5 Accuracy
TH03_0113_S01	GCKR	Up	1.11769504267	1.07687234879	3.652400012661858	60.39356742833866	49.65034965034965	73.54709418837675	55.06912442396313	67.41854636591479	73.54709418837675	56.282722513089	49.65034965034965
