Sample	Gene	Type	Expression	Threshold	Percent difference	Mean Accuracy	Minimum Accuracy	Maximum Accuracy	Sample 1 Accuracy	Sample 2 Accuracy	Sample 3 Accuracy	Sample 4 Accuracy	Sample 5 Accuracy
TH03_0113_S01	PSPHP1	Up	1.50589092973	0.862374007702	42.73330221488086	88.14592273686303	80.74074074074075	93.93939393939394	81.81818181818183	91.48936170212765	93.93939393939394	92.74193548387096	80.74074074074075
