Sample	Gene	Type	Expression	Threshold	Percent difference	Mean Accuracy	Minimum Accuracy	Maximum Accuracy	Sample 1 Accuracy	Sample 2 Accuracy	Sample 3 Accuracy	Sample 4 Accuracy	Sample 5 Accuracy
TH03_0113_S01	RP11-834C11.12	Up	0.378511623254	0.0358882322907	90.51859174569728	86.44754207230677	81.5071659731854	94.06430338004947	82.4888888888889	89.53219082908754	94.06430338004947	84.64516129032258	81.5071659731854
