Sample	Gene	Type	Expression	Threshold	Percent difference	Mean Accuracy	Minimum Accuracy	Maximum Accuracy	Sample 1 Accuracy	Sample 2 Accuracy	Sample 3 Accuracy	Sample 4 Accuracy	Sample 5 Accuracy
TH03_0113_S01	TNN	Up	1.35049724708	1.2303750515	8.894664231246988	97.24702286335575	95.4036535061874	98.45250800426895	97.2348141432457	98.4447004608295	98.45250800426895	96.6994382022472	95.4036535061874
