Sample	Gene	Type	Expression	Threshold	Percent difference	Mean Accuracy	Minimum Accuracy	Maximum Accuracy	Sample 1 Accuracy	Sample 2 Accuracy	Sample 3 Accuracy	Sample 4 Accuracy	Sample 5 Accuracy
TH03_0113_S01	AC156455.1	Up	4.19455988602	4.1304731369	1.5278539551573533	69.76788661950448	59.10931174089069	79.92957746478874	59.10931174089069	73.45971563981043	79.92957746478874	70.32520325203252	66.015625
