Sample	Gene	Type	Expression	Threshold	Percent difference	Mean Accuracy	Minimum Accuracy	Maximum Accuracy	Sample 1 Accuracy	Sample 2 Accuracy	Sample 3 Accuracy	Sample 4 Accuracy	Sample 5 Accuracy
TH03_0113_S01	RP5-857K21.6	Down	2.99457972422	3.25820851326	8.80353215871278	91.13117892850629	86.5296803652968	95.33898305084746	86.5296803652968	92.34234234234235	95.33898305084746	93.0622009569378	88.38268792710706
