Sample	Gene	Type	Expression	Threshold	Percent difference	Mean Accuracy	Minimum Accuracy	Maximum Accuracy	Sample 1 Accuracy	Sample 2 Accuracy	Sample 3 Accuracy	Sample 4 Accuracy	Sample 5 Accuracy
TH03_0113_S01	FGF5	Up	0.367371065649	0.311149060726	15.303873979208966	69.48589627514181	61.603613777526824	79.73231357552581	65.93237704918032	74.77148080438756	79.73231357552581	65.38969616908851	61.603613777526824
