Sample	Gene	Type	Expression	Threshold	Percent difference	Mean Accuracy	Minimum Accuracy	Maximum Accuracy	Sample 1 Accuracy	Sample 2 Accuracy	Sample 3 Accuracy	Sample 4 Accuracy	Sample 5 Accuracy
TH03_0113_S01	RP1-90G24.10	Up	0.910732661903	0.862374007702	5.309862731831013	18.500698751654067	16.273693943596857	25.243168133395088	17.51111111111111	25.243168133395088	17.02390766694147	16.451612903225808	16.273693943596857
