Sample	Gene	Type	Expression	Threshold	Percent difference	Mean Accuracy	Minimum Accuracy	Maximum Accuracy	Sample 1 Accuracy	Sample 2 Accuracy	Sample 3 Accuracy	Sample 4 Accuracy	Sample 5 Accuracy
TH03_0113_S01	CYP4A11	Up	0.992768430769	0.311149060726	68.65844530481459	90.90780158961878	89.6764252696456	94.46153846153847	90.15918958031838	94.46153846153847	90.07518796992481	90.16666666666666	89.6764252696456
