Sample	Gene	Type	Expression	Threshold	Percent difference	Mean Accuracy	Minimum Accuracy	Maximum Accuracy	Sample 1 Accuracy	Sample 2 Accuracy	Sample 3 Accuracy	Sample 4 Accuracy	Sample 5 Accuracy
TH03_0113_S01	GRM5-AS1	Up	1.22650852981	0.277918636799	77.34066824288188	99.92698713394901	99.79674796747967	100	99.83818770226537	99.79674796747967	100	100	100
