Sample	Gene	Type	Expression	Threshold	Percent difference	Mean Accuracy	Minimum Accuracy	Maximum Accuracy	Sample 1 Accuracy	Sample 2 Accuracy	Sample 3 Accuracy	Sample 4 Accuracy	Sample 5 Accuracy
TH03_0113_S01	RP11-449D8.1	Up	1.2750070475	0.387328118086	69.62149198740018	99.94897959183673	99.74489795918367	100	100	99.74489795918367	100	100	100
