Sample	Gene	Type	Expression	Threshold	Percent difference	Mean Accuracy	Minimum Accuracy	Maximum Accuracy	Sample 1 Accuracy	Sample 2 Accuracy	Sample 3 Accuracy	Sample 4 Accuracy	Sample 5 Accuracy
TH03_0113_S01	TRIM71	Up	0.475084882949	0.343758791685	27.642658391657925	82.45813239352636	76.00225861095427	90.31230082855322	80.02049180327869	86.16697135892748	90.31230082855322	79.7886393659181	76.00225861095427
