Sample	Gene	Type	Expression	Threshold	Percent difference	Mean Accuracy	Minimum Accuracy	Maximum Accuracy	Sample 1 Accuracy	Sample 2 Accuracy	Sample 3 Accuracy	Sample 4 Accuracy	Sample 5 Accuracy
TH03_0113_S01	ITIH1	Up	0.773996325111	0.605942666531	21.712462078666736	61.927339961452	50.5586592178771	72.91280148423006	50.5586592178771	69.02390438247012	72.91280148423006	61.74418604651163	55.397148676171085
