Sample	Gene	Type	Expression	Threshold	Percent difference	Mean Accuracy	Minimum Accuracy	Maximum Accuracy	Sample 1 Accuracy	Sample 2 Accuracy	Sample 3 Accuracy	Sample 4 Accuracy	Sample 5 Accuracy
TH03_0113_S01	DACT3	Up	5.55028504909	5.54692363739	0.06056286605588631	14.42123520590474	9.178743961352657	18.30985915492958	15.476190476190476	16.38418079096045	18.30985915492958	12.757201646090536	9.178743961352657
