Sample	Gene	Type	Expression	Threshold	Percent difference	Mean Accuracy	Minimum Accuracy	Maximum Accuracy	Sample 1 Accuracy	Sample 2 Accuracy	Sample 3 Accuracy	Sample 4 Accuracy	Sample 5 Accuracy
TH03_0113_S01	AC133644.2	Up	4.68144926531	4.32609796524	7.590625892353223	97.88309475962565	96.21212121212122	100	97.35099337748345	98.63013698630137	97.22222222222221	100	96.21212121212122
