Sample	Gene	Type	Expression	Threshold	Percent difference	Mean Accuracy	Minimum Accuracy	Maximum Accuracy	Sample 1 Accuracy	Sample 2 Accuracy	Sample 3 Accuracy	Sample 4 Accuracy	Sample 5 Accuracy
TH03_0113_S01	AC010468.1	Up	2.35049724708	1.64859628677	29.86180737637386	98.95363898802117	98.32134292565947	99.8812351543943	98.38187702265373	98.98373983739837	99.8812351543943	98.32134292565947	99.2
