Sample	Gene	Type	Expression	Threshold	Percent difference	Mean Accuracy	Minimum Accuracy	Maximum Accuracy	Sample 1 Accuracy	Sample 2 Accuracy	Sample 3 Accuracy	Sample 4 Accuracy	Sample 5 Accuracy
TH03_0113_S01	RP11-700P18.1	Up	0.250961573533	0.234853774309	6.418432510299006	41.60693903513637	33.83838383838384	49.340369393139845	33.83838383838384	44.44444444444444	49.340369393139845	45.37313432835821	35.0383631713555
