Sample	Gene	Type	Expression	Threshold	Percent difference	Mean Accuracy	Minimum Accuracy	Maximum Accuracy	Sample 1 Accuracy	Sample 2 Accuracy	Sample 3 Accuracy	Sample 4 Accuracy	Sample 5 Accuracy
TH01_0062_S01	KIAA0226L	Up	4.93215568443	4.46992778778	9.371721539714917	99.95412844036697	99.77064220183486	100	100	100	100	99.77064220183486	100
