Sample	Gene	Type	Expression	Threshold	Percent difference	Mean Accuracy	Minimum Accuracy	Maximum Accuracy	Sample 1 Accuracy	Sample 2 Accuracy	Sample 3 Accuracy	Sample 4 Accuracy	Sample 5 Accuracy
TH01_0062_S01	CTD-2240J17.2	Up	1.06350294231	0.833834350109	21.595482538312904	94.45966878803095	91.44981412639405	98.06201550387597	91.5549597855228	96.8	98.06201550387597	94.43155452436194	91.44981412639405
