Sample	Gene	Type	Expression	Threshold	Percent difference	Mean Accuracy	Minimum Accuracy	Maximum Accuracy	Sample 1 Accuracy	Sample 2 Accuracy	Sample 3 Accuracy	Sample 4 Accuracy	Sample 5 Accuracy
TH01_0062_S01	RP11-10J21.2	Up	0.495695162624	0.176311850548	64.43139577665438	91.15891000950386	88.10810810810811	95.20295202952029	88.10810810810811	93.7007874015748	95.20295202952029	88.98678414096916	89.79591836734694
