Sample	Gene	Type	Expression	Threshold	Percent difference	Mean Accuracy	Minimum Accuracy	Maximum Accuracy	Sample 1 Accuracy	Sample 2 Accuracy	Sample 3 Accuracy	Sample 4 Accuracy	Sample 5 Accuracy
TH01_0062_S01	PPA1	Down	4.70818723602	4.77643871307	1.4496338745375787	80.1106630658286	74.40758293838863	88.54625550660793	74.40758293838863	88.54625550660793	86.85258964143426	75.69169960474308	75.05518763796908
