Sample	Gene	Type	Expression	Threshold	Percent difference	Mean Accuracy	Minimum Accuracy	Maximum Accuracy	Sample 1 Accuracy	Sample 2 Accuracy	Sample 3 Accuracy	Sample 4 Accuracy	Sample 5 Accuracy
TH_Eval_014_est10M_UMEND_seqtk_seed_8652	CEACAM21	Up	4.13339912542	3.81099009514	7.800094316980333	99.83695786877531	99.60474308300395	100	100	100	99.800796812749	99.60474308300395	99.77924944812362
