Sample	Gene	Type	Expression	Threshold	Percent difference	Mean Accuracy	Minimum Accuracy	Maximum Accuracy	Sample 1 Accuracy	Sample 2 Accuracy	Sample 3 Accuracy	Sample 4 Accuracy	Sample 5 Accuracy
TH_Eval_014_est10M_UMEND_seqtk_seed_8652	RP11-167N5.5	Up	1.75702324651	1.14341580868	34.92312574969154	98.73427059382911	97.76951672862454	99.52	98.12332439678283	99.52	99.4186046511628	98.83990719257541	97.76951672862454
