Sample	Gene	Type	Expression	Threshold	Percent difference	Mean Accuracy	Minimum Accuracy	Maximum Accuracy	Sample 1 Accuracy	Sample 2 Accuracy	Sample 3 Accuracy	Sample 4 Accuracy	Sample 5 Accuracy
TH_Eval_014_est10M_UMEND_seqtk_seed_8652	NPIPA2	Up	1.92979099772	1.67421805859	13.243555360759437	93.77166815149504	90.14778325123153	97.11538461538461	92.3076923076923	96.91211401425178	97.11538461538461	92.37536656891496	90.14778325123153
