Sample	Gene	Type	Expression	Threshold	Percent difference	Mean Accuracy	Minimum Accuracy	Maximum Accuracy	Sample 1 Accuracy	Sample 2 Accuracy	Sample 3 Accuracy	Sample 4 Accuracy	Sample 5 Accuracy
TH_Eval_014_est10M_UMEND_seqtk_seed_8652	RP11-166B2.3	Up	0.823749360308	0.715751886368	13.110477427213985	46.5385561902242	35.567970204841714	52.78293135435993	35.567970204841714	52.589641434262944	52.78293135435993	49.18604651162791	42.56619144602851
