Sample	Gene	Type	Expression	Threshold	Percent difference	Mean Accuracy	Minimum Accuracy	Maximum Accuracy	Sample 1 Accuracy	Sample 2 Accuracy	Sample 3 Accuracy	Sample 4 Accuracy	Sample 5 Accuracy
TH_Eval_014_est10M_UMEND_seqtk_seed_8652	AC064836.3	Up	0.879705766282	0.504391551018	42.663607498019815	77.27104798598243	69.39435968562182	89.40643033800495	69.55555555555556	83.41824918943955	89.40643033800495	74.58064516129032	69.39435968562182
