Sample	Gene	Type	Expression	Threshold	Percent difference	Mean Accuracy	Minimum Accuracy	Maximum Accuracy	Sample 1 Accuracy	Sample 2 Accuracy	Sample 3 Accuracy	Sample 4 Accuracy	Sample 5 Accuracy
TH_Eval_014_est10M_UMEND_seqtk_seed_8652	CELA2A	Up	0.389566811763	0.141808778048	63.598342115890524	81.582209736109	73.87295081967213	91.80783115801167	75.51577669902912	87.11340206185567	91.80783115801167	79.60108794197642	73.87295081967213
