Sample	Gene	Type	Expression	Threshold	Percent difference	Mean Accuracy	Minimum Accuracy	Maximum Accuracy	Sample 1 Accuracy	Sample 2 Accuracy	Sample 3 Accuracy	Sample 4 Accuracy	Sample 5 Accuracy
TH_Eval_014_est10M_UMEND_seqtk_seed_8652	RP11-563K23.1	Up	0.739848102699	0.409074544907	44.70830655445662	76.12911193034248	66.29098360655738	89.83615662316024	67.9004854368932	83.40850515463917	89.83615662316024	73.20942883046237	66.29098360655738
