Sample	Gene	Type	Expression	Threshold	Percent difference	Mean Accuracy	Minimum Accuracy	Maximum Accuracy	Sample 1 Accuracy	Sample 2 Accuracy	Sample 3 Accuracy	Sample 4 Accuracy	Sample 5 Accuracy
TH_Eval_014_est10M_UMEND_seqtk_seed_8652	SLC32A1	Up	0.604071323669	0.071774750948	88.11816616090042	93.27173733847825	90.09009009009009	96.49446494464945	90.09009009009009	95.2755905511811	96.49446494464945	92.29074889867842	92.20779220779221
