Sample	Gene	Type	Expression	Threshold	Percent difference	Mean Accuracy	Minimum Accuracy	Maximum Accuracy	Sample 1 Accuracy	Sample 2 Accuracy	Sample 3 Accuracy	Sample 4 Accuracy	Sample 5 Accuracy
TH_Eval_014_est10M_UMEND_seqtk_seed_8652	CHEK2P2	Up	0.575312330687	0.106960088015	81.40834424889253	86.10211093058234	80.95238095238095	93.98186314921682	81.77777777777779	89.34691987031033	93.98186314921682	84.45161290322581	80.95238095238095
