Sample	Gene	Type	Expression	Threshold	Percent difference	Mean Accuracy	Minimum Accuracy	Maximum Accuracy	Sample 1 Accuracy	Sample 2 Accuracy	Sample 3 Accuracy	Sample 4 Accuracy	Sample 5 Accuracy
TH_Eval_014_est10M_UMEND_seqtk_seed_8652	RP11-90K6.1	Up	0.310340120612	0.210507676005	32.168720051447885	67.60465018021333	57.73638968481375	79.14110429447852	57.73638968481375	73.94695787831513	79.14110429447852	67.67676767676768	59.522031366691564
