Sample	Gene	Type	Expression	Threshold	Percent difference	Mean Accuracy	Minimum Accuracy	Maximum Accuracy	Sample 1 Accuracy	Sample 2 Accuracy	Sample 3 Accuracy	Sample 4 Accuracy	Sample 5 Accuracy
TH_Eval_014_est10M_UMEND_seqtk_seed_8652	LINC01096	Up	0.790772037862	0.687809228897	13.020542461690878	46.500013897569865	35.47486033519553	52.78293135435993	35.47486033519553	52.49003984063745	52.78293135435993	49.18604651162791	42.56619144602851
