Sample	Gene	Type	Expression	Threshold	Percent difference	Mean Accuracy	Minimum Accuracy	Maximum Accuracy	Sample 1 Accuracy	Sample 2 Accuracy	Sample 3 Accuracy	Sample 4 Accuracy	Sample 5 Accuracy
TH_Eval_014_est10M_UMEND_seqtk_seed_8652	LINC00315	Up	0.214124805353	0.120062358677	43.928794947848914	83.56739197593046	79.81510015408321	87.38461538461539	80.75253256150506	87.38461538461539	87.21804511278195	82.66666666666667	79.81510015408321
