Sample	Gene	Type	Expression	Threshold	Percent difference	Mean Accuracy	Minimum Accuracy	Maximum Accuracy	Sample 1 Accuracy	Sample 2 Accuracy	Sample 3 Accuracy	Sample 4 Accuracy	Sample 5 Accuracy
TH_Eval_014_est10M_UMEND_seqtk_seed_8652	LDHAL6A	Up	0.367371065649	0.210507676005	42.69889610573554	79.42098341738736	72.18614718614718	90.990990990991	72.18614718614718	82.37934904601572	90.990990990991	78.77300613496932	72.77542372881356
