Sample	Gene	Type	Expression	Threshold	Percent difference	Mean Accuracy	Minimum Accuracy	Maximum Accuracy	Sample 1 Accuracy	Sample 2 Accuracy	Sample 3 Accuracy	Sample 4 Accuracy	Sample 5 Accuracy
TH_Eval_014_est10M_UMEND_seqtk_seed_8652	RP3-446N13.5	Up	0.286881147788	0.106960088015	62.71623672739849	83.54248774683646	77.48497457235321	92.86892003297609	78	88.00370541917555	92.86892003297609	81.35483870967742	77.48497457235321
