Sample	Gene	Type	Expression	Threshold	Percent difference	Mean Accuracy	Minimum Accuracy	Maximum Accuracy	Sample 1 Accuracy	Sample 2 Accuracy	Sample 3 Accuracy	Sample 4 Accuracy	Sample 5 Accuracy
TH_Eval_014_est10M_UMEND_seqtk_seed_8652	RP11-861L17.4	Up	0.910732661903	0.40874683857	55.11889979701478	78.8127759809975	70.25273224043715	90.75256873090808	71.4502427184466	85.18041237113401	90.75256873090808	76.42792384406165	70.25273224043715
