Sample	Gene	Type	Expression	Threshold	Percent difference	Mean Accuracy	Minimum Accuracy	Maximum Accuracy	Sample 1 Accuracy	Sample 2 Accuracy	Sample 3 Accuracy	Sample 4 Accuracy	Sample 5 Accuracy
TH_Eval_014_est10M_UMEND_seqtk_seed_8652	RP11-10E18.7	Up	0.831877241192	0.779732108116	6.268368756101686	26.454385094690643	21.63323782234957	33.541341653666144	21.63323782234957	33.541341653666144	29.107021131561005	25.436179981634528	22.55414488424197
