Sample	Gene	Type	Expression	Threshold	Percent difference	Mean Accuracy	Minimum Accuracy	Maximum Accuracy	Sample 1 Accuracy	Sample 2 Accuracy	Sample 3 Accuracy	Sample 4 Accuracy	Sample 5 Accuracy
TH_Eval_014_est10M_UMEND_seqtk_seed_8652	CTD-2375G15.1	Up	0.214124805353	0.071774750948	66.47994573553764	84.42537212481534	78.64077669902912	93.446001648804625	79.33333333333333	88.51320055581287	93.446001648804625	82.19354838709677	78.64077669902912
