Sample	Gene	Type	Expression	Threshold	Percent difference	Mean Accuracy	Minimum Accuracy	Maximum Accuracy	Sample 1 Accuracy	Sample 2 Accuracy	Sample 3 Accuracy	Sample 4 Accuracy	Sample 5 Accuracy
TH_Eval_014_est10M_UMEND_seqtk_seed_8652	FHP1	Up	0.50589092973	0.344080448151	31.985250588572566	68.14665753493178	57.37777777777778	85.03709810387468	57.37777777777778	73.92311255210745	85.03709810387468	64.70967741935483	59.68562182154415
