Sample	Gene	Type	Expression	Threshold	Percent difference	Mean Accuracy	Minimum Accuracy	Maximum Accuracy	Sample 1 Accuracy	Sample 2 Accuracy	Sample 3 Accuracy	Sample 4 Accuracy	Sample 5 Accuracy
TH_Eval_014_est10M_UMEND_seqtk_seed_8652	EXTL1	Up	2.19534759832	1.84502375126	15.957557123440816	99.57669475030484	99.29286977018268	99.82718894009217	99.59202175883954	99.82718894009217	99.73319103521878	99.43820224719101	99.29286977018268
