Sample	Gene	Type	Expression	Threshold	Percent difference	Mean Accuracy	Minimum Accuracy	Maximum Accuracy	Sample 1 Accuracy	Sample 2 Accuracy	Sample 3 Accuracy	Sample 4 Accuracy	Sample 5 Accuracy
TH_Eval_014_est10M_UMEND_seqtk_seed_8652	TDGP1	Up	0.150559676575	0.141808778048	5.812245832396447	27.682255818946025	22.067039106145252	32.76892430278885	22.067039106145252	32.76892430278885	28.7569573283859	29.767441860465116	25.050916496945007
