Sample	Gene	Type	Expression	Threshold	Percent difference	Mean Accuracy	Minimum Accuracy	Maximum Accuracy	Sample 1 Accuracy	Sample 2 Accuracy	Sample 3 Accuracy	Sample 4 Accuracy	Sample 5 Accuracy
TH_Eval_014_est10M_UMEND_seqtk_seed_8652	HSF5	Up	0.163498732283	0.120062358677	26.566795350324774	82.03671497024173	75.32467532467533	89.99362651370299	79.61065573770492	85.8622790981109	89.99362651370299	79.39233817701454	75.32467532467533
