Sample	Gene	Type	Expression	Threshold	Percent difference	Mean Accuracy	Minimum Accuracy	Maximum Accuracy	Sample 1 Accuracy	Sample 2 Accuracy	Sample 3 Accuracy	Sample 4 Accuracy	Sample 5 Accuracy
TH_Eval_014_est10M_UMEND_seqtk_seed_8652	KCNG2	Up	0.918386234446	0.797895133495	13.119872275054744	46.5385561902242	35.567970204841714	52.78293135435993	35.567970204841714	52.589641434262944	52.78293135435993	49.18604651162791	42.56619144602851
