Sample	Gene	Type	Expression	Threshold	Percent difference	Mean Accuracy	Minimum Accuracy	Maximum Accuracy	Sample 1 Accuracy	Sample 2 Accuracy	Sample 3 Accuracy	Sample 4 Accuracy	Sample 5 Accuracy
TH_Eval_014_est10M_UMEND_seqtk_seed_8652	LINC01573	Up	2.64385618977	2.1782348156	17.611448609483794	95.44021303158183	93	98.69358669833728	95.30744336569579	97.15447154471545	98.69358669833728	93.04556354916068	93
