Sample	Gene	Type	Expression	Threshold	Percent difference	Mean Accuracy	Minimum Accuracy	Maximum Accuracy	Sample 1 Accuracy	Sample 2 Accuracy	Sample 3 Accuracy	Sample 4 Accuracy	Sample 5 Accuracy
TH_Eval_014_est10M_UMEND_seqtk_seed_8652	AC006946.16	Up	1.66448284036	1.2219222784	26.588472480994856	99.83848428715349	99.57264957264957	100	100	100	100	99.57264957264957	99.61977186311786
