Sample	Gene	Type	Expression	Threshold	Percent difference	Mean Accuracy	Minimum Accuracy	Maximum Accuracy	Sample 1 Accuracy	Sample 2 Accuracy	Sample 3 Accuracy	Sample 4 Accuracy	Sample 5 Accuracy
TH_Eval_014_est10M_UMEND_seqtk_seed_8652	CTD-2195M15.1	Up	3.4620523188	0.535611569881	84.52907349283933	93.40972752737459	90.47619047619048	100	90.47619047619048	100	93.93939393939394	90.47619047619048	92.15686274509804
