Sample	Gene	Type	Expression	Threshold	Percent difference	Mean Accuracy	Minimum Accuracy	Maximum Accuracy	Sample 1 Accuracy	Sample 2 Accuracy	Sample 3 Accuracy	Sample 4 Accuracy	Sample 5 Accuracy
TH_Eval_014_est10M_UMEND_seqtk_seed_8652	RP11-354E11.2	Up	1.36176835942	1.20523500443	11.494859159209007	91.60915421776511	86.20689655172413	95.96199524940617	89.59276018099548	95.96199524940617	95.96153846153847	90.32258064516128	86.20689655172413
