Sample	Gene	Type	Expression	Threshold	Percent difference	Mean Accuracy	Minimum Accuracy	Maximum Accuracy	Sample 1 Accuracy	Sample 2 Accuracy	Sample 3 Accuracy	Sample 4 Accuracy	Sample 5 Accuracy
TH_Eval_014_est10M_UMEND_seqtk_seed_8652	RP11-73M7.6	Up	1.25701061821	0.826442122459	34.25336982150042	99.32341546322496	98.8009592326139	100	99.02912621359224	99.1869918699187	100	98.8009592326139	99.6
