Sample	Gene	Type	Expression	Threshold	Percent difference	Mean Accuracy	Minimum Accuracy	Maximum Accuracy	Sample 1 Accuracy	Sample 2 Accuracy	Sample 3 Accuracy	Sample 4 Accuracy	Sample 5 Accuracy
TH_Eval_014_est10M_UMEND_seqtk_seed_8652	TRPC7	Up	0.604071323669	0.106960088015	82.29346704204607	88.74289248764937	83.42644320297951	95.54730983302412	83.42644320297951	90.5378486055777	95.54730983302412	88.25581395348837	85.94704684317719
