Sample	Gene	Type	Expression	Threshold	Percent difference	Mean Accuracy	Minimum Accuracy	Maximum Accuracy	Sample 1 Accuracy	Sample 2 Accuracy	Sample 3 Accuracy	Sample 4 Accuracy	Sample 5 Accuracy
TH_Eval_014_est10M_UMEND_seqtk_seed_8652	RP11-365P13.5	Up	1.20789285164	0.854968428612	29.218189556202915	99.70113321351917	99.27184466019418	100	99.27184466019418	99.74489795918367	100	99.71671388101983	99.77220956719817
