Sample	Gene	Type	Expression	Threshold	Percent difference	Mean Accuracy	Minimum Accuracy	Maximum Accuracy	Sample 1 Accuracy	Sample 2 Accuracy	Sample 3 Accuracy	Sample 4 Accuracy	Sample 5 Accuracy
TH_Eval_014_est10M_UMEND_seqtk_seed_8652	RP11-245C17.2	Up	0.432959407276	0.376716196537	12.99041198639356	37.57906834381922	30.400485436893206	45.03865979381443	30.400485436893206	45.03865979381443	43.01582893640655	38.395285584768814	31.045081967213118
