Sample	Gene	Type	Expression	Threshold	Percent difference	Mean Accuracy	Minimum Accuracy	Maximum Accuracy	Sample 1 Accuracy	Sample 2 Accuracy	Sample 3 Accuracy	Sample 4 Accuracy	Sample 5 Accuracy
TH_Eval_014_est10M_UMEND_seqtk_seed_8652	CCDC73	Up	0.298658315565	0.268084198236	10.237155885366885	59.413349031352915	50.988142292490124	69.40726577437859	55.584016393442624	65.93540524070688	69.40726577437859	55.15191545574637	50.988142292490124
