Sample	Gene	Type	Expression	Threshold	Percent difference	Mean Accuracy	Minimum Accuracy	Maximum Accuracy	Sample 1 Accuracy	Sample 2 Accuracy	Sample 3 Accuracy	Sample 4 Accuracy	Sample 5 Accuracy
TH_Eval_014_est10M_UMEND_seqtk_seed_8652	LINC00473	Up	1.13750352375	0.946536004543	16.78830133004236	98.9671400919888	98.17767653758543	99.78586723768737	98.54368932038835	99.74489795918367	99.78586723768737	98.58356940509914	98.17767653758543
