Sample	Gene	Type	Expression	Threshold	Percent difference	Mean Accuracy	Minimum Accuracy	Maximum Accuracy	Sample 1 Accuracy	Sample 2 Accuracy	Sample 3 Accuracy	Sample 4 Accuracy	Sample 5 Accuracy
TH_Eval_014_est10M_UMEND_seqtk_seed_8652	AC022210.2	Up	2.08406426479	1.77278447151	14.936189758590087	93.47041797112914	90.2	97.38717339667458	92.55663430420712	95.1219512195122	97.38717339667458	92.08633093525181	90.2
