Sample	Gene	Type	Expression	Threshold	Percent difference	Mean Accuracy	Minimum Accuracy	Maximum Accuracy	Sample 1 Accuracy	Sample 2 Accuracy	Sample 3 Accuracy	Sample 4 Accuracy	Sample 5 Accuracy
TH_Eval_014_est10M_UMEND_seqtk_seed_8652	AC004449.6	Up	1.17632277264	1.10930132866	5.697538595600345	51.18263717562575	43.297587131367294	62.1124031007752	43.297587131367294	60	62.1124031007752	45.707656612529	44.795539033457246
