Sample	Gene	Type	Expression	Threshold	Percent difference	Mean Accuracy	Minimum Accuracy	Maximum Accuracy	Sample 1 Accuracy	Sample 2 Accuracy	Sample 3 Accuracy	Sample 4 Accuracy	Sample 5 Accuracy
TH_Eval_014_est10M_UMEND_seqtk_seed_8652	RP11-286H14.8	Up	1.50589092973	1.08263778687	28.10649393684094	97.94687251619733	96.51474530831099	99.2	96.51474530831099	99.2	99.12790697674419	97.6798143851508	97.21189591078067
