Sample	Gene	Type	Expression	Threshold	Percent difference	Mean Accuracy	Minimum Accuracy	Maximum Accuracy	Sample 1 Accuracy	Sample 2 Accuracy	Sample 3 Accuracy	Sample 4 Accuracy	Sample 5 Accuracy
TH_Eval_014_est10M_UMEND_seqtk_seed_8652	RP11-453E17.4	Up	0.286881147788	0.244370207191	14.818310971209172	50.8147667779424	40.22346368715084	59.183673469387756	40.22346368715084	57.171314741035864	59.183673469387756	52.79069767441861	44.70468431771894
