Sample	Gene	Type	Expression	Threshold	Percent difference	Mean Accuracy	Minimum Accuracy	Maximum Accuracy	Sample 1 Accuracy	Sample 2 Accuracy	Sample 3 Accuracy	Sample 4 Accuracy	Sample 5 Accuracy
TH_Eval_014_est10M_UMEND_seqtk_seed_8652	RP11-666A8.7	Up	1.26303440583	0.777288734913	38.45862540837068	99.17582293367353	98.51301115241635	99.76798143851508	98.65951742627345	99.52	99.4186046511628	99.76798143851508	98.51301115241635
