Sample	Gene	Type	Expression	Threshold	Percent difference	Mean Accuracy	Minimum Accuracy	Maximum Accuracy	Sample 1 Accuracy	Sample 2 Accuracy	Sample 3 Accuracy	Sample 4 Accuracy	Sample 5 Accuracy
TH_Eval_014_est10M_UMEND_seqtk_seed_8652	RP13-539J13.1	Up	0.356143810225	0.176311850548	50.49419771282507	78.07314344019461	68.95491803278688	90.61371841155234	70.63106796116504	84.82603092783505	90.61371841155234	75.33998186763372	68.95491803278688
