Sample	Gene	Type	Expression	Threshold	Percent difference	Mean Accuracy	Minimum Accuracy	Maximum Accuracy	Sample 1 Accuracy	Sample 2 Accuracy	Sample 3 Accuracy	Sample 4 Accuracy	Sample 5 Accuracy
TH_Eval_014_est10M_UMEND_seqtk_seed_8652	AC005534.6	Up	0.879705766282	0.833834350109	5.214404398742503	9.106201550531749	6.663644605621033	12.596649484536082	9.890776699029127	12.596649484536082	7.636767564565399	6.663644605621033	8.743169398907105
