Sample	Gene	Type	Expression	Threshold	Percent difference	Mean Accuracy	Minimum Accuracy	Maximum Accuracy	Sample 1 Accuracy	Sample 2 Accuracy	Sample 3 Accuracy	Sample 4 Accuracy	Sample 5 Accuracy
TH_Eval_014_est10M_UMEND_seqtk_seed_8652	RP13-565O16.2	Up	0.263034405834	0.106610842049	59.46886046676278	82.73950434010848	76.28294036061027	92.49793899422917	76.71111111111111	87.81843446039834	92.49793899422917	80.38709677419355	76.28294036061027
