Sample	Gene	Type	Expression	Threshold	Percent difference	Mean Accuracy	Minimum Accuracy	Maximum Accuracy	Sample 1 Accuracy	Sample 2 Accuracy	Sample 3 Accuracy	Sample 4 Accuracy	Sample 5 Accuracy
TH_Eval_014_est10M_UMEND_seqtk_seed_8652	AC092535.3	Up	0.704871964456	0.210507676005	70.13533143321088	90.93787677758871	89.6764252696456	94.46153846153847	90.15918958031838	94.46153846153847	90.22556390977444	90.16666666666666	89.6764252696456
