Sample	Gene	Type	Expression	Threshold	Percent difference	Mean Accuracy	Minimum Accuracy	Maximum Accuracy	Sample 1 Accuracy	Sample 2 Accuracy	Sample 3 Accuracy	Sample 4 Accuracy	Sample 5 Accuracy
TH_Eval_014_est10M_UMEND_seqtk_seed_8652	DUSP2	Up	6.48365457328	6.36100292206	1.8917055162911316	99.4997566715517	98.89807162534436	100	99.76190476190476	100	99.375	98.89807162534436	99.46380697050938
