Sample	Gene	Type	Expression	Threshold	Percent difference	Mean Accuracy	Minimum Accuracy	Maximum Accuracy	Sample 1 Accuracy	Sample 2 Accuracy	Sample 3 Accuracy	Sample 4 Accuracy	Sample 5 Accuracy
TH_Eval_014_est10M_UMEND_seqtk_seed_8652	SLC34A3	Up	0.650764559117	0.419368445873	35.557577621924196	80.42475696607512	76.26628075253257	85.71428571428571	76.26628075253257	85.38461538461539	85.71428571428571	78.33333333333333	76.42526964560862
