Sample	Gene	Type	Expression	Threshold	Percent difference	Mean Accuracy	Minimum Accuracy	Maximum Accuracy	Sample 1 Accuracy	Sample 2 Accuracy	Sample 3 Accuracy	Sample 4 Accuracy	Sample 5 Accuracy
TH_Eval_014_est10M_UMEND_seqtk_seed_8652	RP11-686G8.2	Up	1.46988597627	1.10603988171	24.753355051614296	96.51351471498782	94.50402144772117	98.74031007751938	94.50402144772117	98.24000000000001	98.74031007751938	96.2877030162413	94.79553903345726
