Sample	Gene	Type	Expression	Threshold	Percent difference	Mean Accuracy	Minimum Accuracy	Maximum Accuracy	Sample 1 Accuracy	Sample 2 Accuracy	Sample 3 Accuracy	Sample 4 Accuracy	Sample 5 Accuracy
TH_Eval_014_est10M_UMEND_seqtk_seed_8652	C2orf48	Up	1.83592407425	1.43125510216	22.041705197166873	99.55037421384239	99.02912621359224	100	99.02912621359224	99.74489795918367	100	99.43342776203966	99.54441913439635
