Sample	Gene	Type	Expression	Threshold	Percent difference	Mean Accuracy	Minimum Accuracy	Maximum Accuracy	Sample 1 Accuracy	Sample 2 Accuracy	Sample 3 Accuracy	Sample 4 Accuracy	Sample 5 Accuracy
TH_Eval_014_est10M_UMEND_seqtk_seed_8652	CPB2	Up	0.526068811668	0.376716196537	28.3903192545191	70.89104686953115	60.063559322033896	87.61261261261262	62.44588744588745	77.21661054994388	87.61261261261262	67.11656441717791	60.063559322033896
