Sample	Gene	Type	Expression	Threshold	Percent difference	Mean Accuracy	Minimum Accuracy	Maximum Accuracy	Sample 1 Accuracy	Sample 2 Accuracy	Sample 3 Accuracy	Sample 4 Accuracy	Sample 5 Accuracy
TH_Eval_014_est10M_UMEND_seqtk_seed_8652	LRRC61	Down	0.263034405834	0.787257671356	199.2983632159647	99.3223262570921	98.2896237172178	99.8766954377312	99.37965260545906	99.60474308300395	99.8766954377312	99.46091644204851	98.2896237172178
