Sample	Gene	Type	Expression	Threshold	Percent difference	Mean Accuracy	Minimum Accuracy	Maximum Accuracy	Sample 1 Accuracy	Sample 2 Accuracy	Sample 3 Accuracy	Sample 4 Accuracy	Sample 5 Accuracy
TH_Eval_014_est10M_UMEND_seqtk_seed_8652	LINC00115	Up	2.83390207667	2.49783205986	11.858914236193433	94.44117050482022	89.5104895104895	98.39679358717434	93.08755760368663	97.4937343358396	98.39679358717434	93.717277486911	89.5104895104895
