Sample	Gene	Type	Expression	Threshold	Percent difference	Mean Accuracy	Minimum Accuracy	Maximum Accuracy	Sample 1 Accuracy	Sample 2 Accuracy	Sample 3 Accuracy	Sample 4 Accuracy	Sample 5 Accuracy
TH_Eval_014_est10M_UMEND_seqtk_seed_8652	RP13-383K5.4	Up	0.815575428863	0.472911119461	42.01503592128946	75.90360002215284	67.40638002773926	89.40643033800495	67.68888888888888	82.30662343677628	89.40643033800495	72.70967741935483	67.40638002773926
