Sample	Gene	Type	Expression	Threshold	Percent difference	Mean Accuracy	Minimum Accuracy	Maximum Accuracy	Sample 1 Accuracy	Sample 2 Accuracy	Sample 3 Accuracy	Sample 4 Accuracy	Sample 5 Accuracy
TH_Eval_014_est10M_UMEND_seqtk_seed_8652	SZT2-AS1	Up	0.956056652412	0.776138663292	18.81875814221799	51.05263202591846	42.355555555555554	64.09727947238252	42.355555555555554	59.79620194534506	64.09727947238252	46.064516129032256	42.94960702727693
