Sample	Gene	Type	Expression	Threshold	Percent difference	Mean Accuracy	Minimum Accuracy	Maximum Accuracy	Sample 1 Accuracy	Sample 2 Accuracy	Sample 3 Accuracy	Sample 4 Accuracy	Sample 5 Accuracy
TH_Eval_014_est10M_UMEND_seqtk_seed_8652	RP11-234B24.2	Up	0.879705766282	0.376399189234	57.213058767953925	84.97498600693059	77.74674115456239	93.87755102040816	77.74674115456239	88.64541832669323	93.87755102040816	83.95348837209302	80.65173116089613
