Sample	Gene	Type	Expression	Threshold	Percent difference	Mean Accuracy	Minimum Accuracy	Maximum Accuracy	Sample 1 Accuracy	Sample 2 Accuracy	Sample 3 Accuracy	Sample 4 Accuracy	Sample 5 Accuracy
TH_Eval_014_est10M_UMEND_seqtk_seed_8652	HMGB1P8	Up	0.659924558402	0.461326688528	30.094026255804536	66.45316082757859	56.30372492836676	78.59577368779823	56.30372492836676	72.85491419656786	78.59577368779823	66.4830119375574	58.02837938760269
