Sample	Gene	Type	Expression	Threshold	Percent difference	Mean Accuracy	Minimum Accuracy	Maximum Accuracy	Sample 1 Accuracy	Sample 2 Accuracy	Sample 3 Accuracy	Sample 4 Accuracy	Sample 5 Accuracy
TH_Eval_014_est10M_UMEND_seqtk_seed_8652	HORMAD1	Up	1.67807190511	1.11860585213	33.33981406138411	99.66948225007853	99.01477832512316	100	100	99.5249406175772	99.8076923076923	100	99.01477832512316
