Sample	Gene	Type	Expression	Threshold	Percent difference	Mean Accuracy	Minimum Accuracy	Maximum Accuracy	Sample 1 Accuracy	Sample 2 Accuracy	Sample 3 Accuracy	Sample 4 Accuracy	Sample 5 Accuracy
TH_Eval_014_est10M_UMEND_seqtk_seed_8652	GYPA	Up	0.2750070475	0.071774750948	73.90075941672004	85.5906653274709	80.35136384650949	93.81698268755152	81.06666666666666	88.9763779527559	93.81698268755152	83.74193548387096	80.35136384650949
