Sample	Gene	Type	Expression	Threshold	Percent difference	Mean Accuracy	Minimum Accuracy	Maximum Accuracy	Sample 1 Accuracy	Sample 2 Accuracy	Sample 3 Accuracy	Sample 4 Accuracy	Sample 5 Accuracy
TH_Eval_014_est10M_UMEND_seqtk_seed_8652	LINC00282	Up	1	0.387328118086	61.2671881914	89.16788168951462	87.05701078582435	92.61538461538461	87.84370477568741	92.61538461538461	89.32330827067669	89	87.05701078582435
