Sample	Gene	Type	Expression	Threshold	Percent difference	Mean Accuracy	Minimum Accuracy	Maximum Accuracy	Sample 1 Accuracy	Sample 2 Accuracy	Sample 3 Accuracy	Sample 4 Accuracy	Sample 5 Accuracy
TH_Eval_014_est10M_UMEND_seqtk_seed_8652	CTD-2373J6.2	Up	1.09085343045	0.504391551018	53.761748651243835	99.8383750967495	99.59349593495935	100	99.83818770226537	99.59349593495935	100	99.76019184652279	100
