Sample	Gene	Type	Expression	Threshold	Percent difference	Mean Accuracy	Minimum Accuracy	Maximum Accuracy	Sample 1 Accuracy	Sample 2 Accuracy	Sample 3 Accuracy	Sample 4 Accuracy	Sample 5 Accuracy
TH_Eval_014_est10M_UMEND_seqtk_seed_8652	AC092620.3	Up	0.286881147788	0.277918636799	3.1241198866170046	14.946817163077506	12.24237427864798	21.167207040296436	14.000000000000002	21.167207040296436	12.24237427864798	13.870967741935484	13.453536754507628
