Sample	Gene	Type	Expression	Threshold	Percent difference	Mean Accuracy	Minimum Accuracy	Maximum Accuracy	Sample 1 Accuracy	Sample 2 Accuracy	Sample 3 Accuracy	Sample 4 Accuracy	Sample 5 Accuracy
TH_Eval_014_est10M_UMEND_seqtk_seed_8652	RP11-442O1.3	Up	0.238786859587	0.154565423727	35.270548808953464	87.32702096492648	81.98757763975155	93.75398342893563	85.24590163934425	90.31078610603291	93.75398342893563	85.33685601056803	81.98757763975155
