Sample	Gene	Type	Expression	Threshold	Percent difference	Mean Accuracy	Minimum Accuracy	Maximum Accuracy	Sample 1 Accuracy	Sample 2 Accuracy	Sample 3 Accuracy	Sample 4 Accuracy	Sample 5 Accuracy
TH_Eval_014_est10M_UMEND_seqtk_seed_8652	CTD-2102P23.1	Up	0.400537929584	0.344080448151	14.095414507094727	41.76391370643857	35.06666666666667	52.29272811486799	35.06666666666667	52.29272811486799	45.71310799670239	39.87096774193548	35.87609801202034
