Sample	Gene	Type	Expression	Threshold	Percent difference	Mean Accuracy	Minimum Accuracy	Maximum Accuracy	Sample 1 Accuracy	Sample 2 Accuracy	Sample 3 Accuracy	Sample 4 Accuracy	Sample 5 Accuracy
TH_Eval_014_est10M_UMEND_seqtk_seed_8652	AC096574.5	Up	0.782408564927	0.482645124197	38.31290379061333	79.5826047847644	70.80957810718358	92.72503082614057	74.68982630272953	83.00395256916995	92.72503082614057	76.68463611859838	70.80957810718358
