Sample	Gene	Type	Expression	Threshold	Percent difference	Mean Accuracy	Minimum Accuracy	Maximum Accuracy	Sample 1 Accuracy	Sample 2 Accuracy	Sample 3 Accuracy	Sample 4 Accuracy	Sample 5 Accuracy
TH_Eval_014_est10M_UMEND_seqtk_seed_8652	RP11-687F6.5	Up	0.555816155062	0.301226705313	45.80461496672423	84.46413872545614	81.62162162162161	87.4538745387454	81.62162162162161	87.20472440944881	87.4538745387454	83.48017621145375	82.56029684601113
