Sample	Gene	Type	Expression	Threshold	Percent difference	Mean Accuracy	Minimum Accuracy	Maximum Accuracy	Sample 1 Accuracy	Sample 2 Accuracy	Sample 3 Accuracy	Sample 4 Accuracy	Sample 5 Accuracy
TH_Eval_014_est10M_UMEND_seqtk_seed_8652	RP11-219B4.7	Up	0.50589092973	0.4614610672	8.782498344793959	36.20327999402608	28.584729981378025	41.932270916334666	28.584729981378025	41.932270916334666	38.68274582560297	38.72093023255814	33.09572301425662
