Sample	Gene	Type	Expression	Threshold	Percent difference	Mean Accuracy	Minimum Accuracy	Maximum Accuracy	Sample 1 Accuracy	Sample 2 Accuracy	Sample 3 Accuracy	Sample 4 Accuracy	Sample 5 Accuracy
TH_Eval_014_est10M_UMEND_seqtk_seed_8652	MAGEC3	Up	0.887525270742	0.210507676005	76.2815006012157	88.18963843349702	82.21601489757914	95.26901669758813	82.21601489757914	90.43824701195219	95.26901669758813	87.79069767441861	85.23421588594705
