Sample	Gene	Type	Expression	Threshold	Percent difference	Mean Accuracy	Minimum Accuracy	Maximum Accuracy	Sample 1 Accuracy	Sample 2 Accuracy	Sample 3 Accuracy	Sample 4 Accuracy	Sample 5 Accuracy
TH_Eval_014_est10M_UMEND_seqtk_seed_8652	CTD-2017F17.1	Up	1.17632277264	0.597287535667	49.22417982893264	99.65392297445979	99.25650557620817	100	99.46380697050938	99.83999999999999	99.70930232558139	100	99.25650557620817
