Sample	Gene	Type	Expression	Threshold	Percent difference	Mean Accuracy	Minimum Accuracy	Maximum Accuracy	Sample 1 Accuracy	Sample 2 Accuracy	Sample 3 Accuracy	Sample 4 Accuracy	Sample 5 Accuracy
TH_Eval_014_est10M_UMEND_seqtk_seed_8652	RP11-401O9.4	Up	0.704871964456	0.597287535667	15.262974584615602	46.50648439646493	35.467233009708735	62.76034434879201	35.467233009708735	51.73969072164949	62.76034434879201	46.19220308250227	36.37295081967213
