Sample	Gene	Type	Expression	Threshold	Percent difference	Mean Accuracy	Minimum Accuracy	Maximum Accuracy	Sample 1 Accuracy	Sample 2 Accuracy	Sample 3 Accuracy	Sample 4 Accuracy	Sample 5 Accuracy
TH_Eval_014_est10M_UMEND_seqtk_seed_8652	RP11-672A2.1	Up	0.59454854955	0.071774750948	87.92785702659191	86.40301030649346	81.46093388811836	94.02308326463314	82.39999999999999	89.48587308939324	94.02308326463314	84.64516129032258	81.46093388811836
