Sample	Gene	Type	Expression	Threshold	Percent difference	Mean Accuracy	Minimum Accuracy	Maximum Accuracy	Sample 1 Accuracy	Sample 2 Accuracy	Sample 3 Accuracy	Sample 4 Accuracy	Sample 5 Accuracy
TH_Eval_014_est10M_UMEND_seqtk_seed_8652	RP11-454H19.2	Up	0.333423733725	0.210507676005	36.86481953362632	87.70592645202747	82.55223037831733	94.0089228808158	85.60450819672131	90.43266301035953	94.0089228808158	85.93130779392338	82.55223037831733
