Sample	Gene	Type	Expression	Threshold	Percent difference	Mean Accuracy	Minimum Accuracy	Maximum Accuracy	Sample 1 Accuracy	Sample 2 Accuracy	Sample 3 Accuracy	Sample 4 Accuracy	Sample 5 Accuracy
TH_Eval_014_est10M_UMEND_seqtk_seed_8652	RP5-1142A6.8	Up	0.895302621333	0.176311850548	80.307010574202	90.0485242682942	86.20296465222349	96.17755856966707	86.848635235732	93.41238471673255	96.17755856966707	87.6010781671159	86.20296465222349
