Sample	Gene	Type	Expression	Threshold	Percent difference	Mean Accuracy	Minimum Accuracy	Maximum Accuracy	Sample 1 Accuracy	Sample 2 Accuracy	Sample 3 Accuracy	Sample 4 Accuracy	Sample 5 Accuracy
TH_Eval_014_est10M_UMEND_seqtk_seed_8652	AC112721.1	Up	0.344828496997	0.311149060726	9.767010721069557	22.88192103394241	14.912524298805888	32.37757731958763	22.026699029126213	32.37757731958763	14.912524298805888	22.620126926563916	22.472677595628415
