Sample	Gene	Type	Expression	Threshold	Percent difference	Mean Accuracy	Minimum Accuracy	Maximum Accuracy	Sample 1 Accuracy	Sample 2 Accuracy	Sample 3 Accuracy	Sample 4 Accuracy	Sample 5 Accuracy
TH_Eval_014_est10M_UMEND_seqtk_seed_8652	RP11-108K3.2	Up	0.641546029088	0.277918636799	56.67986018180493	81.98975804034768	75.03467406380028	92.1681780708986	75.77777777777777	87.3552570634553	92.1681780708986	79.61290322580645	75.03467406380028
