Sample	Gene	Type	Expression	Threshold	Percent difference	Mean Accuracy	Minimum Accuracy	Maximum Accuracy	Sample 1 Accuracy	Sample 2 Accuracy	Sample 3 Accuracy	Sample 4 Accuracy	Sample 5 Accuracy
TH_Eval_014_est10M_UMEND_seqtk_seed_8652	AC092168.2	Up	0.495695162624	0.244370207191	50.70151463705884	80.9394185000239	73.46278317152104	91.79719703215169	74.17777777777778	86.61417322834646	91.79719703215169	78.64516129032259	73.46278317152104
