Sample	Gene	Type	Expression	Threshold	Percent difference	Mean Accuracy	Minimum Accuracy	Maximum Accuracy	Sample 1 Accuracy	Sample 2 Accuracy	Sample 3 Accuracy	Sample 4 Accuracy	Sample 5 Accuracy
TH_Eval_014_est10M_UMEND_seqtk_seed_8652	RP11-121A14.2	Up	2.03562390973	1.02883481979	49.45850189358102	89.11436603509355	82.22222222222221	94.31818181818183	84.0909090909091	92.19858156028369	94.31818181818183	92.74193548387096	82.22222222222221
