Sample	Gene	Type	Expression	Threshold	Percent difference	Mean Accuracy	Minimum Accuracy	Maximum Accuracy	Sample 1 Accuracy	Sample 2 Accuracy	Sample 3 Accuracy	Sample 4 Accuracy	Sample 5 Accuracy
TH_Eval_014_est10M_UMEND_seqtk_seed_8652	BTBD17	Up	0.641546029088	0.141808778048	77.89577495326554	88.06964217809596	83.22510822510823	95.04504504504504	83.22510822510823	90.57239057239057	95.04504504504504	87.60736196319019	83.89830508474576
