Sample	Gene	Type	Expression	Threshold	Percent difference	Mean Accuracy	Minimum Accuracy	Maximum Accuracy	Sample 1 Accuracy	Sample 2 Accuracy	Sample 3 Accuracy	Sample 4 Accuracy	Sample 5 Accuracy
TH_Eval_014_est10M_UMEND_seqtk_seed_8652	RP11-45A17.4	Up	0.575312330687	0.54260379076	5.685353534477818	24.997445622705456	19.91404011461318	31.903276131045246	19.91404011461318	31.903276131045246	28.016359918200408	24.242424242424242	20.911127707244212
