Sample	Gene	Type	Expression	Threshold	Percent difference	Mean Accuracy	Minimum Accuracy	Maximum Accuracy	Sample 1 Accuracy	Sample 2 Accuracy	Sample 3 Accuracy	Sample 4 Accuracy	Sample 5 Accuracy
TH_Eval_014_est10M_UMEND_seqtk_seed_8652	RP4-724E13.2	Up	0.650764559117	0.344080448151	47.12673833715363	79.09915174019105	71.42857142857143	91.01401483924155	71.55555555555554	84.52987494210282	91.01401483924155	76.96774193548387	71.42857142857143
