Sample	Gene	Type	Expression	Threshold	Percent difference	Mean Accuracy	Minimum Accuracy	Maximum Accuracy	Sample 1 Accuracy	Sample 2 Accuracy	Sample 3 Accuracy	Sample 4 Accuracy	Sample 5 Accuracy
TH_Eval_014_est10M_UMEND_seqtk_seed_8652	RP11-1069G10.1	Up	1.15055967658	0.513865172863	55.33780791010797	99.88633672744494	99.59349593495935	100	99.83818770226537	99.59349593495935	100	100	100
