Sample	Gene	Type	Expression	Threshold	Percent difference	Mean Accuracy	Minimum Accuracy	Maximum Accuracy	Sample 1 Accuracy	Sample 2 Accuracy	Sample 3 Accuracy	Sample 4 Accuracy	Sample 5 Accuracy
TH_Eval_014_est10M_UMEND_seqtk_seed_8652	HIST2H3PS2	Up	0.545968369105	0.472911119461	13.381223854371264	38.91309763316157	31.158980582524272	45.95945570674812	31.158980582524272	45.94072164948454	45.95945570674812	39.70988213961922	31.796448087431695
