Sample	Gene	Type	Expression	Threshold	Percent difference	Mean Accuracy	Minimum Accuracy	Maximum Accuracy	Sample 1 Accuracy	Sample 2 Accuracy	Sample 3 Accuracy	Sample 4 Accuracy	Sample 5 Accuracy
TH_Eval_014_est10M_UMEND_seqtk_seed_8652	MGC15885	Up	0.378511623254	0.0362440273166	90.4245933044232	93.30777337451428	90.27027027027027	96.49446494464945	90.27027027027027	95.2755905511811	96.49446494464945	92.29074889867842	92.20779220779221
