Sample	Gene	Type	Expression	Threshold	Percent difference	Mean Accuracy	Minimum Accuracy	Maximum Accuracy	Sample 1 Accuracy	Sample 2 Accuracy	Sample 3 Accuracy	Sample 4 Accuracy	Sample 5 Accuracy
TH_Eval_014_est10M_UMEND_seqtk_seed_8652	RP11-19G24.2	Up	0.400537929584	0.210507676005	47.443759889697844	77.20655512157026	67.72540983606558	90.25270758122743	69.3871359223301	84.0528350515464	90.25270758122743	74.61468721668177	67.72540983606558
