Sample	Gene	Type	Expression	Threshold	Percent difference	Mean Accuracy	Minimum Accuracy	Maximum Accuracy	Sample 1 Accuracy	Sample 2 Accuracy	Sample 3 Accuracy	Sample 4 Accuracy	Sample 5 Accuracy
TH_Eval_014_est10M_UMEND_seqtk_seed_8652	CSMD3	Up	0.903038270113	0.244370207191	72.93910842112801	95.11726312467474	92.54658385093167	97.96048438495856	94.36475409836066	95.73430834856794	97.96048438495856	94.98018494055482	92.54658385093167
