Sample	Gene	Type	Expression	Threshold	Percent difference	Mean Accuracy	Minimum Accuracy	Maximum Accuracy	Sample 1 Accuracy	Sample 2 Accuracy	Sample 3 Accuracy	Sample 4 Accuracy	Sample 5 Accuracy
TH_Eval_014_est10M_UMEND_seqtk_seed_8652	SPG20-AS1	Up	2.69599381311	1.79040336609	33.59022719623172	98.63424757858307	97.76951672862454	99.52	97.85522788203752	99.52	99.4186046511628	98.60788863109049	97.76951672862454
