Sample	Gene	Type	Expression	Threshold	Percent difference	Mean Accuracy	Minimum Accuracy	Maximum Accuracy	Sample 1 Accuracy	Sample 2 Accuracy	Sample 3 Accuracy	Sample 4 Accuracy	Sample 5 Accuracy
TH_Eval_014_est10M_UMEND_seqtk_seed_8652	RP11-172C16.4	Up	0.124328135002	0.0362440273166	70.84808895748581	87.64112234879987	81.75046554934823	95.08348794063079	81.75046554934823	90.33864541832669	95.08348794063079	86.51162790697674	84.5213849287169
