Sample	Gene	Type	Expression	Threshold	Percent difference	Mean Accuracy	Minimum Accuracy	Maximum Accuracy	Sample 1 Accuracy	Sample 2 Accuracy	Sample 3 Accuracy	Sample 4 Accuracy	Sample 5 Accuracy
TH_Eval_014_est10M_UMEND_seqtk_seed_8652	CTD-2600O9.2	Up	2.52356195606	1.75543105602	30.438361071161157	98.95363898802117	98.32134292565947	99.8812351543943	98.38187702265373	98.98373983739837	99.8812351543943	98.32134292565947	99.2
