Sample	Gene	Type	Expression	Threshold	Percent difference	Mean Accuracy	Minimum Accuracy	Maximum Accuracy	Sample 1 Accuracy	Sample 2 Accuracy	Sample 3 Accuracy	Sample 4 Accuracy	Sample 5 Accuracy
TH_Eval_014_est10M_UMEND_seqtk_seed_8652	AC078852.1	Up	0.389566811763	0.106960088015	72.54383977655901	82.73337104670412	75.7172131147541	92.44654262704805	77.15412621359224	87.88659793814433	92.44654262704805	80.46237533998188	75.7172131147541
