Sample	Gene	Type	Expression	Threshold	Percent difference	Mean Accuracy	Minimum Accuracy	Maximum Accuracy	Sample 1 Accuracy	Sample 2 Accuracy	Sample 3 Accuracy	Sample 4 Accuracy	Sample 5 Accuracy
TH_Eval_014_est10M_UMEND_seqtk_seed_8652	RP11-197K6.1	Up	0.422233000683	0.409074544907	3.1163968128296484	7.287034132786797	5.054151624548736	10.663659793814432	8.161407766990292	10.663659793814432	5.054151624548736	5.213055303717136	7.342896174863387
