Sample	Gene	Type	Expression	Threshold	Percent difference	Mean Accuracy	Minimum Accuracy	Maximum Accuracy	Sample 1 Accuracy	Sample 2 Accuracy	Sample 3 Accuracy	Sample 4 Accuracy	Sample 5 Accuracy
TH_Eval_014_est10M_UMEND_seqtk_seed_8652	RP11-433C9.2	Up	0.83995958749	0.106960088015	87.26604355637842	86.40301030649346	81.46093388811836	94.02308326463314	82.39999999999999	89.48587308939324	94.02308326463314	84.64516129032258	81.46093388811836
