Sample	Gene	Type	Expression	Threshold	Percent difference	Mean Accuracy	Minimum Accuracy	Maximum Accuracy	Sample 1 Accuracy	Sample 2 Accuracy	Sample 3 Accuracy	Sample 4 Accuracy	Sample 5 Accuracy
TH_Eval_014_est10M_UMEND_seqtk_seed_8652	RP11-320H14.1	Up	0.925999418556	0.210507676005	77.26697535801212	85.92253482591602	80.7674526121128	93.9406430338005	81.46666666666667	89.11533117183882	93.9406430338005	84.3225806451613	80.7674526121128
