Sample	Gene	Type	Expression	Threshold	Percent difference	Mean Accuracy	Minimum Accuracy	Maximum Accuracy	Sample 1 Accuracy	Sample 2 Accuracy	Sample 3 Accuracy	Sample 4 Accuracy	Sample 5 Accuracy
TH_Eval_014_est10M_UMEND_seqtk_seed_8652	RP11-693J15.6	Up	0.659924558402	0.244370207191	62.96997829831644	83.60843696829514	77.53120665742024	92.91014014839241	78.17777777777778	88.00370541917555	92.91014014839241	81.41935483870968	77.53120665742024
