Sample	Gene	Type	Expression	Threshold	Percent difference	Mean Accuracy	Minimum Accuracy	Maximum Accuracy	Sample 1 Accuracy	Sample 2 Accuracy	Sample 3 Accuracy	Sample 4 Accuracy	Sample 5 Accuracy
TH_Eval_014_est10M_UMEND_seqtk_seed_8652	RP11-403A3.2	Up	0.454175893186	0.244370207191	46.19480891494116	76.94430279957106	67.38387978142076	90.1138572618717	69.14441747572816	83.82731958762886	90.1138572618717	74.2520398912058	67.38387978142076
