Sample	Gene	Type	Expression	Threshold	Percent difference	Mean Accuracy	Minimum Accuracy	Maximum Accuracy	Sample 1 Accuracy	Sample 2 Accuracy	Sample 3 Accuracy	Sample 4 Accuracy	Sample 5 Accuracy
TH_Eval_014_est10M_UMEND_seqtk_seed_8652	RP11-355O1.11	Up	3.496973581	3.28701210022	6.0040911352827315	99.56496026472662	99.14772727272727	100	99.43019943019942	100	99.76635514018692	99.48051948051948	99.14772727272727
