Sample	Gene	Type	Expression	Threshold	Percent difference	Mean Accuracy	Minimum Accuracy	Maximum Accuracy	Sample 1 Accuracy	Sample 2 Accuracy	Sample 3 Accuracy	Sample 4 Accuracy	Sample 5 Accuracy
TH_Eval_014_est10M_UMEND_seqtk_seed_8652	XXbac-BPGBPG55C20.1	Up	2.9855004303	1.76238965988	40.968366911174584	99.26820192654507	98.51301115241635	99.76798143851508	98.92761394101876	99.52	99.6124031007752	99.76798143851508	98.51301115241635
