Sample	Gene	Type	Expression	Threshold	Percent difference	Mean Accuracy	Minimum Accuracy	Maximum Accuracy	Sample 1 Accuracy	Sample 2 Accuracy	Sample 3 Accuracy	Sample 4 Accuracy	Sample 5 Accuracy
TH_Eval_014_est10M_UMEND_seqtk_seed_8652	RP11-680H20.2	Up	0.659924558402	0.535611569881	18.83745451480432	53.324736775143215	41.717233009708735	70.89697306303805	41.717233009708735	59.02061855670103	70.89697306303805	52.94650951949229	42.04234972677596
