Sample	Gene	Type	Expression	Threshold	Percent difference	Mean Accuracy	Minimum Accuracy	Maximum Accuracy	Sample 1 Accuracy	Sample 2 Accuracy	Sample 3 Accuracy	Sample 4 Accuracy	Sample 5 Accuracy
TH_Eval_014_est10M_UMEND_seqtk_seed_8652	RP11-272L14.2	Up	1.5993177937	0.89061820507	44.312618256465036	99.72536223069851	99.39024390243902	100	99.67637540453075	99.39024390243902	100	99.76019184652279	99.8
