Sample	Gene	Type	Expression	Threshold	Percent difference	Mean Accuracy	Minimum Accuracy	Maximum Accuracy	Sample 1 Accuracy	Sample 2 Accuracy	Sample 3 Accuracy	Sample 4 Accuracy	Sample 5 Accuracy
TH_Eval_014_est10M_UMEND_seqtk_seed_8652	HMGN1P35	Up	0.613531652918	0.176311850548	71.26279472143803	82.56960298384799	75.40983606557377	92.36323243543461	76.88106796116504	87.8221649484536	92.36323243543461	80.37171350861287	75.40983606557377
