Sample	Gene	Type	Expression	Threshold	Percent difference	Mean Accuracy	Minimum Accuracy	Maximum Accuracy	Sample 1 Accuracy	Sample 2 Accuracy	Sample 3 Accuracy	Sample 4 Accuracy	Sample 5 Accuracy
TH_Eval_014_est10M_UMEND_seqtk_seed_8652	ISPD-AS1	Up	0.298658315565	0.244370207191	18.177330261606173	50.4929983497244	41.733333333333334	63.52019785655399	41.733333333333334	59.19407132931913	63.52019785655399	45.483870967741936	42.533518261673606
