Sample	Gene	Type	Expression	Threshold	Percent difference	Mean Accuracy	Minimum Accuracy	Maximum Accuracy	Sample 1 Accuracy	Sample 2 Accuracy	Sample 3 Accuracy	Sample 4 Accuracy	Sample 5 Accuracy
TH_Eval_014_est10M_UMEND_seqtk_seed_8652	RP11-151A6.4	Up	0.613531652918	0.54260379076	11.560587268914672	43.08020633564014	32.588454376163874	49.9003984063745	32.588454376163874	49.9003984063745	46.84601113172542	46.86046511627907	39.205702647657844
