Sample	Gene	Type	Expression	Threshold	Percent difference	Mean Accuracy	Minimum Accuracy	Maximum Accuracy	Sample 1 Accuracy	Sample 2 Accuracy	Sample 3 Accuracy	Sample 4 Accuracy	Sample 5 Accuracy
TH_Eval_014_est10M_UMEND_seqtk_seed_8652	RP11-661A12.12	Up	0.887525270742	0.535611569881	39.65111895538351	74.77941109787143	65.91111111111111	88.16982687551526	65.91111111111111	81.56553960166744	88.16982687551526	72	66.25057790106334
