Sample	Gene	Type	Expression	Threshold	Percent difference	Mean Accuracy	Minimum Accuracy	Maximum Accuracy	Sample 1 Accuracy	Sample 2 Accuracy	Sample 3 Accuracy	Sample 4 Accuracy	Sample 5 Accuracy
TH_Eval_014_est10M_UMEND_seqtk_seed_8652	RPL21P54	Up	0.464668267003	0.311149060726	33.038452844469546	67.51261329994817	56.76229508196722	83.33796167731185	57.34223300970874	76.3853092783505	83.33796167731185	63.73526745240253	56.76229508196722
