Sample	Gene	Type	Expression	Threshold	Percent difference	Mean Accuracy	Minimum Accuracy	Maximum Accuracy	Sample 1 Accuracy	Sample 2 Accuracy	Sample 3 Accuracy	Sample 4 Accuracy	Sample 5 Accuracy
TH_Eval_014_est10M_UMEND_seqtk_seed_8652	SUCLA2-AS1	Up	0.66902676551	0.504391551018	24.60816561897913	62.219040831741424	50.37568306010929	80.14440433212997	50.728155339805824	70.55412371134021	80.14440433212997	59.292837715321845	50.37568306010929
