Sample	Gene	Type	Expression	Threshold	Percent difference	Mean Accuracy	Minimum Accuracy	Maximum Accuracy	Sample 1 Accuracy	Sample 2 Accuracy	Sample 3 Accuracy	Sample 4 Accuracy	Sample 5 Accuracy
TH_Eval_014_est10M_UMEND_seqtk_seed_8652	RP11-697N18.4	Up	2.68257329735	0.74874907732	72.08840190649563	99.92698713394901	99.79674796747967	100	99.83818770226537	99.79674796747967	100	100	100
