Sample	Gene	Type	Expression	Threshold	Percent difference	Mean Accuracy	Minimum Accuracy	Maximum Accuracy	Sample 1 Accuracy	Sample 2 Accuracy	Sample 3 Accuracy	Sample 4 Accuracy	Sample 5 Accuracy
TH_Eval_014_est10M_UMEND_seqtk_seed_8652	LDB3	Up	2.516015147	2.19923329353	12.590617900202975	98.94697114299866	98.1143193871538	99.57310565635005	99.00271985494106	99.30875576036865	99.57310565635005	98.73595505617978	98.1143193871538
