Sample	Gene	Type	Expression	Threshold	Percent difference	Mean Accuracy	Minimum Accuracy	Maximum Accuracy	Sample 1 Accuracy	Sample 2 Accuracy	Sample 3 Accuracy	Sample 4 Accuracy	Sample 5 Accuracy
TH_Eval_014_est10M_UMEND_seqtk_seed_8652	OR5BA1P	Up	0.356143810225	0.344080448151	3.3872165478262315	20.26650137331097	16.332378223495702	26.98907956318253	16.332378223495702	26.98907956318253	21.13156100886162	19.92653810835629	16.9529499626587
