Sample	Gene	Type	Expression	Threshold	Percent difference	Mean Accuracy	Minimum Accuracy	Maximum Accuracy	Sample 1 Accuracy	Sample 2 Accuracy	Sample 3 Accuracy	Sample 4 Accuracy	Sample 5 Accuracy
TH_Eval_014_est10M_UMEND_seqtk_seed_8652	RP11-1C8.6	Up	1.69153416492	1.01364672184	40.07530306738204	99.57202527440515	99.1869918699187	100	99.35275080906149	99.1869918699187	100	99.52038369304557	99.8
