Sample	Gene	Type	Expression	Threshold	Percent difference	Mean Accuracy	Minimum Accuracy	Maximum Accuracy	Sample 1 Accuracy	Sample 2 Accuracy	Sample 3 Accuracy	Sample 4 Accuracy	Sample 5 Accuracy
TH_Eval_014_est10M_UMEND_seqtk_seed_8652	AC009133.21	Up	4.70321146739	4.20280742645	10.639624529102761	99.04698532086721	98.48484848484848	100	98.67549668874173	98.63013698630137	99.44444444444444	100	98.48484848484848
