Sample	Gene	Type	Expression	Threshold	Percent difference	Mean Accuracy	Minimum Accuracy	Maximum Accuracy	Sample 1 Accuracy	Sample 2 Accuracy	Sample 3 Accuracy	Sample 4 Accuracy	Sample 5 Accuracy
TH_Eval_014_est10M_UMEND_seqtk_seed_8652	AC010150.1	Up	0.411426245726	0.409074544907	0.571597180158061	4.893725518192376	1.3329630658150513	7.989690721649484	6.4623786407766985	7.989690721649484	1.3329630658150513	3.0825022665457844	5.601092896174864
