Sample	Gene	Type	Expression	Threshold	Percent difference	Mean Accuracy	Minimum Accuracy	Maximum Accuracy	Sample 1 Accuracy	Sample 2 Accuracy	Sample 3 Accuracy	Sample 4 Accuracy	Sample 5 Accuracy
TH_Eval_014_est10M_UMEND_seqtk_seed_8652	RP11-408A13.3	Up	0.895302621333	0.833834350109	6.865641824267307	11.526704974139506	8.975521305530371	15.721649484536082	12.16626213592233	15.721649484536082	9.636212163287976	8.975521305530371	11.133879781420765
