Sample	Gene	Type	Expression	Threshold	Percent difference	Mean Accuracy	Minimum Accuracy	Maximum Accuracy	Sample 1 Accuracy	Sample 2 Accuracy	Sample 3 Accuracy	Sample 4 Accuracy	Sample 5 Accuracy
TH_Eval_014_est10M_UMEND_seqtk_seed_8652	SGCZ	Up	0.378511623254	0.071774750948	81.03763622079431	88.29138386383369	83.65800865800865	95.15765765765765	83.65800865800865	90.57239057239057	95.15765765765765	87.85276073619632	84.21610169491525
