Sample	Gene	Type	Expression	Threshold	Percent difference	Mean Accuracy	Minimum Accuracy	Maximum Accuracy	Sample 1 Accuracy	Sample 2 Accuracy	Sample 3 Accuracy	Sample 4 Accuracy	Sample 5 Accuracy
TH_Eval_014_est10M_UMEND_seqtk_seed_8652	DACT3-AS1	Up	0.831877241192	0.76206433773	8.392212216548298	15.678492144912418	11.607886698139405	21.552835051546392	15.321601941747574	21.552835051546392	11.607886698139405	14.233907524932004	15.676229508196721
