Sample	Gene	Type	Expression	Threshold	Percent difference	Mean Accuracy	Minimum Accuracy	Maximum Accuracy	Sample 1 Accuracy	Sample 2 Accuracy	Sample 3 Accuracy	Sample 4 Accuracy	Sample 5 Accuracy
TH_Eval_014_est10M_UMEND_seqtk_seed_8652	ALX3	Up	0.978195629682	0.441114872694	54.90525010448051	86.77286995760821	81.07183580387685	95.43773119605426	82.6302729528536	91.43610013175231	95.43773119605426	83.28840970350404	81.07183580387685
