Sample	Gene	Type	Expression	Threshold	Percent difference	Mean Accuracy	Minimum Accuracy	Maximum Accuracy	Sample 1 Accuracy	Sample 2 Accuracy	Sample 3 Accuracy	Sample 4 Accuracy	Sample 5 Accuracy
TH_Eval_014_est10M_UMEND_seqtk_seed_8652	LINC00452	Up	0.17632277264	0.071774750948	59.29354451875412	89.98973916134621	87.62626262626263	94.9868073878628	87.62626262626263	88.05555555555556	94.9868073878628	91.04477611940298	88.23529411764706
