Sample	Gene	Type	Expression	Threshold	Percent difference	Mean Accuracy	Minimum Accuracy	Maximum Accuracy	Sample 1 Accuracy	Sample 2 Accuracy	Sample 3 Accuracy	Sample 4 Accuracy	Sample 5 Accuracy
TH_Eval_014_est10M_UMEND_seqtk_seed_8652	HNRNPA1P8	Up	0.790772037862	0.344898492098	56.38458676023781	83.27046949407085	76.10156833457805	91.13837764144512	76.79083094555874	88.29953198127926	91.13837764144512	84.02203856749311	76.10156833457805
