Sample	Gene	Type	Expression	Threshold	Percent difference	Mean Accuracy	Minimum Accuracy	Maximum Accuracy	Sample 1 Accuracy	Sample 2 Accuracy	Sample 3 Accuracy	Sample 4 Accuracy	Sample 5 Accuracy
TH_Eval_014_est10M_UMEND_seqtk_seed_8652	LRCOL1	Up	1.52606881167	0.952170610428	37.60631216976216	99.47610201301426	99.04076738609112	100	99.35275080906149	99.1869918699187	100	99.04076738609112	99.8
