Sample	Gene	Type	Expression	Threshold	Percent difference	Mean Accuracy	Minimum Accuracy	Maximum Accuracy	Sample 1 Accuracy	Sample 2 Accuracy	Sample 3 Accuracy	Sample 4 Accuracy	Sample 5 Accuracy
TH_Eval_014_est10M_UMEND_seqtk_seed_8652	BNIP3P16	Up	0.389566811763	0.376716196537	3.298693532912632	7.428884033613171	5.331852263260205	10.792525773195877	8.282766990291263	10.792525773195877	5.331852263260205	5.394378966455123	7.342896174863387
