Sample	Gene	Type	Expression	Threshold	Percent difference	Mean Accuracy	Minimum Accuracy	Maximum Accuracy	Sample 1 Accuracy	Sample 2 Accuracy	Sample 3 Accuracy	Sample 4 Accuracy	Sample 5 Accuracy
TH_Eval_014_est10M_UMEND_seqtk_seed_8652	LAGE3P1	Up	1.2750070475	1.26959490776	0.42447920194731226	3.8038037940337612	2.5522041763341066	4.844961240310078	2.8150134048257374	4.16	4.844961240310078	2.5522041763341066	4.646840148698884
