Sample	Gene	Type	Expression	Threshold	Percent difference	Mean Accuracy	Minimum Accuracy	Maximum Accuracy	Sample 1 Accuracy	Sample 2 Accuracy	Sample 3 Accuracy	Sample 4 Accuracy	Sample 5 Accuracy
TH_Eval_014_est10M_UMEND_seqtk_seed_8652	RP11-91H12.4	Up	0.18903382439	0.106960088015	43.41748712953709	75.0093702256058	64.34426229508196	89.61399611219106	66.50485436893204	82.28092783505154	89.61399611219106	72.30281051677244	64.34426229508196
