Sample	Gene	Type	Expression	Threshold	Percent difference	Mean Accuracy	Minimum Accuracy	Maximum Accuracy	Sample 1 Accuracy	Sample 2 Accuracy	Sample 3 Accuracy	Sample 4 Accuracy	Sample 5 Accuracy
TH_Eval_014_est10M_UMEND_seqtk_seed_8652	CTD-2622I13.3	Up	1.33913738492	0.989292800426	26.124622345219617	98.28631689494972	97.3621103117506	99.8812351543943	97.41100323624595	98.57723577235772	99.8812351543943	97.3621103117506	98.2
