Sample	Gene	Type	Expression	Threshold	Percent difference	Mean Accuracy	Minimum Accuracy	Maximum Accuracy	Sample 1 Accuracy	Sample 2 Accuracy	Sample 3 Accuracy	Sample 4 Accuracy	Sample 5 Accuracy
TH_Eval_014_est10M_UMEND_seqtk_seed_8652	FOXL2NB	Up	0.910732661903	0.441114872694	51.564834429866735	93.34123430481924	89.66685488424618	96.94072657743786	92.26434426229508	94.63741620962828	96.94072657743786	93.19682959048878	89.66685488424618
