Sample	Gene	Type	Expression	Threshold	Percent difference	Mean Accuracy	Minimum Accuracy	Maximum Accuracy	Sample 1 Accuracy	Sample 2 Accuracy	Sample 3 Accuracy	Sample 4 Accuracy	Sample 5 Accuracy
TH_Eval_014_est10M_UMEND_seqtk_seed_8652	RP11-94C24.8	Up	0.863938450424	0.472911119461	45.261017236944745	78.61671798880563	70.93333333333334	90.7666941467436	70.93333333333334	84.1130152848541	90.7666941467436	76.25806451612902	71.0124826629681
