Sample	Gene	Type	Expression	Threshold	Percent difference	Mean Accuracy	Minimum Accuracy	Maximum Accuracy	Sample 1 Accuracy	Sample 2 Accuracy	Sample 3 Accuracy	Sample 4 Accuracy	Sample 5 Accuracy
TH_Eval_014_est10M_UMEND_seqtk_seed_8652	DOC2GP	Up	1.99638874645	1.40107190609	29.81968524009158	99.47645013006873	98.27586206896551	100	99.77375565610859	99.5249406175772	99.8076923076923	100	98.27586206896551
