Sample	Gene	Type	Expression	Threshold	Percent difference	Mean Accuracy	Minimum Accuracy	Maximum Accuracy	Sample 1 Accuracy	Sample 2 Accuracy	Sample 3 Accuracy	Sample 4 Accuracy	Sample 5 Accuracy
TH_Eval_014_est10M_UMEND_seqtk_seed_8652	CTD-3247F14.2	Up	0.226508529809	0.222837269306	1.6208045260351658	29.707915902873808	24.53893442622951	35.40524070688604	24.53893442622951	35.40524070688604	33.652007648183556	29.590488771466315	25.352907961603616
