Sample	Gene	Type	Expression	Threshold	Percent difference	Mean Accuracy	Minimum Accuracy	Maximum Accuracy	Sample 1 Accuracy	Sample 2 Accuracy	Sample 3 Accuracy	Sample 4 Accuracy	Sample 5 Accuracy
TH_Eval_014_est10M_UMEND_seqtk_seed_8652	RP11-501C14.7	Up	2.28392177231	0.717490196228	68.58516763022415	92.28563951110279	87.5	95.96774193548387	87.5	93.61702127659575	95.45454545454545	95.96774193548387	88.88888888888889
