Sample	Gene	Type	Expression	Threshold	Percent difference	Mean Accuracy	Minimum Accuracy	Maximum Accuracy	Sample 1 Accuracy	Sample 2 Accuracy	Sample 3 Accuracy	Sample 4 Accuracy	Sample 5 Accuracy
TH_Eval_014_est10M_UMEND_seqtk_seed_8652	AF165138.7	Up	0.238786859587	0.210160672665	11.988175133050104	36.366655498483475	30.88888888888889	47.197776748494675	30.88888888888889	47.197776748494675	36.850783182192906	34.903225806451616	31.992602866389277
