Sample	Gene	Type	Expression	Threshold	Percent difference	Mean Accuracy	Minimum Accuracy	Maximum Accuracy	Sample 1 Accuracy	Sample 2 Accuracy	Sample 3 Accuracy	Sample 4 Accuracy	Sample 5 Accuracy
TH_Eval_014_est10M_UMEND_seqtk_seed_8652	LINC01311	Up	2.2750070475	1.95286631584	14.159988296036257	96.31909255611153	92.77389277389277	98.79759519038076	94.93087557603687	98.49624060150376	98.79759519038076	96.59685863874346	92.77389277389277
