Sample	Gene	Type	Expression	Threshold	Percent difference	Mean Accuracy	Minimum Accuracy	Maximum Accuracy	Sample 1 Accuracy	Sample 2 Accuracy	Sample 3 Accuracy	Sample 4 Accuracy	Sample 5 Accuracy
TH_Eval_014_est10M_UMEND_seqtk_seed_8652	CACNA1C-AS1	Up	0.933572638261	0.916505277157	1.8281770913714843	12.605933966906342	8.615004122011543	18.619731357109774	12.577777777777776	18.619731357109774	8.615004122011543	11.612903225806452	11.604253351826168
