Sample	Gene	Type	Expression	Threshold	Percent difference	Mean Accuracy	Minimum Accuracy	Maximum Accuracy	Sample 1 Accuracy	Sample 2 Accuracy	Sample 3 Accuracy	Sample 4 Accuracy	Sample 5 Accuracy
TH_Eval_014_est10M_UMEND_seqtk_seed_8652	BMS1P12	Up	0.678071905113	0.566591203213	16.440837772422054	48.0848474934256	39.82222222222222	60.01648804616653	39.82222222222222	57.156090782769795	60.01648804616653	43.16129032258065	40.268146093388815
