Sample	Gene	Type	Expression	Threshold	Percent difference	Mean Accuracy	Minimum Accuracy	Maximum Accuracy	Sample 1 Accuracy	Sample 2 Accuracy	Sample 3 Accuracy	Sample 4 Accuracy	Sample 5 Accuracy
TH_Eval_014_est10M_UMEND_seqtk_seed_8652	LINC00936	Up	2.59693514239	2.10820436478	18.81952189072436	99.7840450891198	99.57865168539325	99.94239631336406	99.68268359020853	99.94239631336406	99.89327641408752	99.57865168539325	99.82321744254567
