Sample	Gene	Type	Expression	Threshold	Percent difference	Mean Accuracy	Minimum Accuracy	Maximum Accuracy	Sample 1 Accuracy	Sample 2 Accuracy	Sample 3 Accuracy	Sample 4 Accuracy	Sample 5 Accuracy
TH_Eval_014_est10M_UMEND_seqtk_seed_8652	RP11-817I4.2	Up	1.69599381311	1.53138589859	9.70569074294871	93.40623273091306	89.97722095671982	96.39830508474576	91.32420091324201	94.5945945945946	96.39830508474576	94.73684210526315	89.97722095671982
