Sample	Gene	Type	Expression	Threshold	Percent difference	Mean Accuracy	Minimum Accuracy	Maximum Accuracy	Sample 1 Accuracy	Sample 2 Accuracy	Sample 3 Accuracy	Sample 4 Accuracy	Sample 5 Accuracy
TH_Eval_014_est10M_UMEND_seqtk_seed_8652	PNPLA4	Down	0.555816155062	1.38735640049	149.60706662713747	99.07955756751849	97.5	99.69924812030075	99.27641099855282	99.53846153846155	99.69924812030075	97.5	99.38366718027734
