Sample	Gene	Type	Expression	Threshold	Percent difference	Mean Accuracy	Minimum Accuracy	Maximum Accuracy	Sample 1 Accuracy	Sample 2 Accuracy	Sample 3 Accuracy	Sample 4 Accuracy	Sample 5 Accuracy
TH_Eval_014_est10M_UMEND_seqtk_seed_8652	RP11-383I23.2	Up	0.475084882949	0.408735066652	13.965886661167998	67.98524989386655	60.135516657255785	78.58508604206502	63.98565573770492	73.61365021328459	78.58508604206502	63.606340819022456	60.135516657255785
