Sample	Gene	Type	Expression	Threshold	Percent difference	Mean Accuracy	Minimum Accuracy	Maximum Accuracy	Sample 1 Accuracy	Sample 2 Accuracy	Sample 3 Accuracy	Sample 4 Accuracy	Sample 5 Accuracy
TH_Eval_014_est10M_UMEND_seqtk_seed_8652	KCNA4	Up	0.432959407276	0.106960088015	75.29558517091746	95.20640789224267	92.82891022021457	97.96048438495856	94.4672131147541	95.79524680073126	97.96048438495856	94.98018494055482	92.82891022021457
