Sample	Gene	Type	Expression	Threshold	Percent difference	Mean Accuracy	Minimum Accuracy	Maximum Accuracy	Sample 1 Accuracy	Sample 2 Accuracy	Sample 3 Accuracy	Sample 4 Accuracy	Sample 5 Accuracy
TH_Eval_014_est10M_UMEND_seqtk_seed_8652	BOLL	Up	0.411426245726	0.106960088015	74.00260942851156	92.78270132648227	89.72972972972974	96.12546125461255	89.72972972972974	95.07874015748031	96.12546125461255	92.07048458149781	90.9090909090909
