Sample	Gene	Type	Expression	Threshold	Percent difference	Mean Accuracy	Minimum Accuracy	Maximum Accuracy	Sample 1 Accuracy	Sample 2 Accuracy	Sample 3 Accuracy	Sample 4 Accuracy	Sample 5 Accuracy
TH_Eval_014_est10M_UMEND_seqtk_seed_8652	NPM1P9	Up	1.0071955014	0.720253884792	28.48916781391017	98.84826366242326	98.05825242718447	99.8812351543943	98.05825242718447	98.78048780487805	99.8812351543943	98.32134292565947	99.2
