Sample	Gene	Type	Expression	Threshold	Percent difference	Mean Accuracy	Minimum Accuracy	Maximum Accuracy	Sample 1 Accuracy	Sample 2 Accuracy	Sample 3 Accuracy	Sample 4 Accuracy	Sample 5 Accuracy
TH_Eval_014_est10M_UMEND_seqtk_seed_8652	CSNK1G2-AS1	Up	0.68706068834	0.176311850548	74.33824208833936	88.14890523594102	82.21601489757914	95.26901669758813	82.21601489757914	90.43824701195219	95.26901669758813	87.79069767441861	85.03054989816701
