Sample	Gene	Type	Expression	Threshold	Percent difference	Mean Accuracy	Minimum Accuracy	Maximum Accuracy	Sample 1 Accuracy	Sample 2 Accuracy	Sample 3 Accuracy	Sample 4 Accuracy	Sample 5 Accuracy
TH_Eval_014_est10M_UMEND_seqtk_seed_8652	RP11-1060J15.5	Up	0.356143810225	0.244370207191	31.384401420141238	66.79382393825462	55.942622950819676	82.92141071924466	56.34101941747572	75.70876288659794	82.92141071924466	63.05530371713509	55.942622950819676
