Sample	Gene	Type	Expression	Threshold	Percent difference	Mean Accuracy	Minimum Accuracy	Maximum Accuracy	Sample 1 Accuracy	Sample 2 Accuracy	Sample 3 Accuracy	Sample 4 Accuracy	Sample 5 Accuracy
TH_Eval_014_est10M_UMEND_seqtk_seed_8652	RP3-486I3.7	Up	0.443606651476	0.312749683857	29.49842325032847	72.76537867844907	64.42417331812999	83.47718865598027	66.62531017369727	77.60210803689066	83.47718865598027	71.69811320754717	64.42417331812999
