Sample	Gene	Type	Expression	Threshold	Percent difference	Mean Accuracy	Minimum Accuracy	Maximum Accuracy	Sample 1 Accuracy	Sample 2 Accuracy	Sample 3 Accuracy	Sample 4 Accuracy	Sample 5 Accuracy
TH_Eval_014_est10M_UMEND_seqtk_seed_8652	RP11-435D7.3	Up	0.378511623254	0.311149060726	17.79669589770996	52.5446610133361	41.154371584699454	69.73063038044988	41.20145631067961	58.279639175257735	69.73063038044988	52.357207615593836	41.154371584699454
