Sample	Gene	Type	Expression	Threshold	Percent difference	Mean Accuracy	Minimum Accuracy	Maximum Accuracy	Sample 1 Accuracy	Sample 2 Accuracy	Sample 3 Accuracy	Sample 4 Accuracy	Sample 5 Accuracy
TH_Eval_014_est10M_UMEND_seqtk_seed_8652	LL22NC03-2H8.5	Up	1.95977015521	1.94125151634	0.9449393246840049	37.26149379886085	30.053034767236298	44.71718249733191	34.542157751586586	43.77880184331797	44.71718249733191	33.21629213483146	30.053034767236298
