Sample	Gene	Type	Expression	Threshold	Percent difference	Mean Accuracy	Minimum Accuracy	Maximum Accuracy	Sample 1 Accuracy	Sample 2 Accuracy	Sample 3 Accuracy	Sample 4 Accuracy	Sample 5 Accuracy
TH_Eval_014_est10M_UMEND_seqtk_seed_8652	RP11-394I13.1	Up	0.555816155062	0.256172209978	53.910621768555004	86.5194077634248	80.84378563283923	95.31442663378546	82.38213399503722	91.17259552042161	95.31442663378546	82.88409703504043	80.84378563283923
