Sample	Gene	Type	Expression	Threshold	Percent difference	Mean Accuracy	Minimum Accuracy	Maximum Accuracy	Sample 1 Accuracy	Sample 2 Accuracy	Sample 3 Accuracy	Sample 4 Accuracy	Sample 5 Accuracy
TH_Eval_014_est10M_UMEND_seqtk_seed_8652	RP11-267J23.1	Up	0.411426245726	0.277918636799	32.449949490075284	67.15861680033672	56.454918032786885	83.03249097472924	56.85679611650486	76.03092783505154	83.03249097472924	63.417951042611065	56.454918032786885
