Sample	Gene	Type	Expression	Threshold	Percent difference	Mean Accuracy	Minimum Accuracy	Maximum Accuracy	Sample 1 Accuracy	Sample 2 Accuracy	Sample 3 Accuracy	Sample 4 Accuracy	Sample 5 Accuracy
TH_Eval_014_est10M_UMEND_seqtk_seed_8652	TFCP2	Down	0.799087306074	2.13934206963	167.7231953715812	98.04037021712831	96.12314709236031	99.75339087546239	98.8833746898263	98.9459815546772	99.75339087546239	96.49595687331536	96.12314709236031
