Sample	Gene	Type	Expression	Threshold	Percent difference	Mean Accuracy	Minimum Accuracy	Maximum Accuracy	Sample 1 Accuracy	Sample 2 Accuracy	Sample 3 Accuracy	Sample 4 Accuracy	Sample 5 Accuracy
TH_Eval_014_est10M_UMEND_seqtk_seed_8652	LHX8	Up	0.823749360308	0.141808778048	82.78496046479748	90.17071627196258	86.43101482326112	96.17755856966707	87.09677419354838	93.41238471673255	96.17755856966707	87.73584905660378	86.43101482326112
