Sample	Gene	Type	Expression	Threshold	Percent difference	Mean Accuracy	Minimum Accuracy	Maximum Accuracy	Sample 1 Accuracy	Sample 2 Accuracy	Sample 3 Accuracy	Sample 4 Accuracy	Sample 5 Accuracy
TH_Eval_014_est10M_UMEND_seqtk_seed_8652	MIR3180-3	Up	0.13750352375	0.106960088015	22.212838552801088	57.51877330790228	47.422222222222224	75.14427040395714	47.422222222222224	64.89115331171838	75.14427040395714	52.193548387096776	47.942672214516875
