Sample	Gene	Type	Expression	Threshold	Percent difference	Mean Accuracy	Minimum Accuracy	Maximum Accuracy	Sample 1 Accuracy	Sample 2 Accuracy	Sample 3 Accuracy	Sample 4 Accuracy	Sample 5 Accuracy
TH_Eval_014_est10M_UMEND_seqtk_seed_8652	CTC-137K3.1	Up	0.68706068834	0.344080448151	49.919933713231494	80.78263690398306	73.32408691631993	91.71475680131904	73.91111111111111	86.38258452987493	91.71475680131904	78.58064516129032	73.32408691631993
