Sample	Gene	Type	Expression	Threshold	Percent difference	Mean Accuracy	Minimum Accuracy	Maximum Accuracy	Sample 1 Accuracy	Sample 2 Accuracy	Sample 3 Accuracy	Sample 4 Accuracy	Sample 5 Accuracy
TH_Eval_014_est10M_UMEND_seqtk_seed_8652	RPL30P4	Up	1.22032995488	0.344080448151	71.80431023797699	99.78189171978804	99.62825278810409	100	99.73190348525469	99.83999999999999	99.70930232558139	100	99.62825278810409
