Sample	Gene	Type	Expression	Threshold	Percent difference	Mean Accuracy	Minimum Accuracy	Maximum Accuracy	Sample 1 Accuracy	Sample 2 Accuracy	Sample 3 Accuracy	Sample 4 Accuracy	Sample 5 Accuracy
TH_Eval_014_est10M_UMEND_seqtk_seed_8652	RP11-968A15.8	Up	0.641546029088	0.504391551018	21.378743200230556	58.35441263481631	46.38956310679612	77.06192724243266	46.38956310679612	65.39948453608247	77.06192724243266	56.029011786038076	46.89207650273224
