Sample	Gene	Type	Expression	Threshold	Percent difference	Mean Accuracy	Minimum Accuracy	Maximum Accuracy	Sample 1 Accuracy	Sample 2 Accuracy	Sample 3 Accuracy	Sample 4 Accuracy	Sample 5 Accuracy
TH_Eval_014_est10M_UMEND_seqtk_seed_8652	PTPN6	Down	2.41953889151	2.77174830437	14.556881647816427	96.64489578514056	94.17249417249417	98.79759519038076	95.16129032258065	98.49624060150376	98.79759519038076	96.59685863874346	94.17249417249417
