Sample	Gene	Type	Expression	Threshold	Percent difference	Mean Accuracy	Minimum Accuracy	Maximum Accuracy	Sample 1 Accuracy	Sample 2 Accuracy	Sample 3 Accuracy	Sample 4 Accuracy	Sample 5 Accuracy
TH_Eval_014_est10M_UMEND_seqtk_seed_8652	EHMT1-IT1	Up	0.443606651476	0.289402633905	34.76143043796149	76.24701461928942	67.37288135593221	90.2027027027027	67.74891774891775	80.69584736251403	90.2027027027027	75.21472392638037	67.37288135593221
