Sample	Gene	Type	Expression	Threshold	Percent difference	Mean Accuracy	Minimum Accuracy	Maximum Accuracy	Sample 1 Accuracy	Sample 2 Accuracy	Sample 3 Accuracy	Sample 4 Accuracy	Sample 5 Accuracy
TH_Eval_014_est10M_UMEND_seqtk_seed_8652	CACNA1G-AS1	Up	0.6322682155	0.408992618322	35.31343055121518	70.77161453313772	60.17191977077364	86.98023176550784	60.17191977077364	75.19500780031201	86.98023176550784	69.9724517906336	61.53846153846154
