Sample	Gene	Type	Expression	Threshold	Percent difference	Mean Accuracy	Minimum Accuracy	Maximum Accuracy	Sample 1 Accuracy	Sample 2 Accuracy	Sample 3 Accuracy	Sample 4 Accuracy	Sample 5 Accuracy
TH_Eval_014_est10M_UMEND_seqtk_seed_8652	FAM57B	Up	2.70265754339	2.32683396339	13.905704809666586	98.0684777248158	97.03872437357631	99.57173447537473	97.33009708737865	99.23469387755102	99.57173447537473	97.16713881019831	97.03872437357631
