Sample	Gene	Type	Expression	Threshold	Percent difference	Mean Accuracy	Minimum Accuracy	Maximum Accuracy	Sample 1 Accuracy	Sample 2 Accuracy	Sample 3 Accuracy	Sample 4 Accuracy	Sample 5 Accuracy
TH_Eval_014_est10M_UMEND_seqtk_seed_8652	RP11-333I13.1	Up	0.584962500721	0.450526326895	22.982015712169524	71.35543634340964	63.42342342342342	78.54330708661418	63.42342342342342	78.54330708661418	77.67527675276753	73.12775330396477	64.0074211502783
