Sample	Gene	Type	Expression	Threshold	Percent difference	Mean Accuracy	Minimum Accuracy	Maximum Accuracy	Sample 1 Accuracy	Sample 2 Accuracy	Sample 3 Accuracy	Sample 4 Accuracy	Sample 5 Accuracy
TH_Eval_014_est10M_UMEND_seqtk_seed_8652	FAHD2P1	Up	0.20163386117	0.176311850548	12.558411803983018	42.11523702153628	33.6676217765043	50.93603744149766	33.6676217765043	50.93603744149766	48.73892297205181	40.86317722681359	36.37042569081404
