Sample	Gene	Type	Expression	Threshold	Percent difference	Mean Accuracy	Minimum Accuracy	Maximum Accuracy	Sample 1 Accuracy	Sample 2 Accuracy	Sample 3 Accuracy	Sample 4 Accuracy	Sample 5 Accuracy
TH_Eval_014_est10M_UMEND_seqtk_seed_8652	TULP1	Up	0.933572638261	0.605942666531	35.094213165918006	70.69405862128201	60.02865329512894	86.98023176550784	60.02865329512894	75.11700468018721	86.98023176550784	69.88062442607898	61.463778939507094
