Sample	Gene	Type	Expression	Threshold	Percent difference	Mean Accuracy	Minimum Accuracy	Maximum Accuracy	Sample 1 Accuracy	Sample 2 Accuracy	Sample 3 Accuracy	Sample 4 Accuracy	Sample 5 Accuracy
TH_Eval_014_est10M_UMEND_seqtk_seed_8652	RP11-893F2.6	Up	0.831877241192	0.409074544907	50.825130842522434	78.1223782522215	68.98907103825137	90.61371841155234	70.75242718446601	84.82603092783505	90.61371841155234	75.43064369900272	68.98907103825137
