Sample	Gene	Type	Expression	Threshold	Percent difference	Mean Accuracy	Minimum Accuracy	Maximum Accuracy	Sample 1 Accuracy	Sample 2 Accuracy	Sample 3 Accuracy	Sample 4 Accuracy	Sample 5 Accuracy
TH_Eval_014_est10M_UMEND_seqtk_seed_8652	LLNLR-307A6.1	Up	0.400537929584	0.376716196537	5.947435008649818	27.968606705203452	22.160148975791433	33.067729083665334	22.160148975791433	33.067729083665334	29.12801484230056	30.23255813953488	25.254582484725052
