Sample	Gene	Type	Expression	Threshold	Percent difference	Mean Accuracy	Minimum Accuracy	Maximum Accuracy	Sample 1 Accuracy	Sample 2 Accuracy	Sample 3 Accuracy	Sample 4 Accuracy	Sample 5 Accuracy
TH_Eval_014_est10M_UMEND_seqtk_seed_8652	RP5-855D21.2	Up	1.89141918685	1.61142814159	14.803225387932203	93.28536896179293	90	97.38717339667458	92.07119741100324	95.1219512195122	97.38717339667458	91.84652278177458	90
