Sample	Gene	Type	Expression	Threshold	Percent difference	Mean Accuracy	Minimum Accuracy	Maximum Accuracy	Sample 1 Accuracy	Sample 2 Accuracy	Sample 3 Accuracy	Sample 4 Accuracy	Sample 5 Accuracy
TH_Eval_014_est10M_UMEND_seqtk_seed_8652	TRAPPC2	Down	0.48542682717	1.43614315987	195.85162572134735	99.6883621046042	99.48849104859335	100	99.4949494949495	99.72222222222223	99.73614775725594	100	99.48849104859335
