Sample	Gene	Type	Expression	Threshold	Percent difference	Mean Accuracy	Minimum Accuracy	Maximum Accuracy	Sample 1 Accuracy	Sample 2 Accuracy	Sample 3 Accuracy	Sample 4 Accuracy	Sample 5 Accuracy
TH_Eval_014_est10M_UMEND_seqtk_seed_8652	RP3-414A15.11	Up	0.378511623254	0.344080448151	9.096464411581625	32.93410733860463	26.86246418338109	40.24960998439938	26.86246418338109	40.24960998439938	36.264485344239944	32.69054178145087	28.603435399551902
