Sample	Gene	Type	Expression	Threshold	Percent difference	Mean Accuracy	Minimum Accuracy	Maximum Accuracy	Sample 1 Accuracy	Sample 2 Accuracy	Sample 3 Accuracy	Sample 4 Accuracy	Sample 5 Accuracy
TH_Eval_014_est10M_UMEND_seqtk_seed_8652	RP11-643G16.4	Up	0.321928094887	0.277918636799	13.67058631631632	43.85186127879164	34.59885386819484	52.184087363494534	34.59885386819484	52.184087363494534	52.07907293796864	42.6078971533517	37.789395070948466
