Sample	Gene	Type	Expression	Threshold	Percent difference	Mean Accuracy	Minimum Accuracy	Maximum Accuracy	Sample 1 Accuracy	Sample 2 Accuracy	Sample 3 Accuracy	Sample 4 Accuracy	Sample 5 Accuracy
TH_Eval_014_est10M_UMEND_seqtk_seed_8652	RP11-173B14.4	Up	1.56071495447	0.995206415653	36.2339411945367	99.44373955346734	99.04076738609112	100	99.19093851132686	99.1869918699187	100	99.04076738609112	99.8
