Sample	Gene	Type	Expression	Threshold	Percent difference	Mean Accuracy	Minimum Accuracy	Maximum Accuracy	Sample 1 Accuracy	Sample 2 Accuracy	Sample 3 Accuracy	Sample 4 Accuracy	Sample 5 Accuracy
TH_Eval_014_est10M_UMEND_seqtk_seed_8652	RP11-295K2.3	Up	1.0285691522	0.6579002738	36.03733182228717	98.9190081211694	98.25737265415549	99.52	98.25737265415549	99.52	99.4186046511628	99.07192575406032	98.3271375464684
