Sample	Gene	Type	Expression	Threshold	Percent difference	Mean Accuracy	Minimum Accuracy	Maximum Accuracy	Sample 1 Accuracy	Sample 2 Accuracy	Sample 3 Accuracy	Sample 4 Accuracy	Sample 5 Accuracy
TH_Eval_014_est10M_UMEND_seqtk_seed_8652	CTD-2227C6.2	Up	0.422233000683	0.277578264475	34.25945768663461	71.93034769191009	62.088888888888896	85.9439406430338	62.088888888888896	79.29597035664659	85.9439406430338	69.35483870967742	62.96809986130375
