Sample	Gene	Type	Expression	Threshold	Percent difference	Mean Accuracy	Minimum Accuracy	Maximum Accuracy	Sample 1 Accuracy	Sample 2 Accuracy	Sample 3 Accuracy	Sample 4 Accuracy	Sample 5 Accuracy
TH_Eval_014_est10M_UMEND_seqtk_seed_8652	SACS-AS1	Up	0.584962500721	0.106960088015	81.71505218143632	91.59859680570385	89.98459167950693	94.76923076923077	91.8958031837916	94.76923076923077	90.67669172932331	90.66666666666666	89.98459167950693
