Sample	Gene	Type	Expression	Threshold	Percent difference	Mean Accuracy	Minimum Accuracy	Maximum Accuracy	Sample 1 Accuracy	Sample 2 Accuracy	Sample 3 Accuracy	Sample 4 Accuracy	Sample 5 Accuracy
TH_Eval_014_est10M_UMEND_seqtk_seed_8652	TAF7	Down	3.89336221076	4.08669233322	4.965634122756371	99.71143788744342	99.6	99.7867803837953	99.7867803837953	99.6	99.61389961389962	99.77064220183486	99.78586723768737
