Sample	Gene	Type	Expression	Threshold	Percent difference	Mean Accuracy	Minimum Accuracy	Maximum Accuracy	Sample 1 Accuracy	Sample 2 Accuracy	Sample 3 Accuracy	Sample 4 Accuracy	Sample 5 Accuracy
TH_Eval_014_est10M_UMEND_seqtk_seed_8652	PRMT5-AS1	Up	2.06004738367	1.41162383556	31.476147260012322	99.01836390711503	98.32134292565947	99.8812351543943	98.70550161812298	98.98373983739837	99.8812351543943	98.32134292565947	99.2
