Sample	Gene	Type	Expression	Threshold	Percent difference	Mean Accuracy	Minimum Accuracy	Maximum Accuracy	Sample 1 Accuracy	Sample 2 Accuracy	Sample 3 Accuracy	Sample 4 Accuracy	Sample 5 Accuracy
TH_Eval_014_est10M_UMEND_seqtk_seed_8652	SLC35G3	Up	0.0840642647885	0.0360511727631	57.114746850160046	86.98813792504164	81.64196123147093	95.56103575832306	82.87841191066998	91.43610013175231	95.56103575832306	83.42318059299191	81.64196123147093
