Sample	Gene	Type	Expression	Threshold	Percent difference	Mean Accuracy	Minimum Accuracy	Maximum Accuracy	Sample 1 Accuracy	Sample 2 Accuracy	Sample 3 Accuracy	Sample 4 Accuracy	Sample 5 Accuracy
TH_Eval_014_est10M_UMEND_seqtk_seed_8652	DND1	Up	0.847996906555	0.691053390503	18.507557614754212	58.61562768921266	45.55084745762712	75.56306306306307	49.458874458874455	66.55443322109988	75.56306306306307	55.95092024539877	45.55084745762712
