Sample	Gene	Type	Expression	Threshold	Percent difference	Mean Accuracy	Minimum Accuracy	Maximum Accuracy	Sample 1 Accuracy	Sample 2 Accuracy	Sample 3 Accuracy	Sample 4 Accuracy	Sample 5 Accuracy
TH_Eval_014_est10M_UMEND_seqtk_seed_8652	RP11-809N8.4	Up	0.731183241572	0.687809228897	5.932030469099434	9.945168101060776	7.751586582048957	13.530927835051546	10.83131067961165	13.530927835051546	8.219938905859484	7.751586582048957	9.39207650273224
