Sample	Gene	Type	Expression	Threshold	Percent difference	Mean Accuracy	Minimum Accuracy	Maximum Accuracy	Sample 1 Accuracy	Sample 2 Accuracy	Sample 3 Accuracy	Sample 4 Accuracy	Sample 5 Accuracy
TH_Eval_014_est10M_UMEND_seqtk_seed_8652	RP11-295M3.2	Up	0.411426245726	0.210507676005	48.83465063500274	77.77315181098187	68.51092896174863	90.41932796445433	70.26699029126213	84.60051546391753	90.41932796445433	75.06799637352674	68.51092896174863
