Sample	Gene	Type	Expression	Threshold	Percent difference	Mean Accuracy	Minimum Accuracy	Maximum Accuracy	Sample 1 Accuracy	Sample 2 Accuracy	Sample 3 Accuracy	Sample 4 Accuracy	Sample 5 Accuracy
TH_Eval_014_est10M_UMEND_seqtk_seed_8652	SERPINC1	Up	0.50589092973	0.481505960226	4.8202029471084975	23.213195961235552	18.12320916905444	30.34321372854914	18.12320916905444	30.34321372854914	25.426039536468988	22.681359044995407	19.492158327109784
