Sample	Gene	Type	Expression	Threshold	Percent difference	Mean Accuracy	Minimum Accuracy	Maximum Accuracy	Sample 1 Accuracy	Sample 2 Accuracy	Sample 3 Accuracy	Sample 4 Accuracy	Sample 5 Accuracy
TH_Eval_014_est10M_UMEND_seqtk_seed_8652	NBAT1	Up	0.53605290024	0.513865172863	4.139092870697295	28.67244771979612	20.752565564424174	36.99136868064119	26.178660049627787	35.046113306982875	36.99136868064119	24.393530997304584	20.752565564424174
