Sample	Gene	Type	Expression	Threshold	Percent difference	Mean Accuracy	Minimum Accuracy	Maximum Accuracy	Sample 1 Accuracy	Sample 2 Accuracy	Sample 3 Accuracy	Sample 4 Accuracy	Sample 5 Accuracy
TH_Eval_014_est10M_UMEND_seqtk_seed_8652	CTD-2270F17.1	Up	0.150559676575	0.071774750948	52.32803856864954	84.37566717957176	76.72253258845437	93.7847866419295	76.72253258845437	88.14741035856574	93.7847866419295	83.48837209302326	79.73523421588594
