Sample	Gene	Type	Expression	Threshold	Percent difference	Mean Accuracy	Minimum Accuracy	Maximum Accuracy	Sample 1 Accuracy	Sample 2 Accuracy	Sample 3 Accuracy	Sample 4 Accuracy	Sample 5 Accuracy
TH_Eval_014_est10M_UMEND_seqtk_seed_8652	RP11-521I2.3	Up	1.18903382439	0.987813413143	16.92301826234678	97.33258766853342	95.07389162561576	98.84615384615385	95.92760180995475	98.57482185273159	98.84615384615385	98.24046920821115	95.07389162561576
