Sample	Gene	Type	Expression	Threshold	Percent difference	Mean Accuracy	Minimum Accuracy	Maximum Accuracy	Sample 1 Accuracy	Sample 2 Accuracy	Sample 3 Accuracy	Sample 4 Accuracy	Sample 5 Accuracy
TH_Eval_014_est10M_UMEND_seqtk_seed_8652	RP11-325E14.5	Up	0.250961573533	0.106960088015	57.37989425662596	82.04617350711185	75.08090614886731	92.25061830173125	75.86666666666667	87.3552570634553	92.25061830173125	79.6774193548387	75.08090614886731
