Sample	Gene	Type	Expression	Threshold	Percent difference	Mean Accuracy	Minimum Accuracy	Maximum Accuracy	Sample 1 Accuracy	Sample 2 Accuracy	Sample 3 Accuracy	Sample 4 Accuracy	Sample 5 Accuracy
TH_Eval_014_est10M_UMEND_seqtk_seed_8652	RP11-354A14.1	Up	0.807354922058	0.376716196537	53.33945626085662	78.519471415992	69.74043715846994	90.69702860316579	71.14684466019418	85.08376288659794	90.69702860316579	75.92928377153218	69.74043715846994
