Sample	Gene	Type	Expression	Threshold	Percent difference	Mean Accuracy	Minimum Accuracy	Maximum Accuracy	Sample 1 Accuracy	Sample 2 Accuracy	Sample 3 Accuracy	Sample 4 Accuracy	Sample 5 Accuracy
TH_Eval_014_est10M_UMEND_seqtk_seed_8652	AC010761.6	Up	0.903038270113	0.627689063549	30.491421645900417	66.3773387105103	55.29371584699454	82.75479033601776	55.85558252427184	75.28994845360825	82.75479033601776	62.692656391659106	55.29371584699454
