Sample	Gene	Type	Expression	Threshold	Percent difference	Mean Accuracy	Minimum Accuracy	Maximum Accuracy	Sample 1 Accuracy	Sample 2 Accuracy	Sample 3 Accuracy	Sample 4 Accuracy	Sample 5 Accuracy
TH_Eval_014_est10M_UMEND_seqtk_seed_8652	AC092198.1	Up	0.443606651476	0.210507676005	52.546321092214534	90.46444872313417	87.2072072072072	94.8339483394834	87.2072072072072	93.30708661417323	94.8339483394834	88.10572687224669	88.86827458256029
