Sample	Gene	Type	Expression	Threshold	Percent difference	Mean Accuracy	Minimum Accuracy	Maximum Accuracy	Sample 1 Accuracy	Sample 2 Accuracy	Sample 3 Accuracy	Sample 4 Accuracy	Sample 5 Accuracy
TH_Eval_014_est10M_UMEND_seqtk_seed_8652	CLDN34	Up	0.344828496997	0.244370207191	29.13282709545725	65.826916193859	55.587392550143264	77.57327880027266	55.587392550143264	72.38689547581903	77.57327880027266	65.93204775022957	57.654966392830474
