Sample	Gene	Type	Expression	Threshold	Percent difference	Mean Accuracy	Minimum Accuracy	Maximum Accuracy	Sample 1 Accuracy	Sample 2 Accuracy	Sample 3 Accuracy	Sample 4 Accuracy	Sample 5 Accuracy
TH_Eval_014_est10M_UMEND_seqtk_seed_8652	RP11-796E2.4	Up	2.6322682155	2.06963372231	21.37451228856355	98.84989192171221	97.29064039408867	99.61538461538461	98.64253393665159	99.2874109263658	99.61538461538461	99.41348973607037	97.29064039408867
