Sample	Gene	Type	Expression	Threshold	Percent difference	Mean Accuracy	Minimum Accuracy	Maximum Accuracy	Sample 1 Accuracy	Sample 2 Accuracy	Sample 3 Accuracy	Sample 4 Accuracy	Sample 5 Accuracy
TH_Eval_014_est10M_UMEND_seqtk_seed_8652	PTPRVP	Up	0.555816155062	0.366009682417	34.14914642483314	74.14716180419644	65.92178770949721	82.17131474103586	65.92178770949721	82.17131474103586	80.98330241187384	72.20930232558139	69.4501018329939
