Sample	Gene	Type	Expression	Threshold	Percent difference	Mean Accuracy	Minimum Accuracy	Maximum Accuracy	Sample 1 Accuracy	Sample 2 Accuracy	Sample 3 Accuracy	Sample 4 Accuracy	Sample 5 Accuracy
TH_Eval_014_est10M_UMEND_seqtk_seed_8652	C12orf50	Up	0.286881147788	0.210507676005	26.62199045558707	63.46836941240335	52.65042979942693	75.93728698023176	52.65042979942693	70.20280811232449	75.93728698023176	63.36088154269972	55.190440627333835
