Sample	Gene	Type	Expression	Threshold	Percent difference	Mean Accuracy	Minimum Accuracy	Maximum Accuracy	Sample 1 Accuracy	Sample 2 Accuracy	Sample 3 Accuracy	Sample 4 Accuracy	Sample 5 Accuracy
TH_Eval_014_est10M_UMEND_seqtk_seed_8652	AURKC	Up	2.84999925947	2.2813847065	19.95139300758073	98.71694209842164	97.66899766899768	99.79959919839679	97.92626728110599	99.49874686716792	99.79959919839679	98.69109947643979	97.66899766899768
