Sample	Gene	Type	Expression	Threshold	Percent difference	Mean Accuracy	Minimum Accuracy	Maximum Accuracy	Sample 1 Accuracy	Sample 2 Accuracy	Sample 3 Accuracy	Sample 4 Accuracy	Sample 5 Accuracy
TH_Eval_014_est10M_UMEND_seqtk_seed_8652	RP11-732A19.1	Up	0.443606651476	0.376716196537	15.07877637011015	45.938006272419166	35.163834951456316	61.06637045265204	35.163834951456316	51.41752577319587	61.06637045265204	46.01087941976428	36.03142076502732
