Sample	Gene	Type	Expression	Threshold	Percent difference	Mean Accuracy	Minimum Accuracy	Maximum Accuracy	Sample 1 Accuracy	Sample 2 Accuracy	Sample 3 Accuracy	Sample 4 Accuracy	Sample 5 Accuracy
TH_Eval_014_est10M_UMEND_seqtk_seed_8652	UBE2F-SCLY	Up	0.956056652412	0.636287271976	33.44669791578414	81.01991310665419	73.1457800511509	88.91820580474933	77.27272727272727	82.77777777777777	88.91820580474933	82.98507462686567	73.1457800511509
