Sample	Gene	Type	Expression	Threshold	Percent difference	Mean Accuracy	Minimum Accuracy	Maximum Accuracy	Sample 1 Accuracy	Sample 2 Accuracy	Sample 3 Accuracy	Sample 4 Accuracy	Sample 5 Accuracy
TH_Eval_014_est10M_UMEND_seqtk_seed_8652	RP11-705C15.5	Up	0.411426245726	0.376716196537	8.4365179785142	24.318281339156606	21.312991215903835	32.19082908754053	21.91111111111111	32.19082908754053	23.660346248969496	22.516129032258064	21.312991215903835
