Sample	Gene	Type	Expression	Threshold	Percent difference	Mean Accuracy	Minimum Accuracy	Maximum Accuracy	Sample 1 Accuracy	Sample 2 Accuracy	Sample 3 Accuracy	Sample 4 Accuracy	Sample 5 Accuracy
TH_Eval_014_est10M_UMEND_seqtk_seed_8652	RP11-148L24.1	Up	0.367371065649	0.141808778048	61.399034570814734	86.14051430817734	79.2364990689013	94.52690166975881	79.2364990689013	89.5418326693227	94.52690166975881	85.11627906976744	82.28105906313645
