Sample	Gene	Type	Expression	Threshold	Percent difference	Mean Accuracy	Minimum Accuracy	Maximum Accuracy	Sample 1 Accuracy	Sample 2 Accuracy	Sample 3 Accuracy	Sample 4 Accuracy	Sample 5 Accuracy
TH03_0143_S02	RP5-1039K5.13	Up	0.411426245726	0.311149060726	24.373064684546687	61.55235934780955	49.66626213592233	79.97778394890308	49.66626213592233	68.84664948453609	79.97778394890308	59.06618313689936	50.204918032786885
