Sample	Gene	Type	Expression	Threshold	Percent difference	Mean Accuracy	Minimum Accuracy	Maximum Accuracy	Sample 1 Accuracy	Sample 2 Accuracy	Sample 3 Accuracy	Sample 4 Accuracy	Sample 5 Accuracy
TH03_0143_S02	CHRM2	Up	0.69599381311	0.141808778048	79.6249944501177	95.45268271984608	93.39356295878035	98.08795411089865	94.56967213114754	96.09993906154783	98.08795411089865	95.112285336856	93.39356295878035
