Sample	Gene	Type	Expression	Threshold	Percent difference	Mean Accuracy	Minimum Accuracy	Maximum Accuracy	Sample 1 Accuracy	Sample 2 Accuracy	Sample 3 Accuracy	Sample 4 Accuracy	Sample 5 Accuracy
TH03_0143_S02	DYDC2	Up	2.88557436437	2.15479636192	25.325218142820205	98.20631689494971	97.3621103117506	99.8812351543943	97.41100323624595	98.57723577235772	99.8812351543943	97.3621103117506	97.8
