Sample	Gene	Type	Expression	Threshold	Percent difference	Mean Accuracy	Minimum Accuracy	Maximum Accuracy	Sample 1 Accuracy	Sample 2 Accuracy	Sample 3 Accuracy	Sample 4 Accuracy	Sample 5 Accuracy
TH03_0143_S02	PMF1-BGLAP	Up	5.27537959625	5.21770429611	1.093291943976849	94.91601075464317	91.66666666666666	99.2248062015504	91.94444444444444	97.71428571428571	99.2248062015504	94.02985074626866	91.66666666666666
