Sample	Gene	Type	Expression	Threshold	Percent difference	Mean Accuracy	Minimum Accuracy	Maximum Accuracy	Sample 1 Accuracy	Sample 2 Accuracy	Sample 3 Accuracy	Sample 4 Accuracy	Sample 5 Accuracy
TH03_0143_S02	RP11-58E21.5	Up	0.400537929584	0.376716196537	5.947435008649818	9.965856258136952	7.796917497733455	13.530927835051546	10.861650485436893	13.530927835051546	8.24770896973063	7.796917497733455	9.39207650273224
