Sample	Gene	Type	Expression	Threshold	Percent difference	Mean Accuracy	Minimum Accuracy	Maximum Accuracy	Sample 1 Accuracy	Sample 2 Accuracy	Sample 3 Accuracy	Sample 4 Accuracy	Sample 5 Accuracy
TH03_0143_S02	RP11-322E11.5	Up	2.70929063572	2.28664875031	15.599724881405425	87.8876629440284	81.97026022304833	93.8953488372093	82.57372654155496	93.76	93.8953488372093	87.23897911832947	81.97026022304833
