Sample	Gene	Type	Expression	Threshold	Percent difference	Mean Accuracy	Minimum Accuracy	Maximum Accuracy	Sample 1 Accuracy	Sample 2 Accuracy	Sample 3 Accuracy	Sample 4 Accuracy	Sample 5 Accuracy
TH01_0064_S01	CD160	Up	1.67355642399	1.28863430023	23.00024775037403	99.14881424675347	97.9020979020979	99.79959919839679	99.07834101382488	99.74937343358395	99.79959919839679	99.21465968586386	97.9020979020979
