Sample	Gene	Type	Expression	Threshold	Percent difference	Mean Accuracy	Minimum Accuracy	Maximum Accuracy	Sample 1 Accuracy	Sample 2 Accuracy	Sample 3 Accuracy	Sample 4 Accuracy	Sample 5 Accuracy
TH01_0064_S01	GRAP	Up	4.37016428054	4.35845088959	0.26803090680500513	23.97629500082314	19.724770642201836	30.115830115830118	20.255863539445627	28.799999999999997	30.115830115830118	19.724770642201836	20.985010706638114
