Sample	Gene	Type	Expression	Threshold	Percent difference	Mean Accuracy	Minimum Accuracy	Maximum Accuracy	Sample 1 Accuracy	Sample 2 Accuracy	Sample 3 Accuracy	Sample 4 Accuracy	Sample 5 Accuracy
TH01_0064_S01	UGT2B10	Up	0.69599381311	0.0362440273166	94.79247852008251	90.29705743642477	86.54503990877993	96.17755856966707	87.34491315136476	93.41238471673255	96.17755856966707	88.0053908355795	86.54503990877993
