Sample	Gene	Type	Expression	Threshold	Percent difference	Mean Accuracy	Minimum Accuracy	Maximum Accuracy	Sample 1 Accuracy	Sample 2 Accuracy	Sample 3 Accuracy	Sample 4 Accuracy	Sample 5 Accuracy
TH01_0064_S01	LSM6	Up	6.41295084581	6.38448905945	0.44381731661948165	65.97066701618472	55.41125541125541	77.5	55.41125541125541	77.5	71.30044843049326	60.3448275862069	65.29680365296804
