Sample	Gene	Type	Expression	Threshold	Percent difference	Mean Accuracy	Minimum Accuracy	Maximum Accuracy	Sample 1 Accuracy	Sample 2 Accuracy	Sample 3 Accuracy	Sample 4 Accuracy	Sample 5 Accuracy
TH01_0064_S01	PRDM13	Up	0.214124805353	0.106960088015	50.04778272247875	93.28492154843327	89.49745906267646	96.94072657743786	92.21311475409836	94.57647775746496	96.94072657743786	93.19682959048878	89.49745906267646
