Sample	Gene	Type	Expression	Threshold	Percent difference	Mean Accuracy	Minimum Accuracy	Maximum Accuracy	Sample 1 Accuracy	Sample 2 Accuracy	Sample 3 Accuracy	Sample 4 Accuracy	Sample 5 Accuracy
TH01_0064_S01	LPXN	Up	6.49024921063	6.261033535	3.5316929780536155	99.903236914600555	99.72451790633609	100	100	100	99.79166666666667	99.72451790633609	100
