Sample	Gene	Type	Expression	Threshold	Percent difference	Mean Accuracy	Minimum Accuracy	Maximum Accuracy	Sample 1 Accuracy	Sample 2 Accuracy	Sample 3 Accuracy	Sample 4 Accuracy	Sample 5 Accuracy
TH01_0064_S01	CXorf21	Up	3.42223300068	3.27664995193	4.25403672751307	99.30454384033872	98.60279441117764	99.81447124304268	98.60279441117764	99.8003992015968	99.81447124304268	99.12472647702407	99.18032786885246
