Sample	Gene	Type	Expression	Threshold	Percent difference	Mean Accuracy	Minimum Accuracy	Maximum Accuracy	Sample 1 Accuracy	Sample 2 Accuracy	Sample 3 Accuracy	Sample 4 Accuracy	Sample 5 Accuracy
TH01_0064_S01	CRLF3	Up	5.01658546043	5.01153612137	0.1006529062412773	23.494088499630895	16.129032258064516	30.25830258302583	23.762376237623762	27.014218009478675	30.25830258302583	20.306513409961685	16.129032258064516
