Sample	Gene	Type	Expression	Threshold	Percent difference	Mean Accuracy	Minimum Accuracy	Maximum Accuracy	Sample 1 Accuracy	Sample 2 Accuracy	Sample 3 Accuracy	Sample 4 Accuracy	Sample 5 Accuracy
TH01_0064_S01	PTPN7	Up	6.04854136569	5.95169448853	1.6011608634993926	99.52996759689825	98.64406779661017	100	99.64539007092199	100	99.70760233918129	98.64406779661017	99.65277777777779
