Sample	Gene	Type	Expression	Threshold	Percent difference	Mean Accuracy	Minimum Accuracy	Maximum Accuracy	Sample 1 Accuracy	Sample 2 Accuracy	Sample 3 Accuracy	Sample 4 Accuracy	Sample 5 Accuracy
TH01_0064_S01	RP11-12A2.1	Up	0.163498732283	0.141808778048	13.266129915586658	46.83889521038661	35.84729981378026	53.15398886827458	35.84729981378026	52.88844621513944	53.15398886827458	49.53488372093023	42.769857433808554
