Sample	Gene	Type	Expression	Threshold	Percent difference	Mean Accuracy	Minimum Accuracy	Maximum Accuracy	Sample 1 Accuracy	Sample 2 Accuracy	Sample 3 Accuracy	Sample 4 Accuracy	Sample 5 Accuracy
TH01_0064_S01	PAK4	Down	2.55336050334	2.66590881348	4.407850360056013	80.11751322123189	75.13966480446928	85.60794044665012	77.22513089005236	84.06593406593407	85.60794044665012	78.54889589905363	75.13966480446928
