Sample	Gene	Type	Expression	Threshold	Percent difference	Mean Accuracy	Minimum Accuracy	Maximum Accuracy	Sample 1 Accuracy	Sample 2 Accuracy	Sample 3 Accuracy	Sample 4 Accuracy	Sample 5 Accuracy
TH01_0064_S01	SMARCA4	Down	4.16269343221	4.37831544876	5.179867796210115	99.6700710717758	98.90710382513662	100	100	99.75	100	99.69325153374233	98.90710382513662
