Sample	Gene	Type	Expression	Threshold	Percent difference	Mean Accuracy	Minimum Accuracy	Maximum Accuracy	Sample 1 Accuracy	Sample 2 Accuracy	Sample 3 Accuracy	Sample 4 Accuracy	Sample 5 Accuracy
TH02_0074_S01	C9orf69	Down	2.24184018356	2.55558395386	13.99492134188534	98.96677660546715	98.25783972125436	100	98.25783972125436	100	98.57142857142858	99.14529914529915	98.85931558935361
