Sample	Gene	Type	Expression	Threshold	Percent difference	Mean Accuracy	Minimum Accuracy	Maximum Accuracy	Sample 1 Accuracy	Sample 2 Accuracy	Sample 3 Accuracy	Sample 4 Accuracy	Sample 5 Accuracy
TH02_0074_S01	TBC1D22A	Down	2.08065766335	2.38408946991	14.583456563029912	99.10963374832428	98.25783972125436	100	98.25783972125436	100	99.28571428571429	99.14529914529915	98.85931558935361
