Sample	Gene	Type	Expression	Threshold	Percent difference	Mean Accuracy	Minimum Accuracy	Maximum Accuracy	Sample 1 Accuracy	Sample 2 Accuracy	Sample 3 Accuracy	Sample 4 Accuracy	Sample 5 Accuracy
TH02_0074_S01	TATDN2P3	Up	0.604071323669	0.0362440273166	94.00004173406849	95.64931766468173	93.67588932806325	98.15168897386872	94.82581967213115	96.28275441803778	98.15168897386872	95.3104359313078	93.67588932806325
