Sample	Gene	Type	Expression	Threshold	Percent difference	Mean Accuracy	Minimum Accuracy	Maximum Accuracy	Sample 1 Accuracy	Sample 2 Accuracy	Sample 3 Accuracy	Sample 4 Accuracy	Sample 5 Accuracy
TH02_0074_S01	ZNF106	Up	6.49169278797	6.15523672104	5.182871061820727	99.97952917093143	99.89764585465711	100	100	100	100	99.89764585465711	100
