Sample	Gene	Type	Expression	Threshold	Percent difference	Mean Accuracy	Minimum Accuracy	Maximum Accuracy	Sample 1 Accuracy	Sample 2 Accuracy	Sample 3 Accuracy	Sample 4 Accuracy	Sample 5 Accuracy
TH02_0074_S01	ACAP3	Down	0.83995958749	1.09969341755	30.922181724974017	83.5145705680578	77.63975155279503	90.94964945825367	81.25	87.0201096892139	90.94964945825367	80.71334214002643	77.63975155279503
