Sample	Gene	Type	Expression	Threshold	Percent difference	Mean Accuracy	Minimum Accuracy	Maximum Accuracy	Sample 1 Accuracy	Sample 2 Accuracy	Sample 3 Accuracy	Sample 4 Accuracy	Sample 5 Accuracy
TH02_0074_S01	RP11-279F6.2	Up	2.01077983875	0.106960088015	94.68066637859809	99.95934959349593	99.79674796747967	100	100	99.79674796747967	100	100	100
