Sample	Gene	Type	Expression	Threshold	Percent difference	Mean Accuracy	Minimum Accuracy	Maximum Accuracy	Sample 1 Accuracy	Sample 2 Accuracy	Sample 3 Accuracy	Sample 4 Accuracy	Sample 5 Accuracy
TH02_0074_S01	CAPRIN1	Up	8.2958607498	8.28022956848	0.18842145247407507	82.71791187739464	71.875	93.10344827586206	93.10344827586206	87.5	71.875	77.77777777777779	83.33333333333334
