Sample	Gene	Type	Expression	Threshold	Percent difference	Mean Accuracy	Minimum Accuracy	Maximum Accuracy	Sample 1 Accuracy	Sample 2 Accuracy	Sample 3 Accuracy	Sample 4 Accuracy	Sample 5 Accuracy
TH02_0074_S01	DCDC2B	Up	0.97085365434	0.502624690533	48.22858334146239	82.50191857494886	74.68643101482326	94.32799013563502	77.66749379652606	85.63899868247694	94.32799013563502	80.18867924528303	74.68643101482326
