Sample	Gene	Type	Expression	Threshold	Percent difference	Mean Accuracy	Minimum Accuracy	Maximum Accuracy	Sample 1 Accuracy	Sample 2 Accuracy	Sample 3 Accuracy	Sample 4 Accuracy	Sample 5 Accuracy
TH02_0074_S01	RP11-575F12.1	Up	0.263034405834	0.141808778048	46.08736541580231	78.8264552792015	71.15555555555557	90.80791426215994	71.15555555555557	84.29828624363131	90.80791426215994	76.58064516129032	71.28987517337032
