Sample	Gene	Type	Expression	Threshold	Percent difference	Mean Accuracy	Minimum Accuracy	Maximum Accuracy	Sample 1 Accuracy	Sample 2 Accuracy	Sample 3 Accuracy	Sample 4 Accuracy	Sample 5 Accuracy
TH02_0074_S01	FAM161A	Up	4.16430358309	3.71357512474	10.823621509735121	99.95370370370371	99.76851851851852	100	100	100	100	100	99.76851851851852
