Sample	Gene	Type	Expression	Threshold	Percent difference	Mean Accuracy	Minimum Accuracy	Maximum Accuracy	Sample 1 Accuracy	Sample 2 Accuracy	Sample 3 Accuracy	Sample 4 Accuracy	Sample 5 Accuracy
TH02_0074_S01	TAB2	Up	6.64918431047	6.62059307098	0.4299961943449103	72.41383519393155	60.763888888888886	83.89513108614233	63.47517730496454	83.89513108614233	82.7485380116959	71.1864406779661	60.763888888888886
