Sample	Gene	Type	Expression	Threshold	Percent difference	Mean Accuracy	Minimum Accuracy	Maximum Accuracy	Sample 1 Accuracy	Sample 2 Accuracy	Sample 3 Accuracy	Sample 4 Accuracy	Sample 5 Accuracy
TH02_0074_S01	APRT	Down	5.07038932789	5.07295465469	0.05059427657535797	9.608920758371287	6.896551724137931	12.10762331838565	8.658008658008658	11.25	12.10762331838565	6.896551724137931	9.1324200913242
