Sample	Gene	Type	Expression	Threshold	Percent difference	Mean Accuracy	Minimum Accuracy	Maximum Accuracy	Sample 1 Accuracy	Sample 2 Accuracy	Sample 3 Accuracy	Sample 4 Accuracy	Sample 5 Accuracy
TH02_0074_S01	LGALS3BP	Down	4.32984117653	4.53785037994	4.804083912766108	99.50905160208681	99.20159680638723	99.81447124304268	99.20159680638723	99.8003992015968	99.81447124304268	99.34354485776805	99.38524590163934
