Sample	Gene	Type	Expression	Threshold	Percent difference	Mean Accuracy	Minimum Accuracy	Maximum Accuracy	Sample 1 Accuracy	Sample 2 Accuracy	Sample 3 Accuracy	Sample 4 Accuracy	Sample 5 Accuracy
TH02_0074_S01	PHC1P1	Up	3.80219321694	3.54085206985	6.873431521723848	99.92164990508876	99.78911851539435	100	100	99.91514637250742	100	99.90398463754201	99.78911851539435
