Sample	Gene	Type	Expression	Threshold	Percent difference	Mean Accuracy	Minimum Accuracy	Maximum Accuracy	Sample 1 Accuracy	Sample 2 Accuracy	Sample 3 Accuracy	Sample 4 Accuracy	Sample 5 Accuracy
TH02_0074_S01	ITFG3	Down	2.85399564718	3.82864022255	34.150177360397684	99.83848428715349	99.57264957264957	100	100	100	100	99.57264957264957	99.61977186311786
