Sample	Gene	Type	Expression	Threshold	Percent difference	Mean Accuracy	Minimum Accuracy	Maximum Accuracy	Sample 1 Accuracy	Sample 2 Accuracy	Sample 3 Accuracy	Sample 4 Accuracy	Sample 5 Accuracy
TH02_0074_S01	ARFGAP1	Down	2.76553474636	3.43383955956	24.16548242901751	99.83848428715349	99.57264957264957	100	100	100	100	99.57264957264957	99.61977186311786
