Sample	Gene	Type	Expression	Threshold	Percent difference	Mean Accuracy	Minimum Accuracy	Maximum Accuracy	Sample 1 Accuracy	Sample 2 Accuracy	Sample 3 Accuracy	Sample 4 Accuracy	Sample 5 Accuracy
TH02_0074_S01	LINC01305	Up	0.48542682717	0.176311850548	63.67900563389046	87.71636250627589	83.23831242873432	95.80764488286067	83.87096774193549	91.56785243741766	95.80764488286067	84.09703504043127	83.23831242873432
