Sample	Gene	Type	Expression	Threshold	Percent difference	Mean Accuracy	Minimum Accuracy	Maximum Accuracy	Sample 1 Accuracy	Sample 2 Accuracy	Sample 3 Accuracy	Sample 4 Accuracy	Sample 5 Accuracy
TH02_0074_S01	RP5-890O15.3	Up	0.613531652918	0.106960088015	82.56649228995924	86.27201456640893	81.22977346278317	94.02308326463314	82.13333333333334	89.39323761000463	94.02308326463314	84.58064516129032	81.22977346278317
