Sample	Gene	Type	Expression	Threshold	Percent difference	Mean Accuracy	Minimum Accuracy	Maximum Accuracy	Sample 1 Accuracy	Sample 2 Accuracy	Sample 3 Accuracy	Sample 4 Accuracy	Sample 5 Accuracy
TH02_0074_S01	NXF2B	Up	0.298658315565	0.106960088015	64.1864691386029	91.15891000950386	88.10810810810811	95.20295202952029	88.10810810810811	93.7007874015748	95.20295202952029	88.98678414096916	89.79591836734694
