Sample	Gene	Type	Expression	Threshold	Percent difference	Mean Accuracy	Minimum Accuracy	Maximum Accuracy	Sample 1 Accuracy	Sample 2 Accuracy	Sample 3 Accuracy	Sample 4 Accuracy	Sample 5 Accuracy
TH02_0074_S01	RP11-315E17.1	Up	0.13750352375	0.0362440273166	73.64138290557808	88.04014922137331	82.12290502793296	95.26901669758813	82.12290502793296	90.43824701195219	95.26901669758813	87.44186046511628	84.928716904277
