Sample	Gene	Type	Expression	Threshold	Percent difference	Mean Accuracy	Minimum Accuracy	Maximum Accuracy	Sample 1 Accuracy	Sample 2 Accuracy	Sample 3 Accuracy	Sample 4 Accuracy	Sample 5 Accuracy
TH03_0288_S01	RNVU1-6	Up	3.31179371775	2.72730445862	17.64872177869509	81.15015703250997	74.50980392156863	88.09523809523809	74.60317460317461	85.71428571428571	82.82828282828282	88.09523809523809	74.50980392156863
