Sample	Gene	Type	Expression	Threshold	Percent difference	Mean Accuracy	Minimum Accuracy	Maximum Accuracy	Sample 1 Accuracy	Sample 2 Accuracy	Sample 3 Accuracy	Sample 4 Accuracy	Sample 5 Accuracy
TH03_0288_S01	PYHIN1	Up	3.36176835942	3.28816199303	2.1895133310939703	91.48554101987584	88.51224105461394	96.14711033274956	88.84615384615384	94.96981891348088	96.14711033274956	88.95238095238095	88.51224105461394
