Sample	Gene	Type	Expression	Threshold	Percent difference	Mean Accuracy	Minimum Accuracy	Maximum Accuracy	Sample 1 Accuracy	Sample 2 Accuracy	Sample 3 Accuracy	Sample 4 Accuracy	Sample 5 Accuracy
TH03_0288_S01	HNRNPA1P70	Up	0.333423733725	0.176311850548	47.120785740640216	76.24833360609883	67.621776504298	89.63871847307429	67.621776504298	79.79719188767551	89.63871847307429	75.8494031221304	68.3345780433159
