Sample	Gene	Type	Expression	Threshold	Percent difference	Mean Accuracy	Minimum Accuracy	Maximum Accuracy	Sample 1 Accuracy	Sample 2 Accuracy	Sample 3 Accuracy	Sample 4 Accuracy	Sample 5 Accuracy
TH03_0288_S01	RP11-271M24.2	Up	0.704871964456	0.398050010204	43.528749861515124	78.55229906019083	71.13594040968343	85.55776892430279	71.13594040968343	85.55776892430279	84.2300556586271	77.90697674418605	73.93075356415478
