Sample	Gene	Type	Expression	Threshold	Percent difference	Mean Accuracy	Minimum Accuracy	Maximum Accuracy	Sample 1 Accuracy	Sample 2 Accuracy	Sample 3 Accuracy	Sample 4 Accuracy	Sample 5 Accuracy
TH03_0288_S01	SP7	Up	0.367371065649	0.176311850548	52.00714834835281	90.42841268709813	87.02702702702703	94.8339483394834	87.02702702702703	93.30708661417323	94.8339483394834	88.10572687224669	88.86827458256029
