Sample	Gene	Type	Expression	Threshold	Percent difference	Mean Accuracy	Minimum Accuracy	Maximum Accuracy	Sample 1 Accuracy	Sample 2 Accuracy	Sample 3 Accuracy	Sample 4 Accuracy	Sample 5 Accuracy
TH03_0288_S01	GLRA1	Up	0.704871964456	0.0362440273166	94.85806938788207	88.44910764657047	83.98268398268398	95.27027027027027	83.98268398268398	90.57239057239057	95.27027027027027	88.09815950920246	84.32203389830508
