Sample	Gene	Type	Expression	Threshold	Percent difference	Mean Accuracy	Minimum Accuracy	Maximum Accuracy	Sample 1 Accuracy	Sample 2 Accuracy	Sample 3 Accuracy	Sample 4 Accuracy	Sample 5 Accuracy
TH03_0288_S01	PRKCG	Up	0.918386234446	0.695743739605	24.242795295740148	79.08541204732931	72.33201581027669	87.50796685787125	75.66598360655738	83.30286410725168	87.50796685787125	76.61822985468957	72.33201581027669
