Sample	Gene	Type	Expression	Threshold	Percent difference	Mean Accuracy	Minimum Accuracy	Maximum Accuracy	Sample 1 Accuracy	Sample 2 Accuracy	Sample 3 Accuracy	Sample 4 Accuracy	Sample 5 Accuracy
TH03_0288_S01	FRMD1	Up	0.356143810225	0.343758791685	3.4775330033605147	27.138270463010564	19.726339794754846	35.511713933415535	23.9454094292804	33.59683794466403	35.511713933415535	22.911051212938006	19.726339794754846
