Sample	Gene	Type	Expression	Threshold	Percent difference	Mean Accuracy	Minimum Accuracy	Maximum Accuracy	Sample 1 Accuracy	Sample 2 Accuracy	Sample 3 Accuracy	Sample 4 Accuracy	Sample 5 Accuracy
TH03_0288_S01	RP11-522N14.2	Up	0.389566811763	0.141808778048	63.598342115890524	89.50623147205484	87.82742681047766	92.76923076923077	88.27785817655571	92.76923076923077	89.32330827067669	89.33333333333333	87.82742681047766
