Sample	Gene	Type	Expression	Threshold	Percent difference	Mean Accuracy	Minimum Accuracy	Maximum Accuracy	Sample 1 Accuracy	Sample 2 Accuracy	Sample 3 Accuracy	Sample 4 Accuracy	Sample 5 Accuracy
TH03_0288_S01	AL132709.8	Up	1.93357263826	0.210507676005	89.11301950391513	99.90243065860298	99.8062015503876	100	99.86595174262735	99.83999999999999	99.8062015503876	100	100
