Sample	Gene	Type	Expression	Threshold	Percent difference	Mean Accuracy	Minimum Accuracy	Maximum Accuracy	Sample 1 Accuracy	Sample 2 Accuracy	Sample 3 Accuracy	Sample 4 Accuracy	Sample 5 Accuracy
TH03_0288_S01	RP11-438J1.1	Up	2.25096157353	2.24900770187	0.08680164437174076	2.491286230669137	0.5586592178770949	3.970223325062035	1.832460732984293	3.571428571428571	3.970223325062035	2.5236593059936907	0.5586592178770949
