Sample	Gene	Type	Expression	Threshold	Percent difference	Mean Accuracy	Minimum Accuracy	Maximum Accuracy	Sample 1 Accuracy	Sample 2 Accuracy	Sample 3 Accuracy	Sample 4 Accuracy	Sample 5 Accuracy
TH03_0288_S01	KHDC3L	Up	0.48542682717	0.106960088015	77.96576496635572	86.60988533894096	81.30372492836676	92.63803680981594	81.30372492836676	91.02964118564742	92.63803680981594	86.22589531680441	81.85212845407021
