Sample	Gene	Type	Expression	Threshold	Percent difference	Mean Accuracy	Minimum Accuracy	Maximum Accuracy	Sample 1 Accuracy	Sample 2 Accuracy	Sample 3 Accuracy	Sample 4 Accuracy	Sample 5 Accuracy
TH03_0288_S01	RP11-697E2.9	Up	0.565597175854	0.533111453056	5.743614746475621	19.175724010211	16.643550624133148	25.984251968503933	18.08888888888889	25.984251968503933	17.807089859851608	17.35483870967742	16.643550624133148
