Sample	Gene	Type	Expression	Threshold	Percent difference	Mean Accuracy	Minimum Accuracy	Maximum Accuracy	Sample 1 Accuracy	Sample 2 Accuracy	Sample 3 Accuracy	Sample 4 Accuracy	Sample 5 Accuracy
TH03_0288_S01	TBPL2	Up	0.0565835283664	0.0362440273166	35.94597515745916	78.97656240537468	69.327251995439	92.60172626387177	74.19354838709677	82.34519104084322	92.60172626387177	76.41509433962264	69.327251995439
