Sample	Gene	Type	Expression	Threshold	Percent difference	Mean Accuracy	Minimum Accuracy	Maximum Accuracy	Sample 1 Accuracy	Sample 2 Accuracy	Sample 3 Accuracy	Sample 4 Accuracy	Sample 5 Accuracy
TH03_0288_S01	RP11-996F15.2	Up	1.44360665148	1.43760550022	0.41570543152093	10.9815665567498	5.58659217877095	16.483516483516482	7.068062827225131	16.483516483516482	13.151364764267989	12.618296529968454	5.58659217877095
