Sample	Gene	Type	Expression	Threshold	Percent difference	Mean Accuracy	Minimum Accuracy	Maximum Accuracy	Sample 1 Accuracy	Sample 2 Accuracy	Sample 3 Accuracy	Sample 4 Accuracy	Sample 5 Accuracy
TH03_0288_S01	RYKP1	Up	0.263034405834	0.222623795271	15.36324133524303	52.974644421786635	40.04237288135593	70.4954954954955	45.12987012987013	60.49382716049383	70.4954954954955	48.71165644171779	40.04237288135593
