Sample	Gene	Type	Expression	Threshold	Percent difference	Mean Accuracy	Minimum Accuracy	Maximum Accuracy	Sample 1 Accuracy	Sample 2 Accuracy	Sample 3 Accuracy	Sample 4 Accuracy	Sample 5 Accuracy
TH03_0288_S01	CNIH2	Up	5.65477921696	5.54711580276	1.9039366537440132	99.46631130063966	98.21428571428571	100	100	99.71428571428571	100	99.40298507462687	98.21428571428571
