Sample	Gene	Type	Expression	Threshold	Percent difference	Mean Accuracy	Minimum Accuracy	Maximum Accuracy	Sample 1 Accuracy	Sample 2 Accuracy	Sample 3 Accuracy	Sample 4 Accuracy	Sample 5 Accuracy
TH03_0288_S01	AP001626.2	Up	0.722466024471	0.504391551018	30.18473756086692	76.48669658480074	71.0997442455243	83.37730870712402	71.96969696969697	77.77777777777779	83.37730870712402	78.2089552238806	71.0997442455243
