Sample	Gene	Type	Expression	Threshold	Percent difference	Mean Accuracy	Minimum Accuracy	Maximum Accuracy	Sample 1 Accuracy	Sample 2 Accuracy	Sample 3 Accuracy	Sample 4 Accuracy	Sample 5 Accuracy
TH03_0288_S01	RP11-495K9.6	Up	0.69599381311	0.071774750948	89.68744411286079	88.38127772597981	83.76623376623377	95.27027027027027	83.76623376623377	90.57239057239057	95.27027027027027	87.97546012269939	84.32203389830508
