Sample	Gene	Type	Expression	Threshold	Percent difference	Mean Accuracy	Minimum Accuracy	Maximum Accuracy	Sample 1 Accuracy	Sample 2 Accuracy	Sample 3 Accuracy	Sample 4 Accuracy	Sample 5 Accuracy
TH03_0288_S01	DNER	Up	4.03650333374	3.6027765274	10.745112055639813	99.98196320436998	99.951992318771	100	100	100	100	99.951992318771	99.95782370307887
