Sample	Gene	Type	Expression	Threshold	Percent difference	Mean Accuracy	Minimum Accuracy	Maximum Accuracy	Sample 1 Accuracy	Sample 2 Accuracy	Sample 3 Accuracy	Sample 4 Accuracy	Sample 5 Accuracy
TH03_0288_S01	MUC19	Up	0.765534746363	0.597287535667	21.9777366730028	57.08613055592326	47.06666666666667	74.1962077493817	47.06666666666667	64.61324687355257	74.1962077493817	51.935483870967744	47.61904761904761
