Sample	Gene	Type	Expression	Threshold	Percent difference	Mean Accuracy	Minimum Accuracy	Maximum Accuracy	Sample 1 Accuracy	Sample 2 Accuracy	Sample 3 Accuracy	Sample 4 Accuracy	Sample 5 Accuracy
TH03_0288_S01	ZNF674-AS1	Up	3.55581615506	3.44556498528	3.1005868968537773	97.56162684578796	94.61077844311377	99.44341372912801	94.61077844311377	99.00199600798403	99.44341372912801	98.03063457330416	96.72131147540983
