Sample	Gene	Type	Expression	Threshold	Percent difference	Mean Accuracy	Minimum Accuracy	Maximum Accuracy	Sample 1 Accuracy	Sample 2 Accuracy	Sample 3 Accuracy	Sample 4 Accuracy	Sample 5 Accuracy
TH03_0288_S01	SSUH2	Up	1.93734439215	1.66861832142	13.870846702262195	97.71076572630258	97.03196347031964	99.36440677966102	97.03196347031964	97.52252252252252	99.36440677966102	97.36842105263158	97.26651480637814
