Sample	Gene	Type	Expression	Threshold	Percent difference	Mean Accuracy	Minimum Accuracy	Maximum Accuracy	Sample 1 Accuracy	Sample 2 Accuracy	Sample 3 Accuracy	Sample 4 Accuracy	Sample 5 Accuracy
TH03_0288_S01	RP11-713P17.3	Up	1.67355642399	1.52614367008	8.808352786728685	91.13117892850629	86.5296803652968	95.33898305084746	86.5296803652968	92.34234234234235	95.33898305084746	93.0622009569378	88.38268792710706
