Sample	Gene	Type	Expression	Threshold	Percent difference	Mean Accuracy	Minimum Accuracy	Maximum Accuracy	Sample 1 Accuracy	Sample 2 Accuracy	Sample 3 Accuracy	Sample 4 Accuracy	Sample 5 Accuracy
TH03_0288_S01	C12orf65	Up	5.33449676839	5.31652784348	0.3368438615705281	59.149309507937005	50.455927051671736	69.164265129683	54.310344827586206	69.164265129683	66.99507389162561	54.82093663911846	50.455927051671736
