Sample	Gene	Type	Expression	Threshold	Percent difference	Mean Accuracy	Minimum Accuracy	Maximum Accuracy	Sample 1 Accuracy	Sample 2 Accuracy	Sample 3 Accuracy	Sample 4 Accuracy	Sample 5 Accuracy
TH03_0288_S01	AC108004.2	Up	0.650764559117	0.244370207191	62.44875296795856	84.603461487729	78.34204630321136	91.68370824812543	78.58166189111748	89.46957878315132	91.68370824812543	84.94031221303948	78.34204630321136
