Sample	Gene	Type	Expression	Threshold	Percent difference	Mean Accuracy	Minimum Accuracy	Maximum Accuracy	Sample 1 Accuracy	Sample 2 Accuracy	Sample 3 Accuracy	Sample 4 Accuracy	Sample 5 Accuracy
TH03_0288_S01	CH17-224D4.1	Up	3.48284828307	2.92490530014	16.01973263211438	99.5835841862332	98.67549668874173	100	98.67549668874173	100	100	100	99.24242424242425
