Sample	Gene	Type	Expression	Threshold	Percent difference	Mean Accuracy	Minimum Accuracy	Maximum Accuracy	Sample 1 Accuracy	Sample 2 Accuracy	Sample 3 Accuracy	Sample 4 Accuracy	Sample 5 Accuracy
TH03_0288_S01	ADRA1A	Up	1.11769504267	0.776138663292	30.558995641787483	99.74967690283955	99.51456310679612	100	99.51456310679612	99.74489795918367	100	99.71671388101983	99.77220956719817
