Sample	Gene	Type	Expression	Threshold	Percent difference	Mean Accuracy	Minimum Accuracy	Maximum Accuracy	Sample 1 Accuracy	Sample 2 Accuracy	Sample 3 Accuracy	Sample 4 Accuracy	Sample 5 Accuracy
TH03_0288_S01	RP11-349H17.2	Up	0.321928094887	0.176311850548	45.23253690862637	79.96617115437087	72.83549783549783	90.990990990991	72.83549783549783	82.71604938271605	90.990990990991	79.87730061349694	73.41101694915254
