Sample	Gene	Type	Expression	Threshold	Percent difference	Mean Accuracy	Minimum Accuracy	Maximum Accuracy	Sample 1 Accuracy	Sample 2 Accuracy	Sample 3 Accuracy	Sample 4 Accuracy	Sample 5 Accuracy
TH03_0288_S01	GHET1	Up	1.20789285164	1.05079138279	13.006242121285652	97.56783153049491	96.35922330097088	99.57173447537473	96.35922330097088	98.72448979591837	99.57173447537473	96.60056657223795	96.58314350797266
