Sample	Gene	Type	Expression	Threshold	Percent difference	Mean Accuracy	Minimum Accuracy	Maximum Accuracy	Sample 1 Accuracy	Sample 2 Accuracy	Sample 3 Accuracy	Sample 4 Accuracy	Sample 5 Accuracy
TH03_0288_S01	MAPKAPK5	Up	6.07660184862	6.03868722916	0.6239444413922041	85.41696330853027	80.45977011494253	91.9431279620853	81.68316831683168	91.9431279620853	91.14391143911439	80.45977011494253	81.85483870967742
