Sample	Gene	Type	Expression	Threshold	Percent difference	Mean Accuracy	Minimum Accuracy	Maximum Accuracy	Sample 1 Accuracy	Sample 2 Accuracy	Sample 3 Accuracy	Sample 4 Accuracy	Sample 5 Accuracy
TH03_0288_S01	IL12B	Up	0.432959407276	0.256385684013	40.78297417624628	83.1842972811102	75.95907928388746	91.2928759894459	80.3030303030303	83.88888888888889	91.2928759894459	84.4776119402985	75.95907928388746
