Sample	Gene	Type	Expression	Threshold	Percent difference	Mean Accuracy	Minimum Accuracy	Maximum Accuracy	Sample 1 Accuracy	Sample 2 Accuracy	Sample 3 Accuracy	Sample 4 Accuracy	Sample 5 Accuracy
TH03_0288_S01	NCR3	Up	2.50842865253	2.21386599541	11.742915503014384	92.0332903634627	86.69950738916256	96.19952494061758	90.49773755656109	96.19952494061758	96.15384615384616	90.6158357771261	86.69950738916256
