Sample	Gene	Type	Expression	Threshold	Percent difference	Mean Accuracy	Minimum Accuracy	Maximum Accuracy	Sample 1 Accuracy	Sample 2 Accuracy	Sample 3 Accuracy	Sample 4 Accuracy	Sample 5 Accuracy
TH03_0288_S01	ISLR2	Up	2.97819562968	2.3055369854	22.58611347006361	99.89783431413079	99.82321744254567	100	99.86400725294651	99.94239631336406	100	99.85955056179775	99.82321744254567
