Sample	Gene	Type	Expression	Threshold	Percent difference	Mean Accuracy	Minimum Accuracy	Maximum Accuracy	Sample 1 Accuracy	Sample 2 Accuracy	Sample 3 Accuracy	Sample 4 Accuracy	Sample 5 Accuracy
TH03_0288_S01	MKRN1	Up	7.69780161474	7.6900806427	0.10030100055080755	53.06625071399785	43.67816091954023	66.66666666666666	53.68421052631579	66.66666666666666	50.617283950617285	43.67816091954023	50.68493150684932
