Sample	Gene	Type	Expression	Threshold	Percent difference	Mean Accuracy	Minimum Accuracy	Maximum Accuracy	Sample 1 Accuracy	Sample 2 Accuracy	Sample 3 Accuracy	Sample 4 Accuracy	Sample 5 Accuracy
TH03_0288_S01	MTND4P26	Up	0.516015147004	0.277918636799	46.14138007137887	78.8647833136577	71.41527001862198	85.7569721115538	71.41527001862198	85.7569721115538	84.60111317254174	77.90697674418605	74.64358452138494
