Sample	Gene	Type	Expression	Threshold	Percent difference	Mean Accuracy	Minimum Accuracy	Maximum Accuracy	Sample 1 Accuracy	Sample 2 Accuracy	Sample 3 Accuracy	Sample 4 Accuracy	Sample 5 Accuracy
TH03_0288_S01	RP11-23E10.6	Up	1.0071955014	0.277918636799	72.40668406355137	99.94897959183673	99.74489795918367	100	100	99.74489795918367	100	100	100
