Sample	Gene	Type	Expression	Threshold	Percent difference	Mean Accuracy	Minimum Accuracy	Maximum Accuracy	Sample 1 Accuracy	Sample 2 Accuracy	Sample 3 Accuracy	Sample 4 Accuracy	Sample 5 Accuracy
TH03_0288_S01	TRAV8-1	Up	1.32768736418	0.862374007702	35.04690705295555	98.77144531501871	97.95539033457248	99.52	98.12332439678283	99.52	99.4186046511628	98.83990719257541	97.95539033457248
