Sample	Gene	Type	Expression	Threshold	Percent difference	Mean Accuracy	Minimum Accuracy	Maximum Accuracy	Sample 1 Accuracy	Sample 2 Accuracy	Sample 3 Accuracy	Sample 4 Accuracy	Sample 5 Accuracy
TH03_0288_S01	LRIT2	Up	0.163498732283	0.071774750948	56.100729378277336	93.58375326837212	90.28797289666855	97.06819630337795	92.46926229508196	94.6983546617916	97.06819630337795	93.39498018494055	90.28797289666855
