Sample	Gene	Type	Expression	Threshold	Percent difference	Mean Accuracy	Minimum Accuracy	Maximum Accuracy	Sample 1 Accuracy	Sample 2 Accuracy	Sample 3 Accuracy	Sample 4 Accuracy	Sample 5 Accuracy
TH03_0288_S01	C7orf73	Up	6.75728999238	6.70863962173	0.7199686665047896	88.68094383723802	82.63888888888889	96.25468164794007	84.39716312056737	96.25468164794007	95.02923976608187	85.08474576271186	82.63888888888889
