Sample	Gene	Type	Expression	Threshold	Percent difference	Mean Accuracy	Minimum Accuracy	Maximum Accuracy	Sample 1 Accuracy	Sample 2 Accuracy	Sample 3 Accuracy	Sample 4 Accuracy	Sample 5 Accuracy
TH03_0288_S01	FBXO43	Up	1.97085365434	1.49479568005	24.15491242800686	99.83848428715349	99.57264957264957	100	100	100	100	99.57264957264957	99.61977186311786
