Sample	Gene	Type	Expression	Threshold	Percent difference	Mean Accuracy	Minimum Accuracy	Maximum Accuracy	Sample 1 Accuracy	Sample 2 Accuracy	Sample 3 Accuracy	Sample 4 Accuracy	Sample 5 Accuracy
TH03_0288_S01	C22orf39	Up	6.40002551791	6.35652303696	0.6797235546680477	83.67988123219891	76.86567164179104	92.77456647398844	76.86567164179104	92.77456647398844	88.9908256880734	79.88165680473372	79.88668555240793
