Sample	Gene	Type	Expression	Threshold	Percent difference	Mean Accuracy	Minimum Accuracy	Maximum Accuracy	Sample 1 Accuracy	Sample 2 Accuracy	Sample 3 Accuracy	Sample 4 Accuracy	Sample 5 Accuracy
TH03_0288_S01	GRAP2	Up	3.36597242759	3.25709009171	3.2347958345564574	98.12476286882385	96.00798403193613	99.60079840319361	96.00798403193613	99.60079840319361	99.44341372912801	98.03063457330416	97.54098360655738
