Sample	Gene	Type	Expression	Threshold	Percent difference	Mean Accuracy	Minimum Accuracy	Maximum Accuracy	Sample 1 Accuracy	Sample 2 Accuracy	Sample 3 Accuracy	Sample 4 Accuracy	Sample 5 Accuracy
TH03_0288_S01	PHACTR3	Up	3.78345665436	3.75166463852	0.8402902093080302	62.92993342969021	55.46038543897216	73.16602316602317	57.995735607675904	70	73.16602316602317	58.02752293577982	55.46038543897216
