Sample	Gene	Type	Expression	Threshold	Percent difference	Mean Accuracy	Minimum Accuracy	Maximum Accuracy	Sample 1 Accuracy	Sample 2 Accuracy	Sample 3 Accuracy	Sample 4 Accuracy	Sample 5 Accuracy
TH03_0288_S01	RS1	Up	0.124328135002	0.106960088015	13.969522656091172	59.647729764874185	50.38363171355499	69.65699208443272	54.54545454545454	63.05555555555556	69.65699208443272	60.59701492537314	50.38363171355499
