Sample	Gene	Type	Expression	Threshold	Percent difference	Mean Accuracy	Minimum Accuracy	Maximum Accuracy	Sample 1 Accuracy	Sample 2 Accuracy	Sample 3 Accuracy	Sample 4 Accuracy	Sample 5 Accuracy
TH03_0288_S01	WBP2NL	Up	2.15055967658	1.94423031807	9.594216833737072	90.96196119478215	85.78088578088578	96.59318637274549	89.40092165898618	92.98245614035088	96.59318637274549	90.0523560209424	85.78088578088578
