Sample	Gene	Type	Expression	Threshold	Percent difference	Mean Accuracy	Minimum Accuracy	Maximum Accuracy	Sample 1 Accuracy	Sample 2 Accuracy	Sample 3 Accuracy	Sample 4 Accuracy	Sample 5 Accuracy
TH03_0288_S01	RP11-61J19.3	Up	0.739848102699	0.504391551018	31.82498553717224	66.92829484769305	56.11338797814208	82.92141071924466	56.58373786407766	75.7409793814433	82.92141071924466	63.28195829555757	56.11338797814208
