Sample	Gene	Type	Expression	Threshold	Percent difference	Mean Accuracy	Minimum Accuracy	Maximum Accuracy	Sample 1 Accuracy	Sample 2 Accuracy	Sample 3 Accuracy	Sample 4 Accuracy	Sample 5 Accuracy
TH03_0288_S01	PRR19	Up	3.4944156104	3.34701871872	4.218069860989656	99.12635099559814	98.34123222748815	100	98.34123222748815	100	99.800796812749	98.81422924901186	98.67549668874173
