Sample	Gene	Type	Expression	Threshold	Percent difference	Mean Accuracy	Minimum Accuracy	Maximum Accuracy	Sample 1 Accuracy	Sample 2 Accuracy	Sample 3 Accuracy	Sample 4 Accuracy	Sample 5 Accuracy
TH03_0288_S01	SFSWAP	Up	5.92742242874	5.78954935074	2.326020789939009	99.85499392864106	99.59058341862846	100	99.79919678714859	100	100	99.59058341862846	99.88518943742825
