Sample	Gene	Type	Expression	Threshold	Percent difference	Mean Accuracy	Minimum Accuracy	Maximum Accuracy	Sample 1 Accuracy	Sample 2 Accuracy	Sample 3 Accuracy	Sample 4 Accuracy	Sample 5 Accuracy
TH03_0288_S01	ENDOG	Up	6.02525032156	5.93632459641	1.4758843268602244	98.25369580668088	96.13095238095238	100	97.5	99.42857142857143	100	98.2089552238806	96.13095238095238
