Sample	Gene	Type	Expression	Threshold	Percent difference	Mean Accuracy	Minimum Accuracy	Maximum Accuracy	Sample 1 Accuracy	Sample 2 Accuracy	Sample 3 Accuracy	Sample 4 Accuracy	Sample 5 Accuracy
TH03_0288_S01	GPR85	Up	3.04439411936	2.87853717804	5.447945792079864	99.63492784337471	98.63760217983652	100	100	100	100	98.63760217983652	99.53703703703704
