Sample	Gene	Type	Expression	Threshold	Percent difference	Mean Accuracy	Minimum Accuracy	Maximum Accuracy	Sample 1 Accuracy	Sample 2 Accuracy	Sample 3 Accuracy	Sample 4 Accuracy	Sample 5 Accuracy
TH03_0288_S01	TMED10P2	Up	0.956056652412	0.946536004543	0.9958246558904942	5.133410738565906	1.6106637045265204	8.376288659793813	6.644417475728155	8.376288659793813	1.6106637045265204	3.2638259292837715	5.771857923497268
