Sample	Gene	Type	Expression	Threshold	Percent difference	Mean Accuracy	Minimum Accuracy	Maximum Accuracy	Sample 1 Accuracy	Sample 2 Accuracy	Sample 3 Accuracy	Sample 4 Accuracy	Sample 5 Accuracy
TH03_0288_S01	LINC01586	Up	0.475084882949	0.106960088015	77.48610998711106	89.877176786389	85.86088939566704	96.17755856966707	86.60049627791562	93.2806324110672	96.17755856966707	87.46630727762803	85.86088939566704
