Sample	Gene	Type	Expression	Threshold	Percent difference	Mean Accuracy	Minimum Accuracy	Maximum Accuracy	Sample 1 Accuracy	Sample 2 Accuracy	Sample 3 Accuracy	Sample 4 Accuracy	Sample 5 Accuracy
TH03_0288_S01	RP11-430H10.2	Up	0.321928094887	0.0362440273166	88.74157680170102	93.27173733847825	90.09009009009009	96.49446494464945	90.09009009009009	95.2755905511811	96.49446494464945	92.29074889867842	92.20779220779221
