Sample	Gene	Type	Expression	Threshold	Percent difference	Mean Accuracy	Minimum Accuracy	Maximum Accuracy	Sample 1 Accuracy	Sample 2 Accuracy	Sample 3 Accuracy	Sample 4 Accuracy	Sample 5 Accuracy
TH03_0288_S01	RP1-265C24.8	Up	0.333423733725	0.289402633905	13.202749344864447	57.62487372177	49.10485933503836	67.81002638522428	50.75757575757576	61.94444444444444	67.81002638522428	58.507462686567166	49.10485933503836
