Sample	Gene	Type	Expression	Threshold	Percent difference	Mean Accuracy	Minimum Accuracy	Maximum Accuracy	Sample 1 Accuracy	Sample 2 Accuracy	Sample 3 Accuracy	Sample 4 Accuracy	Sample 5 Accuracy
TH03_0288_S01	CTD-3179P9.1	Up	0.6322682155	0.277918636799	56.044186630634144	81.9627338455565	74.98844197873325	92.1681780708986	75.6888888888889	87.3552570634553	92.1681780708986	79.61290322580645	74.98844197873325
