Sample	Gene	Type	Expression	Threshold	Percent difference	Mean Accuracy	Minimum Accuracy	Maximum Accuracy	Sample 1 Accuracy	Sample 2 Accuracy	Sample 3 Accuracy	Sample 4 Accuracy	Sample 5 Accuracy
TH03_0288_S01	SUDS3P1	Up	1.64154602909	1.60868358612	2.0019202865860204	35.16017262662884	25.339366515837103	47.30769230769231	25.339366515837103	43.942992874109265	47.30769230769231	31.378299120234605	27.832512315270936
