Sample	Gene	Type	Expression	Threshold	Percent difference	Mean Accuracy	Minimum Accuracy	Maximum Accuracy	Sample 1 Accuracy	Sample 2 Accuracy	Sample 3 Accuracy	Sample 4 Accuracy	Sample 5 Accuracy
TH03_0288_S01	RP11-177H13.2	Up	1.94485844581	1.10363090038	43.25392149965152	99.95495495495496	99.77477477477478	100	100	99.77477477477478	100	100	100
