Sample	Gene	Type	Expression	Threshold	Percent difference	Mean Accuracy	Minimum Accuracy	Maximum Accuracy	Sample 1 Accuracy	Sample 2 Accuracy	Sample 3 Accuracy	Sample 4 Accuracy	Sample 5 Accuracy
TH03_0288_S01	DBIL5P	Up	2.89336221076	1.71640825272	40.67772619905924	99.90323297801388	99.75369458128078	100	100	99.7624703087886	100	100	99.75369458128078
