Sample	Gene	Type	Expression	Threshold	Percent difference	Mean Accuracy	Minimum Accuracy	Maximum Accuracy	Sample 1 Accuracy	Sample 2 Accuracy	Sample 3 Accuracy	Sample 4 Accuracy	Sample 5 Accuracy
TH03_0288_S01	SH2D3C	Up	5.83516615722	5.72472000122	1.8927679696548527	99.39928450155107	98.51485148514851	100	98.51485148514851	100	99.63099630996311	98.85057471264368	100
