Sample	Gene	Type	Expression	Threshold	Percent difference	Mean Accuracy	Minimum Accuracy	Maximum Accuracy	Sample 1 Accuracy	Sample 2 Accuracy	Sample 3 Accuracy	Sample 4 Accuracy	Sample 5 Accuracy
TH03_0288_S01	RP11-768B22.2	Up	0.20163386117	0.141808778048	29.670156974061392	75.79405925185097	71.1864406779661	83.00751879699249	71.63531114327061	80.3076923076923	83.00751879699249	72.83333333333334	71.1864406779661
