Sample	Gene	Type	Expression	Threshold	Percent difference	Mean Accuracy	Minimum Accuracy	Maximum Accuracy	Sample 1 Accuracy	Sample 2 Accuracy	Sample 3 Accuracy	Sample 4 Accuracy	Sample 5 Accuracy
TH03_0288_S01	ADGRB1	Up	3.3909427728	3.27992367744	3.2739890584566957	97.4563192959456	95.83333333333334	99.31818181818181	97.73242630385488	98.48484848484848	99.31818181818181	95.91280653950953	95.83333333333334
