Sample	Gene	Type	Expression	Threshold	Percent difference	Mean Accuracy	Minimum Accuracy	Maximum Accuracy	Sample 1 Accuracy	Sample 2 Accuracy	Sample 3 Accuracy	Sample 4 Accuracy	Sample 5 Accuracy
TH03_0288_S01	NEUROD1	Up	0.678071905113	0.0362440273166	94.65484013667252	92.49484397503034	89.72222222222223	97.36147757255937	90.9090909090909	89.72222222222223	97.36147757255937	93.43283582089552	91.04859335038363
