Sample	Gene	Type	Expression	Threshold	Percent difference	Mean Accuracy	Minimum Accuracy	Maximum Accuracy	Sample 1 Accuracy	Sample 2 Accuracy	Sample 3 Accuracy	Sample 4 Accuracy	Sample 5 Accuracy
TH03_0288_S01	RP4-635A23.6	Up	1.03562390973	0.949019551277	8.362529837262912	92.56864589013155	89.06605922551253	97.85867237687366	89.32038834951457	95.66326530612244	97.85867237687366	90.93484419263456	89.06605922551253
