Sample	Gene	Type	Expression	Threshold	Percent difference	Mean Accuracy	Minimum Accuracy	Maximum Accuracy	Sample 1 Accuracy	Sample 2 Accuracy	Sample 3 Accuracy	Sample 4 Accuracy	Sample 5 Accuracy
TH03_0288_S01	AC005618.6	Up	2.05311133646	1.75106310844	14.711731539157324	99.1793201594741	98.60627177700349	100	98.60627177700349	100	99.28571428571429	99.14529914529915	98.85931558935361
