Sample	Gene	Type	Expression	Threshold	Percent difference	Mean Accuracy	Minimum Accuracy	Maximum Accuracy	Sample 1 Accuracy	Sample 2 Accuracy	Sample 3 Accuracy	Sample 4 Accuracy	Sample 5 Accuracy
TH03_0288_S01	RP11-16P6.1	Up	1.45417589319	1.40401721001	3.4492858405160214	75.23547419397369	66.53992395437263	83.21428571428572	70.38327526132404	82.96296296296296	83.21428571428572	73.07692307692307	66.53992395437263
