Sample	Gene	Type	Expression	Threshold	Percent difference	Mean Accuracy	Minimum Accuracy	Maximum Accuracy	Sample 1 Accuracy	Sample 2 Accuracy	Sample 3 Accuracy	Sample 4 Accuracy	Sample 5 Accuracy
TH03_0288_S01	RP11-435O5.5	Up	1.36737106565	1.3625061512	0.355785972967573	6.390633913467205	4.195804195804196	8.41683366733467	5.299539170506913	8.020050125313283	8.41683366733467	6.020942408376963	4.195804195804196
