Sample	Gene	Type	Expression	Threshold	Percent difference	Mean Accuracy	Minimum Accuracy	Maximum Accuracy	Sample 1 Accuracy	Sample 2 Accuracy	Sample 3 Accuracy	Sample 4 Accuracy	Sample 5 Accuracy
TH03_0012_S02	CTA-38K21.2	Up	0.659924558402	0.141808778048	78.51136523978009	92.97390209774105	89.90990990990991	96.30996309963099	89.90990990990991	95.07874015748031	96.30996309963099	92.29074889867842	91.28014842300557
