Sample	Gene	Type	Expression	Threshold	Percent difference	Mean Accuracy	Minimum Accuracy	Maximum Accuracy	Sample 1 Accuracy	Sample 2 Accuracy	Sample 3 Accuracy	Sample 4 Accuracy	Sample 5 Accuracy
TH03_0012_S02	CLNK	Up	0.799087306074	0.502415180206	37.12637200127498	81.11886735127975	76.8451519536903	86.01503759398497	76.8451519536903	85.53846153846155	86.01503759398497	80	77.19568567026194
