Sample	Gene	Type	Expression	Threshold	Percent difference	Mean Accuracy	Minimum Accuracy	Maximum Accuracy	Sample 1 Accuracy	Sample 2 Accuracy	Sample 3 Accuracy	Sample 4 Accuracy	Sample 5 Accuracy
TH03_0012_S02	AC226119.4	Up	0.516015147004	0.210507676005	59.20513627803097	80.19686520983049	71.89207650273224	91.36351013607332	73.39199029126213	86.05025773195877	91.36351013607332	78.28649138712602	71.89207650273224
