Sample	Gene	Type	Expression	Threshold	Percent difference	Mean Accuracy	Minimum Accuracy	Maximum Accuracy	Sample 1 Accuracy	Sample 2 Accuracy	Sample 3 Accuracy	Sample 4 Accuracy	Sample 5 Accuracy
TH03_0012_S02	NAT16	Up	1.68706068834	0.376716196537	77.67026407878227	99.94897959183673	99.74489795918367	100	100	99.74489795918367	100	100	100
