Sample	Gene	Type	Expression	Threshold	Percent difference	Mean Accuracy	Minimum Accuracy	Maximum Accuracy	Sample 1 Accuracy	Sample 2 Accuracy	Sample 3 Accuracy	Sample 4 Accuracy	Sample 5 Accuracy
TH03_0012_S02	RPL23AP87	Up	1.16349873228	0.854443788528	26.562550966116984	99.86144596454618	99.76076555023924	100	99.77168949771689	99.77477477477478	100	99.76076555023924	100
