Sample	Gene	Type	Expression	Threshold	Percent difference	Mean Accuracy	Minimum Accuracy	Maximum Accuracy	Sample 1 Accuracy	Sample 2 Accuracy	Sample 3 Accuracy	Sample 4 Accuracy	Sample 5 Accuracy
TH03_0012_S02	PABPC5	Up	2.9126498649	2.05222129822	29.54109167218907	99.83848428715349	99.57264957264957	100	100	100	100	99.57264957264957	99.61977186311786
