Sample	Gene	Type	Expression	Threshold	Percent difference	Mean Accuracy	Minimum Accuracy	Maximum Accuracy	Sample 1 Accuracy	Sample 2 Accuracy	Sample 3 Accuracy	Sample 4 Accuracy	Sample 5 Accuracy
TH03_0012_S02	AD000864.6	Up	0.925999418556	0.842145383358	9.05551704651841	43.594092329457304	37.442218798151	52.46153846153846	40.66570188133141	52.46153846153846	47.067669172932334	40.33333333333333	37.442218798151
