Sample	Gene	Type	Expression	Threshold	Percent difference	Mean Accuracy	Minimum Accuracy	Maximum Accuracy	Sample 1 Accuracy	Sample 2 Accuracy	Sample 3 Accuracy	Sample 4 Accuracy	Sample 5 Accuracy
TH03_0012_S02	RP11-290I21.2	Up	0.475084882949	0.0362440273166	92.37104176171171	83.70374398607609	77.28825136612022	92.69647320188837	78.45873786407766	88.43427835051546	92.69647320188837	81.64097914777878	77.28825136612022
