Sample	Gene	Type	Expression	Threshold	Percent difference	Mean Accuracy	Minimum Accuracy	Maximum Accuracy	Sample 1 Accuracy	Sample 2 Accuracy	Sample 3 Accuracy	Sample 4 Accuracy	Sample 5 Accuracy
TH03_0012_S02	MRPL45	Up	6.55305325277	6.50313472748	0.7617597990509097	88.44463433913226	83.10991957104558	95.94594594594594	83.80952380952381	95.94594594594594	93.95833333333333	85.39944903581267	83.10991957104558
