Sample	Gene	Type	Expression	Threshold	Percent difference	Mean Accuracy	Minimum Accuracy	Maximum Accuracy	Sample 1 Accuracy	Sample 2 Accuracy	Sample 3 Accuracy	Sample 4 Accuracy	Sample 5 Accuracy
TH02_0091_S01	RPS28P7	Down	6.15522301925	7.12026977539	15.678501869418671	97.72079772079772	92.3076923076923	100	96.29629629629629	100	100	92.3076923076923	100
