Sample	Gene	Type	Expression	Threshold	Percent difference	Mean Accuracy	Minimum Accuracy	Maximum Accuracy	Sample 1 Accuracy	Sample 2 Accuracy	Sample 3 Accuracy	Sample 4 Accuracy	Sample 5 Accuracy
TH02_0091_S01	RP11-230C9.4	Up	1.41142624573	1.26498711109	10.375259428753262	76.00420426327506	67.69436997319035	86.24031007751938	67.69436997319035	82.88	86.24031007751938	73.31786542923435	69.88847583643123
