Sample	Gene	Type	Expression	Threshold	Percent difference	Mean Accuracy	Minimum Accuracy	Maximum Accuracy	Sample 1 Accuracy	Sample 2 Accuracy	Sample 3 Accuracy	Sample 4 Accuracy	Sample 5 Accuracy
TH02_0091_S01	DNM1P46	Up	0.790772037862	0.682779431343	13.656604096798642	66.69740069889913	58.723884810841334	77.31038878266412	62.85860655737705	71.84643510054845	77.31038878266412	62.74768824306472	58.723884810841334
