Sample	Gene	Type	Expression	Threshold	Percent difference	Mean Accuracy	Minimum Accuracy	Maximum Accuracy	Sample 1 Accuracy	Sample 2 Accuracy	Sample 3 Accuracy	Sample 4 Accuracy	Sample 5 Accuracy
TH02_0091_S01	PHYHIP	Up	4.17552460109	3.82077503204	8.49592812738775	99.97236166812418	99.90398463754201	100	100	100	100	99.90398463754201	99.95782370307887
