Sample	Gene	Type	Expression	Threshold	Percent difference	Mean Accuracy	Minimum Accuracy	Maximum Accuracy	Sample 1 Accuracy	Sample 2 Accuracy	Sample 3 Accuracy	Sample 4 Accuracy	Sample 5 Accuracy
TH02_0091_S01	TERF2IP	Up	7.59126052462	7.5747294426	0.2177646514223368	84.32279168701585	77.01149425287356	94.20289855072464	83.15789473684211	94.20289855072464	86.41975308641975	77.01149425287356	80.82191780821918
