Sample	Gene	Type	Expression	Threshold	Percent difference	Mean Accuracy	Minimum Accuracy	Maximum Accuracy	Sample 1 Accuracy	Sample 2 Accuracy	Sample 3 Accuracy	Sample 4 Accuracy	Sample 5 Accuracy
TH02_0091_S01	RAPGEF4-AS1	Up	0.150559676575	0.071774750948	52.32803856864954	90.46444872313417	87.2072072072072	94.8339483394834	87.2072072072072	93.30708661417323	94.8339483394834	88.10572687224669	88.86827458256029
