Sample	Gene	Type	Expression	Threshold	Percent difference	Mean Accuracy	Minimum Accuracy	Maximum Accuracy	Sample 1 Accuracy	Sample 2 Accuracy	Sample 3 Accuracy	Sample 4 Accuracy	Sample 5 Accuracy
TH02_0091_S01	RP11-1136G4.2	Up	1.55090066465	1.08263778687	30.192963898540565	99.52571121381257	98.52216748768473	100	99.77375565610859	99.5249406175772	99.8076923076923	100	98.52216748768473
