Sample	Gene	Type	Expression	Threshold	Percent difference	Mean Accuracy	Minimum Accuracy	Maximum Accuracy	Sample 1 Accuracy	Sample 2 Accuracy	Sample 3 Accuracy	Sample 4 Accuracy	Sample 5 Accuracy
TH02_0091_S01	ZNF536	Up	1.67355642399	0.974200367928	41.78861531269046	99.9909338168631	99.95466908431551	100	99.95466908431551	100	100	100	100
