Sample	Gene	Type	Expression	Threshold	Percent difference	Mean Accuracy	Minimum Accuracy	Maximum Accuracy	Sample 1 Accuracy	Sample 2 Accuracy	Sample 3 Accuracy	Sample 4 Accuracy	Sample 5 Accuracy
TH02_0091_S01	AC005082.12	Up	1.86393845042	1.52138793468	18.377780428469258	99.25457335134668	98.7864077669903	99.78586723768737	98.7864077669903	99.74489795918367	99.78586723768737	98.86685552407933	99.08883826879271
