Sample	Gene	Type	Expression	Threshold	Percent difference	Mean Accuracy	Minimum Accuracy	Maximum Accuracy	Sample 1 Accuracy	Sample 2 Accuracy	Sample 3 Accuracy	Sample 4 Accuracy	Sample 5 Accuracy
TH02_0091_S01	CTB-33O18.1	Up	0.310340120612	0.244370207191	21.25729450994134	58.310107806222604	46.359223300970875	77.06192724243266	46.359223300970875	65.36726804123711	77.06192724243266	55.938349954669086	46.82377049180328
