Sample	Gene	Type	Expression	Threshold	Percent difference	Mean Accuracy	Minimum Accuracy	Maximum Accuracy	Sample 1 Accuracy	Sample 2 Accuracy	Sample 3 Accuracy	Sample 4 Accuracy	Sample 5 Accuracy
TH02_0091_S01	RP11-88H9.2	Up	2.23266075679	1.11889278889	49.8852306385013	99.90043590251635	99.74489795918367	100	99.75728155339806	99.74489795918367	100	100	100
