Sample	Gene	Type	Expression	Threshold	Percent difference	Mean Accuracy	Minimum Accuracy	Maximum Accuracy	Sample 1 Accuracy	Sample 2 Accuracy	Sample 3 Accuracy	Sample 4 Accuracy	Sample 5 Accuracy
TH02_0091_S01	RP11-295P9.8	Up	0.53605290024	0.32233402133	39.86899032060351	80.65724033293257	72.06385404789054	93.21824907521578	76.05459057071961	84.32147562582345	93.21824907521578	77.62803234501348	72.06385404789054
