Sample	Gene	Type	Expression	Threshold	Percent difference	Mean Accuracy	Minimum Accuracy	Maximum Accuracy	Sample 1 Accuracy	Sample 2 Accuracy	Sample 3 Accuracy	Sample 4 Accuracy	Sample 5 Accuracy
TH02_0091_S01	IL10	Up	2.8052924556	2.30062127113	17.989966909245492	97.76073602919656	95.8128078817734	99.03846153846155	96.60633484162896	98.812351543943	99.03846153846155	98.53372434017595	95.8128078817734
