Sample	Gene	Type	Expression	Threshold	Percent difference	Mean Accuracy	Minimum Accuracy	Maximum Accuracy	Sample 1 Accuracy	Sample 2 Accuracy	Sample 3 Accuracy	Sample 4 Accuracy	Sample 5 Accuracy
TH02_0091_S01	RP11-687F6.5	Up	0.400537929584	0.301226705313	24.79446188133667	73.86372347030289	66.30630630630631	81.10236220472441	66.30630630630631	81.10236220472441	79.15129151291514	74.66960352422907	68.08905380333951
