Sample	Gene	Type	Expression	Threshold	Percent difference	Mean Accuracy	Minimum Accuracy	Maximum Accuracy	Sample 1 Accuracy	Sample 2 Accuracy	Sample 3 Accuracy	Sample 4 Accuracy	Sample 5 Accuracy
TH02_0091_S01	NDRG2	Up	9.30266176913	9.26876354218	0.36439277049163554	93.332630742913	89.0909090909091	97.84946236559139	89.0909090909091	97.84946236559139	96.09375	91.12903225806451	92.5
