Sample	Gene	Type	Expression	Threshold	Percent difference	Mean Accuracy	Minimum Accuracy	Maximum Accuracy	Sample 1 Accuracy	Sample 2 Accuracy	Sample 3 Accuracy	Sample 4 Accuracy	Sample 5 Accuracy
TH02_0085_S01	RP13-36G14.4	Up	2.86591881455	2.81327176094	1.8370043611394624	26.39163317686602	20.14388489208633	34.79809976247031	21.68284789644013	33.33333333333333	34.79809976247031	20.14388489208633	22
