Sample	Gene	Type	Expression	Threshold	Percent difference	Mean Accuracy	Minimum Accuracy	Maximum Accuracy	Sample 1 Accuracy	Sample 2 Accuracy	Sample 3 Accuracy	Sample 4 Accuracy	Sample 5 Accuracy
TH02_0085_S01	CTD-2377O17.1	Up	1.96347412397	0.695743739605	64.56567819705934	99.94897959183673	99.74489795918367	100	100	99.74489795918367	100	100	100
