Sample	Gene	Type	Expression	Threshold	Percent difference	Mean Accuracy	Minimum Accuracy	Maximum Accuracy	Sample 1 Accuracy	Sample 2 Accuracy	Sample 3 Accuracy	Sample 4 Accuracy	Sample 5 Accuracy
TH02_0085_S01	IQUB	Up	1.29278174923	1.21872115135	5.728778111549885	88.20852871372207	83.27526132404182	93.21428571428572	83.27526132404182	92.96296296296296	93.21428571428572	87.17948717948718	84.4106463878327
