Sample	Gene	Type	Expression	Threshold	Percent difference	Mean Accuracy	Minimum Accuracy	Maximum Accuracy	Sample 1 Accuracy	Sample 2 Accuracy	Sample 3 Accuracy	Sample 4 Accuracy	Sample 5 Accuracy
TH02_0085_S01	RAB3A	Up	5.03474394932	5.0346698761	0.0014712410550772705	0.4346132732486641	0.22935779816513763	0.8670520231213872	0.4975124378109453	0.8670520231213872	0.22935779816513763	0.2958579881656805	0.28328611898017
