Sample	Gene	Type	Expression	Threshold	Percent difference	Mean Accuracy	Minimum Accuracy	Maximum Accuracy	Sample 1 Accuracy	Sample 2 Accuracy	Sample 3 Accuracy	Sample 4 Accuracy	Sample 5 Accuracy
TH02_0085_S01	RP11-104H15.10	Up	0.575312330687	0.504391551018	12.327352619804115	64.9112314327544	56.57820440429136	75.52581261950286	60.809426229508205	70.81048141377208	75.52581261950286	60.83223249669749	56.57820440429136
