Sample	Gene	Type	Expression	Threshold	Percent difference	Mean Accuracy	Minimum Accuracy	Maximum Accuracy	Sample 1 Accuracy	Sample 2 Accuracy	Sample 3 Accuracy	Sample 4 Accuracy	Sample 5 Accuracy
TH02_0085_S01	ZNF713	Up	3.61117238004	3.47462511063	3.7812448434956125	99.24112356035636	98.22859552931253	99.86876640419948	99.6847083552286	99.57573186253713	99.86876640419948	98.84781565050407	98.22859552931253
