Sample	Gene	Type	Expression	Threshold	Percent difference	Mean Accuracy	Minimum Accuracy	Maximum Accuracy	Sample 1 Accuracy	Sample 2 Accuracy	Sample 3 Accuracy	Sample 4 Accuracy	Sample 5 Accuracy
TH02_0085_S01	CXorf57	Up	4.45811948117	4.21617603302	5.427029247912924	99.76876451854677	99.49388443694643	99.95625546806649	99.9474513925381	99.83029274501484	99.95625546806649	99.61593855016802	99.49388443694643
