Sample	Gene	Type	Expression	Threshold	Percent difference	Mean Accuracy	Minimum Accuracy	Maximum Accuracy	Sample 1 Accuracy	Sample 2 Accuracy	Sample 3 Accuracy	Sample 4 Accuracy	Sample 5 Accuracy
TH02_0085_S01	RP4-621B10.8	Up	1.94485844581	0.661560535431	65.98412923797795	99.90325464009675	99.74937343358395	100	100	99.74937343358395	100	100	99.76689976689977
