Sample	Gene	Type	Expression	Threshold	Percent difference	Mean Accuracy	Minimum Accuracy	Maximum Accuracy	Sample 1 Accuracy	Sample 2 Accuracy	Sample 3 Accuracy	Sample 4 Accuracy	Sample 5 Accuracy
TH02_0085_S01	RP11-1212A22.1	Up	6.87897051015	6.79373168945	1.2391217635579193	96.79089377821697	95.13677811550151	99.01477832512316	95.6896551724138	97.69452449567724	99.01477832512316	96.41873278236915	95.13677811550151
