Sample	Gene	Type	Expression	Threshold	Percent difference	Mean Accuracy	Minimum Accuracy	Maximum Accuracy	Sample 1 Accuracy	Sample 2 Accuracy	Sample 3 Accuracy	Sample 4 Accuracy	Sample 5 Accuracy
TH02_0085_S01	RP11-108M9.3	Up	0.978195629682	0.937425613403	4.167879618543569	28.695252736899885	20.86659064994299	36.99136868064119	26.178660049627787	35.046113306982875	36.99136868064119	24.393530997304584	20.86659064994299
