Sample	Gene	Type	Expression	Threshold	Percent difference	Mean Accuracy	Minimum Accuracy	Maximum Accuracy	Sample 1 Accuracy	Sample 2 Accuracy	Sample 3 Accuracy	Sample 4 Accuracy	Sample 5 Accuracy
TH02_0085_S01	RP11-338K17.6	Up	1.40053792958	0.950036764145	32.166295244149396	98.52227452488907	97.72117962466488	99.52	97.72117962466488	99.52	99.2248062015504	98.37587006960557	97.76951672862454
