Sample	Gene	Type	Expression	Threshold	Percent difference	Mean Accuracy	Minimum Accuracy	Maximum Accuracy	Sample 1 Accuracy	Sample 2 Accuracy	Sample 3 Accuracy	Sample 4 Accuracy	Sample 5 Accuracy
TH02_0085_S01	CYP2G1P	Up	0.356143810225	0.141808778048	60.18215844930456	90.92258665945353	88.10810810810811	95.01845018450184	88.10810810810811	93.7007874015748	95.01845018450184	88.54625550660793	89.23933209647495
