Sample	Gene	Type	Expression	Threshold	Percent difference	Mean Accuracy	Minimum Accuracy	Maximum Accuracy	Sample 1 Accuracy	Sample 2 Accuracy	Sample 3 Accuracy	Sample 4 Accuracy	Sample 5 Accuracy
TH02_0085_S01	ADAMTS19	Up	0.992768430769	0.441114872694	55.567193816556816	93.57350736673278	90.28797289666855	97.06819630337795	92.41803278688525	94.6983546617916	97.06819630337795	93.39498018494055	90.28797289666855
