Sample	Gene	Type	Expression	Threshold	Percent difference	Mean Accuracy	Minimum Accuracy	Maximum Accuracy	Sample 1 Accuracy	Sample 2 Accuracy	Sample 3 Accuracy	Sample 4 Accuracy	Sample 5 Accuracy
TH02_0085_S01	GLRA2	Up	0.526068811668	0.106960088015	79.66804234680575	95.45268271984608	93.39356295878035	98.08795411089865	94.56967213114754	96.09993906154783	98.08795411089865	95.112285336856	93.39356295878035
