Sample	Gene	Type	Expression	Threshold	Percent difference	Mean Accuracy	Minimum Accuracy	Maximum Accuracy	Sample 1 Accuracy	Sample 2 Accuracy	Sample 3 Accuracy	Sample 4 Accuracy	Sample 5 Accuracy
TH02_0085_S01	KCTD6	Up	5.42592920521	5.3571805954	1.2670384594031816	96.89893049799393	94.67455621301775	98.85321100917432	95.52238805970148	98.84393063583815	98.85321100917432	94.67455621301775	96.60056657223795
