Sample	Gene	Type	Expression	Threshold	Percent difference	Mean Accuracy	Minimum Accuracy	Maximum Accuracy	Sample 1 Accuracy	Sample 2 Accuracy	Sample 3 Accuracy	Sample 4 Accuracy	Sample 5 Accuracy
TH02_0085_S01	PRKXP1	Up	1.84799690655	1.53636002541	16.863495822717066	97.22643070389817	95.07389162561576	98.84615384615385	95.92760180995475	98.33729216152018	98.84615384615385	97.94721407624634	95.07389162561576
