Sample	Gene	Type	Expression	Threshold	Percent difference	Mean Accuracy	Minimum Accuracy	Maximum Accuracy	Sample 1 Accuracy	Sample 2 Accuracy	Sample 3 Accuracy	Sample 4 Accuracy	Sample 5 Accuracy
TH02_0085_S01	AC087163.2	Up	1.26903314646	0.769658267498	39.35081446493488	99.57202527440515	99.1869918699187	100	99.35275080906149	99.1869918699187	100	99.52038369304557	99.8
