Sample	Gene	Type	Expression	Threshold	Percent difference	Mean Accuracy	Minimum Accuracy	Maximum Accuracy	Sample 1 Accuracy	Sample 2 Accuracy	Sample 3 Accuracy	Sample 4 Accuracy	Sample 5 Accuracy
TH02_0085_S01	UCP3	Up	2.09423606985	2.06268668175	1.5064867115128964	36.009225267419595	27.10706150341686	45.610278372591004	29.85436893203883	42.3469387755102	45.610278372591004	35.12747875354108	27.10706150341686
