Sample	Gene	Type	Expression	Threshold	Percent difference	Mean Accuracy	Minimum Accuracy	Maximum Accuracy	Sample 1 Accuracy	Sample 2 Accuracy	Sample 3 Accuracy	Sample 4 Accuracy	Sample 5 Accuracy
TH02_0085_S01	IGFBP7-AS1	Up	1.97085365434	0.523526370525	73.43656798808237	99.92698713394901	99.79674796747967	100	99.83818770226537	99.79674796747967	100	100	100
