Sample	Gene	Type	Expression	Threshold	Percent difference	Mean Accuracy	Minimum Accuracy	Maximum Accuracy	Sample 1 Accuracy	Sample 2 Accuracy	Sample 3 Accuracy	Sample 4 Accuracy	Sample 5 Accuracy
TH02_0085_S01	DTX1	Up	5.42223300068	5.38162469864	0.748922114466643	89.84655764034778	84.72222222222221	96.25468164794007	85.81560283687944	96.25468164794007	95.32163742690058	87.11864406779661	84.72222222222221
