Sample	Gene	Type	Expression	Threshold	Percent difference	Mean Accuracy	Minimum Accuracy	Maximum Accuracy	Sample 1 Accuracy	Sample 2 Accuracy	Sample 3 Accuracy	Sample 4 Accuracy	Sample 5 Accuracy
TH02_0085_S01	STXBP5-AS1	Up	1.76977173925	1.44817435741	18.171687043453854	98.47971718293292	97.23502304147466	99.79959919839679	97.23502304147466	99.49874686716792	99.79959919839679	98.42931937172776	97.43589743589743
