Sample	Gene	Type	Expression	Threshold	Percent difference	Mean Accuracy	Minimum Accuracy	Maximum Accuracy	Sample 1 Accuracy	Sample 2 Accuracy	Sample 3 Accuracy	Sample 4 Accuracy	Sample 5 Accuracy
TH02_0085_S01	YPEL4	Up	3.38266725275	3.14061713219	7.155599486269927	99.91525271729382	99.78118161925602	100	100	100	100	99.78118161925602	99.79508196721312
