Sample	Gene	Type	Expression	Threshold	Percent difference	Mean Accuracy	Minimum Accuracy	Maximum Accuracy	Sample 1 Accuracy	Sample 2 Accuracy	Sample 3 Accuracy	Sample 4 Accuracy	Sample 5 Accuracy
TH02_0085_S01	RP11-797H7.5	Up	2.09423606985	1.1753102541	43.878807598601725	99.90323297801388	99.75369458128078	100	100	99.7624703087886	100	100	99.75369458128078
