Sample	Gene	Type	Expression	Threshold	Percent difference	Mean Accuracy	Minimum Accuracy	Maximum Accuracy	Sample 1 Accuracy	Sample 2 Accuracy	Sample 3 Accuracy	Sample 4 Accuracy	Sample 5 Accuracy
TH02_0085_S01	AC011530.4	Up	1.50080205306	0.89061820507	40.65718372025746	99.24882208158384	98.51301115241635	99.76798143851508	98.92761394101876	99.52	99.51550387596899	99.76798143851508	98.51301115241635
