Sample	Gene	Type	Expression	Threshold	Percent difference	Mean Accuracy	Minimum Accuracy	Maximum Accuracy	Sample 1 Accuracy	Sample 2 Accuracy	Sample 3 Accuracy	Sample 4 Accuracy	Sample 5 Accuracy
TH01_0126_S01	LYRM4	Down	2.9126498649	3.04876351357	4.673189534735685	75.13195765818551	65.98173515981736	83.05084745762711	65.98173515981736	82.65765765765765	83.05084745762711	76.31578947368422	67.65375854214123
