Sample	Gene	Type	Expression	Threshold	Percent difference	Mean Accuracy	Minimum Accuracy	Maximum Accuracy	Sample 1 Accuracy	Sample 2 Accuracy	Sample 3 Accuracy	Sample 4 Accuracy	Sample 5 Accuracy
TH01_0126_S01	UBE2N	Down	4.42827641439	4.49843740463	1.5843859703971195	82.9754665291437	77.48815165876776	90.30837004405286	77.48815165876776	90.30837004405286	89.44223107569721	79.05138339920948	78.58719646799118
