Sample	Gene	Type	Expression	Threshold	Percent difference	Mean Accuracy	Minimum Accuracy	Maximum Accuracy	Sample 1 Accuracy	Sample 2 Accuracy	Sample 3 Accuracy	Sample 4 Accuracy	Sample 5 Accuracy
TH01_0126_S01	TACC2	Down	0.823749360308	1.0328117609	25.37937031159959	73.15345786007886	67.95069337442219	80.45112781954887	68.59623733719248	78.76923076923077	80.45112781954887	70	67.95069337442219
