Sample	Gene	Type	Expression	Threshold	Percent difference	Mean Accuracy	Minimum Accuracy	Maximum Accuracy	Sample 1 Accuracy	Sample 2 Accuracy	Sample 3 Accuracy	Sample 4 Accuracy	Sample 5 Accuracy
TH01_0126_S01	TRIM39	Down	0.933572638261	1.42588555813	52.734291868927244	90.46444872313417	87.2072072072072	94.8339483394834	87.2072072072072	93.30708661417323	94.8339483394834	88.10572687224669	88.86827458256029
