Sample	Gene	Type	Expression	Threshold	Percent difference	Mean Accuracy	Minimum Accuracy	Maximum Accuracy	Sample 1 Accuracy	Sample 2 Accuracy	Sample 3 Accuracy	Sample 4 Accuracy	Sample 5 Accuracy
TH01_0126_S01	FDX1	Down	1.50080205306	1.53299987316	2.1453742040365493	66.42280763746416	55.56865055981143	75.82710779082177	63.417951042611065	74.30875576036865	75.82710779082177	62.99157303370787	55.56865055981143
