Sample	Gene	Type	Expression	Threshold	Percent difference	Mean Accuracy	Minimum Accuracy	Maximum Accuracy	Sample 1 Accuracy	Sample 2 Accuracy	Sample 3 Accuracy	Sample 4 Accuracy	Sample 5 Accuracy
TH01_0126_S01	MCAM	Down	1.26903314646	1.40116393566	10.411925769518493	96.66284084145748	94.6927374301676	99.50372208436724	96.59685863874346	97.25274725274726	99.50372208436724	95.26813880126183	94.6927374301676
