Sample	Gene	Type	Expression	Threshold	Percent difference	Mean Accuracy	Minimum Accuracy	Maximum Accuracy	Sample 1 Accuracy	Sample 2 Accuracy	Sample 3 Accuracy	Sample 4 Accuracy	Sample 5 Accuracy
TH01_0126_S01	RFXANK	Down	3.92124588859	4.32201385498	10.220424267607143	99.661969137296	99.19028340080972	100	99.19028340080972	99.52606635071089	100	99.59349593495935	100
