Sample	Gene	Type	Expression	Threshold	Percent difference	Mean Accuracy	Minimum Accuracy	Maximum Accuracy	Sample 1 Accuracy	Sample 2 Accuracy	Sample 3 Accuracy	Sample 4 Accuracy	Sample 5 Accuracy
TH01_0126_S01	FZR1	Down	2.68929916054	2.73471617699	1.6888049167754369	42.83693102123804	33.24022346368715	52.74725274725275	35.07853403141361	52.74725274725275	52.10918114143921	41.00946372239748	33.24022346368715
