Sample	Gene	Type	Expression	Threshold	Percent difference	Mean Accuracy	Minimum Accuracy	Maximum Accuracy	Sample 1 Accuracy	Sample 2 Accuracy	Sample 3 Accuracy	Sample 4 Accuracy	Sample 5 Accuracy
TH01_0126_S01	C10orf71	Up	0.0565835283664	0.0362440273166	35.94597515745916	87.6139948678739	82.43929983060417	94.0089228808158	85.45081967213115	90.37172455819622	94.0089228808158	85.79920739762218	82.43929983060417
