Sample	Gene	Type	Expression	Threshold	Percent difference	Mean Accuracy	Minimum Accuracy	Maximum Accuracy	Sample 1 Accuracy	Sample 2 Accuracy	Sample 3 Accuracy	Sample 4 Accuracy	Sample 5 Accuracy
TH01_0126_S01	TRMT2A	Down	2.91456452349	3.11678004265	6.938104047113695	86.4277538014337	80.36529680365297	93.00847457627118	80.36529680365297	89.1891891891892	93.00847457627118	87.79904306220095	81.77676537585421
