Sample	Gene	Type	Expression	Threshold	Percent difference	Mean Accuracy	Minimum Accuracy	Maximum Accuracy	Sample 1 Accuracy	Sample 2 Accuracy	Sample 3 Accuracy	Sample 4 Accuracy	Sample 5 Accuracy
TH01_0126_S01	C1orf50	Down	1.84398384405	2.36095333099	28.035467263344543	99.42894419182645	98.27586206896551	100	99.77375565610859	99.2874109263658	99.8076923076923	100	98.27586206896551
