Sample	Gene	Type	Expression	Threshold	Percent difference	Mean Accuracy	Minimum Accuracy	Maximum Accuracy	Sample 1 Accuracy	Sample 2 Accuracy	Sample 3 Accuracy	Sample 4 Accuracy	Sample 5 Accuracy
TH01_0126_S01	RCN2	Down	2.35332329116	3.21137332916	36.46120536108109	99.85189221319595	99.51456310679612	100	99.51456310679612	99.74489795918367	100	100	100
