Sample	Gene	Type	Expression	Threshold	Percent difference	Mean Accuracy	Minimum Accuracy	Maximum Accuracy	Sample 1 Accuracy	Sample 2 Accuracy	Sample 3 Accuracy	Sample 4 Accuracy	Sample 5 Accuracy
TH01_0126_S01	DNAJC21	Down	2.48542682717	2.67072916031	7.455553754965793	93.95683709132736	90.84967320261438	97.67441860465115	92.02453987730061	96.72619047619048	97.67441860465115	92.50936329588015	90.84967320261438
