Sample	Gene	Type	Expression	Threshold	Percent difference	Mean Accuracy	Minimum Accuracy	Maximum Accuracy	Sample 1 Accuracy	Sample 2 Accuracy	Sample 3 Accuracy	Sample 4 Accuracy	Sample 5 Accuracy
TH01_0126_S01	CH507-9B2.5	Down	0.565597175854	0.645196080208	14.073426769469435	59.69823481537924	50.38363171355499	69.65699208443272	54.7979797979798	63.05555555555556	69.65699208443272	60.59701492537314	50.38363171355499
