Sample	Gene	Type	Expression	Threshold	Percent difference	Mean Accuracy	Minimum Accuracy	Maximum Accuracy	Sample 1 Accuracy	Sample 2 Accuracy	Sample 3 Accuracy	Sample 4 Accuracy	Sample 5 Accuracy
TH01_0126_S01	SFPQ	Down	5.62439338222	5.62786102295	0.06165359522970576	14.636901182440281	9.66183574879227	18.30985915492958	16.071428571428573	16.38418079096045	18.30985915492958	12.757201646090536	9.66183574879227
