Sample	Gene	Type	Expression	Threshold	Percent difference	Mean Accuracy	Minimum Accuracy	Maximum Accuracy	Sample 1 Accuracy	Sample 2 Accuracy	Sample 3 Accuracy	Sample 4 Accuracy	Sample 5 Accuracy
TH01_0126_S01	CALU	Down	2.13750352375	3.00567913055	40.616335699736645	99.83848428715349	99.57264957264957	100	100	100	100	99.57264957264957	99.61977186311786
