Sample	Gene	Type	Expression	Threshold	Percent difference	Mean Accuracy	Minimum Accuracy	Maximum Accuracy	Sample 1 Accuracy	Sample 2 Accuracy	Sample 3 Accuracy	Sample 4 Accuracy	Sample 5 Accuracy
TH01_0126_S01	GPR52	Up	0.321928094887	0.141808778048	55.95017014660485	83.08487475855122	75.72815533980582	91.13837764144512	76.57593123209169	88.14352574102963	91.13837764144512	83.83838383838383	75.72815533980582
