Sample	Gene	Type	Expression	Threshold	Percent difference	Mean Accuracy	Minimum Accuracy	Maximum Accuracy	Sample 1 Accuracy	Sample 2 Accuracy	Sample 3 Accuracy	Sample 4 Accuracy	Sample 5 Accuracy
TH01_0126_S01	FAM129B	Down	0.641546029088	2.34568619728	265.6302261919613	99.95605225545185	99.84631147540983	100	99.84631147540983	100	100	99.93394980184941	100
