Sample	Gene	Type	Expression	Threshold	Percent difference	Mean Accuracy	Minimum Accuracy	Maximum Accuracy	Sample 1 Accuracy	Sample 2 Accuracy	Sample 3 Accuracy	Sample 4 Accuracy	Sample 5 Accuracy
TH01_0126_S01	ATP8A2P2	Up	0.214124805353	0.176311850548	17.659306096116538	57.99913620048104	45.1271186440678	75.33783783783784	48.701298701298704	66.10549943883277	75.33783783783784	54.72392638036809	45.1271186440678
