Sample	Gene	Type	Expression	Threshold	Percent difference	Mean Accuracy	Minimum Accuracy	Maximum Accuracy	Sample 1 Accuracy	Sample 2 Accuracy	Sample 3 Accuracy	Sample 4 Accuracy	Sample 5 Accuracy
TH01_0126_S01	SETD6	Down	1.40599235968	1.42793154716	1.5604058819347655	36.825650989942666	30.136986301369863	45.33898305084746	30.136986301369863	40.090090090090094	45.33898305084746	38.038277511961724	30.52391799544419
