Sample	Gene	Type	Expression	Threshold	Percent difference	Mean Accuracy	Minimum Accuracy	Maximum Accuracy	Sample 1 Accuracy	Sample 2 Accuracy	Sample 3 Accuracy	Sample 4 Accuracy	Sample 5 Accuracy
TH01_0126_S01	AP2A2	Down	3.05831649559	3.19556236267	4.487627990036487	99.21408758149681	97.54098360655738	100	99.69969969969969	99.75	100	99.079754601227	97.54098360655738
