Sample	Gene	Type	Expression	Threshold	Percent difference	Mean Accuracy	Minimum Accuracy	Maximum Accuracy	Sample 1 Accuracy	Sample 2 Accuracy	Sample 3 Accuracy	Sample 4 Accuracy	Sample 5 Accuracy
TH01_0126_S01	IFITM3	Down	5.1866590172	5.23555421829	0.9427109229246302	90.99678741132719	84.4155844155844	97.30941704035875	84.4155844155844	96.66666666666667	97.30941704035875	86.63793103448276	89.95433789954338
