Sample	Gene	Type	Expression	Threshold	Percent difference	Mean Accuracy	Minimum Accuracy	Maximum Accuracy	Sample 1 Accuracy	Sample 2 Accuracy	Sample 3 Accuracy	Sample 4 Accuracy	Sample 5 Accuracy
TH01_0126_S01	TMEM53	Down	1.11769504267	1.50822365284	34.94053344256476	99.71103847929419	99.06759906759906	100	100	99.74937343358395	100	99.73821989528795	99.06759906759906
