Sample	Gene	Type	Expression	Threshold	Percent difference	Mean Accuracy	Minimum Accuracy	Maximum Accuracy	Sample 1 Accuracy	Sample 2 Accuracy	Sample 3 Accuracy	Sample 4 Accuracy	Sample 5 Accuracy
TH01_0126_S01	TRAPPC13	Down	1.73118324157	1.8325933218	5.85784784619517	84.91866860016712	79.95444191343964	92.71948608137045	80.33980582524272	88.01020408163265	92.71948608137045	83.56940509915015	79.95444191343964
