Sample	Gene	Type	Expression	Threshold	Percent difference	Mean Accuracy	Minimum Accuracy	Maximum Accuracy	Sample 1 Accuracy	Sample 2 Accuracy	Sample 3 Accuracy	Sample 4 Accuracy	Sample 5 Accuracy
TH01_0126_S01	HPS1	Down	3.19219416528	3.21799850464	0.8083574502034289	61.290134208896376	53.53319057815846	71.62162162162163	56.50319829424307	68.60000000000001	71.62162162162163	56.19266055045872	53.53319057815846
