Sample	Gene	Type	Expression	Threshold	Percent difference	Mean Accuracy	Minimum Accuracy	Maximum Accuracy	Sample 1 Accuracy	Sample 2 Accuracy	Sample 3 Accuracy	Sample 4 Accuracy	Sample 5 Accuracy
TH01_0126_S01	CYTH2	Down	2.55581615506	3.88915777206	52.16891732843353	99.90043590251635	99.74489795918367	100	99.75728155339806	99.74489795918367	100	100	100
