Sample	Gene	Type	Expression	Threshold	Percent difference	Mean Accuracy	Minimum Accuracy	Maximum Accuracy	Sample 1 Accuracy	Sample 2 Accuracy	Sample 3 Accuracy	Sample 4 Accuracy	Sample 5 Accuracy
TH01_0126_S01	RMND1	Down	1.67355642399	1.89250671864	13.08293473177264	97.61637521981531	96.58314350797266	99.57173447537473	96.60194174757282	98.72448979591837	99.57173447537473	96.60056657223795	96.58314350797266
