Sample	Gene	Type	Expression	Threshold	Percent difference	Mean Accuracy	Minimum Accuracy	Maximum Accuracy	Sample 1 Accuracy	Sample 2 Accuracy	Sample 3 Accuracy	Sample 4 Accuracy	Sample 5 Accuracy
TH01_0126_S01	HSDL2	Down	1.65076455912	1.87108230591	13.346406401373695	98.57867582457214	97.90940766550523	100	97.90940766550523	100	98.21428571428571	98.29059829059828	98.47908745247148
