Sample	Gene	Type	Expression	Threshold	Percent difference	Mean Accuracy	Minimum Accuracy	Maximum Accuracy	Sample 1 Accuracy	Sample 2 Accuracy	Sample 3 Accuracy	Sample 4 Accuracy	Sample 5 Accuracy
TH01_0126_S01	COA1	Down	3.4659744645	3.65245175362	5.380226860583668	99.63008057292595	99.01185770750988	100	100	100	99.800796812749	99.01185770750988	99.33774834437085
