Sample	Gene	Type	Expression	Threshold	Percent difference	Mean Accuracy	Minimum Accuracy	Maximum Accuracy	Sample 1 Accuracy	Sample 2 Accuracy	Sample 3 Accuracy	Sample 4 Accuracy	Sample 5 Accuracy
TH01_0126_S01	BTF3	Down	7.53091348353	7.54725551605	0.2169993395321786	76.09010619730896	66.95652173913044	88.66666666666667	68.61313868613139	88.66666666666667	86.11111111111111	66.95652173913044	70.10309278350515
