Sample	Gene	Type	Expression	Threshold	Percent difference	Mean Accuracy	Minimum Accuracy	Maximum Accuracy	Sample 1 Accuracy	Sample 2 Accuracy	Sample 3 Accuracy	Sample 4 Accuracy	Sample 5 Accuracy
TH01_0126_S01	WDR75	Down	2.33628338786	2.46900081635	5.680707622184783	89.24653341057252	83.00653594771242	94.04761904761905	86.80981595092024	94.04761904761905	93.6046511627907	88.76404494382022	83.00653594771242
