Sample	Gene	Type	Expression	Threshold	Percent difference	Mean Accuracy	Minimum Accuracy	Maximum Accuracy	Sample 1 Accuracy	Sample 2 Accuracy	Sample 3 Accuracy	Sample 4 Accuracy	Sample 5 Accuracy
TH03_0114_S01	DMGDH	Up	3.26153081524	3.06888580322	5.906582612061693	99.82936068926213	99.4535519125683	100	100	100	100	99.69325153374233	99.4535519125683
