Sample	Gene	Type	Expression	Threshold	Percent difference	Mean Accuracy	Minimum Accuracy	Maximum Accuracy	Sample 1 Accuracy	Sample 2 Accuracy	Sample 3 Accuracy	Sample 4 Accuracy	Sample 5 Accuracy
TH03_0114_S01	RP11-498P14.3	Up	0.985500430305	0.89061820507	9.62782179665159	22.581520879687684	14.912524298805888	31.894329896907216	21.723300970873787	31.894329896907216	14.912524298805888	22.212148685403445	22.165300546448087
