Sample	Gene	Type	Expression	Threshold	Percent difference	Mean Accuracy	Minimum Accuracy	Maximum Accuracy	Sample 1 Accuracy	Sample 2 Accuracy	Sample 3 Accuracy	Sample 4 Accuracy	Sample 5 Accuracy
TH03_0114_S01	PNPLA5	Up	0.111031312389	0.106960088015	3.6667353437527686	25.222009613703143	19.385593220338983	34.346846846846844	20.346320346320347	30.190796857463525	34.346846846846844	21.84049079754601	19.385593220338983
