Sample	Gene	Type	Expression	Threshold	Percent difference	Mean Accuracy	Minimum Accuracy	Maximum Accuracy	Sample 1 Accuracy	Sample 2 Accuracy	Sample 3 Accuracy	Sample 4 Accuracy	Sample 5 Accuracy
TH03_0114_S01	AC073842.19	Up	1.99638874645	0.6579002738	67.04548275129854	99.74471699859843	99.44237918215613	100	99.73190348525469	99.83999999999999	99.70930232558139	100	99.44237918215613
