Sample	Gene	Type	Expression	Threshold	Percent difference	Mean Accuracy	Minimum Accuracy	Maximum Accuracy	Sample 1 Accuracy	Sample 2 Accuracy	Sample 3 Accuracy	Sample 4 Accuracy	Sample 5 Accuracy
TH03_0114_S01	TUBA8	Up	3.98732086593	3.6967291832	7.287893111712812	99.88657519504977	99.62335216572504	100	100	100	100	99.80952380952381	99.62335216572504
