Sample	Gene	Type	Expression	Threshold	Percent difference	Mean Accuracy	Minimum Accuracy	Maximum Accuracy	Sample 1 Accuracy	Sample 2 Accuracy	Sample 3 Accuracy	Sample 4 Accuracy	Sample 5 Accuracy
TH03_0114_S01	ZNF385B	Up	3.82984955984	3.69543862343	3.5095617806882062	98.64858026254115	98.07280513918629	99	98.93390191897655	99	98.84169884169884	98.39449541284404	98.07280513918629
