Sample	Gene	Type	Expression	Threshold	Percent difference	Mean Accuracy	Minimum Accuracy	Maximum Accuracy	Sample 1 Accuracy	Sample 2 Accuracy	Sample 3 Accuracy	Sample 4 Accuracy	Sample 5 Accuracy
TH03_0114_S01	RP11-130L8.1	Up	3.30597052098	2.79942631721	15.322102860730993	99.91902834008097	99.59514170040485	100	99.59514170040485	100	100	100	100
