Sample	Gene	Type	Expression	Threshold	Percent difference	Mean Accuracy	Minimum Accuracy	Maximum Accuracy	Sample 1 Accuracy	Sample 2 Accuracy	Sample 3 Accuracy	Sample 4 Accuracy	Sample 5 Accuracy
TH03_0114_S01	RP1-197B17.4	Up	1.38956681176	1.13910770416	18.02425802633938	91.24999028837773	86.19302949061662	95.73643410852713	86.19302949061662	95.36	95.73643410852713	92.34338747099768	86.61710037174721
