Sample	Gene	Type	Expression	Threshold	Percent difference	Mean Accuracy	Minimum Accuracy	Maximum Accuracy	Sample 1 Accuracy	Sample 2 Accuracy	Sample 3 Accuracy	Sample 4 Accuracy	Sample 5 Accuracy
TH03_0114_S01	CIZ1	Down	4.35049724708	4.36822557449	0.40750117522541696	36.14286625941988	29.128440366972473	45.173745173745175	30.06396588486141	43.8	45.173745173745175	29.128440366972473	32.54817987152035
