Sample	Gene	Type	Expression	Threshold	Percent difference	Mean Accuracy	Minimum Accuracy	Maximum Accuracy	Sample 1 Accuracy	Sample 2 Accuracy	Sample 3 Accuracy	Sample 4 Accuracy	Sample 5 Accuracy
TH03_0114_S01	ARPC4	Down	4.93640237773	5.0703701973	2.7138755984394565	96.25405676865157	93.01397205588823	98.7012987012987	93.01397205588823	98.60279441117764	98.7012987012987	96.2800875273523	94.67213114754098
