Sample	Gene	Type	Expression	Threshold	Percent difference	Mean Accuracy	Minimum Accuracy	Maximum Accuracy	Sample 1 Accuracy	Sample 2 Accuracy	Sample 3 Accuracy	Sample 4 Accuracy	Sample 5 Accuracy
TH03_0114_S01	TUBB	Down	6.02613608984	6.0569562912	0.5114421729035061	79.12590339628478	72.58064516129032	87.82287822878229	74.25742574257426	86.25592417061611	87.82287822878229	74.71264367816092	72.58064516129032
