Sample	Gene	Type	Expression	Threshold	Percent difference	Mean Accuracy	Minimum Accuracy	Maximum Accuracy	Sample 1 Accuracy	Sample 2 Accuracy	Sample 3 Accuracy	Sample 4 Accuracy	Sample 5 Accuracy
TH03_0114_S01	POLR3C	Down	2.47248777146	2.60814166069	5.486534283237181	80.03601982844427	72.3744292237443	87.07627118644068	72.3744292237443	85.58558558558559	87.07627118644068	81.3397129186603	73.80410022779044
