Sample	Gene	Type	Expression	Threshold	Percent difference	Mean Accuracy	Minimum Accuracy	Maximum Accuracy	Sample 1 Accuracy	Sample 2 Accuracy	Sample 3 Accuracy	Sample 4 Accuracy	Sample 5 Accuracy
TH03_0114_S01	ADCK2	Down	2.49313492231	2.63114309311	5.535527562709257	80.31353692697095	72.6027397260274	87.07627118644068	72.6027397260274	85.8108108108108	87.07627118644068	81.81818181818183	74.25968109339408
