Sample	Gene	Type	Expression	Threshold	Percent difference	Mean Accuracy	Minimum Accuracy	Maximum Accuracy	Sample 1 Accuracy	Sample 2 Accuracy	Sample 3 Accuracy	Sample 4 Accuracy	Sample 5 Accuracy
TH03_0114_S01	CPSF7	Down	3.22958792274	3.37118697166	4.384430840943524	99.50796655320467	98.86123998312948	99.91251093613297	99.84235417761428	99.78786593126856	99.91251093613297	99.13586173787806	98.86123998312948
