Sample	Gene	Type	Expression	Threshold	Percent difference	Mean Accuracy	Minimum Accuracy	Maximum Accuracy	Sample 1 Accuracy	Sample 2 Accuracy	Sample 3 Accuracy	Sample 4 Accuracy	Sample 5 Accuracy
TH03_0114_S01	PELP1	Down	2.96532254837	3.09517765045	4.379122337007816	87.65296957199885	79.90571596935769	93.14516129032258	87.0806890299184	93.14516129032258	92.52934898612594	85.60393258426966	79.90571596935769
