Sample	Gene	Type	Expression	Threshold	Percent difference	Mean Accuracy	Minimum Accuracy	Maximum Accuracy	Sample 1 Accuracy	Sample 2 Accuracy	Sample 3 Accuracy	Sample 4 Accuracy	Sample 5 Accuracy
TH03_0114_S01	CTB-30L5.1	Up	0.66902676551	0.176311850548	73.64651765260882	82.83034854915994	75.99043715846994	92.44654262704805	77.18446601941747	87.88659793814433	92.44654262704805	80.64369900271986	75.99043715846994
