Sample	Gene	Type	Expression	Threshold	Percent difference	Mean Accuracy	Minimum Accuracy	Maximum Accuracy	Sample 1 Accuracy	Sample 2 Accuracy	Sample 3 Accuracy	Sample 4 Accuracy	Sample 5 Accuracy
TH03_0114_S01	FUT11	Down	1.43295940728	1.57765972614	10.09800543719977	95.26041103570485	92.48291571753985	99.14346895074947	93.20388349514563	97.70408163265306	99.14346895074947	93.76770538243626	92.48291571753985
