Sample	Gene	Type	Expression	Threshold	Percent difference	Mean Accuracy	Minimum Accuracy	Maximum Accuracy	Sample 1 Accuracy	Sample 2 Accuracy	Sample 3 Accuracy	Sample 4 Accuracy	Sample 5 Accuracy
TH03_0114_S01	CNP	Down	3.43162295971	3.57392048836	4.146653939569912	98.89321424218272	98.09264305177112	99.54545454545455	98.86621315192744	99.35064935064936	99.54545454545455	98.09264305177112	98.61111111111111
