Sample	Gene	Type	Expression	Threshold	Percent difference	Mean Accuracy	Minimum Accuracy	Maximum Accuracy	Sample 1 Accuracy	Sample 2 Accuracy	Sample 3 Accuracy	Sample 4 Accuracy	Sample 5 Accuracy
TH03_0114_S01	TMEM74	Up	0.941106310946	0.903471112251	3.9990379681089467	26.346119396403616	20.233050847457626	36.14864864864865	20.88744588744589	31.762065095398427	36.14864864864865	22.699386503067483	20.233050847457626
