Sample	Gene	Type	Expression	Threshold	Percent difference	Mean Accuracy	Minimum Accuracy	Maximum Accuracy	Sample 1 Accuracy	Sample 2 Accuracy	Sample 3 Accuracy	Sample 4 Accuracy	Sample 5 Accuracy
TH03_0114_S01	RALY	Down	5.42861141847	5.51896095276	1.6643212660718256	99.39704120519987	98.62258953168043	100	99.52380952380952	100	99.375	98.62258953168043	99.46380697050938
