Sample	Gene	Type	Expression	Threshold	Percent difference	Mean Accuracy	Minimum Accuracy	Maximum Accuracy	Sample 1 Accuracy	Sample 2 Accuracy	Sample 3 Accuracy	Sample 4 Accuracy	Sample 5 Accuracy
TH03_0114_S01	UBE2D2	Down	5.08491465977	5.08600234985	0.02139052772322264	4.487943928452236	2.9585798816568047	7.514450867052023	3.9800995024875623	7.514450867052023	4.587155963302752	2.9585798816568047	3.39943342776204
