Sample	Gene	Type	Expression	Threshold	Percent difference	Mean Accuracy	Minimum Accuracy	Maximum Accuracy	Sample 1 Accuracy	Sample 2 Accuracy	Sample 3 Accuracy	Sample 4 Accuracy	Sample 5 Accuracy
TH03_0114_S01	ZBTB1	Down	1.85199883711	1.86964476109	0.952804268902027	28.165541480203448	25.09505703422053	34.285714285714285	25.435540069686414	30.37037037037037	34.285714285714285	25.64102564102564	25.09505703422053
