Sample	Gene	Type	Expression	Threshold	Percent difference	Mean Accuracy	Minimum Accuracy	Maximum Accuracy	Sample 1 Accuracy	Sample 2 Accuracy	Sample 3 Accuracy	Sample 4 Accuracy	Sample 5 Accuracy
TH03_0114_S01	RP11-178L8.8	Up	1.74416109557	0.946536004543	45.73115941256174	99.52076388060608	98.88475836431226	100	99.32975871313673	99.68	99.70930232558139	100	98.88475836431226
