Sample	Gene	Type	Expression	Threshold	Percent difference	Mean Accuracy	Minimum Accuracy	Maximum Accuracy	Sample 1 Accuracy	Sample 2 Accuracy	Sample 3 Accuracy	Sample 4 Accuracy	Sample 5 Accuracy
TH03_0114_S01	ZNF83	Down	0.59454854955	1.22215878963	105.56080585093068	98.93443678882777	98.37837837837839	99.44649446494465	98.37837837837839	99.21259842519686	99.44649446494465	99.11894273127754	98.51576994434137
