Sample	Gene	Type	Expression	Threshold	Percent difference	Mean Accuracy	Minimum Accuracy	Maximum Accuracy	Sample 1 Accuracy	Sample 2 Accuracy	Sample 3 Accuracy	Sample 4 Accuracy	Sample 5 Accuracy
TH03_0114_S01	SLC25A47	Up	0.903038270113	0.244370207191	72.93910842112801	87.51385442771357	81.92640692640693	94.93243243243244	81.92640692640693	90.347923681257015	94.93243243243244	86.99386503067484	83.36864406779661
