Sample	Gene	Type	Expression	Threshold	Percent difference	Mean Accuracy	Minimum Accuracy	Maximum Accuracy	Sample 1 Accuracy	Sample 2 Accuracy	Sample 3 Accuracy	Sample 4 Accuracy	Sample 5 Accuracy
TH03_0114_S01	CBX3	Down	4.6129421963	4.9179558754	6.612128791569267	99.91525271729382	99.78118161925602	100	100	100	100	99.78118161925602	99.79508196721312
