Sample	Gene	Type	Expression	Threshold	Percent difference	Mean Accuracy	Minimum Accuracy	Maximum Accuracy	Sample 1 Accuracy	Sample 2 Accuracy	Sample 3 Accuracy	Sample 4 Accuracy	Sample 5 Accuracy
TH03_0114_S01	CHRND	Up	0.286881147788	0.141808778048	50.568805534480745	84.29312529236654	76.72253258845437	93.69202226345084	76.72253258845437	88.14741035856574	93.69202226345084	83.37209302325581	79.53156822810591
