Sample	Gene	Type	Expression	Threshold	Percent difference	Mean Accuracy	Minimum Accuracy	Maximum Accuracy	Sample 1 Accuracy	Sample 2 Accuracy	Sample 3 Accuracy	Sample 4 Accuracy	Sample 5 Accuracy
TH03_0114_S01	UBE2Z	Down	3.89044669268	3.91862845421	0.7243836956569755	67.31397559336067	58.62505272037115	74.7594050743657	64.79243300052548	73.82265591854052	74.7594050743657	64.57033125300048	58.62505272037115
