Sample	Gene	Type	Expression	Threshold	Percent difference	Mean Accuracy	Minimum Accuracy	Maximum Accuracy	Sample 1 Accuracy	Sample 2 Accuracy	Sample 3 Accuracy	Sample 4 Accuracy	Sample 5 Accuracy
TH03_0114_S01	IRF9	Down	3.53480866123	3.67445731163	3.950670709045015	98.55984289237306	97.6923076923077	99.59758551307847	97.6923076923077	99.59758551307847	99.29947460595446	97.90476190476191	98.30508474576271
