Sample	Gene	Type	Expression	Threshold	Percent difference	Mean Accuracy	Minimum Accuracy	Maximum Accuracy	Sample 1 Accuracy	Sample 2 Accuracy	Sample 3 Accuracy	Sample 4 Accuracy	Sample 5 Accuracy
TH03_0114_S01	CTD-2517M22.14	Up	4.04351949366	3.77318120003	6.68571757979341	99.88657519504977	99.62335216572504	100	100	100	100	99.80952380952381	99.62335216572504
