Sample	Gene	Type	Expression	Threshold	Percent difference	Mean Accuracy	Minimum Accuracy	Maximum Accuracy	Sample 1 Accuracy	Sample 2 Accuracy	Sample 3 Accuracy	Sample 4 Accuracy	Sample 5 Accuracy
TH03_0114_S01	SIN3B	Down	2.02147972741	2.11409211159	4.5814154316877	88.636853348313693	81.02533883323511	93.89400921658986	88.12330009066183	93.89400921658986	93.06296691568838	87.07865168539325	81.02533883323511
