Sample	Gene	Type	Expression	Threshold	Percent difference	Mean Accuracy	Minimum Accuracy	Maximum Accuracy	Sample 1 Accuracy	Sample 2 Accuracy	Sample 3 Accuracy	Sample 4 Accuracy	Sample 5 Accuracy
TH03_0114_S01	GP9	Up	0.286881147788	0.244370207191	14.818310971209172	47.73327886440246	38.18051575931232	59.16837082481254	38.18051575931232	55.85023400936038	59.16837082481254	45.362718089990814	40.10455563853622
