Sample	Gene	Type	Expression	Threshold	Percent difference	Mean Accuracy	Minimum Accuracy	Maximum Accuracy	Sample 1 Accuracy	Sample 2 Accuracy	Sample 3 Accuracy	Sample 4 Accuracy	Sample 5 Accuracy
TH03_0114_S01	PRKRA	Down	2.94110631095	3.37825465202	14.863398151996677	97.98332185774838	97.26027397260275	99.57627118644068	97.26027397260275	97.52252252252252	99.57627118644068	97.60765550239235	97.9498861047836
