Sample	Gene	Type	Expression	Threshold	Percent difference	Mean Accuracy	Minimum Accuracy	Maximum Accuracy	Sample 1 Accuracy	Sample 2 Accuracy	Sample 3 Accuracy	Sample 4 Accuracy	Sample 5 Accuracy
TH03_0114_S01	CDK2AP1	Down	4.56681515401	4.61268806458	1.0044836285900511	59.14469940032352	49.14772727272727	70.7943925233645	50.427350427350426	68.73065015479877	70.7943925233645	56.62337662337662	49.14772727272727
