Sample	Gene	Type	Expression	Threshold	Percent difference	Mean Accuracy	Minimum Accuracy	Maximum Accuracy	Sample 1 Accuracy	Sample 2 Accuracy	Sample 3 Accuracy	Sample 4 Accuracy	Sample 5 Accuracy
TH03_0114_S01	RNF7	Down	4.70818723602	4.88630104065	3.7830654496350617	97.90219004127384	96.01139601139602	99.53271028037383	96.01139601139602	99.38080495356037	99.53271028037383	97.14285714285714	97.44318181818183
