Sample	Gene	Type	Expression	Threshold	Percent difference	Mean Accuracy	Minimum Accuracy	Maximum Accuracy	Sample 1 Accuracy	Sample 2 Accuracy	Sample 3 Accuracy	Sample 4 Accuracy	Sample 5 Accuracy
TH03_0114_S01	HDAC3	Down	4.03210084317	4.03568410873	0.08886845094832821	7.611947269985189	6.0263653483992465	9.457092819614711	7.6923076923076925	7.645875251509055	9.457092819614711	7.238095238095238	6.0263653483992465
