Sample	Gene	Type	Expression	Threshold	Percent difference	Mean Accuracy	Minimum Accuracy	Maximum Accuracy	Sample 1 Accuracy	Sample 2 Accuracy	Sample 3 Accuracy	Sample 4 Accuracy	Sample 5 Accuracy
TH03_0114_S01	RP11-38L15.8	Up	1.66448284036	1.30804932117	21.41406991693044	94.3688747638923	91.2639405204461	98.06201550387597	91.28686327077749	96.8	98.06201550387597	94.43155452436194	91.2639405204461
