Sample	Gene	Type	Expression	Threshold	Percent difference	Mean Accuracy	Minimum Accuracy	Maximum Accuracy	Sample 1 Accuracy	Sample 2 Accuracy	Sample 3 Accuracy	Sample 4 Accuracy	Sample 5 Accuracy
TH03_0114_S01	MTND5P11	Up	0.847996906555	0.736069381237	13.199048776334246	51.40765977021473	40.364880273660205	62.88532675709001	46.898263027295286	58.10276679841897	62.88532675709001	48.78706199460917	40.364880273660205
