Sample	Gene	Type	Expression	Threshold	Percent difference	Mean Accuracy	Minimum Accuracy	Maximum Accuracy	Sample 1 Accuracy	Sample 2 Accuracy	Sample 3 Accuracy	Sample 4 Accuracy	Sample 5 Accuracy
TH03_0114_S01	RP5-907C10.3	Up	0.757023246507	0.544844806194	28.02799534783349	76.02192398448163	70.70707070707071	82.84960422163589	70.70707070707071	77.5	82.84960422163589	78.2089552238806	70.84398976982096
