Sample	Gene	Type	Expression	Threshold	Percent difference	Mean Accuracy	Minimum Accuracy	Maximum Accuracy	Sample 1 Accuracy	Sample 2 Accuracy	Sample 3 Accuracy	Sample 4 Accuracy	Sample 5 Accuracy
TH03_0114_S01	RP11-756A22.7	Up	2.49569516262	2.33409309387	6.475232679473124	55.600239040808844	47.31903485254691	66.37596899224806	47.31903485254691	63.68000000000001	66.37596899224806	50.81206496519721	49.814126394052046
