Sample	Gene	Type	Expression	Threshold	Percent difference	Mean Accuracy	Minimum Accuracy	Maximum Accuracy	Sample 1 Accuracy	Sample 2 Accuracy	Sample 3 Accuracy	Sample 4 Accuracy	Sample 5 Accuracy
TH03_0114_S01	PTF1A	Up	0.6322682155	0.0362440273166	94.26761832588119	88.42746262492545	83.87445887445888	95.27027027027027	83.87445887445888	90.57239057239057	95.27027027027027	88.09815950920246	84.32203389830508
