Sample	Gene	Type	Expression	Threshold	Percent difference	Mean Accuracy	Minimum Accuracy	Maximum Accuracy	Sample 1 Accuracy	Sample 2 Accuracy	Sample 3 Accuracy	Sample 4 Accuracy	Sample 5 Accuracy
TH03_0114_S01	COMMD4	Down	4.41210404468	4.64317035675	5.237100252624666	97.88772585425515	93.92712550607287	99.64788732394366	93.92712550607287	99.0521327014218	99.64788732394366	98.3739837398374	98.4375
