Sample	Gene	Type	Expression	Threshold	Percent difference	Mean Accuracy	Minimum Accuracy	Maximum Accuracy	Sample 1 Accuracy	Sample 2 Accuracy	Sample 3 Accuracy	Sample 4 Accuracy	Sample 5 Accuracy
TH03_0114_S01	RBM39	Down	5.05874941234	5.21807861328	3.1495768608609565	99.8490852831008	99.54128440366972	100	100	100	99.54128440366972	99.70414201183432	100
