Sample	Gene	Type	Expression	Threshold	Percent difference	Mean Accuracy	Minimum Accuracy	Maximum Accuracy	Sample 1 Accuracy	Sample 2 Accuracy	Sample 3 Accuracy	Sample 4 Accuracy	Sample 5 Accuracy
TH03_0114_S01	AC107983.4	Up	0.565597175854	0.141633793712	74.95853944140617	75.84237915953692	66.00496277915633	86.93333333333332	66.00496277915633	80.59360730593608	86.93333333333332	75.55012224938875	70.12987012987013
