Sample	Gene	Type	Expression	Threshold	Percent difference	Mean Accuracy	Minimum Accuracy	Maximum Accuracy	Sample 1 Accuracy	Sample 2 Accuracy	Sample 3 Accuracy	Sample 4 Accuracy	Sample 5 Accuracy
TH03_0114_S01	RP11-632C17__A.1	Up	6.2422213951	6.16391944885	1.254392327568918	90.50367941551778	84.070796460177	94.23076923076923	90	94.23076923076923	93.65079365079364	84.070796460177	90.56603773584906
