Sample	Gene	Type	Expression	Threshold	Percent difference	Mean Accuracy	Minimum Accuracy	Maximum Accuracy	Sample 1 Accuracy	Sample 2 Accuracy	Sample 3 Accuracy	Sample 4 Accuracy	Sample 5 Accuracy
TH01_0121_S01	CTD-2619J13.5	Up	1.66902676551	1.483279109	11.129099925083683	91.2194673955635	85.4679802955665	95.96153846153847	88.91402714932126	95.72446555819477	95.96153846153847	90.02932551319648	85.4679802955665
