Sample	Gene	Type	Expression	Threshold	Percent difference	Mean Accuracy	Minimum Accuracy	Maximum Accuracy	Sample 1 Accuracy	Sample 2 Accuracy	Sample 3 Accuracy	Sample 4 Accuracy	Sample 5 Accuracy
TH01_0121_S01	MYOM2	Up	5.81121411751	5.74788618088	1.0897539713634634	94.86045519908761	91.66666666666666	99.2248062015504	91.66666666666666	97.71428571428571	99.2248062015504	94.02985074626866	91.66666666666666
