Sample	Gene	Type	Expression	Threshold	Percent difference	Mean Accuracy	Minimum Accuracy	Maximum Accuracy	Sample 1 Accuracy	Sample 2 Accuracy	Sample 3 Accuracy	Sample 4 Accuracy	Sample 5 Accuracy
TH01_0121_S01	LINC01272	Up	5.91169158187	5.53625965118	6.350668425284171	99.94082840236686	99.70414201183432	100	100	100	100	99.70414201183432	100
