Sample	Gene	Type	Expression	Threshold	Percent difference	Mean Accuracy	Minimum Accuracy	Maximum Accuracy	Sample 1 Accuracy	Sample 2 Accuracy	Sample 3 Accuracy	Sample 4 Accuracy	Sample 5 Accuracy
TH01_0121_S01	SEC31B	Up	4.82171021503	4.61047935486	4.380828601261893	99.49836501695887	98.86123998312948	99.91251093613297	99.84235417761428	99.78786593126856	99.91251093613297	99.08785405664906	98.86123998312948
