Sample	Gene	Type	Expression	Threshold	Percent difference	Mean Accuracy	Minimum Accuracy	Maximum Accuracy	Sample 1 Accuracy	Sample 2 Accuracy	Sample 3 Accuracy	Sample 4 Accuracy	Sample 5 Accuracy
TH01_0121_S01	RP4-564F22.7	Up	1.42223300068	0.573024988174	59.709485864831954	99.92698713394901	99.79674796747967	100	99.83818770226537	99.79674796747967	100	100	100
