Sample	Gene	Type	Expression	Threshold	Percent difference	Mean Accuracy	Minimum Accuracy	Maximum Accuracy	Sample 1 Accuracy	Sample 2 Accuracy	Sample 3 Accuracy	Sample 4 Accuracy	Sample 5 Accuracy
TH01_0121_S01	RP11-423C15.3	Up	0.250961573533	0.141808778048	43.4938281380544	83.56739197593046	79.81510015408321	87.38461538461539	80.75253256150506	87.38461538461539	87.21804511278195	82.66666666666667	79.81510015408321
