Sample	Gene	Type	Expression	Threshold	Percent difference	Mean Accuracy	Minimum Accuracy	Maximum Accuracy	Sample 1 Accuracy	Sample 2 Accuracy	Sample 3 Accuracy	Sample 4 Accuracy	Sample 5 Accuracy
TH01_0121_S01	AL109767.1	Up	2.06350294231	0	100	99.90243065860298	99.8062015503876	100	99.86595174262735	99.83999999999999	99.8062015503876	100	100
