Sample	Gene	Type	Expression	Threshold	Percent difference	Mean Accuracy	Minimum Accuracy	Maximum Accuracy	Sample 1 Accuracy	Sample 2 Accuracy	Sample 3 Accuracy	Sample 4 Accuracy	Sample 5 Accuracy
TH01_0121_S01	N4BP2L2-IT2	Up	1.7398481027	1.41161453724	18.865644934786406	99.7840450891198	99.57865168539325	99.94239631336406	99.68268359020853	99.94239631336406	99.89327641408752	99.57865168539325	99.82321744254567
