Sample	Gene	Type	Expression	Threshold	Percent difference	Mean Accuracy	Minimum Accuracy	Maximum Accuracy	Sample 1 Accuracy	Sample 2 Accuracy	Sample 3 Accuracy	Sample 4 Accuracy	Sample 5 Accuracy
TH01_0121_S01	GPSM3	Up	8.12969515665	8.0212802887	1.3335662144885903	99.68367091772943	99.19354838709677	100	100	100	99.19354838709677	99.2248062015504	100
