Sample	Gene	Type	Expression	Threshold	Percent difference	Mean Accuracy	Minimum Accuracy	Maximum Accuracy	Sample 1 Accuracy	Sample 2 Accuracy	Sample 3 Accuracy	Sample 4 Accuracy	Sample 5 Accuracy
TH01_0121_S01	RP11-890B15.2	Up	0.48542682717	0.376716196537	22.394854290763945	68.53688354520334	63.944530046224955	75.53846153846155	64.39942112879883	75.53846153846155	74.13533834586467	64.66666666666666	63.944530046224955
