Sample	Gene	Type	Expression	Threshold	Percent difference	Mean Accuracy	Minimum Accuracy	Maximum Accuracy	Sample 1 Accuracy	Sample 2 Accuracy	Sample 3 Accuracy	Sample 4 Accuracy	Sample 5 Accuracy
TH01_0121_S01	SMG1P6	Up	0.863938450424	0.502415180206	41.84595210927042	83.76464491002088	77.23785166240408	91.55672823218998	80.8080808080808	84.44444444444444	91.55672823218998	84.77611940298507	77.23785166240408
