Sample	Gene	Type	Expression	Threshold	Percent difference	Mean Accuracy	Minimum Accuracy	Maximum Accuracy	Sample 1 Accuracy	Sample 2 Accuracy	Sample 3 Accuracy	Sample 4 Accuracy	Sample 5 Accuracy
TH01_0121_S01	RP11-229P13.2	Up	0.613531652918	0.49150043726	19.889962494617997	60.11895517017378	48.696461824953445	71.05751391465677	48.696461824953445	67.13147410358566	71.05751391465677	60.34883720930233	53.360488798370675
