Sample	Gene	Type	Expression	Threshold	Percent difference	Mean Accuracy	Minimum Accuracy	Maximum Accuracy	Sample 1 Accuracy	Sample 2 Accuracy	Sample 3 Accuracy	Sample 4 Accuracy	Sample 5 Accuracy
TH01_0121_S01	TRIAP1	Down	3.16188768238	3.25213479996	2.8542164252991222	94.08031792867664	91.19318181818183	97.8328173374613	91.73789173789174	97.8328173374613	97.42990654205607	92.20779220779221	91.19318181818183
