Sample	Gene	Type	Expression	Threshold	Percent difference	Mean Accuracy	Minimum Accuracy	Maximum Accuracy	Sample 1 Accuracy	Sample 2 Accuracy	Sample 3 Accuracy	Sample 4 Accuracy	Sample 5 Accuracy
TH01_0121_S01	PPME1	Down	3.15380533608	3.30701732635	4.858004028252224	99.43729450054869	98.09264305177112	100	99.77324263038548	99.78354978354979	100	98.09264305177112	99.53703703703704
