Sample	Gene	Type	Expression	Threshold	Percent difference	Mean Accuracy	Minimum Accuracy	Maximum Accuracy	Sample 1 Accuracy	Sample 2 Accuracy	Sample 3 Accuracy	Sample 4 Accuracy	Sample 5 Accuracy
TH01_0121_S01	NSRP1P1	Up	0.831877241192	0.210507676005	74.69486294596031	87.863297221725	83.008658008658	94.93243243243244	83.008658008658	90.57239057239057	94.93243243243244	87.11656441717791	83.6864406779661
