Sample	Gene	Type	Expression	Threshold	Percent difference	Mean Accuracy	Minimum Accuracy	Maximum Accuracy	Sample 1 Accuracy	Sample 2 Accuracy	Sample 3 Accuracy	Sample 4 Accuracy	Sample 5 Accuracy
TH01_0121_S01	PZP	Up	0.613531652918	0.513865172863	16.244716891293084	63.231163884153915	54.59459459459459	71.21771217712177	54.59459459459459	70.66929133858267	71.21771217712177	64.75770925110133	54.916512059369204
