Sample	Gene	Type	Expression	Threshold	Percent difference	Mean Accuracy	Minimum Accuracy	Maximum Accuracy	Sample 1 Accuracy	Sample 2 Accuracy	Sample 3 Accuracy	Sample 4 Accuracy	Sample 5 Accuracy
TH01_0121_S01	DDX1	Down	4.13504228623	4.16121053696	0.6328411880367427	51.43063607017083	43.11926605504588	61.969111969111964	46.26865671641791	60.4	61.969111969111964	43.11926605504588	45.396145610278374
