Sample	Gene	Type	Expression	Threshold	Percent difference	Mean Accuracy	Minimum Accuracy	Maximum Accuracy	Sample 1 Accuracy	Sample 2 Accuracy	Sample 3 Accuracy	Sample 4 Accuracy	Sample 5 Accuracy
TH01_0121_S01	C9orf129	Up	0.443606651476	0.277918636799	37.35020972424803	71.5264026716113	61.10315186246418	87.18473074301295	61.10315186246418	76.05304212168487	87.18473074301295	70.70707070707071	62.58401792382375
