Sample	Gene	Type	Expression	Threshold	Percent difference	Mean Accuracy	Minimum Accuracy	Maximum Accuracy	Sample 1 Accuracy	Sample 2 Accuracy	Sample 3 Accuracy	Sample 4 Accuracy	Sample 5 Accuracy
TH01_0121_S01	RP11-106M7.1	Up	0.454175893186	0.176311850548	61.17983072346941	89.16788168951462	87.05701078582435	92.61538461538461	87.84370477568741	92.61538461538461	89.32330827067669	89	87.05701078582435
