Sample	Gene	Type	Expression	Threshold	Percent difference	Mean Accuracy	Minimum Accuracy	Maximum Accuracy	Sample 1 Accuracy	Sample 2 Accuracy	Sample 3 Accuracy	Sample 4 Accuracy	Sample 5 Accuracy
TH01_0121_S01	SP110	Up	6.73335434061	6.55795907974	2.6048719850099338	99.8496176116515	99.72451790633609	100	100	100	99.79166666666667	99.72451790633609	99.73190348525469
