Sample	Gene	Type	Expression	Threshold	Percent difference	Mean Accuracy	Minimum Accuracy	Maximum Accuracy	Sample 1 Accuracy	Sample 2 Accuracy	Sample 3 Accuracy	Sample 4 Accuracy	Sample 5 Accuracy
TH01_0121_S01	LEMD3	Up	5.04001567885	5.01719141006	0.4528610671942968	71.5369003649154	65.80459770114942	79.2507204610951	65.80459770114942	79.2507204610951	78.81773399014779	66.94214876033058	66.8693009118541
