Sample	Gene	Type	Expression	Threshold	Percent difference	Mean Accuracy	Minimum Accuracy	Maximum Accuracy	Sample 1 Accuracy	Sample 2 Accuracy	Sample 3 Accuracy	Sample 4 Accuracy	Sample 5 Accuracy
TH01_0121_S01	RP11-69J7.1	Up	0.62293035092	0.106960088015	82.82952695160355	90.17071627196258	86.43101482326112	96.17755856966707	87.09677419354838	93.41238471673255	96.17755856966707	87.73584905660378	86.43101482326112
