Sample	Gene	Type	Expression	Threshold	Percent difference	Mean Accuracy	Minimum Accuracy	Maximum Accuracy	Sample 1 Accuracy	Sample 2 Accuracy	Sample 3 Accuracy	Sample 4 Accuracy	Sample 5 Accuracy
TH01_0121_S01	PSMG2	Down	4.62760683813	4.86746025085	5.183098329436377	99.01596041549313	98.29059829059828	100	98.29059829059828	100	99.53271028037383	98.96103896103897	98.29545454545455
