Sample	Gene	Type	Expression	Threshold	Percent difference	Mean Accuracy	Minimum Accuracy	Maximum Accuracy	Sample 1 Accuracy	Sample 2 Accuracy	Sample 3 Accuracy	Sample 4 Accuracy	Sample 5 Accuracy
TH01_0121_S01	AC008079.10	Up	0.50589092973	0.234853774309	53.57620378085366	93.49166916674794	90.06211180124224	97.06819630337795	92.36680327868852	94.6983546617916	97.06819630337795	93.26287978863937	90.06211180124224
