Sample	Gene	Type	Expression	Threshold	Percent difference	Mean Accuracy	Minimum Accuracy	Maximum Accuracy	Sample 1 Accuracy	Sample 2 Accuracy	Sample 3 Accuracy	Sample 4 Accuracy	Sample 5 Accuracy
TH01_0121_S01	RP11-266L9.5	Up	1.46988597627	0.82757824659300006	43.697792893223436	99.85189221319595	99.51456310679612	100	99.51456310679612	99.74489795918367	100	100	100
