Sample	Gene	Type	Expression	Threshold	Percent difference	Mean Accuracy	Minimum Accuracy	Maximum Accuracy	Sample 1 Accuracy	Sample 2 Accuracy	Sample 3 Accuracy	Sample 4 Accuracy	Sample 5 Accuracy
TH01_0121_S01	PRDX4	Down	4.34978987024	4.41268968582	1.4460426240435678	74.46481022455025	64.48863636363636	85.51401869158879	68.09116809116809	85.13931888544892	85.51401869158879	69.0909090909091	64.48863636363636
