Sample	Gene	Type	Expression	Threshold	Percent difference	Mean Accuracy	Minimum Accuracy	Maximum Accuracy	Sample 1 Accuracy	Sample 2 Accuracy	Sample 3 Accuracy	Sample 4 Accuracy	Sample 5 Accuracy
TH01_0121_S01	PSMB1	Down	5.99819550315	6.0476231575	0.8240420693864211	89.29883583191463	83.33333333333334	96.64082687338501	83.88888888888889	94.57142857142857	96.64082687338501	88.05970149253731	83.33333333333334
