Sample	Gene	Type	Expression	Threshold	Percent difference	Mean Accuracy	Minimum Accuracy	Maximum Accuracy	Sample 1 Accuracy	Sample 2 Accuracy	Sample 3 Accuracy	Sample 4 Accuracy	Sample 5 Accuracy
TH01_0121_S01	MRPS33	Down	4.30888505741	4.41419887543	2.4441083161151287	83.99897726532105	74.49392712550608	91.90140845070422	74.49392712550608	88.62559241706161	91.90140845070422	83.33333333333334	81.640625
