Sample	Gene	Type	Expression	Threshold	Percent difference	Mean Accuracy	Minimum Accuracy	Maximum Accuracy	Sample 1 Accuracy	Sample 2 Accuracy	Sample 3 Accuracy	Sample 4 Accuracy	Sample 5 Accuracy
TH01_0121_S01	SH2D1B	Up	1.69599381311	0.895803451538	47.18120758380978	99.90043590251635	99.74489795918367	100	99.75728155339806	99.74489795918367	100	100	100
