Sample	Gene	Type	Expression	Threshold	Percent difference	Mean Accuracy	Minimum Accuracy	Maximum Accuracy	Sample 1 Accuracy	Sample 2 Accuracy	Sample 3 Accuracy	Sample 4 Accuracy	Sample 5 Accuracy
TH01_0121_S01	VN2R19P	Up	0.555816155062	0.244370207191	56.03398624429312	83.09981127834212	75.80283793876028	91.13837764144512	76.57593123209169	88.14352574102963	91.13837764144512	83.83838383838383	75.80283793876028
