Sample	Gene	Type	Expression	Threshold	Percent difference	Mean Accuracy	Minimum Accuracy	Maximum Accuracy	Sample 1 Accuracy	Sample 2 Accuracy	Sample 3 Accuracy	Sample 4 Accuracy	Sample 5 Accuracy
TH01_0121_S01	AC106801.1	Up	0.879705766282	0.071774750948	91.84105030351799	90.27010325852719	86.54503990877993	96.17755856966707	87.34491315136476	93.41238471673255	96.17755856966707	87.87061994609164	86.54503990877993
