Sample	Gene	Type	Expression	Threshold	Percent difference	Mean Accuracy	Minimum Accuracy	Maximum Accuracy	Sample 1 Accuracy	Sample 2 Accuracy	Sample 3 Accuracy	Sample 4 Accuracy	Sample 5 Accuracy
TH01_0121_S01	TECPR2	Up	5.12142990895	5.06319570541	1.1370692282292478	97.72896098035922	95.63719862227325	99.42594718714122	97.38955823293173	99.36507936507937	99.42594718714122	96.82702149437053	95.63719862227325
