Sample	Gene	Type	Expression	Threshold	Percent difference	Mean Accuracy	Minimum Accuracy	Maximum Accuracy	Sample 1 Accuracy	Sample 2 Accuracy	Sample 3 Accuracy	Sample 4 Accuracy	Sample 5 Accuracy
TH01_0121_S01	RP11-798G7.5	Up	1.75702324651	1.5609099865	11.161677023883577	78.48014241509307	71.44772117962466	88.56589147286822	71.44772117962466	85.28	88.56589147286822	75.1740139211137	71.93308550185874
