Sample	Gene	Type	Expression	Threshold	Percent difference	Mean Accuracy	Minimum Accuracy	Maximum Accuracy	Sample 1 Accuracy	Sample 2 Accuracy	Sample 3 Accuracy	Sample 4 Accuracy	Sample 5 Accuracy
TH01_0121_S01	RP11-276H1.3	Up	1.04963076772	0.106960088015	89.80974154870309	99.94897959183673	99.74489795918367	100	100	99.74489795918367	100	100	100
