Sample	Gene	Type	Expression	Threshold	Percent difference	Mean Accuracy	Minimum Accuracy	Maximum Accuracy	Sample 1 Accuracy	Sample 2 Accuracy	Sample 3 Accuracy	Sample 4 Accuracy	Sample 5 Accuracy
TH01_0121_S01	AC092641.2	Up	0.659924558402	0.31082034111	52.90062520742552	81.30253185550819	74.11003236245955	92.0032976092333	74.62222222222222	86.93839740620658	92.0032976092333	78.83870967741935	74.11003236245955
