Sample	Gene	Type	Expression	Threshold	Percent difference	Mean Accuracy	Minimum Accuracy	Maximum Accuracy	Sample 1 Accuracy	Sample 2 Accuracy	Sample 3 Accuracy	Sample 4 Accuracy	Sample 5 Accuracy
TH01_0121_S01	MRPS24	Down	5.34908214639	5.35047912598	0.026116248578136995	4.718439744094756	3.463203463203463	6.278026905829597	3.463203463203463	5	6.278026905829597	4.741379310344827	4.10958904109589
