Sample	Gene	Type	Expression	Threshold	Percent difference	Mean Accuracy	Minimum Accuracy	Maximum Accuracy	Sample 1 Accuracy	Sample 2 Accuracy	Sample 3 Accuracy	Sample 4 Accuracy	Sample 5 Accuracy
TH01_0121_S01	FAM169B	Up	0.0565835283664	0.0362440273166	35.94597515745916	81.76233315908729	74.42455242966753	89.44591029023746	78.28282828282829	82.77777777777777	89.44591029023746	83.88059701492537	74.42455242966753
