Sample	Gene	Type	Expression	Threshold	Percent difference	Mean Accuracy	Minimum Accuracy	Maximum Accuracy	Sample 1 Accuracy	Sample 2 Accuracy	Sample 3 Accuracy	Sample 4 Accuracy	Sample 5 Accuracy
TH01_0121_S01	LRMP	Up	5.71121955689	5.65871047974	0.91940218068929	92.4429340198899	87.39946380697052	97.56756756756756	91.19047619047619	97.56756756756756	96.25	89.80716253443526	87.39946380697052
