Sample	Gene	Type	Expression	Threshold	Percent difference	Mean Accuracy	Minimum Accuracy	Maximum Accuracy	Sample 1 Accuracy	Sample 2 Accuracy	Sample 3 Accuracy	Sample 4 Accuracy	Sample 5 Accuracy
TH01_0121_S01	MRPL27	Down	4.39917109382	4.7716126442	8.466175614383587	99.42190081745794	98.38056680161942	100	98.38056680161942	99.52606635071089	100	99.59349593495935	99.609375
