Sample	Gene	Type	Expression	Threshold	Percent difference	Mean Accuracy	Minimum Accuracy	Maximum Accuracy	Sample 1 Accuracy	Sample 2 Accuracy	Sample 3 Accuracy	Sample 4 Accuracy	Sample 5 Accuracy
TH01_0121_S01	RP11-326I11.3	Up	2.86789646399	2.7261531353	4.94241443056831	84.62450273474849	79.73856209150327	91.07142857142857	79.75460122699386	91.07142857142857	88.66279069767442	83.89513108614233	79.73856209150327
