Sample	Gene	Type	Expression	Threshold	Percent difference	Mean Accuracy	Minimum Accuracy	Maximum Accuracy	Sample 1 Accuracy	Sample 2 Accuracy	Sample 3 Accuracy	Sample 4 Accuracy	Sample 5 Accuracy
TH01_0121_S01	RP11-195F19.30	Up	0.748461233004	0.590898275375	21.051585664178017	77.02853787052139	69.96047430830039	86.16953473550032	73.10450819672131	81.53564899451554	86.16953473550032	74.37252311756936	69.96047430830039
