Sample	Gene	Type	Expression	Threshold	Percent difference	Mean Accuracy	Minimum Accuracy	Maximum Accuracy	Sample 1 Accuracy	Sample 2 Accuracy	Sample 3 Accuracy	Sample 4 Accuracy	Sample 5 Accuracy
TH01_0121_S01	RP6-99M1.3	Up	0.739848102699	0.472911119461	36.079971316301496	68.41971979033164	57.88934426229508	83.7822826992502	58.859223300970875	77.0618556701031	83.7822826992502	64.50589301903898	57.88934426229508
