Sample	Gene	Type	Expression	Threshold	Percent difference	Mean Accuracy	Minimum Accuracy	Maximum Accuracy	Sample 1 Accuracy	Sample 2 Accuracy	Sample 3 Accuracy	Sample 4 Accuracy	Sample 5 Accuracy
TH01_0121_S01	NR2F2	Down	0.214124805353	0.447080463171	108.79433488985828	97.43674072855451	94.98289623717217	99.50678175092479	97.51861042183623	98.81422924901186	99.50678175092479	96.3611859838275	94.98289623717217
