Sample	Gene	Type	Expression	Threshold	Percent difference	Mean Accuracy	Minimum Accuracy	Maximum Accuracy	Sample 1 Accuracy	Sample 2 Accuracy	Sample 3 Accuracy	Sample 4 Accuracy	Sample 5 Accuracy
TH01_0121_S01	GS1-279B7.2	Up	1.53106949273	1.2042683363	21.344632492630463	97.25226355278406	96	99.1686460807601	96.92556634304206	97.76422764227642	99.1686460807601	96.40287769784173	96
