Sample	Gene	Type	Expression	Threshold	Percent difference	Mean Accuracy	Minimum Accuracy	Maximum Accuracy	Sample 1 Accuracy	Sample 2 Accuracy	Sample 3 Accuracy	Sample 4 Accuracy	Sample 5 Accuracy
TH01_0121_S01	CPEB1-AS1	Up	0.286881147788	0.244370207191	14.818310971209172	57.07574928199177	50.077041602465336	65.84615384615384	52.098408104196814	65.84615384615384	62.857142857142854	54.50000000000001	50.077041602465336
