Sample	Gene	Type	Expression	Threshold	Percent difference	Mean Accuracy	Minimum Accuracy	Maximum Accuracy	Sample 1 Accuracy	Sample 2 Accuracy	Sample 3 Accuracy	Sample 4 Accuracy	Sample 5 Accuracy
TH01_0121_S01	RP5-1142A6.9	Up	2.9221978484	2.83488249779	2.9880027000159637	62.389940512975826	52.84738041002278	73.01927194860814	54.85436893203883	68.62244897959184	73.01927194860814	62.606232294617556	52.84738041002278
