Sample	Gene	Type	Expression	Threshold	Percent difference	Mean Accuracy	Minimum Accuracy	Maximum Accuracy	Sample 1 Accuracy	Sample 2 Accuracy	Sample 3 Accuracy	Sample 4 Accuracy	Sample 5 Accuracy
TH02_0084_S01	RP5-1119A7.17	Up	0.855989697308	0.0358882322907	95.80739903721215	90.34467634931016	86.65906499429875	96.17755856966707	87.46898263027295	93.41238471673255	96.17755856966707	88.0053908355795	86.65906499429875
