Sample	Gene	Type	Expression	Threshold	Percent difference	Mean Accuracy	Minimum Accuracy	Maximum Accuracy	Sample 1 Accuracy	Sample 2 Accuracy	Sample 3 Accuracy	Sample 4 Accuracy	Sample 5 Accuracy
TH02_0084_S01	H1FNT	Up	0.378511623254	0.176311850548	53.41969976185222	84.48442319413947	76.81564245810057	93.7847866419295	76.81564245810057	88.14741035856574	93.7847866419295	83.83720930232558	79.83706720977597
