Sample	Gene	Type	Expression	Threshold	Percent difference	Mean Accuracy	Minimum Accuracy	Maximum Accuracy	Sample 1 Accuracy	Sample 2 Accuracy	Sample 3 Accuracy	Sample 4 Accuracy	Sample 5 Accuracy
TH02_0084_S01	DPP10-AS1	Up	1.58976348698	1.4866143465	6.488332467362655	69.96861797145259	61	80.64133016627079	66.18122977346277	77.03252032520325	80.64133016627079	64.98800959232614	61
