Sample	Gene	Type	Expression	Threshold	Percent difference	Mean Accuracy	Minimum Accuracy	Maximum Accuracy	Sample 1 Accuracy	Sample 2 Accuracy	Sample 3 Accuracy	Sample 4 Accuracy	Sample 5 Accuracy
TH02_0084_S01	PROSER2-AS1	Up	0.815575428863	0.69934207201	14.251699197834084	68.15939494428481	60.30491247882552	78.77629063097514	64.24180327868852	73.73552711761121	78.77629063097514	63.73844121532365	60.30491247882552
