Sample	Gene	Type	Expression	Threshold	Percent difference	Mean Accuracy	Minimum Accuracy	Maximum Accuracy	Sample 1 Accuracy	Sample 2 Accuracy	Sample 3 Accuracy	Sample 4 Accuracy	Sample 5 Accuracy
TH02_0084_S01	PRKAB2	Up	5.34163000933	5.27909994125	1.170617732242432	98.00348486090007	95.86681974741677	99.65556831228473	97.79116465863453	99.36507936507937	99.65556831228473	97.33879222108496	95.86681974741677
