Sample	Gene	Type	Expression	Threshold	Percent difference	Mean Accuracy	Minimum Accuracy	Maximum Accuracy	Sample 1 Accuracy	Sample 2 Accuracy	Sample 3 Accuracy	Sample 4 Accuracy	Sample 5 Accuracy
TH02_0084_S01	RP11-4L24.3	Up	1.01435529298	0.812925159931	19.85794666257748	99.81622239921383	99.64887640449437	99.94239631336406	99.77334542157752	99.94239631336406	99.89327641408752	99.64887640449437	99.82321744254567
