Sample	Gene	Type	Expression	Threshold	Percent difference	Mean Accuracy	Minimum Accuracy	Maximum Accuracy	Sample 1 Accuracy	Sample 2 Accuracy	Sample 3 Accuracy	Sample 4 Accuracy	Sample 5 Accuracy
TH02_0084_S01	AQP6	Up	1.11103131239	1.01846182346	8.33185238774852	95.38865834727144	93.13725490196079	98.25581395348837	93.25153374233128	97.91666666666666	98.25581395348837	94.3820224719101	93.13725490196079
