Sample	Gene	Type	Expression	Threshold	Percent difference	Mean Accuracy	Minimum Accuracy	Maximum Accuracy	Sample 1 Accuracy	Sample 2 Accuracy	Sample 3 Accuracy	Sample 4 Accuracy	Sample 5 Accuracy
TH02_0084_S01	FOXB1	Up	0.150559676575	0.141808778048	5.812245832396447	39.71598497301208	32.57575757575758	47.229551451187334	32.57575757575758	41.94444444444444	47.229551451187334	43.582089552238806	33.248081841432224
