Sample	Gene	Type	Expression	Threshold	Percent difference	Mean Accuracy	Minimum Accuracy	Maximum Accuracy	Sample 1 Accuracy	Sample 2 Accuracy	Sample 3 Accuracy	Sample 4 Accuracy	Sample 5 Accuracy
TH02_0084_S01	NDST3	Up	0.985500430305	0.544844806194	44.71389464280829	89.02426895299222	84.472049689441	94.51880178457617	86.98770491803278	91.16392443631932	94.51880178457617	87.97886393659181	84.472049689441
