Sample	Gene	Type	Expression	Threshold	Percent difference	Mean Accuracy	Minimum Accuracy	Maximum Accuracy	Sample 1 Accuracy	Sample 2 Accuracy	Sample 3 Accuracy	Sample 4 Accuracy	Sample 5 Accuracy
TH02_0084_S01	RGS11	Up	4.99050111136	4.94985628128	0.8144438639133815	63.19320505842499	54.861111111111114	72.95454545454545	57.36961451247166	70.56277056277057	72.95454545454545	60.217983651226156	54.861111111111114
