Sample	Gene	Type	Expression	Threshold	Percent difference	Mean Accuracy	Minimum Accuracy	Maximum Accuracy	Sample 1 Accuracy	Sample 2 Accuracy	Sample 3 Accuracy	Sample 4 Accuracy	Sample 5 Accuracy
TH02_0084_S01	RP11-862L9.2	Up	0.516015147004	0.106960088015	79.27190923832109	95.34746668425885	93.11123658949747	98.08795411089865	94.56967213114754	95.85618525289458	98.08795411089865	95.112285336856	93.11123658949747
