Sample	Gene	Type	Expression	Threshold	Percent difference	Mean Accuracy	Minimum Accuracy	Maximum Accuracy	Sample 1 Accuracy	Sample 2 Accuracy	Sample 3 Accuracy	Sample 4 Accuracy	Sample 5 Accuracy
TH02_0084_S01	LINC00672	Up	1.93734439215	1.87901771069	3.0106511622990832	65.54081414280176	58.10055865921788	74.45054945054946	59.424083769633505	74.45054945054946	72.95285359801488	62.77602523659306	58.10055865921788
