Sample	Gene	Type	Expression	Threshold	Percent difference	Mean Accuracy	Minimum Accuracy	Maximum Accuracy	Sample 1 Accuracy	Sample 2 Accuracy	Sample 3 Accuracy	Sample 4 Accuracy	Sample 5 Accuracy
TH02_0084_S01	RP11-815J4.6	Up	0.903038270113	0.653314113617	27.65377335168212	82.45813239352636	76.00225861095427	90.31230082855322	80.02049180327869	86.16697135892748	90.31230082855322	79.7886393659181	76.00225861095427
