Sample	Gene	Type	Expression	Threshold	Percent difference	Mean Accuracy	Minimum Accuracy	Maximum Accuracy	Sample 1 Accuracy	Sample 2 Accuracy	Sample 3 Accuracy	Sample 4 Accuracy	Sample 5 Accuracy
TH02_0084_S01	RP11-16P6.1	Up	1.50080205306	1.40401721001	6.448874643572379	90.29657068092568	84.66898954703834	94.07407407407408	84.66898954703834	94.07407407407408	93.92857142857143	90.5982905982906	88.212927756654
