Sample	Gene	Type	Expression	Threshold	Percent difference	Mean Accuracy	Minimum Accuracy	Maximum Accuracy	Sample 1 Accuracy	Sample 2 Accuracy	Sample 3 Accuracy	Sample 4 Accuracy	Sample 5 Accuracy
TH02_0084_S01	ALDOC	Up	9.39154434334	9.35818958282	0.3551573553890895	92.65081256109482	88.18181818181819	97.84946236559139	88.18181818181819	97.84946236559139	96.09375	91.12903225806451	90
