Sample	Gene	Type	Expression	Threshold	Percent difference	Mean Accuracy	Minimum Accuracy	Maximum Accuracy	Sample 1 Accuracy	Sample 2 Accuracy	Sample 3 Accuracy	Sample 4 Accuracy	Sample 5 Accuracy
TH02_0084_S01	ANKRD55	Up	0.799087306074	0.711962640285	10.903022126212049	43.411705762282864	32.20338983050847	57.0945945945946	37.01298701298701	51.85185185185185	57.0945945945946	38.895705521472394	32.20338983050847
