Sample	Gene	Type	Expression	Threshold	Percent difference	Mean Accuracy	Minimum Accuracy	Maximum Accuracy	Sample 1 Accuracy	Sample 2 Accuracy	Sample 3 Accuracy	Sample 4 Accuracy	Sample 5 Accuracy
TH02_0084_S01	RP11-364B14.3	Up	2.02147972741	0.311149060726	84.60785648715574	99.95934959349593	99.79674796747967	100	100	99.79674796747967	100	100	100
