Sample	Gene	Type	Expression	Threshold	Percent difference	Mean Accuracy	Minimum Accuracy	Maximum Accuracy	Sample 1 Accuracy	Sample 2 Accuracy	Sample 3 Accuracy	Sample 4 Accuracy	Sample 5 Accuracy
TH02_0084_S01	ZIC3	Up	0.575312330687	0.0714228823781	87.58537257617762	95.53140426436953	93.5064935064935	98.08795411089865	94.72336065573771	96.16087751371116	98.08795411089865	95.17833553500661	93.5064935064935
