Sample	Gene	Type	Expression	Threshold	Percent difference	Mean Accuracy	Minimum Accuracy	Maximum Accuracy	Sample 1 Accuracy	Sample 2 Accuracy	Sample 3 Accuracy	Sample 4 Accuracy	Sample 5 Accuracy
TH02_0084_S01	MED12L	Up	2.10433665981	1.81412935257	13.79091629122703	98.3991826746442	96.92737430167597	100	98.69109947643979	98.9010989010989	100	97.47634069400631	96.92737430167597
