Sample	Gene	Type	Expression	Threshold	Percent difference	Mean Accuracy	Minimum Accuracy	Maximum Accuracy	Sample 1 Accuracy	Sample 2 Accuracy	Sample 3 Accuracy	Sample 4 Accuracy	Sample 5 Accuracy
TH02_0084_S01	ANGPTL1	Up	3.972692654	3.84113430977	3.311566126252859	97.5994567259651	95.83333333333334	99.31818181818181	97.95918367346938	98.7012987012987	99.31818181818181	96.18528610354224	95.83333333333334
