Sample	Gene	Type	Expression	Threshold	Percent difference	Mean Accuracy	Minimum Accuracy	Maximum Accuracy	Sample 1 Accuracy	Sample 2 Accuracy	Sample 3 Accuracy	Sample 4 Accuracy	Sample 5 Accuracy
TH01_0069_S01	MED30	Down	1.55581615506	1.62605333328	4.5144908665183054	64.59902566661951	54.75113122171946	74.42307692307692	54.75113122171946	74.10926365795724	74.42307692307692	61.58357771260997	58.128078817733986
