Sample	Gene	Type	Expression	Threshold	Percent difference	Mean Accuracy	Minimum Accuracy	Maximum Accuracy	Sample 1 Accuracy	Sample 2 Accuracy	Sample 3 Accuracy	Sample 4 Accuracy	Sample 5 Accuracy
TH01_0069_S01	ZCCHC2	Down	0.847996906555	0.904644608498	6.6801778998383465	41.871986994555876	34.50834879406308	49.40944881889764	34.95495495495496	49.40944881889764	49.07749077490775	41.409691629955944	34.50834879406308
