Sample	Gene	Type	Expression	Threshold	Percent difference	Mean Accuracy	Minimum Accuracy	Maximum Accuracy	Sample 1 Accuracy	Sample 2 Accuracy	Sample 3 Accuracy	Sample 4 Accuracy	Sample 5 Accuracy
TH01_0069_S01	RP11-33B1.1	Down	1.22650852981	1.24170219898	1.2387740321996406	22.081771967605793	15.384615384615385	29.423076923076923	15.384615384615385	28.26603325415677	29.423076923076923	19.35483870967742	17.980295566502463
