Sample	Gene	Type	Expression	Threshold	Percent difference	Mean Accuracy	Minimum Accuracy	Maximum Accuracy	Sample 1 Accuracy	Sample 2 Accuracy	Sample 3 Accuracy	Sample 4 Accuracy	Sample 5 Accuracy
TH01_0069_S01	CREM	Down	2.40053792958	2.63411736488	9.730295548417644	88.64922139315489	82.26600985221675	94.29928741092637	86.42533936651584	94.29928741092637	94.03846153846153	86.21700879765396	82.26600985221675
