Sample	Gene	Type	Expression	Threshold	Percent difference	Mean Accuracy	Minimum Accuracy	Maximum Accuracy	Sample 1 Accuracy	Sample 2 Accuracy	Sample 3 Accuracy	Sample 4 Accuracy	Sample 5 Accuracy
TH01_0069_S01	C15orf61	Down	0.344828496997	0.529377996922	53.51921361841669	88.09623061494581	85.97842835130972	91.84615384615384	86.25180897250362	91.84615384615384	88.57142857142857	87.83333333333333	85.97842835130972
