Sample	Gene	Type	Expression	Threshold	Percent difference	Mean Accuracy	Minimum Accuracy	Maximum Accuracy	Sample 1 Accuracy	Sample 2 Accuracy	Sample 3 Accuracy	Sample 4 Accuracy	Sample 5 Accuracy
TH01_0069_S01	GALNS	Down	0.6322682155	1.87384915352	196.36934256423962	98.16885166370643	96.23717217787913	99.75339087546239	99.0074441687345	98.9459815546772	99.75339087546239	96.90026954177897	96.23717217787913
