Sample	Gene	Type	Expression	Threshold	Percent difference	Mean Accuracy	Minimum Accuracy	Maximum Accuracy	Sample 1 Accuracy	Sample 2 Accuracy	Sample 3 Accuracy	Sample 4 Accuracy	Sample 5 Accuracy
TH01_0069_S01	PMP22	Down	0.310340120612	0.327650815248	5.577975094506886	30.179847449959404	22.245762711864405	41.77927927927928	24.242424242424242	36.25140291806959	41.77927927927928	26.380368098159508	22.245762711864405
