Sample	Gene	Type	Expression	Threshold	Percent difference	Mean Accuracy	Minimum Accuracy	Maximum Accuracy	Sample 1 Accuracy	Sample 2 Accuracy	Sample 3 Accuracy	Sample 4 Accuracy	Sample 5 Accuracy
TH01_0069_S01	PPP2CA	Down	2.83187724119	3.71907830238	31.329079109982317	99.79523498939993	99.51456310679612	100	99.51456310679612	99.74489795918367	100	99.71671388101983	100
