Sample	Gene	Type	Expression	Threshold	Percent difference	Mean Accuracy	Minimum Accuracy	Maximum Accuracy	Sample 1 Accuracy	Sample 2 Accuracy	Sample 3 Accuracy	Sample 4 Accuracy	Sample 5 Accuracy
TH01_0069_S01	RP11-274B21.2	Down	0.150559676575	0.260959416628	73.32623353372131	86.35160464148822	81.16045845272207	92.50170415814588	81.16045845272207	90.87363494539782	92.50170415814588	86.04224058769513	81.1799850634802
