Sample	Gene	Type	Expression	Threshold	Percent difference	Mean Accuracy	Minimum Accuracy	Maximum Accuracy	Sample 1 Accuracy	Sample 2 Accuracy	Sample 3 Accuracy	Sample 4 Accuracy	Sample 5 Accuracy
TH01_0069_S01	KPTN	Down	0.782408564927	0.866963267326	10.806975561021522	37.87320577182465	30.802292263610315	46.48985959438377	30.802292263610315	46.48985959438377	41.58145875937287	37.55739210284665	32.935026138909635
