Sample	Gene	Type	Expression	Threshold	Percent difference	Mean Accuracy	Minimum Accuracy	Maximum Accuracy	Sample 1 Accuracy	Sample 2 Accuracy	Sample 3 Accuracy	Sample 4 Accuracy	Sample 5 Accuracy
TH01_0069_S01	RP11-673C5.1	Down	3.60762622085	4.06411027908	12.65330802819277	99.83805668016194	99.19028340080972	100	99.19028340080972	100	100	100	100
