Sample	Gene	Type	Expression	Threshold	Percent difference	Mean Accuracy	Minimum Accuracy	Maximum Accuracy	Sample 1 Accuracy	Sample 2 Accuracy	Sample 3 Accuracy	Sample 4 Accuracy	Sample 5 Accuracy
TH01_0069_S01	PATZ1	Down	1.84799690655	1.98159086704	7.229122517277628	92.36659113210166	87.8048780487805	96.29629629629629	87.8048780487805	96.29629629629629	95.35714285714286	91.88034188034187	90.49429657794677
