Sample	Gene	Type	Expression	Threshold	Percent difference	Mean Accuracy	Minimum Accuracy	Maximum Accuracy	Sample 1 Accuracy	Sample 2 Accuracy	Sample 3 Accuracy	Sample 4 Accuracy	Sample 5 Accuracy
TH01_0069_S01	LINC01001	Down	0.214124805353	0.425825417042	98.86785948970109	90.28004559120896	85.84729981378027	95.91836734693877	85.84729981378027	91.53386454183267	95.91836734693877	89.30232558139535	88.79837067209776
