Sample	Gene	Type	Expression	Threshold	Percent difference	Mean Accuracy	Minimum Accuracy	Maximum Accuracy	Sample 1 Accuracy	Sample 2 Accuracy	Sample 3 Accuracy	Sample 4 Accuracy	Sample 5 Accuracy
TH01_0069_S01	C8orf58	Down	0.575312330687	0.956197619438	66.20495832171228	88.42390339977914	83.92246294184721	95.80764488286067	84.98759305210918	92.22661396574439	95.80764488286067	85.17520215633422	83.92246294184721
