Sample	Gene	Type	Expression	Threshold	Percent difference	Mean Accuracy	Minimum Accuracy	Maximum Accuracy	Sample 1 Accuracy	Sample 2 Accuracy	Sample 3 Accuracy	Sample 4 Accuracy	Sample 5 Accuracy
TH01_0069_S01	SLC26A11	Down	0.50589092973	0.638090670109	26.13206377302643	73.37080433449863	68.10477657935286	80.75187969924812	68.7409551374819	78.92307692307692	80.75187969924812	70.33333333333334	68.10477657935286
