Sample	Gene	Type	Expression	Threshold	Percent difference	Mean Accuracy	Minimum Accuracy	Maximum Accuracy	Sample 1 Accuracy	Sample 2 Accuracy	Sample 3 Accuracy	Sample 4 Accuracy	Sample 5 Accuracy
TH01_0069_S01	DDX17	Down	4.50016467949	4.58844327927	1.9616748734182832	94.5268695958513	90.42598059890342	97.55030621172354	94.11455596426694	97.07254985150615	97.55030621172354	93.47095535285645	90.42598059890342
