Sample	Gene	Type	Expression	Threshold	Percent difference	Mean Accuracy	Minimum Accuracy	Maximum Accuracy	Sample 1 Accuracy	Sample 2 Accuracy	Sample 3 Accuracy	Sample 4 Accuracy	Sample 5 Accuracy
TH01_0069_S01	SNX16	Down	0.6322682155	0.69089782238	9.27290119014372	42.480662526336744	32.953249714937286	53.144266337854496	38.21339950372209	49.143610013175234	53.144266337854496	38.94878706199461	32.953249714937286
