Sample	Gene	Type	Expression	Threshold	Percent difference	Mean Accuracy	Minimum Accuracy	Maximum Accuracy	Sample 1 Accuracy	Sample 2 Accuracy	Sample 3 Accuracy	Sample 4 Accuracy	Sample 5 Accuracy
TH01_0069_S01	MTOR	Down	0.68706068834	2.24619364738	226.92798256395733	99.95605225545185	99.84631147540983	100	99.84631147540983	100	100	99.93394980184941	100
