Sample	Gene	Type	Expression	Threshold	Percent difference	Mean Accuracy	Minimum Accuracy	Maximum Accuracy	Sample 1 Accuracy	Sample 2 Accuracy	Sample 3 Accuracy	Sample 4 Accuracy	Sample 5 Accuracy
TH01_0069_S01	CERS2	Down	4.46336088582	4.63130617142	3.762753895468292	98.36851185530317	97.6923076923077	99.3963782696177	97.6923076923077	99.3963782696177	99.29947460595446	97.71428571428571	97.74011299435028
