Sample	Gene	Type	Expression	Threshold	Percent difference	Mean Accuracy	Minimum Accuracy	Maximum Accuracy	Sample 1 Accuracy	Sample 2 Accuracy	Sample 3 Accuracy	Sample 4 Accuracy	Sample 5 Accuracy
TH01_0069_S01	CYB561D2	Down	0.646162657158	1.5199996233	135.2348292588392	97.61340815583266	95.05730659025788	99.65916837082482	95.05730659025788	98.67394695787831	99.65916837082482	97.88797061524335	96.78864824495892
