Sample	Gene	Type	Expression	Threshold	Percent difference	Mean Accuracy	Minimum Accuracy	Maximum Accuracy	Sample 1 Accuracy	Sample 2 Accuracy	Sample 3 Accuracy	Sample 4 Accuracy	Sample 5 Accuracy
TH01_0069_S01	NR2F6	Down	0.855989697308	1.96113824844	129.10769307242586	98.82300508045753	96.83333333333334	99.69924812030075	99.27641099855282	99.38461538461539	99.69924812030075	96.83333333333334	98.92141756548536
