Sample	Gene	Type	Expression	Threshold	Percent difference	Mean Accuracy	Minimum Accuracy	Maximum Accuracy	Sample 1 Accuracy	Sample 2 Accuracy	Sample 3 Accuracy	Sample 4 Accuracy	Sample 5 Accuracy
TH01_0069_S01	CASKIN2	Down	0.678071905113	1.1789689064	73.87077941291875	91.51271338437924	89.16666666666667	96.83377308707124	90.15151515151516	89.16666666666667	96.83377308707124	91.64179104477613	89.769820971867
