Sample	Gene	Type	Expression	Threshold	Percent difference	Mean Accuracy	Minimum Accuracy	Maximum Accuracy	Sample 1 Accuracy	Sample 2 Accuracy	Sample 3 Accuracy	Sample 4 Accuracy	Sample 5 Accuracy
TH01_0069_S01	TXNDC15	Down	2.11436702495	3.02501511574	43.069537125964914	99.85189221319595	99.51456310679612	100	99.51456310679612	99.74489795918367	100	100	100
