Sample	Gene	Type	Expression	Threshold	Percent difference	Mean Accuracy	Minimum Accuracy	Maximum Accuracy	Sample 1 Accuracy	Sample 2 Accuracy	Sample 3 Accuracy	Sample 4 Accuracy	Sample 5 Accuracy
TH01_0069_S01	EXOSC8	Down	2.01435529298	2.80163311958	39.08336475415496	99.85397189427003	99.50738916256158	100	100	99.7624703087886	100	100	99.50738916256158
