Sample	Gene	Type	Expression	Threshold	Percent difference	Mean Accuracy	Minimum Accuracy	Maximum Accuracy	Sample 1 Accuracy	Sample 2 Accuracy	Sample 3 Accuracy	Sample 4 Accuracy	Sample 5 Accuracy
TH01_0069_S01	SCNM1	Down	2.88166461932	3.95654392242	37.30063852307852	99.47610201301426	99.04076738609112	100	99.35275080906149	99.1869918699187	100	99.04076738609112	99.8
