Sample	Gene	Type	Expression	Threshold	Percent difference	Mean Accuracy	Minimum Accuracy	Maximum Accuracy	Sample 1 Accuracy	Sample 2 Accuracy	Sample 3 Accuracy	Sample 4 Accuracy	Sample 5 Accuracy
TH01_0069_S01	ISG20	Down	0.411426245726	0.464219331741	12.831725385394815	42.36272848855988	33.882521489971346	51.24804992199687	33.882521489971346	51.24804992199687	48.875255623721884	41.1386593204775	36.669156086631816
