Sample	Gene	Type	Expression	Threshold	Percent difference	Mean Accuracy	Minimum Accuracy	Maximum Accuracy	Sample 1 Accuracy	Sample 2 Accuracy	Sample 3 Accuracy	Sample 4 Accuracy	Sample 5 Accuracy
TH01_0069_S01	ALG3	Down	0.948600847493	3.17933893204	235.1608783022367	99.43132322827638	99.08350305498982	99.81447124304268	99.25512104283054	99.7011952191235	99.81447124304268	99.30232558139535	99.08350305498982
