Sample	Gene	Type	Expression	Threshold	Percent difference	Mean Accuracy	Minimum Accuracy	Maximum Accuracy	Sample 1 Accuracy	Sample 2 Accuracy	Sample 3 Accuracy	Sample 4 Accuracy	Sample 5 Accuracy
TH01_0069_S01	MINA	Down	0.879705766282	1.92257750034	118.54778882098348	99.00757857625526	98.55855855855856	99.44649446494465	98.55855855855856	99.21259842519686	99.44649446494465	99.11894273127754	98.7012987012987
