Sample	Gene	Type	Expression	Threshold	Percent difference	Mean Accuracy	Minimum Accuracy	Maximum Accuracy	Sample 1 Accuracy	Sample 2 Accuracy	Sample 3 Accuracy	Sample 4 Accuracy	Sample 5 Accuracy
TH01_0069_S01	MRPL44	Down	2.68929916054	3.05987668037	13.779706076120943	97.57169864933344	96.80365296803653	99.36440677966102	96.80365296803653	97.52252252252252	99.36440677966102	97.1291866028708	97.03872437357631
