Sample	Gene	Type	Expression	Threshold	Percent difference	Mean Accuracy	Minimum Accuracy	Maximum Accuracy	Sample 1 Accuracy	Sample 2 Accuracy	Sample 3 Accuracy	Sample 4 Accuracy	Sample 5 Accuracy
TH01_0069_S01	RBMX	Down	5.18863829456	5.20222616196	0.2618773294381725	48.745945167466004	40.48257372654155	60.54054054054055	45	60.54054054054055	55.833333333333336	41.8732782369146	40.48257372654155
