Sample	Gene	Type	Expression	Threshold	Percent difference	Mean Accuracy	Minimum Accuracy	Maximum Accuracy	Sample 1 Accuracy	Sample 2 Accuracy	Sample 3 Accuracy	Sample 4 Accuracy	Sample 5 Accuracy
TH01_0069_S01	MAT2B	Down	2.74631276643	3.48023629189	26.723960010354	99.65557512695881	99.27184466019418	100	99.27184466019418	99.74489795918367	100	99.71671388101983	99.54441913439635
