Sample	Gene	Type	Expression	Threshold	Percent difference	Mean Accuracy	Minimum Accuracy	Maximum Accuracy	Sample 1 Accuracy	Sample 2 Accuracy	Sample 3 Accuracy	Sample 4 Accuracy	Sample 5 Accuracy
TH01_0069_S01	RNF103	Down	1.62293035092	1.82253062725	12.298757997646135	98.88215664210716	97.9964643488509	99.57310565635005	98.86672710788757	99.30875576036865	99.57310565635005	98.66573033707866	97.9964643488509
