Sample	Gene	Type	Expression	Threshold	Percent difference	Mean Accuracy	Minimum Accuracy	Maximum Accuracy	Sample 1 Accuracy	Sample 2 Accuracy	Sample 3 Accuracy	Sample 4 Accuracy	Sample 5 Accuracy
TH01_0069_S01	TRIT1	Down	0.678071905113	1.90350604057	180.72333128929486	98.1569540947552	96.42857142857143	100	96.42857142857143	98.09203142536475	100	99.01840490797545	97.2457627118644
