Sample	Gene	Type	Expression	Threshold	Percent difference	Mean Accuracy	Minimum Accuracy	Maximum Accuracy	Sample 1 Accuracy	Sample 2 Accuracy	Sample 3 Accuracy	Sample 4 Accuracy	Sample 5 Accuracy
TH01_0069_S01	NAF1	Down	0.807354922058	1.15238595009	42.73597876290809	79.42098341738736	72.18614718614718	90.990990990991	72.18614718614718	82.37934904601572	90.990990990991	78.77300613496932	72.77542372881356
