Sample	Gene	Type	Expression	Threshold	Percent difference	Mean Accuracy	Minimum Accuracy	Maximum Accuracy	Sample 1 Accuracy	Sample 2 Accuracy	Sample 3 Accuracy	Sample 4 Accuracy	Sample 5 Accuracy
TH01_0069_S01	C11orf57	Down	1.63691458036	1.96802461147	20.227691480222518	99.76705571572491	99.57264957264957	100	100	100	99.64285714285714	99.57264957264957	99.61977186311786
