Sample	Gene	Type	Expression	Threshold	Percent difference	Mean Accuracy	Minimum Accuracy	Maximum Accuracy	Sample 1 Accuracy	Sample 2 Accuracy	Sample 3 Accuracy	Sample 4 Accuracy	Sample 5 Accuracy
TH01_0069_S01	TRIM39	Down	0.604071323669	1.42588555813	136.0458942943155	99.4332534735365	98.46547314578005	100	99.24242424242425	99.72222222222223	99.73614775725594	100	98.46547314578005
