Sample	Gene	Type	Expression	Threshold	Percent difference	Mean Accuracy	Minimum Accuracy	Maximum Accuracy	Sample 1 Accuracy	Sample 2 Accuracy	Sample 3 Accuracy	Sample 4 Accuracy	Sample 5 Accuracy
TH01_0069_S01	SPRYD4	Down	0.985500430305	1.4159142971	43.67465031565662	84.33586523760306	78.00511508951406	92.0844327176781	82.07070707070707	84.44444444444444	92.0844327176781	85.07462686567165	78.00511508951406
