Sample	Gene	Type	Expression	Threshold	Percent difference	Mean Accuracy	Minimum Accuracy	Maximum Accuracy	Sample 1 Accuracy	Sample 2 Accuracy	Sample 3 Accuracy	Sample 4 Accuracy	Sample 5 Accuracy
TH01_0069_S01	MRFAP1L1	Down	2.68706068834	3.57737255096	33.133299388560246	99.9071080650028	99.76076555023924	100	100	99.77477477477478	100	99.76076555023924	100
