Sample	Gene	Type	Expression	Threshold	Percent difference	Mean Accuracy	Minimum Accuracy	Maximum Accuracy	Sample 1 Accuracy	Sample 2 Accuracy	Sample 3 Accuracy	Sample 4 Accuracy	Sample 5 Accuracy
TH01_0069_S01	ZNF800	Down	0.855989697308	1.21504485607	41.946200975454694	83.76464491002088	77.23785166240408	91.55672823218998	80.8080808080808	84.44444444444444	91.55672823218998	84.77611940298507	77.23785166240408
