Sample	Gene	Type	Expression	Threshold	Percent difference	Mean Accuracy	Minimum Accuracy	Maximum Accuracy	Sample 1 Accuracy	Sample 2 Accuracy	Sample 3 Accuracy	Sample 4 Accuracy	Sample 5 Accuracy
TH01_0069_S01	ZNF775	Down	1.22032995488	1.24294745922	1.8533925394156343	35.20019485388886	26.107226107226104	45.69138276553106	29.953917050691242	43.35839598997494	45.69138276553106	30.89005235602094	26.107226107226104
