Sample	Gene	Type	Expression	Threshold	Percent difference	Mean Accuracy	Minimum Accuracy	Maximum Accuracy	Sample 1 Accuracy	Sample 2 Accuracy	Sample 3 Accuracy	Sample 4 Accuracy	Sample 5 Accuracy
TH01_0069_S01	DCTN5	Down	2.57046293103	2.77247929573	7.859143279652403	93.26069657498759	89.89547038327527	97.03703703703704	89.89547038327527	97.03703703703704	95.71428571428572	93.16239316239316	90.49429657794677
