Sample	Gene	Type	Expression	Threshold	Percent difference	Mean Accuracy	Minimum Accuracy	Maximum Accuracy	Sample 1 Accuracy	Sample 2 Accuracy	Sample 3 Accuracy	Sample 4 Accuracy	Sample 5 Accuracy
TH01_0069_S01	AC002398.9	Down	0.367371065649	0.658916592598	79.35995896518247	86.78120765890377	81.51862464183381	92.63803680981594	81.51862464183381	91.26365054602185	92.63803680981594	86.40955004591369	82.07617625093353
