Sample	Gene	Type	Expression	Threshold	Percent difference	Mean Accuracy	Minimum Accuracy	Maximum Accuracy	Sample 1 Accuracy	Sample 2 Accuracy	Sample 3 Accuracy	Sample 4 Accuracy	Sample 5 Accuracy
TH01_0069_S01	CLK2	Down	2.29865831556	2.80922174454	22.211366757900084	99.77073881904451	99.54337899543378	100	99.54337899543378	99.54954954954955	100	99.76076555023924	100
