Sample	Gene	Type	Expression	Threshold	Percent difference	Mean Accuracy	Minimum Accuracy	Maximum Accuracy	Sample 1 Accuracy	Sample 2 Accuracy	Sample 3 Accuracy	Sample 4 Accuracy	Sample 5 Accuracy
TH01_0069_S01	RARS	Down	3.09254574154	3.51113700867	13.535491537193996	99.9206336708502	99.800796812749	100	100	100	99.800796812749	99.80237154150198	100
