Sample	Gene	Type	Expression	Threshold	Percent difference	Mean Accuracy	Minimum Accuracy	Maximum Accuracy	Sample 1 Accuracy	Sample 2 Accuracy	Sample 3 Accuracy	Sample 4 Accuracy	Sample 5 Accuracy
TH01_0069_S01	PFDN4	Down	2.45417589319	3.45176029205	40.648447473881525	99.61998690510059	99.1869918699187	100	99.35275080906149	99.1869918699187	100	99.76019184652279	99.8
