Sample	Gene	Type	Expression	Threshold	Percent difference	Mean Accuracy	Minimum Accuracy	Maximum Accuracy	Sample 1 Accuracy	Sample 2 Accuracy	Sample 3 Accuracy	Sample 4 Accuracy	Sample 5 Accuracy
TH01_0069_S01	HINFP	Down	1.29865831556	1.81707620621	39.91949879645216	99.9071080650028	99.76076555023924	100	100	99.77477477477478	100	99.76076555023924	100
