Sample	Gene	Type	Expression	Threshold	Percent difference	Mean Accuracy	Minimum Accuracy	Maximum Accuracy	Sample 1 Accuracy	Sample 2 Accuracy	Sample 3 Accuracy	Sample 4 Accuracy	Sample 5 Accuracy
TH01_0069_S01	NOM1	Down	0.704871964456	1.12716960907	59.911255647671744	93.99927391408606	91.02202145680407	97.25940089228808	92.98155737704919	94.94210847044485	97.25940089228808	93.79128137384413	91.02202145680407
