Sample	Gene	Type	Expression	Threshold	Percent difference	Mean Accuracy	Minimum Accuracy	Maximum Accuracy	Sample 1 Accuracy	Sample 2 Accuracy	Sample 3 Accuracy	Sample 4 Accuracy	Sample 5 Accuracy
TH01_0069_S01	ZFP62	Down	1.70043971814	1.74753785133	2.769762002590576	65.3597986640739	56.27376425855514	75.71428571428571	58.88501742160279	74.81481481481481	75.71428571428571	61.111111111111114	56.27376425855514
