Sample	Gene	Type	Expression	Threshold	Percent difference	Mean Accuracy	Minimum Accuracy	Maximum Accuracy	Sample 1 Accuracy	Sample 2 Accuracy	Sample 3 Accuracy	Sample 4 Accuracy	Sample 5 Accuracy
TH01_0069_S01	PTDSS1	Down	3.62993940944	3.78059649467	4.1504022033591585	98.82797476050492	98.30508474576271	99.59758551307847	98.46153846153847	99.59758551307847	99.29947460595446	98.47619047619047	98.30508474576271
