Sample	Gene	Type	Expression	Threshold	Percent difference	Mean Accuracy	Minimum Accuracy	Maximum Accuracy	Sample 1 Accuracy	Sample 2 Accuracy	Sample 3 Accuracy	Sample 4 Accuracy	Sample 5 Accuracy
TH01_0069_S01	ITPK1	Down	1.69153416492	2.62832689285	55.38124782565684	99.90043590251635	99.74489795918367	100	99.75728155339806	99.74489795918367	100	100	100
