Sample	Gene	Type	Expression	Threshold	Percent difference	Mean Accuracy	Minimum Accuracy	Maximum Accuracy	Sample 1 Accuracy	Sample 2 Accuracy	Sample 3 Accuracy	Sample 4 Accuracy	Sample 5 Accuracy
TH01_0069_S01	CHST12	Down	0.847996906555	1.75364422798	106.79842278012612	98.93443678882777	98.37837837837839	99.44649446494465	98.37837837837839	99.21259842519686	99.44649446494465	99.11894273127754	98.51576994434137
