Sample	Gene	Type	Expression	Threshold	Percent difference	Mean Accuracy	Minimum Accuracy	Maximum Accuracy	Sample 1 Accuracy	Sample 2 Accuracy	Sample 3 Accuracy	Sample 4 Accuracy	Sample 5 Accuracy
TH01_0069_S01	TSR2	Down	0.956056652412	3.40626049042	256.28228534642494	99.49021411765338	99.04661016949152	100	99.24242424242425	99.77553310886644	100	99.38650306748467	99.04661016949152
