Sample	Gene	Type	Expression	Threshold	Percent difference	Mean Accuracy	Minimum Accuracy	Maximum Accuracy	Sample 1 Accuracy	Sample 2 Accuracy	Sample 3 Accuracy	Sample 4 Accuracy	Sample 5 Accuracy
TH01_0069_S01	CRYZL1	Down	2.26903314646	2.36391568184	4.181628440643525	65.25897404676127	55.24475524475524	77.9559118236473	59.907834101382484	71.9298245614035	77.9559118236473	61.25654450261781	55.24475524475524
