Sample	Gene	Type	Expression	Threshold	Percent difference	Mean Accuracy	Minimum Accuracy	Maximum Accuracy	Sample 1 Accuracy	Sample 2 Accuracy	Sample 3 Accuracy	Sample 4 Accuracy	Sample 5 Accuracy
TH01_0069_S01	FBXL19	Down	0.815575428863	1.3464165926	65.08792993887147	90.50449710320737	88.05555555555556	96.04221635883906	88.88888888888889	88.05555555555556	96.04221635883906	91.04477611940298	88.49104859335038
