Sample	Gene	Type	Expression	Threshold	Percent difference	Mean Accuracy	Minimum Accuracy	Maximum Accuracy	Sample 1 Accuracy	Sample 2 Accuracy	Sample 3 Accuracy	Sample 4 Accuracy	Sample 5 Accuracy
TH01_0069_S01	SEC22C	Down	1.68706068834	2.14290499687	27.020030262131982	99.83848428715349	99.57264957264957	100	100	100	100	99.57264957264957	99.61977186311786
