Sample	Gene	Type	Expression	Threshold	Percent difference	Mean Accuracy	Minimum Accuracy	Maximum Accuracy	Sample 1 Accuracy	Sample 2 Accuracy	Sample 3 Accuracy	Sample 4 Accuracy	Sample 5 Accuracy
TH01_0069_S01	PNRC1	Down	3.82984955984	3.99538087845	4.322136314328629	99.12518136171566	98.65384615384616	99.82486865148861	98.65384615384616	99.79879275653923	99.82486865148861	98.66666666666667	98.68173258003766
