Sample	Gene	Type	Expression	Threshold	Percent difference	Mean Accuracy	Minimum Accuracy	Maximum Accuracy	Sample 1 Accuracy	Sample 2 Accuracy	Sample 3 Accuracy	Sample 4 Accuracy	Sample 5 Accuracy
TH01_0069_S01	TMEM161A	Down	1.75274859141	2.84762954712	62.466514654518825	99.90325464009675	99.74937343358395	100	100	99.74937343358395	100	100	99.76689976689977
