Sample	Gene	Type	Expression	Threshold	Percent difference	Mean Accuracy	Minimum Accuracy	Maximum Accuracy	Sample 1 Accuracy	Sample 2 Accuracy	Sample 3 Accuracy	Sample 4 Accuracy	Sample 5 Accuracy
TH01_0069_S01	TAB3	Down	0.443606651476	0.876685976982	97.6268782411236	95.78892253887523	94.01468097120271	98.21542383683875	94.92827868852459	96.3436928702011	98.21542383683875	95.44253632760899	94.01468097120271
