Sample	Gene	Type	Expression	Threshold	Percent difference	Mean Accuracy	Minimum Accuracy	Maximum Accuracy	Sample 1 Accuracy	Sample 2 Accuracy	Sample 3 Accuracy	Sample 4 Accuracy	Sample 5 Accuracy
TH01_0069_S01	HERC3	Down	1.92979099772	2.43848085403	26.359841916093718	99.3865762595535	98.36829836829837	99.79959919839679	99.53917050691244	99.74937343358395	99.79959919839679	99.47643979057592	98.36829836829837
