Sample	Gene	Type	Expression	Threshold	Percent difference	Mean Accuracy	Minimum Accuracy	Maximum Accuracy	Sample 1 Accuracy	Sample 2 Accuracy	Sample 3 Accuracy	Sample 4 Accuracy	Sample 5 Accuracy
TH01_0069_S01	EDEM3	Down	1.60407132367	1.70249867439	6.136095650335876	93.89902181232863	89.68768414849735	96.60138248847926	93.78966455122394	96.60138248847926	96.15795090715048	93.25842696629213	89.68768414849735
