Sample	Gene	Type	Expression	Threshold	Percent difference	Mean Accuracy	Minimum Accuracy	Maximum Accuracy	Sample 1 Accuracy	Sample 2 Accuracy	Sample 3 Accuracy	Sample 4 Accuracy	Sample 5 Accuracy
TH01_0069_S01	CEP83	Down	0.650764559117	0.836728572845	28.576235617429464	76.33165999770733	70.31539888682747	81.88976377952756	70.8108108108108	81.88976377952756	81.54981549815497	77.09251101321586	70.31539888682747
