Sample	Gene	Type	Expression	Threshold	Percent difference	Mean Accuracy	Minimum Accuracy	Maximum Accuracy	Sample 1 Accuracy	Sample 2 Accuracy	Sample 3 Accuracy	Sample 4 Accuracy	Sample 5 Accuracy
TH01_0069_S01	NUDT16	Down	0.333423733725	1.62359499931	386.9464393464872	99.96629815709119	99.89754098360656	100	99.89754098360656	100	100	99.93394980184941	100
