Sample	Gene	Type	Expression	Threshold	Percent difference	Mean Accuracy	Minimum Accuracy	Maximum Accuracy	Sample 1 Accuracy	Sample 2 Accuracy	Sample 3 Accuracy	Sample 4 Accuracy	Sample 5 Accuracy
TH01_0069_S01	MED19	Down	1.75702324651	2.52108359337	43.48606931511373	99.90323297801388	99.75369458128078	100	100	99.7624703087886	100	100	99.75369458128078
