Sample	Gene	Type	Expression	Threshold	Percent difference	Mean Accuracy	Minimum Accuracy	Maximum Accuracy	Sample 1 Accuracy	Sample 2 Accuracy	Sample 3 Accuracy	Sample 4 Accuracy	Sample 5 Accuracy
TH01_0069_S01	MSL3	Down	0.68706068834	2.40057110786	249.3972437369389	99.41555520418503	98.63169897377423	99.8766954377312	99.50372208436724	99.60474308300395	99.8766954377312	99.46091644204851	98.63169897377423
