Sample	Gene	Type	Expression	Threshold	Percent difference	Mean Accuracy	Minimum Accuracy	Maximum Accuracy	Sample 1 Accuracy	Sample 2 Accuracy	Sample 3 Accuracy	Sample 4 Accuracy	Sample 5 Accuracy
TH01_0069_S01	MED14	Down	0.933572638261	2.0107998848	115.38761981559259	99.64579177313543	99.18032786885246	100	99.18032786885246	100	100	99.66974900924703	99.37888198757764
