Sample	Gene	Type	Expression	Threshold	Percent difference	Mean Accuracy	Minimum Accuracy	Maximum Accuracy	Sample 1 Accuracy	Sample 2 Accuracy	Sample 3 Accuracy	Sample 4 Accuracy	Sample 5 Accuracy
TH01_0069_S01	ACAP3	Down	0.50589092973	1.09969341755	117.37757151268144	99.31799642544362	98.46547314578005	99.73614775725594	99.24242424242425	99.44444444444444	99.73614775725594	99.70149253731343	98.46547314578005
