Sample	Gene	Type	Expression	Threshold	Percent difference	Mean Accuracy	Minimum Accuracy	Maximum Accuracy	Sample 1 Accuracy	Sample 2 Accuracy	Sample 3 Accuracy	Sample 4 Accuracy	Sample 5 Accuracy
TH01_0069_S01	ZDHHC14	Down	0.0976107966264	0.188591212034	93.20732803341681	91.83946328059127	90.60092449922959	94.92307692307692	92.32995658465991	94.92307692307692	90.67669172932331	90.66666666666666	90.60092449922959
