Sample	Gene	Type	Expression	Threshold	Percent difference	Mean Accuracy	Minimum Accuracy	Maximum Accuracy	Sample 1 Accuracy	Sample 2 Accuracy	Sample 3 Accuracy	Sample 4 Accuracy	Sample 5 Accuracy
TH01_0069_S01	FAM193A	Down	1.35049724708	1.6047949791	18.82993338711604	99.56939450531723	99.34640522875817	100	99.38650306748467	99.40476190476191	99.70930232558139	100	99.34640522875817
