Sample	Gene	Type	Expression	Threshold	Percent difference	Mean Accuracy	Minimum Accuracy	Maximum Accuracy	Sample 1 Accuracy	Sample 2 Accuracy	Sample 3 Accuracy	Sample 4 Accuracy	Sample 5 Accuracy
TH01_0069_S01	AP5Z1	Down	0.831877241192	2.40581655502	189.20331461078274	99.63721120946353	99.23273657289002	100	99.4949494949495	99.72222222222223	99.73614775725594	100	99.23273657289002
