Sample	Gene	Type	Expression	Threshold	Percent difference	Mean Accuracy	Minimum Accuracy	Maximum Accuracy	Sample 1 Accuracy	Sample 2 Accuracy	Sample 3 Accuracy	Sample 4 Accuracy	Sample 5 Accuracy
TH01_0069_S01	SLC27A3	Down	0.903038270113	2.01013159752	122.59650161542612	97.6632462147089	95.88744588744589	99.77477477477478	95.88744588744589	97.8675645342312	99.77477477477478	98.28220858895705	96.5042372881356
