Sample	Gene	Type	Expression	Threshold	Percent difference	Mean Accuracy	Minimum Accuracy	Maximum Accuracy	Sample 1 Accuracy	Sample 2 Accuracy	Sample 3 Accuracy	Sample 4 Accuracy	Sample 5 Accuracy
TH01_0069_S01	C19orf25	Down	1.79908730607	2.76648306847	53.771473965497485	99.90325464009675	99.74937343358395	100	100	99.74937343358395	100	100	99.76689976689977
