Sample	Gene	Type	Expression	Threshold	Percent difference	Mean Accuracy	Minimum Accuracy	Maximum Accuracy	Sample 1 Accuracy	Sample 2 Accuracy	Sample 3 Accuracy	Sample 4 Accuracy	Sample 5 Accuracy
TH01_0069_S01	HINT3	Down	0.933572638261	1.51145970821	61.900600581594965	94.0462106005595	91.07848673066064	97.25940089228808	93.0327868852459	95.00304692260816	97.25940089228808	93.85733157199472	91.07848673066064
