Sample	Gene	Type	Expression	Threshold	Percent difference	Mean Accuracy	Minimum Accuracy	Maximum Accuracy	Sample 1 Accuracy	Sample 2 Accuracy	Sample 3 Accuracy	Sample 4 Accuracy	Sample 5 Accuracy
TH01_0069_S01	RP11-1100L3.7	Down	0.250961573533	0.82207596302	227.5704528972048	99.54839728672758	98.9828941285252	100	99.37777777777778	99.76841130152849	100	99.61290322580645	98.9828941285252
