Sample	Gene	Type	Expression	Threshold	Percent difference	Mean Accuracy	Minimum Accuracy	Maximum Accuracy	Sample 1 Accuracy	Sample 2 Accuracy	Sample 3 Accuracy	Sample 4 Accuracy	Sample 5 Accuracy
TH01_0069_S01	NEK3	Down	0.422233000683	0.67215692997	59.190998544103714	87.35808481685838	82.32611174458381	95.80764488286067	83.12655086848635	91.56785243741766	95.80764488286067	83.9622641509434	82.32611174458381
