Sample	Gene	Type	Expression	Threshold	Percent difference	Mean Accuracy	Minimum Accuracy	Maximum Accuracy	Sample 1 Accuracy	Sample 2 Accuracy	Sample 3 Accuracy	Sample 4 Accuracy	Sample 5 Accuracy
TH01_0069_S01	MRPS27	Down	3.08065766335	3.1630461216	2.6743788909154023	95.71427653988962	92.64305177111717	98.18181818181819	96.82539682539682	97.40259740259741	98.18181818181819	92.64305177111717	93.51851851851852
