Sample	Gene	Type	Expression	Threshold	Percent difference	Mean Accuracy	Minimum Accuracy	Maximum Accuracy	Sample 1 Accuracy	Sample 2 Accuracy	Sample 3 Accuracy	Sample 4 Accuracy	Sample 5 Accuracy
TH01_0069_S01	CCDC167	Down	1.52606881167	2.6824092865	75.77249898479998	99.92698713394901	99.79674796747967	100	99.83818770226537	99.79674796747967	100	100	100
