Sample	Gene	Type	Expression	Threshold	Percent difference	Mean Accuracy	Minimum Accuracy	Maximum Accuracy	Sample 1 Accuracy	Sample 2 Accuracy	Sample 3 Accuracy	Sample 4 Accuracy	Sample 5 Accuracy
TH01_0069_S01	CLCA1	Up	0.526068811668	0.0358882322907	93.17803460408352	95.63657069208773	93.67588932806325	98.08795411089865	94.82581967213115	96.28275441803778	98.08795411089865	95.3104359313078	93.67588932806325
