Sample	Gene	Type	Expression	Threshold	Percent difference	Mean Accuracy	Minimum Accuracy	Maximum Accuracy	Sample 1 Accuracy	Sample 2 Accuracy	Sample 3 Accuracy	Sample 4 Accuracy	Sample 5 Accuracy
TH01_0069_S01	SLC25A24	Down	0.250961573533	0.430382728577	71.49347707624534	95.01626602017414	92.20779220779221	97.89674952198853	94.26229508196722	95.73430834856794	97.89674952198853	94.98018494055482	92.20779220779221
