Sample	Gene	Type	Expression	Threshold	Percent difference	Mean Accuracy	Minimum Accuracy	Maximum Accuracy	Sample 1 Accuracy	Sample 2 Accuracy	Sample 3 Accuracy	Sample 4 Accuracy	Sample 5 Accuracy
TH01_0069_S01	MFSD3	Down	0.782408564927	1.38864946365	77.48392922814736	88.4815176774811	82.9608938547486	95.54730983302412	82.9608938547486	90.43824701195219	95.54730983302412	88.0232558139535	85.43788187372708
