Sample	Gene	Type	Expression	Threshold	Percent difference	Mean Accuracy	Minimum Accuracy	Maximum Accuracy	Sample 1 Accuracy	Sample 2 Accuracy	Sample 3 Accuracy	Sample 4 Accuracy	Sample 5 Accuracy
TH01_0069_S01	H2AFJ	Down	2.60880924268	2.90701842308	11.430854181337263	88.75816552543048	82.6	94.77434679334917	85.76051779935275	92.88617886178862	94.77434679334917	87.76978417266187	82.6
