Sample	Gene	Type	Expression	Threshold	Percent difference	Mean Accuracy	Minimum Accuracy	Maximum Accuracy	Sample 1 Accuracy	Sample 2 Accuracy	Sample 3 Accuracy	Sample 4 Accuracy	Sample 5 Accuracy
TH01_0069_S01	TAP2	Down	0.963474123975	1.44268429279	49.73773108071915	88.0026667440665	84.86486486486487	92.43542435424355	84.86486486486487	90.94488188976378	92.43542435424355	85.68281938325991	86.08534322820037
