Sample	Gene	Type	Expression	Threshold	Percent difference	Mean Accuracy	Minimum Accuracy	Maximum Accuracy	Sample 1 Accuracy	Sample 2 Accuracy	Sample 3 Accuracy	Sample 4 Accuracy	Sample 5 Accuracy
TH01_0069_S01	SCAF1	Down	0.704871964456	3.16296243668	348.72864806321013	99.96629815709119	99.89754098360656	100	99.89754098360656	100	100	99.93394980184941	100
