Sample	Gene	Type	Expression	Threshold	Percent difference	Mean Accuracy	Minimum Accuracy	Maximum Accuracy	Sample 1 Accuracy	Sample 2 Accuracy	Sample 3 Accuracy	Sample 4 Accuracy	Sample 5 Accuracy
TH01_0069_S01	FAM174A	Down	0.83995958749	1.65302693844	96.79838923913466	87.55367942539594	82.8080229226361	92.97886843899114	82.8080229226361	91.49765990639625	92.97886843899114	87.51147842056933	82.97236743838685
