Sample	Gene	Type	Expression	Threshold	Percent difference	Mean Accuracy	Minimum Accuracy	Maximum Accuracy	Sample 1 Accuracy	Sample 2 Accuracy	Sample 3 Accuracy	Sample 4 Accuracy	Sample 5 Accuracy
TH01_0069_S01	PPP2R1B	Down	0.757023246507	1.09161138535	44.197868478521826	88.99143694181024	84.35911914172783	94.51880178457617	86.93647540983606	91.16392443631932	94.51880178457617	87.97886393659181	84.35911914172783
