Sample	Gene	Type	Expression	Threshold	Percent difference	Mean Accuracy	Minimum Accuracy	Maximum Accuracy	Sample 1 Accuracy	Sample 2 Accuracy	Sample 3 Accuracy	Sample 4 Accuracy	Sample 5 Accuracy
TH01_0069_S01	BGN	Down	0.400537929584	1.89696323872	373.60389581336085	99.90136971352777	99.86824769433466	100	99.87593052109182	99.86824769433466	99.8766954377312	100	99.8859749144812
