Sample	Gene	Type	Expression	Threshold	Percent difference	Mean Accuracy	Minimum Accuracy	Maximum Accuracy	Sample 1 Accuracy	Sample 2 Accuracy	Sample 3 Accuracy	Sample 4 Accuracy	Sample 5 Accuracy
TH01_0069_S01	ZNF75A	Down	0.925999418556	1.31179988384	41.66314336197055	79.02033150823488	71.42857142857143	90.76576576576578	71.42857142857143	82.37934904601572	90.76576576576578	78.28220858895706	72.2457627118644
