Sample	Gene	Type	Expression	Threshold	Percent difference	Mean Accuracy	Minimum Accuracy	Maximum Accuracy	Sample 1 Accuracy	Sample 2 Accuracy	Sample 3 Accuracy	Sample 4 Accuracy	Sample 5 Accuracy
TH01_0069_S01	RPL7P1	Down	1.95977015521	2.12889194489	8.629674721313306	81.2152136376903	73.4	89.19239904988123	76.37540453074433	88.21138211382113	89.19239904988123	78.8968824940048	73.4
