Sample	Gene	Type	Expression	Threshold	Percent difference	Mean Accuracy	Minimum Accuracy	Maximum Accuracy	Sample 1 Accuracy	Sample 2 Accuracy	Sample 3 Accuracy	Sample 4 Accuracy	Sample 5 Accuracy
TH01_0069_S01	EXOSC7	Down	3.09929520434	3.23519515991	4.3848664489815805	98.52359167312439	97.43589743589743	100	97.43589743589743	100	99.53271028037383	97.92207792207792	97.72727272727273
