Sample	Gene	Type	Expression	Threshold	Percent difference	Mean Accuracy	Minimum Accuracy	Maximum Accuracy	Sample 1 Accuracy	Sample 2 Accuracy	Sample 3 Accuracy	Sample 4 Accuracy	Sample 5 Accuracy
TH01_0069_S01	CDC25B	Down	1.19534759832	1.42617511749	19.310493407475473	99.69736930457509	99.57264957264957	100	99.65156794425087	100	99.64285714285714	99.57264957264957	99.61977186311786
