Sample	Gene	Type	Expression	Threshold	Percent difference	Mean Accuracy	Minimum Accuracy	Maximum Accuracy	Sample 1 Accuracy	Sample 2 Accuracy	Sample 3 Accuracy	Sample 4 Accuracy	Sample 5 Accuracy
TH01_0069_S01	TMOD3	Down	1.06350294231	1.13731276989	6.940256076742034	95.39293782257793	92.16263995285799	97.35023041474655	95.28558476881233	97.35023041474655	97.01173959445038	95.15449438202246	92.16263995285799
