Sample	Gene	Type	Expression	Threshold	Percent difference	Mean Accuracy	Minimum Accuracy	Maximum Accuracy	Sample 1 Accuracy	Sample 2 Accuracy	Sample 3 Accuracy	Sample 4 Accuracy	Sample 5 Accuracy
TH01_0069_S01	CHRAC1	Down	0.748461233004	2.4748942852	230.66432516041527	99.39233465556914	98.98167006109979	99.81447124304268	99.16201117318437	99.7011952191235	99.81447124304268	99.30232558139535	98.98167006109979
