Sample	Gene	Type	Expression	Threshold	Percent difference	Mean Accuracy	Minimum Accuracy	Maximum Accuracy	Sample 1 Accuracy	Sample 2 Accuracy	Sample 3 Accuracy	Sample 4 Accuracy	Sample 5 Accuracy
TH01_0069_S01	WAC-AS1	Down	0.59454854955	1.82831072807	207.51243602457797	99.74714626457863	99.33333333333333	100	99.71056439942113	100	100	99.33333333333333	99.69183359013869
