Sample	Gene	Type	Expression	Threshold	Percent difference	Mean Accuracy	Minimum Accuracy	Maximum Accuracy	Sample 1 Accuracy	Sample 2 Accuracy	Sample 3 Accuracy	Sample 4 Accuracy	Sample 5 Accuracy
TH01_0069_S01	BTN2A1	Down	0.948600847493	1.78116953373	87.76807320353399	92.44433892452528	89.72222222222223	97.36147757255937	90.65656565656566	89.72222222222223	97.36147757255937	93.43283582089552	91.04859335038363
