Sample	Gene	Type	Expression	Threshold	Percent difference	Mean Accuracy	Minimum Accuracy	Maximum Accuracy	Sample 1 Accuracy	Sample 2 Accuracy	Sample 3 Accuracy	Sample 4 Accuracy	Sample 5 Accuracy
TH01_0069_S01	GLUL	Down	4.266036894	4.32314348221	1.3386332474132587	76.9131330313153	68.7382297551789	86.86514886164623	72.3076923076923	83.70221327967808	86.86514886164623	72.95238095238096	68.7382297551789
