Sample	Gene	Type	Expression	Threshold	Percent difference	Mean Accuracy	Minimum Accuracy	Maximum Accuracy	Sample 1 Accuracy	Sample 2 Accuracy	Sample 3 Accuracy	Sample 4 Accuracy	Sample 5 Accuracy
TH01_0069_S01	TBC1D2B	Down	0.863938450424	1.48759627342	72.18776090934763	95.05159910231079	92.32072275550537	97.96048438495856	94.26229508196722	95.73430834856794	97.96048438495856	94.98018494055482	92.32072275550537
