Sample	Gene	Type	Expression	Threshold	Percent difference	Mean Accuracy	Minimum Accuracy	Maximum Accuracy	Sample 1 Accuracy	Sample 2 Accuracy	Sample 3 Accuracy	Sample 4 Accuracy	Sample 5 Accuracy
TH01_0069_S01	TEX261	Down	0.910732661903	3.49666976929	283.94030603707745	99.46531439918637	98.74572405929305	99.8766954377312	99.50372208436724	99.60474308300395	99.8766954377312	99.59568733153638	98.74572405929305
