Sample	Gene	Type	Expression	Threshold	Percent difference	Mean Accuracy	Minimum Accuracy	Maximum Accuracy	Sample 1 Accuracy	Sample 2 Accuracy	Sample 3 Accuracy	Sample 4 Accuracy	Sample 5 Accuracy
TH01_0069_S01	APOA1BP	Down	4.58796498888	4.75528240204	3.6468764161351017	97.69493385855036	95.72649572649573	99.38080495356037	95.72649572649573	99.38080495356037	99.06542056074767	97.14285714285714	97.1590909090909
