Sample	Gene	Type	Expression	Threshold	Percent difference	Mean Accuracy	Minimum Accuracy	Maximum Accuracy	Sample 1 Accuracy	Sample 2 Accuracy	Sample 3 Accuracy	Sample 4 Accuracy	Sample 5 Accuracy
TH01_0069_S01	SNRPE	Down	5.11769504267	5.22185945511	2.0353774809070067	99.11323623487698	98.17351598173516	100	99.13419913419914	100	99.55156950672645	98.70689655172413	98.17351598173516
