Sample	Gene	Type	Expression	Threshold	Percent difference	Mean Accuracy	Minimum Accuracy	Maximum Accuracy	Sample 1 Accuracy	Sample 2 Accuracy	Sample 3 Accuracy	Sample 4 Accuracy	Sample 5 Accuracy
TH01_0069_S01	JAKMIP2	Up	3.06350294231	2.93783569336	4.102076979082062	99.4538561663146	98.73471109236608	99.91251093613297	99.84235417761428	99.78786593126856	99.91251093613297	98.99183869419107	98.73471109236608
