Sample	Gene	Type	Expression	Threshold	Percent difference	Mean Accuracy	Minimum Accuracy	Maximum Accuracy	Sample 1 Accuracy	Sample 2 Accuracy	Sample 3 Accuracy	Sample 4 Accuracy	Sample 5 Accuracy
TH01_0069_S01	DDX50	Down	2.39780296186	2.80313181877	16.90417700525243	98.9643523457123	98.10725552050474	100	99.21465968586386	99.17582417582418	100	98.10725552050474	98.32402234636871
