Sample	Gene	Type	Expression	Threshold	Percent difference	Mean Accuracy	Minimum Accuracy	Maximum Accuracy	Sample 1 Accuracy	Sample 2 Accuracy	Sample 3 Accuracy	Sample 4 Accuracy	Sample 5 Accuracy
TH01_0069_S01	CTNNAL1	Down	0.887525270742	1.17806136608	32.73552933260168	79.24499231343607	74.05405405405405	84.05511811023622	74.05405405405405	84.05511811023622	83.94833948339483	79.95594713656388	74.21150278293135
