Sample	Gene	Type	Expression	Threshold	Percent difference	Mean Accuracy	Minimum Accuracy	Maximum Accuracy	Sample 1 Accuracy	Sample 2 Accuracy	Sample 3 Accuracy	Sample 4 Accuracy	Sample 5 Accuracy
TH01_0069_S01	RFFL	Down	0.464668267003	1.15271663666	148.07302725764953	99.34753263210551	99.09909909909909	99.44649446494465	99.09909909909909	99.40944881889764	99.44649446494465	99.33920704845815	99.44341372912801
