Sample	Gene	Type	Expression	Threshold	Percent difference	Mean Accuracy	Minimum Accuracy	Maximum Accuracy	Sample 1 Accuracy	Sample 2 Accuracy	Sample 3 Accuracy	Sample 4 Accuracy	Sample 5 Accuracy
TH01_0069_S01	COG8	Down	2.0285691522	2.10272097588	3.6553756917570213	72.91650576706589	65.92178770949721	79.12087912087912	68.32460732984293	79.12087912087912	78.66004962779157	72.55520504731862	65.92178770949721
