Sample	Gene	Type	Expression	Threshold	Percent difference	Mean Accuracy	Minimum Accuracy	Maximum Accuracy	Sample 1 Accuracy	Sample 2 Accuracy	Sample 3 Accuracy	Sample 4 Accuracy	Sample 5 Accuracy
TH01_0069_S01	STAU2	Down	1.7949356628	2.18318510056	21.630270421746054	99.63074419856876	99.34640522875817	100	99.69325153374233	99.40476190476191	99.70930232558139	100	99.34640522875817
