Sample	Gene	Type	Expression	Threshold	Percent difference	Mean Accuracy	Minimum Accuracy	Maximum Accuracy	Sample 1 Accuracy	Sample 2 Accuracy	Sample 3 Accuracy	Sample 4 Accuracy	Sample 5 Accuracy
TH01_0069_S01	PC	Down	0.356143810225	0.375346422195	5.3918140421613305	37.6588125503836	30.808080808080806	44.854881266490764	30.808080808080806	40.27777777777778	44.854881266490764	40.8955223880597	31.45780051150895
