Sample	Gene	Type	Expression	Threshold	Percent difference	Mean Accuracy	Minimum Accuracy	Maximum Accuracy	Sample 1 Accuracy	Sample 2 Accuracy	Sample 3 Accuracy	Sample 4 Accuracy	Sample 5 Accuracy
TH01_0069_S01	CASP6	Down	1.09761079663	1.31194150448	19.527022557363754	98.52705305885348	97.04433497536947	99.23076923076923	98.19004524886877	99.04988123515439	99.23076923076923	99.12023460410558	97.04433497536947
