Sample	Gene	Type	Expression	Threshold	Percent difference	Mean Accuracy	Minimum Accuracy	Maximum Accuracy	Sample 1 Accuracy	Sample 2 Accuracy	Sample 3 Accuracy	Sample 4 Accuracy	Sample 5 Accuracy
TH01_0069_S01	DECR2	Down	1.32768736418	1.48428535461	11.794794064845034	94.35500739519082	89.5104895104895	98.19639278557113	92.85714285714286	97.4937343358396	98.19639278557113	93.717277486911	89.5104895104895
