Sample	Gene	Type	Expression	Threshold	Percent difference	Mean Accuracy	Minimum Accuracy	Maximum Accuracy	Sample 1 Accuracy	Sample 2 Accuracy	Sample 3 Accuracy	Sample 4 Accuracy	Sample 5 Accuracy
TH01_0069_S01	AP5B1	Down	0.367371065649	0.508381962776	38.38377877634137	87.84843916186635	82.77809147374364	94.20012746972594	85.70696721311475	90.49360146252286	94.20012746972594	86.06340819022456	82.77809147374364
