Sample	Gene	Type	Expression	Threshold	Percent difference	Mean Accuracy	Minimum Accuracy	Maximum Accuracy	Sample 1 Accuracy	Sample 2 Accuracy	Sample 3 Accuracy	Sample 4 Accuracy	Sample 5 Accuracy
TH01_0069_S01	TPR	Down	3.32048467802	3.42529821396	3.1565733952580723	98.56068590099316	96.87895402783636	99.78127734033247	98.84393063583815	99.36359779380568	99.78127734033247	97.93566970715314	96.87895402783636
