Sample	Gene	Type	Expression	Threshold	Percent difference	Mean Accuracy	Minimum Accuracy	Maximum Accuracy	Sample 1 Accuracy	Sample 2 Accuracy	Sample 3 Accuracy	Sample 4 Accuracy	Sample 5 Accuracy
TH01_0069_S01	FAM20C	Down	0.526068811668	1.18910598755	126.03620689462964	99.04468432764673	98.55855855855856	99.44649446494465	98.55855855855856	99.21259842519686	99.44649446494465	99.11894273127754	98.88682745825604
