Sample	Gene	Type	Expression	Threshold	Percent difference	Mean Accuracy	Minimum Accuracy	Maximum Accuracy	Sample 1 Accuracy	Sample 2 Accuracy	Sample 3 Accuracy	Sample 4 Accuracy	Sample 5 Accuracy
TH01_0069_S01	RAB18	Down	2.34198574723	3.10372829437	32.52549884391725	99.79523498939993	99.51456310679612	100	99.51456310679612	99.74489795918367	100	99.71671388101983	100
