Sample	Gene	Type	Expression	Threshold	Percent difference	Mean Accuracy	Minimum Accuracy	Maximum Accuracy	Sample 1 Accuracy	Sample 2 Accuracy	Sample 3 Accuracy	Sample 4 Accuracy	Sample 5 Accuracy
TH01_0069_S01	LINC01547	Up	4.58375975364	3.20870780945	29.99834236726871	99.96047430830039	99.80237154150198	100	100	100	100	99.80237154150198	100
