Sample	Gene	Type	Expression	Threshold	Percent difference	Mean Accuracy	Minimum Accuracy	Maximum Accuracy	Sample 1 Accuracy	Sample 2 Accuracy	Sample 3 Accuracy	Sample 4 Accuracy	Sample 5 Accuracy
TH01_0128_S01	VPS52	Down	3.48284828307	3.66272759438	5.164718549021701	99.75426443990595	99.6	100	99.7867803837953	99.6	99.61389961389962	99.77064220183486	100
