Sample	Gene	Type	Expression	Threshold	Percent difference	Mean Accuracy	Minimum Accuracy	Maximum Accuracy	Sample 1 Accuracy	Sample 2 Accuracy	Sample 3 Accuracy	Sample 4 Accuracy	Sample 5 Accuracy
TH01_0128_S01	DDX31	Down	1.22650852981	1.44195318222	17.565687247472695	99.73575677904775	99.50842696629213	99.94239631336406	99.68268359020853	99.94239631336406	99.83991462113127	99.50842696629213	99.70536240424278
