Sample	Gene	Type	Expression	Threshold	Percent difference	Mean Accuracy	Minimum Accuracy	Maximum Accuracy	Sample 1 Accuracy	Sample 2 Accuracy	Sample 3 Accuracy	Sample 4 Accuracy	Sample 5 Accuracy
TH01_0128_S01	SAE1	Down	3.6948801928	3.77968025208	2.2950692540787925	93.82103951477009	90.41916167664671	97.03153988868274	90.41916167664671	96.6067864271457	97.03153988868274	93.6542669584245	91.39344262295081
