Sample	Gene	Type	Expression	Threshold	Percent difference	Mean Accuracy	Minimum Accuracy	Maximum Accuracy	Sample 1 Accuracy	Sample 2 Accuracy	Sample 3 Accuracy	Sample 4 Accuracy	Sample 5 Accuracy
TH01_0128_S01	COA1	Down	3.61588707392	3.65245175362	1.0112229434300257	65.69921899406694	56.49717514124294	77.93345008756567	58.84615384615385	74.64788732394366	77.93345008756567	60.57142857142858	56.49717514124294
