Sample	Gene	Type	Expression	Threshold	Percent difference	Mean Accuracy	Minimum Accuracy	Maximum Accuracy	Sample 1 Accuracy	Sample 2 Accuracy	Sample 3 Accuracy	Sample 4 Accuracy	Sample 5 Accuracy
TH01_0128_S01	RPL7A	Down	8.9232086179	8.9970664978	0.8277054035455474	99.33227546810537	97.3913043478261	100	99.27007299270073	100	100	97.3913043478261	100
