Sample	Gene	Type	Expression	Threshold	Percent difference	Mean Accuracy	Minimum Accuracy	Maximum Accuracy	Sample 1 Accuracy	Sample 2 Accuracy	Sample 3 Accuracy	Sample 4 Accuracy	Sample 5 Accuracy
TH01_0128_S01	RP11-75C10.6	Up	0.66902676551	0.471645087004	29.502807463246356	76.52845913901892	70.50092764378478	82.28346456692913	70.8108108108108	82.28346456692913	81.73431734317343	77.31277533039648	70.50092764378478
