Sample	Gene	Type	Expression	Threshold	Percent difference	Mean Accuracy	Minimum Accuracy	Maximum Accuracy	Sample 1 Accuracy	Sample 2 Accuracy	Sample 3 Accuracy	Sample 4 Accuracy	Sample 5 Accuracy
TH01_0128_S01	RP11-572B2.1	Up	0.799087306074	0.141808778048	82.25365651912037	86.98875516009257	81.73352435530086	92.77436946148603	81.73352435530086	91.34165366614666	92.77436946148603	86.86868686868688	82.22554144884242
