Sample	Gene	Type	Expression	Threshold	Percent difference	Mean Accuracy	Minimum Accuracy	Maximum Accuracy	Sample 1 Accuracy	Sample 2 Accuracy	Sample 3 Accuracy	Sample 4 Accuracy	Sample 5 Accuracy
TH01_0128_S01	TMIGD2	Up	2.11103131239	1.97398996353	6.491677695905376	82.2975103810309	74.12587412587412	90.98196392785572	77.41935483870968	85.71428571428571	90.98196392785572	83.24607329842932	74.12587412587412
