Sample	Gene	Type	Expression	Threshold	Percent difference	Mean Accuracy	Minimum Accuracy	Maximum Accuracy	Sample 1 Accuracy	Sample 2 Accuracy	Sample 3 Accuracy	Sample 4 Accuracy	Sample 5 Accuracy
TH01_0128_S01	NTMT1	Down	2.76553474636	3.27873086929	18.556849578746714	97.94975593424081	96.30541871921181	99.03846153846155	97.05882352941177	98.812351543943	99.03846153846155	98.53372434017595	96.30541871921181
