Sample	Gene	Type	Expression	Threshold	Percent difference	Mean Accuracy	Minimum Accuracy	Maximum Accuracy	Sample 1 Accuracy	Sample 2 Accuracy	Sample 3 Accuracy	Sample 4 Accuracy	Sample 5 Accuracy
TH01_0128_S01	CTD-2555A7.3	Up	0.48542682717	0.222623795271	54.138547189721855	88.15781648670118	86.13251155624036	92	86.25180897250362	92	88.57142857142857	87.83333333333333	86.13251155624036
