Sample	Gene	Type	Expression	Threshold	Percent difference	Mean Accuracy	Minimum Accuracy	Maximum Accuracy	Sample 1 Accuracy	Sample 2 Accuracy	Sample 3 Accuracy	Sample 4 Accuracy	Sample 5 Accuracy
TH01_0128_S01	LINC01336	Up	0.863938450424	0.687809228897	20.386778877657317	57.33981935279865	45.782766990291265	74.61816162177173	45.782766990291265	64.81958762886599	74.61816162177173	55.30371713508613	46.17486338797814
