Sample	Gene	Type	Expression	Threshold	Percent difference	Mean Accuracy	Minimum Accuracy	Maximum Accuracy	Sample 1 Accuracy	Sample 2 Accuracy	Sample 3 Accuracy	Sample 4 Accuracy	Sample 5 Accuracy
TH01_0128_S01	YIPF3	Down	5.18388345903	5.21802377701	0.6585857542867809	82.71078675510039	74.6268656716418	92.48554913294798	74.6268656716418	92.48554913294798	87.8440366972477	78.99408284023669	79.60339943342775
