Sample	Gene	Type	Expression	Threshold	Percent difference	Mean Accuracy	Minimum Accuracy	Maximum Accuracy	Sample 1 Accuracy	Sample 2 Accuracy	Sample 3 Accuracy	Sample 4 Accuracy	Sample 5 Accuracy
TH01_0128_S01	U1	Up	5.03812547872	4.63705825806	7.960643742479716	90.83190883190883	85.18518518518519	100	85.18518518518519	90	100	92.3076923076923	86.66666666666667
