Sample	Gene	Type	Expression	Threshold	Percent difference	Mean Accuracy	Minimum Accuracy	Maximum Accuracy	Sample 1 Accuracy	Sample 2 Accuracy	Sample 3 Accuracy	Sample 4 Accuracy	Sample 5 Accuracy
TH01_0128_S01	CCDC43	Down	2.10433665981	2.42509651184	15.242801123797436	98.66860769539524	97.49430523917995	99.78586723768737	98.30097087378641	99.74489795918367	99.78586723768737	98.01699716713881	97.49430523917995
