Sample	Gene	Type	Expression	Threshold	Percent difference	Mean Accuracy	Minimum Accuracy	Maximum Accuracy	Sample 1 Accuracy	Sample 2 Accuracy	Sample 3 Accuracy	Sample 4 Accuracy	Sample 5 Accuracy
TH01_0128_S01	AKR7A2P1	Up	1.01435529298	0.566271305084	44.174264283632496	99.90323297801388	99.75369458128078	100	100	99.7624703087886	100	100	99.75369458128078
