Sample	Gene	Type	Expression	Threshold	Percent difference	Mean Accuracy	Minimum Accuracy	Maximum Accuracy	Sample 1 Accuracy	Sample 2 Accuracy	Sample 3 Accuracy	Sample 4 Accuracy	Sample 5 Accuracy
TH01_0128_S01	SPNS3	Up	2.98185265329	2.69704198837	9.551466756942416	94.7227357470044	92.02733485193622	98.50107066381156	92.71844660194175	97.44897959183673	98.50107066381156	92.91784702549575	92.02733485193622
