Sample	Gene	Type	Expression	Threshold	Percent difference	Mean Accuracy	Minimum Accuracy	Maximum Accuracy	Sample 1 Accuracy	Sample 2 Accuracy	Sample 3 Accuracy	Sample 4 Accuracy	Sample 5 Accuracy
TH01_0128_S01	RP11-530C5.4	Up	0.650764559117	0.632404923439	2.8212408651927183	14.359133840821782	11.129431162407254	20.518758684576195	13.644444444444446	20.518758684576195	11.129431162407254	13.419354838709676	13.083680073971335
