Sample	Gene	Type	Expression	Threshold	Percent difference	Mean Accuracy	Minimum Accuracy	Maximum Accuracy	Sample 1 Accuracy	Sample 2 Accuracy	Sample 3 Accuracy	Sample 4 Accuracy	Sample 5 Accuracy
TH01_0128_S01	ECH1	Down	5.26153081524	5.37795162201	2.2126793676241054	99.64250177683013	98.80952380952381	100	100	100	100	99.40298507462687	98.80952380952381
