Sample	Gene	Type	Expression	Threshold	Percent difference	Mean Accuracy	Minimum Accuracy	Maximum Accuracy	Sample 1 Accuracy	Sample 2 Accuracy	Sample 3 Accuracy	Sample 4 Accuracy	Sample 5 Accuracy
TH01_0128_S01	PPRC1	Down	2.31034012061	2.49751543999	8.101634807371138	96.60479477481137	94.28403064230996	98.04147465437788	96.55485040797825	98.04147465437788	97.86552828175027	96.27808988764045	94.28403064230996
