Sample	Gene	Type	Expression	Threshold	Percent difference	Mean Accuracy	Minimum Accuracy	Maximum Accuracy	Sample 1 Accuracy	Sample 2 Accuracy	Sample 3 Accuracy	Sample 4 Accuracy	Sample 5 Accuracy
TH01_0128_S01	SF3B2	Down	5.46336088582	5.51248693466	0.8991909900644693	94.39437951940961	91.53225806451613	97.7859778597786	93.06930693069307	97.6303317535545	97.7859778597786	91.95402298850574	91.53225806451613
