Sample	Gene	Type	Expression	Threshold	Percent difference	Mean Accuracy	Minimum Accuracy	Maximum Accuracy	Sample 1 Accuracy	Sample 2 Accuracy	Sample 3 Accuracy	Sample 4 Accuracy	Sample 5 Accuracy
TH01_0128_S01	CINP	Down	3.34624777408	3.43644976616	2.695616050272893	94.89944383596124	92.49448123620309	98.40637450199203	92.89099526066352	98.01762114537445	98.40637450199203	92.68774703557312	92.49448123620309
