Sample	Gene	Type	Expression	Threshold	Percent difference	Mean Accuracy	Minimum Accuracy	Maximum Accuracy	Sample 1 Accuracy	Sample 2 Accuracy	Sample 3 Accuracy	Sample 4 Accuracy	Sample 5 Accuracy
TH01_0128_S01	AP2M1	Down	6.06867081067	6.28793668747	3.6130791015140433	99.903236914600555	99.72451790633609	100	100	100	99.79166666666667	99.72451790633609	100
