Sample	Gene	Type	Expression	Threshold	Percent difference	Mean Accuracy	Minimum Accuracy	Maximum Accuracy	Sample 1 Accuracy	Sample 2 Accuracy	Sample 3 Accuracy	Sample 4 Accuracy	Sample 5 Accuracy
TH01_0128_S01	CTA-305I2.1	Up	0.443606651476	0.244370207191	44.91286224453266	78.35267447180021	70.4888888888889	90.60181368507831	70.4888888888889	84.0203798054655	90.60181368507831	75.87096774193547	70.78132223763292
