Sample	Gene	Type	Expression	Threshold	Percent difference	Mean Accuracy	Minimum Accuracy	Maximum Accuracy	Sample 1 Accuracy	Sample 2 Accuracy	Sample 3 Accuracy	Sample 4 Accuracy	Sample 5 Accuracy
TH01_0128_S01	HIGD2A	Down	5.59723318909	5.60425710678	0.12548910243174288	23.55445598568058	19.396551724137932	28.749999999999996	19.913419913419915	28.749999999999996	28.251121076233183	19.396551724137932	21.461187214611872
