Sample	Gene	Type	Expression	Threshold	Percent difference	Mean Accuracy	Minimum Accuracy	Maximum Accuracy	Sample 1 Accuracy	Sample 2 Accuracy	Sample 3 Accuracy	Sample 4 Accuracy	Sample 5 Accuracy
TH01_0128_S01	NDUFB1	Down	5.87725345388	6.11861896515	4.106773906622266	99.44565035899149	98.11320754716981	100	100	100	100	99.11504424778761	98.11320754716981
