Sample	Gene	Type	Expression	Threshold	Percent difference	Mean Accuracy	Minimum Accuracy	Maximum Accuracy	Sample 1 Accuracy	Sample 2 Accuracy	Sample 3 Accuracy	Sample 4 Accuracy	Sample 5 Accuracy
TH01_0128_S01	CTC-457L16.2	Up	0.62293035092	0.544844806194	12.535196689433453	57.053943323265685	48.237476808905384	66.14173228346458	49.18918918918919	66.14173228346458	65.31365313653137	56.38766519823789	48.237476808905384
