Sample	Gene	Type	Expression	Threshold	Percent difference	Mean Accuracy	Minimum Accuracy	Maximum Accuracy	Sample 1 Accuracy	Sample 2 Accuracy	Sample 3 Accuracy	Sample 4 Accuracy	Sample 5 Accuracy
TH03_0011_S01	RP13-580B18.4	Up	0.0976107966264	0.0502418167889	48.528422546126926	89.29173057364193	84.81084133258047	94.5825366475462	87.60245901639344	91.28580134064595	94.5825366475462	88.1770145310436	84.81084133258047
