Sample	Gene	Type	Expression	Threshold	Percent difference	Mean Accuracy	Minimum Accuracy	Maximum Accuracy	Sample 1 Accuracy	Sample 2 Accuracy	Sample 3 Accuracy	Sample 4 Accuracy	Sample 5 Accuracy
TH03_0011_S01	FRG1	Up	6.64673869831	6.58052062988	0.9962490092597901	93.32137237401035	89.16666666666667	98.44961240310077	89.16666666666667	96.57142857142857	98.44961240310077	92.83582089552239	89.58333333333334
