Sample	Gene	Type	Expression	Threshold	Percent difference	Mean Accuracy	Minimum Accuracy	Maximum Accuracy	Sample 1 Accuracy	Sample 2 Accuracy	Sample 3 Accuracy	Sample 4 Accuracy	Sample 5 Accuracy
TH03_0011_S01	CD164	Up	9.55334130209	9.32237243652	2.4176762691339304	99.84496124031008	99.2248062015504	100	100	100	100	99.2248062015504	100
