Sample	Gene	Type	Expression	Threshold	Percent difference	Mean Accuracy	Minimum Accuracy	Maximum Accuracy	Sample 1 Accuracy	Sample 2 Accuracy	Sample 3 Accuracy	Sample 4 Accuracy	Sample 5 Accuracy
TH03_0011_S01	TCHP	Up	5.16952419715	5.14491224289	0.47609708981667664	75.77865548495038	65.97222222222221	86.14232209737828	68.08510638297872	86.14232209737828	84.7953216374269	73.89830508474576	65.97222222222221
