Sample	Gene	Type	Expression	Threshold	Percent difference	Mean Accuracy	Minimum Accuracy	Maximum Accuracy	Sample 1 Accuracy	Sample 2 Accuracy	Sample 3 Accuracy	Sample 4 Accuracy	Sample 5 Accuracy
TH03_0011_S01	CNOT3	Up	6.56270034996	6.4320445060699996	1.9908854118380837	99.39928450155107	98.51485148514851	100	98.51485148514851	100	99.63099630996311	98.85057471264368	100
