Sample	Gene	Type	Expression	Threshold	Percent difference	Mean Accuracy	Minimum Accuracy	Maximum Accuracy	Sample 1 Accuracy	Sample 2 Accuracy	Sample 3 Accuracy	Sample 4 Accuracy	Sample 5 Accuracy
TH03_0011_S01	AC005592.1	Up	0.263034405834	0.244370207191	7.095725208959512	38.572325372353774	32.04930662557781	48	35.89001447178003	48	42.255639097744364	34.66666666666667	32.04930662557781
