Sample	Gene	Type	Expression	Threshold	Percent difference	Mean Accuracy	Minimum Accuracy	Maximum Accuracy	Sample 1 Accuracy	Sample 2 Accuracy	Sample 3 Accuracy	Sample 4 Accuracy	Sample 5 Accuracy
TH03_0011_S01	RAB13	Down	4.55274593675	4.90393686295	7.713826580243999	99.88620176120176	99.71509971509973	100	99.71509971509973	100	100	100	99.7159090909091
