Sample	Gene	Type	Expression	Threshold	Percent difference	Mean Accuracy	Minimum Accuracy	Maximum Accuracy	Sample 1 Accuracy	Sample 2 Accuracy	Sample 3 Accuracy	Sample 4 Accuracy	Sample 5 Accuracy
TH03_0011_S01	RGS18	Up	3.14730669878	2.96139645576	5.906963026261942	99.91525271729382	99.78118161925602	100	100	100	100	99.78118161925602	99.79508196721312
