Sample	Gene	Type	Expression	Threshold	Percent difference	Mean Accuracy	Minimum Accuracy	Maximum Accuracy	Sample 1 Accuracy	Sample 2 Accuracy	Sample 3 Accuracy	Sample 4 Accuracy	Sample 5 Accuracy
TH03_0011_S01	REXO1	Up	5.94345253856	5.88925981522	0.9118054361233262	94.47502468069993	91.93548387096774	97.7859778597786	93.06930693069307	97.6303317535545	97.7859778597786	91.95402298850574	91.93548387096774
