Sample	Gene	Type	Expression	Threshold	Percent difference	Mean Accuracy	Minimum Accuracy	Maximum Accuracy	Sample 1 Accuracy	Sample 2 Accuracy	Sample 3 Accuracy	Sample 4 Accuracy	Sample 5 Accuracy
TH03_0011_S01	MEP1B	Up	0.18903382439	0.141632765532	25.075437695322606	73.02846346702025	67.79661016949152	80.30075187969925	68.59623733719248	78.61538461538461	80.30075187969925	69.83333333333334	67.79661016949152
