Sample	Gene	Type	Expression	Threshold	Percent difference	Mean Accuracy	Minimum Accuracy	Maximum Accuracy	Sample 1 Accuracy	Sample 2 Accuracy	Sample 3 Accuracy	Sample 4 Accuracy	Sample 5 Accuracy
TH03_0011_S01	NDOR1	Up	4.9126498649	4.80638408661	2.1631050698167997	92.82823100667945	89.34426229508196	96.84601113172542	89.82035928143712	96.00798403193613	96.84601113172542	92.12253829321662	89.34426229508196
