Sample	Gene	Type	Expression	Threshold	Percent difference	Mean Accuracy	Minimum Accuracy	Maximum Accuracy	Sample 1 Accuracy	Sample 2 Accuracy	Sample 3 Accuracy	Sample 4 Accuracy	Sample 5 Accuracy
TH03_0011_S01	RP11-532F6.3	Up	1.50080205306	1.20309710503	19.83638997714632	99.69736930457509	99.57264957264957	100	99.65156794425087	100	99.64285714285714	99.57264957264957	99.61977186311786
