Sample	Gene	Type	Expression	Threshold	Percent difference	Mean Accuracy	Minimum Accuracy	Maximum Accuracy	Sample 1 Accuracy	Sample 2 Accuracy	Sample 3 Accuracy	Sample 4 Accuracy	Sample 5 Accuracy
TH03_0011_S01	LMNA	Down	4.25776496857	4.33348655701	1.778435141417192	86.30226553939907	80.80568720379146	92.62948207171314	80.80568720379146	92.29074889867842	92.62948207171314	83.00395256916995	82.78145695364239
