Sample	Gene	Type	Expression	Threshold	Percent difference	Mean Accuracy	Minimum Accuracy	Maximum Accuracy	Sample 1 Accuracy	Sample 2 Accuracy	Sample 3 Accuracy	Sample 4 Accuracy	Sample 5 Accuracy
TH03_0011_S01	CFAP20	Up	6.87442813168	6.67153549194	2.9514111698250636	99.88077469793888	99.70149253731343	100	100	100	100	99.70149253731343	99.70238095238095
