Sample	Gene	Type	Expression	Threshold	Percent difference	Mean Accuracy	Minimum Accuracy	Maximum Accuracy	Sample 1 Accuracy	Sample 2 Accuracy	Sample 3 Accuracy	Sample 4 Accuracy	Sample 5 Accuracy
TH03_0011_S01	CTC-215O4.4	Up	1.31614574229	1.00159060955	23.899718901395865	96.21362718588338	94.05204460966543	98.54651162790698	94.10187667560321	98.08	98.54651162790698	96.2877030162413	94.05204460966543
