Sample	Gene	Type	Expression	Threshold	Percent difference	Mean Accuracy	Minimum Accuracy	Maximum Accuracy	Sample 1 Accuracy	Sample 2 Accuracy	Sample 3 Accuracy	Sample 4 Accuracy	Sample 5 Accuracy
TH03_0011_S01	CEP162	Up	4.06953032516	3.96740913391	2.5094097620708773	97.15155723503841	94.60143399409532	98.9501312335958	97.05727798213347	98.55748833262622	98.9501312335958	96.59145463274123	94.60143399409532
