Sample	Gene	Type	Expression	Threshold	Percent difference	Mean Accuracy	Minimum Accuracy	Maximum Accuracy	Sample 1 Accuracy	Sample 2 Accuracy	Sample 3 Accuracy	Sample 4 Accuracy	Sample 5 Accuracy
TH03_0011_S01	CA5B	Up	4.42559357765	4.30088186264	2.8179658349066545	95.7508144889673	93.26923076923077	98.59154929577466	93.26923076923077	98.59154929577466	98.24868651488616	95.04761904761905	93.5969868173258
