Sample	Gene	Type	Expression	Threshold	Percent difference	Mean Accuracy	Minimum Accuracy	Maximum Accuracy	Sample 1 Accuracy	Sample 2 Accuracy	Sample 3 Accuracy	Sample 4 Accuracy	Sample 5 Accuracy
TH03_0011_S01	HDAC9	Up	5.65191274465	5.57814741135	1.3051392799689778	97.13998453716566	95.74468085106383	99.01477832512316	96.55172413793103	97.69452449567724	99.01477832512316	96.69421487603306	95.74468085106383
