Sample	Gene	Type	Expression	Threshold	Percent difference	Mean Accuracy	Minimum Accuracy	Maximum Accuracy	Sample 1 Accuracy	Sample 2 Accuracy	Sample 3 Accuracy	Sample 4 Accuracy	Sample 5 Accuracy
TH03_0011_S01	RP11-177F15.1	Up	0.111031312389	0.0362440273166	67.35693153871904	91.25287222875971	88.88888888888889	96.56992084432717	89.39393939393939	88.88888888888889	96.56992084432717	91.64179104477613	89.769820971867
