Sample	Gene	Type	Expression	Threshold	Percent difference	Mean Accuracy	Minimum Accuracy	Maximum Accuracy	Sample 1 Accuracy	Sample 2 Accuracy	Sample 3 Accuracy	Sample 4 Accuracy	Sample 5 Accuracy
TH03_0011_S01	S100PBP	Up	5.34695688938	5.29052209854	1.0554562531089315	96.09083997627901	93.61702127659575	98.87640449438202	93.61702127659575	98.87640449438202	98.24561403508771	94.57627118644068	95.13888888888889
