Sample	Gene	Type	Expression	Threshold	Percent difference	Mean Accuracy	Minimum Accuracy	Maximum Accuracy	Sample 1 Accuracy	Sample 2 Accuracy	Sample 3 Accuracy	Sample 4 Accuracy	Sample 5 Accuracy
TH03_0011_S01	LINC00968	Up	1.71808758396	0.636153876781	62.973140442890795	99.92698713394901	99.79674796747967	100	99.83818770226537	99.79674796747967	100	100	100
