Sample	Gene	Type	Expression	Threshold	Percent difference	Mean Accuracy	Minimum Accuracy	Maximum Accuracy	Sample 1 Accuracy	Sample 2 Accuracy	Sample 3 Accuracy	Sample 4 Accuracy	Sample 5 Accuracy
TH03_0011_S01	ZNF276	Up	5.83010317592	5.76683616638	1.085178214363522	96.23371465868237	93.48659003831418	98.8929889298893	95.04950495049505	98.5781990521327	98.8929889298893	93.48659003831418	95.16129032258065
