Sample	Gene	Type	Expression	Threshold	Percent difference	Mean Accuracy	Minimum Accuracy	Maximum Accuracy	Sample 1 Accuracy	Sample 2 Accuracy	Sample 3 Accuracy	Sample 4 Accuracy	Sample 5 Accuracy
TH03_0011_S01	LDHAL6FP	Up	0.298658315565	0.141808778048	52.51805469413199	82.35732002052349	75.13069454817027	90.79754601226993	75.1432664756447	87.5195007800312	90.79754601226993	83.19559228650138	75.13069454817027
