Sample	Gene	Type	Expression	Threshold	Percent difference	Mean Accuracy	Minimum Accuracy	Maximum Accuracy	Sample 1 Accuracy	Sample 2 Accuracy	Sample 3 Accuracy	Sample 4 Accuracy	Sample 5 Accuracy
TH03_0011_S01	PLEKHA3P1	Up	1.04264433741	0.74874907732	28.187489208453965	98.72793957218089	97.89644012944983	99.8812351543943	97.89644012944983	98.78048780487805	99.8812351543943	98.08153477218225	99
