Sample	Gene	Type	Expression	Threshold	Percent difference	Mean Accuracy	Minimum Accuracy	Maximum Accuracy	Sample 1 Accuracy	Sample 2 Accuracy	Sample 3 Accuracy	Sample 4 Accuracy	Sample 5 Accuracy
TH03_0011_S01	FCMR	Up	6.23496109484	6.21033620834	0.39494851893108324	65.01797012337761	57.692307692307686	78.61271676300578	58.70646766169154	78.61271676300578	70.87155963302753	57.692307692307686	59.20679886685553
