Sample	Gene	Type	Expression	Threshold	Percent difference	Mean Accuracy	Minimum Accuracy	Maximum Accuracy	Sample 1 Accuracy	Sample 2 Accuracy	Sample 3 Accuracy	Sample 4 Accuracy	Sample 5 Accuracy
TH03_0011_S01	RP11-514P8.7	Up	1.37851162325	1.11836504936	18.871554617484808	98.22474331598887	96.79802955665025	99.23076923076923	97.51131221719457	99.04988123515439	99.23076923076923	98.53372434017595	96.79802955665025
