Sample	Gene	Type	Expression	Threshold	Percent difference	Mean Accuracy	Minimum Accuracy	Maximum Accuracy	Sample 1 Accuracy	Sample 2 Accuracy	Sample 3 Accuracy	Sample 4 Accuracy	Sample 5 Accuracy
TH03_0011_S01	RP11-603J24.5	Up	2.19219416528	1.59990644455	27.018031984149072	97.518138919917	95.97855227882037	99.03999999999999	95.97855227882037	99.03999999999999	98.93410852713178	96.98375870069606	96.6542750929368
