Sample	Gene	Type	Expression	Threshold	Percent difference	Mean Accuracy	Minimum Accuracy	Maximum Accuracy	Sample 1 Accuracy	Sample 2 Accuracy	Sample 3 Accuracy	Sample 4 Accuracy	Sample 5 Accuracy
TH03_0011_S01	RP11-17A1.3	Up	1.06350294231	1.00940442085	5.086823863645776	60.05081247284252	52	71.25890736342043	55.50161812297735	68.4959349593496	71.25890736342043	52.99760191846523	52
