Sample	Gene	Type	Expression	Threshold	Percent difference	Mean Accuracy	Minimum Accuracy	Maximum Accuracy	Sample 1 Accuracy	Sample 2 Accuracy	Sample 3 Accuracy	Sample 4 Accuracy	Sample 5 Accuracy
TH03_0011_S01	RAI14	Down	0.13750352375	0.217980384827	58.52712634718934	93.80828701422521	90.57029926595143	97.19566602931803	92.67418032786885	94.94210847044485	97.19566602931803	93.65918097754293	90.57029926595143
