Sample	Gene	Type	Expression	Threshold	Percent difference	Mean Accuracy	Minimum Accuracy	Maximum Accuracy	Sample 1 Accuracy	Sample 2 Accuracy	Sample 3 Accuracy	Sample 4 Accuracy	Sample 5 Accuracy
TH03_0011_S01	RP1-234P15.4	Up	2.33628338786	1.84866154194	20.871690842550315	97.17990109323713	95.8	99.1686460807601	96.76375404530745	97.76422764227642	99.1686460807601	96.40287769784173	95.8
