Sample	Gene	Type	Expression	Threshold	Percent difference	Mean Accuracy	Minimum Accuracy	Maximum Accuracy	Sample 1 Accuracy	Sample 2 Accuracy	Sample 3 Accuracy	Sample 4 Accuracy	Sample 5 Accuracy
TH03_0011_S01	RP11-45A17.2	Up	3.6599245584	2.96266341209	19.05124368505618	99.73509933774835	98.67549668874173	100	98.67549668874173	100	100	100	100
