Sample	Gene	Type	Expression	Threshold	Percent difference	Mean Accuracy	Minimum Accuracy	Maximum Accuracy	Sample 1 Accuracy	Sample 2 Accuracy	Sample 3 Accuracy	Sample 4 Accuracy	Sample 5 Accuracy
TH03_0011_S01	NDUFB6	Down	3.84699468697	3.93713998795	2.343265544018755	89.93796862540533	85.22727272727273	96.02803738317756	86.8945868945869	95.04643962848297	96.02803738317756	86.49350649350649	85.22727272727273
