Sample	Gene	Type	Expression	Threshold	Percent difference	Mean Accuracy	Minimum Accuracy	Maximum Accuracy	Sample 1 Accuracy	Sample 2 Accuracy	Sample 3 Accuracy	Sample 4 Accuracy	Sample 5 Accuracy
TH03_0011_S01	RP11-197N18.2	Up	1.97085365434	1.78722536564	9.317195535834625	97.55906309453295	96.1107837360047	98.61259338313766	97.46146872166818	98.55990783410138	98.61259338313766	97.0505617977528	96.1107837360047
