Sample	Gene	Type	Expression	Threshold	Percent difference	Mean Accuracy	Minimum Accuracy	Maximum Accuracy	Sample 1 Accuracy	Sample 2 Accuracy	Sample 3 Accuracy	Sample 4 Accuracy	Sample 5 Accuracy
TH03_0011_S01	C17orf67	Up	2.90689059561	2.11962747574	27.08265392096037	99.65557512695881	99.27184466019418	100	99.27184466019418	99.74489795918367	100	99.71671388101983	99.54441913439635
