Sample	Gene	Type	Expression	Threshold	Percent difference	Mean Accuracy	Minimum Accuracy	Maximum Accuracy	Sample 1 Accuracy	Sample 2 Accuracy	Sample 3 Accuracy	Sample 4 Accuracy	Sample 5 Accuracy
TH03_0011_S01	CTD-2514C3.1	Up	2.09423606985	2.0891597271	0.24239591816233924	2.139400251391484	1.160092807424594	3.003875968992248	1.876675603217158	2.2399999999999998	3.003875968992248	1.160092807424594	2.41635687732342
