Sample	Gene	Type	Expression	Threshold	Percent difference	Mean Accuracy	Minimum Accuracy	Maximum Accuracy	Sample 1 Accuracy	Sample 2 Accuracy	Sample 3 Accuracy	Sample 4 Accuracy	Sample 5 Accuracy
TH03_0011_S01	ARHGAP15	Up	5.87381319836	5.77904081345	1.6134729129019747	99.0839369154931	98.07162534435263	99.72972972972973	99.04761904761905	99.72972972972973	99.375	98.07162534435263	99.19571045576407
