Sample	Gene	Type	Expression	Threshold	Percent difference	Mean Accuracy	Minimum Accuracy	Maximum Accuracy	Sample 1 Accuracy	Sample 2 Accuracy	Sample 3 Accuracy	Sample 4 Accuracy	Sample 5 Accuracy
TH03_0011_S01	PCAT18	Up	0.704871964456	0.441114872694	37.4191491593172	81.90697412469606	78.1981981981982	85.23622047244095	78.1981981981982	85.23622047244095	84.68634686346863	82.37885462555066	79.0352504638219
