Sample	Gene	Type	Expression	Threshold	Percent difference	Mean Accuracy	Minimum Accuracy	Maximum Accuracy	Sample 1 Accuracy	Sample 2 Accuracy	Sample 3 Accuracy	Sample 4 Accuracy	Sample 5 Accuracy
TH03_0011_S01	AC002310.12	Up	2.92029330021	2.8837082386	1.252787232274546	24.650614323324483	19.34731934731935	32.66533066132264	20.506912442396313	30.576441102756892	32.66533066132264	20.157068062827225	19.34731934731935
