Sample	Gene	Type	Expression	Threshold	Percent difference	Mean Accuracy	Minimum Accuracy	Maximum Accuracy	Sample 1 Accuracy	Sample 2 Accuracy	Sample 3 Accuracy	Sample 4 Accuracy	Sample 5 Accuracy
TH03_0011_S01	MRI1	Up	5.97039353791	5.90189886093	1.1472388971527787	95.87474050312217	94.10187667560321	98.37837837837839	94.76190476190476	98.37837837837839	97.91666666666666	94.21487603305785	94.10187667560321
