Sample	Gene	Type	Expression	Threshold	Percent difference	Mean Accuracy	Minimum Accuracy	Maximum Accuracy	Sample 1 Accuracy	Sample 2 Accuracy	Sample 3 Accuracy	Sample 4 Accuracy	Sample 5 Accuracy
TH03_0011_S01	CCDC7	Up	1.52857131887	1.49093317986	2.462308336245907	53.82260307550245	43.50797266514807	65.0963597430407	47.33009708737864	60.204081632653065	65.0963597430407	52.97450424929179	43.50797266514807
