Sample	Gene	Type	Expression	Threshold	Percent difference	Mean Accuracy	Minimum Accuracy	Maximum Accuracy	Sample 1 Accuracy	Sample 2 Accuracy	Sample 3 Accuracy	Sample 4 Accuracy	Sample 5 Accuracy
TH03_0011_S01	HERPUD2	Up	5.70846316507	5.59549427032	1.9789721240780822	98.90835652110702	98.34710743801654	100	98.5632183908046	98.84726224783861	100	98.34710743801654	98.78419452887537
