Sample	Gene	Type	Expression	Threshold	Percent difference	Mean Accuracy	Minimum Accuracy	Maximum Accuracy	Sample 1 Accuracy	Sample 2 Accuracy	Sample 3 Accuracy	Sample 4 Accuracy	Sample 5 Accuracy
TH03_0011_S01	ENSAP2	Up	3.2372577709	3.19643139839	1.2611406134226222	44.23558544135376	39.39393939393939	52.054794520547944	41.05960264900662	52.054794520547944	47.22222222222222	41.44736842105263	39.39393939393939
