Sample	Gene	Type	Expression	Threshold	Percent difference	Mean Accuracy	Minimum Accuracy	Maximum Accuracy	Sample 1 Accuracy	Sample 2 Accuracy	Sample 3 Accuracy	Sample 4 Accuracy	Sample 5 Accuracy
TH03_0011_S01	POU3F1	Up	2.44095219803	1.49833381176	38.616831047767	99.83848428715349	99.57264957264957	100	100	100	100	99.57264957264957	99.61977186311786
