Sample	Gene	Type	Expression	Threshold	Percent difference	Mean Accuracy	Minimum Accuracy	Maximum Accuracy	Sample 1 Accuracy	Sample 2 Accuracy	Sample 3 Accuracy	Sample 4 Accuracy	Sample 5 Accuracy
TH03_0011_S01	SVILP1	Up	0.992768430769	0.805274248123	18.885993635068225	66.11458735381152	57.32838589981447	73.61623616236163	58.55855855855856	73.22834645669292	73.61623616236163	67.84140969162996	57.32838589981447
