Sample	Gene	Type	Expression	Threshold	Percent difference	Mean Accuracy	Minimum Accuracy	Maximum Accuracy	Sample 1 Accuracy	Sample 2 Accuracy	Sample 3 Accuracy	Sample 4 Accuracy	Sample 5 Accuracy
TH03_0011_S01	RP11-1348G14.8	Up	2.748461233	1.5741083622	42.72764908232562	99.95495495495496	99.77477477477478	100	100	99.77477477477478	100	100	100
