Sample	Gene	Type	Expression	Threshold	Percent difference	Mean Accuracy	Minimum Accuracy	Maximum Accuracy	Sample 1 Accuracy	Sample 2 Accuracy	Sample 3 Accuracy	Sample 4 Accuracy	Sample 5 Accuracy
TH03_0011_S01	CEP83-AS1	Up	1.08406426479	1.00031816959	7.725196551536811	94.53725532009253	91.50326797385621	97.96511627906976	92.63803680981594	97.32142857142857	97.96511627906976	93.25842696629213	91.50326797385621
