Sample	Gene	Type	Expression	Threshold	Percent difference	Mean Accuracy	Minimum Accuracy	Maximum Accuracy	Sample 1 Accuracy	Sample 2 Accuracy	Sample 3 Accuracy	Sample 4 Accuracy	Sample 5 Accuracy
TH03_0011_S01	RP4-561L24.3	Up	1.16992500144	1.05663478374	9.683545317909854	93.31501254389607	89.749430523918	96.39830508474576	91.0958904109589	94.5945945945946	96.39830508474576	94.73684210526315	89.749430523918
