Sample	Gene	Type	Expression	Threshold	Percent difference	Mean Accuracy	Minimum Accuracy	Maximum Accuracy	Sample 1 Accuracy	Sample 2 Accuracy	Sample 3 Accuracy	Sample 4 Accuracy	Sample 5 Accuracy
TH03_0011_S01	CACTIN	Up	5.26828466652	5.20073318481	1.2822291502069	98.135780591156	95.65217391304348	100	98.21428571428571	98.87005649717514	100	97.94238683127571	95.65217391304348
