Sample	Gene	Type	Expression	Threshold	Percent difference	Mean Accuracy	Minimum Accuracy	Maximum Accuracy	Sample 1 Accuracy	Sample 2 Accuracy	Sample 3 Accuracy	Sample 4 Accuracy	Sample 5 Accuracy
TH03_0011_S01	SNRPEP4	Up	5.66020987335	5.58542633057	1.321215015932613	41.9015059015059	18.51851851851852	60	18.51851851851852	60	57.14285714285714	53.84615384615385	20
