Sample	Gene	Type	Expression	Threshold	Percent difference	Mean Accuracy	Minimum Accuracy	Maximum Accuracy	Sample 1 Accuracy	Sample 2 Accuracy	Sample 3 Accuracy	Sample 4 Accuracy	Sample 5 Accuracy
TH03_0011_S01	LRRC61	Down	0.516015147004	0.792328715324	53.547569276655	86.49660274632103	80.72976054732041	95.31442663378546	82.38213399503722	91.17259552042161	95.31442663378546	82.88409703504043	80.72976054732041
