Sample	Gene	Type	Expression	Threshold	Percent difference	Mean Accuracy	Minimum Accuracy	Maximum Accuracy	Sample 1 Accuracy	Sample 2 Accuracy	Sample 3 Accuracy	Sample 4 Accuracy	Sample 5 Accuracy
TH03_0011_S01	SERPINB10	Up	0.6322682155	0.210507676005	66.7059531312151	87.15743039940406	81.00558659217877	94.99072356215214	81.00558659217877	90.13944223107569	94.99072356215214	86.04651162790698	83.60488798370672
