Sample	Gene	Type	Expression	Threshold	Percent difference	Mean Accuracy	Minimum Accuracy	Maximum Accuracy	Sample 1 Accuracy	Sample 2 Accuracy	Sample 3 Accuracy	Sample 4 Accuracy	Sample 5 Accuracy
TH03_0011_S01	R3HCC1L	Up	4.80941444424	4.58141946793	4.740597404390012	99.39099820425238	98.09264305177112	100	99.77324263038548	99.78354978354979	100	98.09264305177112	99.30555555555556
