Sample	Gene	Type	Expression	Threshold	Percent difference	Mean Accuracy	Minimum Accuracy	Maximum Accuracy	Sample 1 Accuracy	Sample 2 Accuracy	Sample 3 Accuracy	Sample 4 Accuracy	Sample 5 Accuracy
TH03_0011_S01	RP11-394B2.5	Up	0.454175893186	0.344898492098	24.060590341206705	71.11484705056624	65.21739130434783	78.89182058047494	65.65656565656566	74.16666666666667	78.89182058047494	71.64179104477611	65.21739130434783
