Sample	Gene	Type	Expression	Threshold	Percent difference	Mean Accuracy	Minimum Accuracy	Maximum Accuracy	Sample 1 Accuracy	Sample 2 Accuracy	Sample 3 Accuracy	Sample 4 Accuracy	Sample 5 Accuracy
TH03_0011_S01	FLJ27354	Up	3.53480866123	3.34682512283	5.318068286462439	98.0496691740932	94.73684210526315	99.64788732394366	94.73684210526315	99.0521327014218	99.64788732394366	98.3739837398374	98.4375
