Sample	Gene	Type	Expression	Threshold	Percent difference	Mean Accuracy	Minimum Accuracy	Maximum Accuracy	Sample 1 Accuracy	Sample 2 Accuracy	Sample 3 Accuracy	Sample 4 Accuracy	Sample 5 Accuracy
TH03_0011_S01	ZNF100	Up	4.53044535469	4.03777217865	10.874718432040591	99.95901639344262	99.79508196721312	100	100	100	100	100	99.79508196721312
