Sample	Gene	Type	Expression	Threshold	Percent difference	Mean Accuracy	Minimum Accuracy	Maximum Accuracy	Sample 1 Accuracy	Sample 2 Accuracy	Sample 3 Accuracy	Sample 4 Accuracy	Sample 5 Accuracy
TH03_0011_S01	RP11-561B11.2	Up	1.68706068834	1.44798219204	14.17130385127067	99.29560476243518	98.88037713612256	99.6264674493063	99.27470534904805	99.53917050691244	99.6264674493063	99.15730337078652	98.88037713612256
