Sample	Gene	Type	Expression	Threshold	Percent difference	Mean Accuracy	Minimum Accuracy	Maximum Accuracy	Sample 1 Accuracy	Sample 2 Accuracy	Sample 3 Accuracy	Sample 4 Accuracy	Sample 5 Accuracy
TH03_0011_S01	CTB-31O20.4	Up	2.41953889151	2.07224011421	14.353924151359914	98.25941206408237	97.03872437357631	99.78586723768737	97.81553398058253	99.48979591836735	99.78586723768737	97.16713881019831	97.03872437357631
