Sample	Gene	Type	Expression	Threshold	Percent difference	Mean Accuracy	Minimum Accuracy	Maximum Accuracy	Sample 1 Accuracy	Sample 2 Accuracy	Sample 3 Accuracy	Sample 4 Accuracy	Sample 5 Accuracy
TH03_0011_S01	RP11-513D5.5	Up	1.8836208162900001	0.746955513954	60.344698492703444	91.84119506665834	86.66666666666667	95.96774193548387	87.5	93.61702127659575	95.45454545454545	95.96774193548387	86.66666666666667
