Sample	Gene	Type	Expression	Threshold	Percent difference	Mean Accuracy	Minimum Accuracy	Maximum Accuracy	Sample 1 Accuracy	Sample 2 Accuracy	Sample 3 Accuracy	Sample 4 Accuracy	Sample 5 Accuracy
TH03_0011_S01	CTD-2587H24.10	Up	1.97085365434	1.18333828449	39.958084564818854	99.57202527440515	99.1869918699187	100	99.35275080906149	99.1869918699187	100	99.52038369304557	99.8
