Sample	Gene	Type	Expression	Threshold	Percent difference	Mean Accuracy	Minimum Accuracy	Maximum Accuracy	Sample 1 Accuracy	Sample 2 Accuracy	Sample 3 Accuracy	Sample 4 Accuracy	Sample 5 Accuracy
TH03_0011_S01	CCDC130	Up	6.53044535469	6.49564170837	0.5329444537041449	77.34818058179778	69.65174129353234	87.57225433526011	69.65174129353234	87.57225433526011	82.79816513761467	72.7810650887574	73.93767705382436
