Sample	Gene	Type	Expression	Threshold	Percent difference	Mean Accuracy	Minimum Accuracy	Maximum Accuracy	Sample 1 Accuracy	Sample 2 Accuracy	Sample 3 Accuracy	Sample 4 Accuracy	Sample 5 Accuracy
TH03_0011_S01	RP11-192H23.4	Up	3.16188768238	3.08104753494	2.5567052204444662	95.99969572445622	93.79014989293361	98	94.88272921108742	98	97.68339768339769	95.64220183486239	93.79014989293361
