Sample	Gene	Type	Expression	Threshold	Percent difference	Mean Accuracy	Minimum Accuracy	Maximum Accuracy	Sample 1 Accuracy	Sample 2 Accuracy	Sample 3 Accuracy	Sample 4 Accuracy	Sample 5 Accuracy
TH03_0011_S01	TBKBP1	Up	5.52356195606	5.37988615036	2.6011440958378444	99.89515457121134	99.59058341862846	100	100	100	100	99.59058341862846	99.88518943742825
