Sample	Gene	Type	Expression	Threshold	Percent difference	Mean Accuracy	Minimum Accuracy	Maximum Accuracy	Sample 1 Accuracy	Sample 2 Accuracy	Sample 3 Accuracy	Sample 4 Accuracy	Sample 5 Accuracy
TH03_0011_S01	ADGRE4P	Up	1.03562390973	0.74874907732	27.700676830143085	99.83848428715349	99.57264957264957	100	100	100	100	99.57264957264957	99.61977186311786
