Sample	Gene	Type	Expression	Threshold	Percent difference	Mean Accuracy	Minimum Accuracy	Maximum Accuracy	Sample 1 Accuracy	Sample 2 Accuracy	Sample 3 Accuracy	Sample 4 Accuracy	Sample 5 Accuracy
TH03_0011_S01	CTD-2616J11.11	Up	2.16349873228	1.74167311192	19.49738236802476	92.51773792607085	88.2899628252788	96.70542635658916	88.3378016085791	95.52000000000001	96.70542635658916	93.7354988399072	88.2899628252788
