Sample	Gene	Type	Expression	Threshold	Percent difference	Mean Accuracy	Minimum Accuracy	Maximum Accuracy	Sample 1 Accuracy	Sample 2 Accuracy	Sample 3 Accuracy	Sample 4 Accuracy	Sample 5 Accuracy
TH03_0011_S01	HCG4P11	Up	2.33055840003	1.85387217999	20.453734179493807	98.64922500455485	97.04433497536947	99.61538461538461	98.41628959276018	99.04988123515439	99.61538461538461	99.12023460410558	97.04433497536947
