Sample	Gene	Type	Expression	Threshold	Percent difference	Mean Accuracy	Minimum Accuracy	Maximum Accuracy	Sample 1 Accuracy	Sample 2 Accuracy	Sample 3 Accuracy	Sample 4 Accuracy	Sample 5 Accuracy
TH03_0011_S01	RP1-179N16.6	Up	2.93168305706	1.84505105019	37.06512558556431	99.76624927206466	99.26108374384236	100	100	99.7624703087886	99.8076923076923	100	99.26108374384236
