Sample	Gene	Type	Expression	Threshold	Percent difference	Mean Accuracy	Minimum Accuracy	Maximum Accuracy	Sample 1 Accuracy	Sample 2 Accuracy	Sample 3 Accuracy	Sample 4 Accuracy	Sample 5 Accuracy
TH03_0011_S01	ACCSL	Up	0.0426443374085	0.0358882322907	15.842912631240358	56.03573288341565	44.69783352337514	68.9272503082614	50.86848635235732	62.450592885375485	68.9272503082614	53.23450134770889	44.69783352337514
