Sample	Gene	Type	Expression	Threshold	Percent difference	Mean Accuracy	Minimum Accuracy	Maximum Accuracy	Sample 1 Accuracy	Sample 2 Accuracy	Sample 3 Accuracy	Sample 4 Accuracy	Sample 5 Accuracy
TH03_0011_S01	C6orf25	Up	2.47508488295	1.24316442013	49.772857137396464	99.90043590251635	99.74489795918367	100	99.75728155339806	99.74489795918367	100	100	100
