Sample	Gene	Type	Expression	Threshold	Percent difference	Mean Accuracy	Minimum Accuracy	Maximum Accuracy	Sample 1 Accuracy	Sample 2 Accuracy	Sample 3 Accuracy	Sample 4 Accuracy	Sample 5 Accuracy
TH03_0011_S01	FAM215A	Up	0.584962500721	0.277578264475	52.547682264612035	81.22622937081165	73.97133610725844	91.96207749381699	74.57777777777778	86.84576192681797	91.96207749381699	78.77419354838709	73.97133610725844
