Sample	Gene	Type	Expression	Threshold	Percent difference	Mean Accuracy	Minimum Accuracy	Maximum Accuracy	Sample 1 Accuracy	Sample 2 Accuracy	Sample 3 Accuracy	Sample 4 Accuracy	Sample 5 Accuracy
TH03_0011_S01	CHRNA10	Up	1.76128527336	1.47318387032	16.35745256021982	98.48948308181899	97.71689497716895	99.57627118644068	97.71689497716895	98.42342342342343	99.57627118644068	98.32535885167464	98.40546697038725
