Sample	Gene	Type	Expression	Threshold	Percent difference	Mean Accuracy	Minimum Accuracy	Maximum Accuracy	Sample 1 Accuracy	Sample 2 Accuracy	Sample 3 Accuracy	Sample 4 Accuracy	Sample 5 Accuracy
TH03_0011_S01	RP11-108O10.8	Up	0.48542682717	0.106960088015	77.96576496635572	91.89739515132638	89.16666666666667	97.0976253298153	90.40404040404042	89.16666666666667	97.0976253298153	92.53731343283582	90.28132992327366
