Sample	Gene	Type	Expression	Threshold	Percent difference	Mean Accuracy	Minimum Accuracy	Maximum Accuracy	Sample 1 Accuracy	Sample 2 Accuracy	Sample 3 Accuracy	Sample 4 Accuracy	Sample 5 Accuracy
TH03_0011_S01	UBE2F-SCLY	Up	0.895302621333	0.636153876781	28.945379850017428	72.4206964158506	63.740022805017105	83.35388409371147	66.37717121588089	77.33860342555995	83.35388409371147	71.29380053908356	63.740022805017105
