Sample	Gene	Type	Expression	Threshold	Percent difference	Mean Accuracy	Minimum Accuracy	Maximum Accuracy	Sample 1 Accuracy	Sample 2 Accuracy	Sample 3 Accuracy	Sample 4 Accuracy	Sample 5 Accuracy
TH03_0011_S01	RP11-1102P22.1	Up	1.61353165292	1.35867619514	15.794884303557936	96.21176186818636	94.08866995073892	98.46153846153847	94.57013574660633	98.33729216152018	98.46153846153847	95.60117302052787	94.08866995073892
