Sample	Gene	Type	Expression	Threshold	Percent difference	Mean Accuracy	Minimum Accuracy	Maximum Accuracy	Sample 1 Accuracy	Sample 2 Accuracy	Sample 3 Accuracy	Sample 4 Accuracy	Sample 5 Accuracy
TH03_0011_S01	TCERG1	Up	6.66860137997	6.61440610886	0.8126932173931204	92.79960111615847	89.51612903225806	97.1563981042654	90.5940594059406	97.1563981042654	96.30996309963099	90.42145593869732	89.51612903225806
