Sample	Gene	Type	Expression	Threshold	Percent difference	Mean Accuracy	Minimum Accuracy	Maximum Accuracy	Sample 1 Accuracy	Sample 2 Accuracy	Sample 3 Accuracy	Sample 4 Accuracy	Sample 5 Accuracy
TH03_0011_S01	RSC1A1	Up	3.1093605594	3.05082511902	1.882555569280615	89.69708053963855	86.0655737704918	94.43413729128015	86.22754491017965	94.01197604790418	94.43413729128015	87.74617067833698	86.0655737704918
