Sample	Gene	Type	Expression	Threshold	Percent difference	Mean Accuracy	Minimum Accuracy	Maximum Accuracy	Sample 1 Accuracy	Sample 2 Accuracy	Sample 3 Accuracy	Sample 4 Accuracy	Sample 5 Accuracy
TH03_0011_S01	EGLN1P1	Up	0.495695162624	0.210507676005	57.53283633218012	82.0643259439396	75.08090614886731	92.25061830173125	75.91111111111111	87.4015748031496	92.25061830173125	79.6774193548387	75.08090614886731
