Sample	Gene	Type	Expression	Threshold	Percent difference	Mean Accuracy	Minimum Accuracy	Maximum Accuracy	Sample 1 Accuracy	Sample 2 Accuracy	Sample 3 Accuracy	Sample 4 Accuracy	Sample 5 Accuracy
TH03_0011_S01	MYPOP	Up	4.16349873228	4.13229656219	0.7494218707955134	56.577644496215626	44.05737704918033	67.66467065868264	50.49900199600798	67.66467065868264	65.3061224489796	55.36105032822757	44.05737704918033
