Sample	Gene	Type	Expression	Threshold	Percent difference	Mean Accuracy	Minimum Accuracy	Maximum Accuracy	Sample 1 Accuracy	Sample 2 Accuracy	Sample 3 Accuracy	Sample 4 Accuracy	Sample 5 Accuracy
TH03_0011_S01	AC005077.14	Up	3.56559717585	2.56169652939	28.15518963441744	99.9903984637542	99.951992318771	100	100	100	100	99.951992318771	100
