Sample	Gene	Type	Expression	Threshold	Percent difference	Mean Accuracy	Minimum Accuracy	Maximum Accuracy	Sample 1 Accuracy	Sample 2 Accuracy	Sample 3 Accuracy	Sample 4 Accuracy	Sample 5 Accuracy
TH03_0011_S01	FBXO43	Up	2.28095631383	1.49479568005	34.466273159784535	99.83848428715349	99.57264957264957	100	100	100	100	99.57264957264957	99.61977186311786
