Sample	Gene	Type	Expression	Threshold	Percent difference	Mean Accuracy	Minimum Accuracy	Maximum Accuracy	Sample 1 Accuracy	Sample 2 Accuracy	Sample 3 Accuracy	Sample 4 Accuracy	Sample 5 Accuracy
TH03_0011_S01	CTC-260F20.3	Up	3.20476675065	3.14936041832	1.728872540217236	81.9744072733461	74.14772727272727	91.1214953271028	76.06837606837607	90.09287925696594	91.1214953271028	78.44155844155844	74.14772727272727
