Sample	Gene	Type	Expression	Threshold	Percent difference	Mean Accuracy	Minimum Accuracy	Maximum Accuracy	Sample 1 Accuracy	Sample 2 Accuracy	Sample 3 Accuracy	Sample 4 Accuracy	Sample 5 Accuracy
TH03_0103_S01	MKRN9P	Up	0.238786859587	0.141808778048	40.612821704984505	77.05964926754902	68.90130353817506	84.26294820717132	68.90130353817506	84.26294820717132	83.85899814471243	76.27906976744187	71.99592668024441
