Sample	Gene	Type	Expression	Threshold	Percent difference	Mean Accuracy	Minimum Accuracy	Maximum Accuracy	Sample 1 Accuracy	Sample 2 Accuracy	Sample 3 Accuracy	Sample 4 Accuracy	Sample 5 Accuracy
TH03_0103_S01	WDR73	Down	1.98185265329	2.00816392899	1.3276100852564274	38.62424037505184	31.93916349809886	47.03703703703704	33.10104529616725	47.03703703703704	46.42857142857143	34.61538461538461	31.93916349809886
