Sample	Gene	Type	Expression	Threshold	Percent difference	Mean Accuracy	Minimum Accuracy	Maximum Accuracy	Sample 1 Accuracy	Sample 2 Accuracy	Sample 3 Accuracy	Sample 4 Accuracy	Sample 5 Accuracy
TH03_0103_S01	LINC00163	Up	0.298658315565	0.106610842049	64.30340744160623	89.50623147205484	87.82742681047766	92.76923076923077	88.27785817655571	92.76923076923077	89.32330827067669	89.33333333333333	87.82742681047766
