Sample	Gene	Type	Expression	Threshold	Percent difference	Mean Accuracy	Minimum Accuracy	Maximum Accuracy	Sample 1 Accuracy	Sample 2 Accuracy	Sample 3 Accuracy	Sample 4 Accuracy	Sample 5 Accuracy
TH03_0103_S01	RPL12P33	Up	0.226508529809	0.210507676005	7.064128586015049	11.62978867618736	9.020852221214868	15.914948453608247	12.257281553398059	15.914948453608247	9.719522354901416	9.020852221214868	11.236338797814208
