Sample	Gene	Type	Expression	Threshold	Percent difference	Mean Accuracy	Minimum Accuracy	Maximum Accuracy	Sample 1 Accuracy	Sample 2 Accuracy	Sample 3 Accuracy	Sample 4 Accuracy	Sample 5 Accuracy
TH03_0103_S01	RP11-21C4.1	Up	0.226508529809	0.176311850548	22.161054730842856	71.2060241082383	63.24324324324324	78.34645669291339	63.24324324324324	78.34645669291339	77.49077490774908	73.12775330396477	63.821892393320965
