Sample	Gene	Type	Expression	Threshold	Percent difference	Mean Accuracy	Minimum Accuracy	Maximum Accuracy	Sample 1 Accuracy	Sample 2 Accuracy	Sample 3 Accuracy	Sample 4 Accuracy	Sample 5 Accuracy
TH03_0103_S01	INTS5	Down	2.03562390973	2.1614689827	6.182137690979078	93.98989502458285	89.74661166764879	96.6589861751152	93.88032638259293	96.6589861751152	96.26467449306297	93.39887640449437	89.74661166764879
