Sample	Gene	Type	Expression	Threshold	Percent difference	Mean Accuracy	Minimum Accuracy	Maximum Accuracy	Sample 1 Accuracy	Sample 2 Accuracy	Sample 3 Accuracy	Sample 4 Accuracy	Sample 5 Accuracy
TH03_0103_S01	OTOG	Up	0.163498732283	0.141458824277	13.48017057884652	66.42026593290032	58.38509316770186	76.99171446781389	62.653688524590166	71.78549664838513	76.99171446781389	62.28533685601057	58.38509316770186
