Sample	Gene	Type	Expression	Threshold	Percent difference	Mean Accuracy	Minimum Accuracy	Maximum Accuracy	Sample 1 Accuracy	Sample 2 Accuracy	Sample 3 Accuracy	Sample 4 Accuracy	Sample 5 Accuracy
TH03_0103_S01	TMEM186	Down	1.8836208162900001	1.94550228119	3.285240020965701	56.07875019865572	45.22144522144522	68.93787575150301	50.23041474654379	63.90977443609023	68.93787575150301	52.09424083769634	45.22144522144522
