Sample	Gene	Type	Expression	Threshold	Percent difference	Mean Accuracy	Minimum Accuracy	Maximum Accuracy	Sample 1 Accuracy	Sample 2 Accuracy	Sample 3 Accuracy	Sample 4 Accuracy	Sample 5 Accuracy
TH03_0103_S01	RP11-1151B14.5	Up	1.93357263826	0.106960088015	94.46826636359252	99.95934959349593	99.79674796747967	100	100	99.79674796747967	100	100	100
