Sample	Gene	Type	Expression	Threshold	Percent difference	Mean Accuracy	Minimum Accuracy	Maximum Accuracy	Sample 1 Accuracy	Sample 2 Accuracy	Sample 3 Accuracy	Sample 4 Accuracy	Sample 5 Accuracy
TH03_0103_S01	RTTN	Up	4.97361127552	4.89593935013	1.5616806599321345	82.53229782883766	77.01421800947867	89.86784140969164	77.01421800947867	89.86784140969164	89.44223107569721	78.85375494071147	77.48344370860927
