Sample	Gene	Type	Expression	Threshold	Percent difference	Mean Accuracy	Minimum Accuracy	Maximum Accuracy	Sample 1 Accuracy	Sample 2 Accuracy	Sample 3 Accuracy	Sample 4 Accuracy	Sample 5 Accuracy
TH03_0103_S01	RP5-912I13.1	Up	0.910732661903	0.0362440273166	96.02034396780421	90.34467634931016	86.65906499429875	96.17755856966707	87.46898263027295	93.41238471673255	96.17755856966707	88.0053908355795	86.65906499429875
