Sample	Gene	Type	Expression	Threshold	Percent difference	Mean Accuracy	Minimum Accuracy	Maximum Accuracy	Sample 1 Accuracy	Sample 2 Accuracy	Sample 3 Accuracy	Sample 4 Accuracy	Sample 5 Accuracy
TH03_0103_S01	XCL2	Up	3.60999129521	3.46741819382	3.9494029134966726	86.17679487812033	81.45695364238411	91.78082191780823	81.45695364238411	91.78082191780823	89.44444444444444	84.86842105263158	83.33333333333334
