Sample	Gene	Type	Expression	Threshold	Percent difference	Mean Accuracy	Minimum Accuracy	Maximum Accuracy	Sample 1 Accuracy	Sample 2 Accuracy	Sample 3 Accuracy	Sample 4 Accuracy	Sample 5 Accuracy
TH03_0003_S03	STOML2	Up	8.09602987631	7.95008230209	1.802705479719893	99.68367091772943	99.19354838709677	100	100	100	99.19354838709677	99.2248062015504	100
