Sample	Gene	Type	Expression	Threshold	Percent difference	Mean Accuracy	Minimum Accuracy	Maximum Accuracy	Sample 1 Accuracy	Sample 2 Accuracy	Sample 3 Accuracy	Sample 4 Accuracy	Sample 5 Accuracy
TH03_0003_S03	TSEN2	Up	5.27984269352	5.20743608475	1.3713781446342146	97.8380544684164	96.9047619047619	98.91891891891892	96.9047619047619	98.91891891891892	98.54166666666667	96.96969696969697	97.85522788203752
