Sample	Gene	Type	Expression	Threshold	Percent difference	Mean Accuracy	Minimum Accuracy	Maximum Accuracy	Sample 1 Accuracy	Sample 2 Accuracy	Sample 3 Accuracy	Sample 4 Accuracy	Sample 5 Accuracy
TH03_0003_S03	ZAR1	Up	0.757023246507	0.106610842049	85.91709798332936	88.80043393605234	83.5195530726257	95.64007421150278	83.5195530726257	90.5378486055777	95.64007421150278	88.25581395348837	86.0488798370672
