Sample	Gene	Type	Expression	Threshold	Percent difference	Mean Accuracy	Minimum Accuracy	Maximum Accuracy	Sample 1 Accuracy	Sample 2 Accuracy	Sample 3 Accuracy	Sample 4 Accuracy	Sample 5 Accuracy
TH03_0003_S03	RP11-299H21.1	Up	1.41142624573	1.33189558983	5.6347723546026405	89.06752037291346	83.00653594771242	93.75	86.50306748466258	93.75	93.31395348837209	88.76404494382022	83.00653594771242
