Sample	Gene	Type	Expression	Threshold	Percent difference	Mean Accuracy	Minimum Accuracy	Maximum Accuracy	Sample 1 Accuracy	Sample 2 Accuracy	Sample 3 Accuracy	Sample 4 Accuracy	Sample 5 Accuracy
TH03_0003_S03	RP11-295D4.1	Up	1.45417589319	1.45210182667	0.14262831131452874	3.84114169430133	2.912621359223301	4.710920770877944	2.912621359223301	3.571428571428571	4.710920770877944	3.6827195467422094	4.328018223234624
