Sample	Gene	Type	Expression	Threshold	Percent difference	Mean Accuracy	Minimum Accuracy	Maximum Accuracy	Sample 1 Accuracy	Sample 2 Accuracy	Sample 3 Accuracy	Sample 4 Accuracy	Sample 5 Accuracy
TH03_0003_S03	MYH8	Up	0.2750070475	0.0362440273166	86.82069145278903	95.50986530795886	93.45002823263692	98.08795411089865	94.67213114754098	96.16087751371116	98.08795411089865	95.17833553500661	93.45002823263692
