Sample	Gene	Type	Expression	Threshold	Percent difference	Mean Accuracy	Minimum Accuracy	Maximum Accuracy	Sample 1 Accuracy	Sample 2 Accuracy	Sample 3 Accuracy	Sample 4 Accuracy	Sample 5 Accuracy
TH03_0156_S01	ZNF354C	Up	3.38818953716	3.38387584686	0.12731549556745936	16.03912432248064	12.399831294812316	19.597550306211723	14.923804519180242	19.304200254560882	19.597550306211723	13.970235237638024	12.399831294812316
