Sample	Gene	Type	Expression	Threshold	Percent difference	Mean Accuracy	Minimum Accuracy	Maximum Accuracy	Sample 1 Accuracy	Sample 2 Accuracy	Sample 3 Accuracy	Sample 4 Accuracy	Sample 5 Accuracy
TH03_0156_S01	CLRN1-AS1	Up	0.0635029423062	0.0538765266538	15.159007288171185	48.035199284463545	38.46704871060172	59.44103612815269	38.46704871060172	56.31825273010921	59.44103612815269	45.54637281910009	40.403286034354
