Sample	Gene	Type	Expression	Threshold	Percent difference	Mean Accuracy	Minimum Accuracy	Maximum Accuracy	Sample 1 Accuracy	Sample 2 Accuracy	Sample 3 Accuracy	Sample 4 Accuracy	Sample 5 Accuracy
TH03_0156_S01	ADGRB1	Up	3.47767732757	3.27992367744	5.686371434240535	99.81210709232948	99.66258962463095	99.95625546806649	99.9474513925381	99.83029274501484	99.95625546806649	99.66394623139703	99.66258962463095
