Sample	Gene	Type	Expression	Threshold	Percent difference	Mean Accuracy	Minimum Accuracy	Maximum Accuracy	Sample 1 Accuracy	Sample 2 Accuracy	Sample 3 Accuracy	Sample 4 Accuracy	Sample 5 Accuracy
TH03_0156_S01	CTD-2553L13.5	Up	0.18903382439	0.141458824277	25.16745363773995	65.53367562829811	54.00372439478585	76.99443413729128	54.00372439478585	72.01195219123507	76.99443413729128	66.51162790697674	58.14663951120163
