Sample	Gene	Type	Expression	Threshold	Percent difference	Mean Accuracy	Minimum Accuracy	Maximum Accuracy	Sample 1 Accuracy	Sample 2 Accuracy	Sample 3 Accuracy	Sample 4 Accuracy	Sample 5 Accuracy
TH03_0156_S01	NHLRC4	Up	2.52356195606	2.2785141468	9.710394019514759	95.04761281185422	92.48291571753985	98.92933618843684	93.20388349514563	97.70408163265306	98.92933618843684	92.91784702549575	92.48291571753985
