Sample	Gene	Type	Expression	Threshold	Percent difference	Mean Accuracy	Minimum Accuracy	Maximum Accuracy	Sample 1 Accuracy	Sample 2 Accuracy	Sample 3 Accuracy	Sample 4 Accuracy	Sample 5 Accuracy
TH03_0156_S01	RP11-168K11.3	Up	0.150559676575	0.106960088015	28.958343662674675	83.02079144485653	76.79277244494635	90.6947100063735	80.58401639344262	86.71541742839733	90.6947100063735	80.31704095112285	76.79277244494635
