Sample	Gene	Type	Expression	Threshold	Percent difference	Mean Accuracy	Minimum Accuracy	Maximum Accuracy	Sample 1 Accuracy	Sample 2 Accuracy	Sample 3 Accuracy	Sample 4 Accuracy	Sample 5 Accuracy
TH03_0156_S01	RP11-276H19.1	Up	0.6322682155	0.45116469264	28.643464659500985	82.98795943367456	76.6798418972332	90.6947100063735	80.5327868852459	86.71541742839733	90.6947100063735	80.31704095112285	76.6798418972332
