Sample	Gene	Type	Expression	Threshold	Percent difference	Mean Accuracy	Minimum Accuracy	Maximum Accuracy	Sample 1 Accuracy	Sample 2 Accuracy	Sample 3 Accuracy	Sample 4 Accuracy	Sample 5 Accuracy
TH03_0156_S01	PTGES2-AS1	Up	0.739848102699	0.641168415546	13.337830669972925	51.629428272285075	40.592930444697835	63.37854500616523	47.022332506203476	58.36627140974967	63.37854500616523	48.78706199460917	40.592930444697835
