Sample	Gene	Type	Expression	Threshold	Percent difference	Mean Accuracy	Minimum Accuracy	Maximum Accuracy	Sample 1 Accuracy	Sample 2 Accuracy	Sample 3 Accuracy	Sample 4 Accuracy	Sample 5 Accuracy
TH03_0156_S01	RNF212	Up	6.19160212846	6.07571792603	1.8716351604269266	99.46631130063966	98.21428571428571	100	100	99.71428571428571	100	99.40298507462687	98.21428571428571
