Sample	Gene	Type	Expression	Threshold	Percent difference	Mean Accuracy	Minimum Accuracy	Maximum Accuracy	Sample 1 Accuracy	Sample 2 Accuracy	Sample 3 Accuracy	Sample 4 Accuracy	Sample 5 Accuracy
TH03_0156_S01	CPA1	Up	1.04264433741	0.409074544907	60.765667617476424	99.90325464009675	99.74937343358395	100	100	99.74937343358395	100	100	99.76689976689977
