Sample	Gene	Type	Expression	Threshold	Percent difference	Mean Accuracy	Minimum Accuracy	Maximum Accuracy	Sample 1 Accuracy	Sample 2 Accuracy	Sample 3 Accuracy	Sample 4 Accuracy	Sample 5 Accuracy
TH03_0156_S01	CTD-2619J13.23	Up	1.7782085764	1.29032027721	27.43706816315859	97.76866000451551	96.11260053619303	99.03999999999999	96.11260053619303	99.03999999999999	99.03100775193798	97.4477958236659	97.21189591078067
