Sample	Gene	Type	Expression	Threshold	Percent difference	Mean Accuracy	Minimum Accuracy	Maximum Accuracy	Sample 1 Accuracy	Sample 2 Accuracy	Sample 3 Accuracy	Sample 4 Accuracy	Sample 5 Accuracy
TH03_0156_S01	PRRT1	Up	5.29682445865	5.24705982208	0.9395183276034688	91.76332484862509	87.20238095238095	97.67441860465115	87.77777777777777	95.71428571428572	97.67441860465115	90.44776119402985	87.20238095238095
