Sample	Gene	Type	Expression	Threshold	Percent difference	Mean Accuracy	Minimum Accuracy	Maximum Accuracy	Sample 1 Accuracy	Sample 2 Accuracy	Sample 3 Accuracy	Sample 4 Accuracy	Sample 5 Accuracy
TH03_0156_S01	FOXO3B	Up	2.60407132367	2.40402173996	7.682185272408884	91.08619241339476	86.78815489749431	96.78800856531049	87.86407766990291	93.62244897959184	96.78800856531049	90.36827195467421	86.78815489749431
