Sample	Gene	Type	Expression	Threshold	Percent difference	Mean Accuracy	Minimum Accuracy	Maximum Accuracy	Sample 1 Accuracy	Sample 2 Accuracy	Sample 3 Accuracy	Sample 4 Accuracy	Sample 5 Accuracy
TH03_0156_S01	KLHDC10	Up	5.76844901518	5.67628669739	1.5976966693728136	99.318162130723735	98.77175025588537	100	99.19678714859438	100	99.77037887485649	98.77175025588537	98.85189437428244
