Sample	Gene	Type	Expression	Threshold	Percent difference	Mean Accuracy	Minimum Accuracy	Maximum Accuracy	Sample 1 Accuracy	Sample 2 Accuracy	Sample 3 Accuracy	Sample 4 Accuracy	Sample 5 Accuracy
TH03_0156_S01	GPR156	Up	1.36176835942	1.32666707039	2.5776255401432744	72.64178528778594	62.63995285798468	80.89647812166488	69.9909338168631	80.29953917050692	80.89647812166488	69.3820224719101	62.63995285798468
