Sample	Gene	Type	Expression	Threshold	Percent difference	Mean Accuracy	Minimum Accuracy	Maximum Accuracy	Sample 1 Accuracy	Sample 2 Accuracy	Sample 3 Accuracy	Sample 4 Accuracy	Sample 5 Accuracy
TH03_0156_S01	RP11-582E3.4	Up	0.298658315565	0.277918636799	6.9442830435726615	27.89512841784904	22.851002865329512	35.17940717628705	22.851002865329512	35.17940717628705	30.538513974096798	27.45638200183655	23.450336071695297
