Sample	Gene	Type	Expression	Threshold	Percent difference	Mean Accuracy	Minimum Accuracy	Maximum Accuracy	Sample 1 Accuracy	Sample 2 Accuracy	Sample 3 Accuracy	Sample 4 Accuracy	Sample 5 Accuracy
TH03_0156_S01	RP11-362K14.6	Up	1.44890095115	1.38173031807	4.635971356543473	69.84362438820952	58.97435897435898	80.96192384769539	64.51612903225806	76.441102756892235	80.96192384769539	68.32460732984293	58.97435897435898
