Sample	Gene	Type	Expression	Threshold	Percent difference	Mean Accuracy	Minimum Accuracy	Maximum Accuracy	Sample 1 Accuracy	Sample 2 Accuracy	Sample 3 Accuracy	Sample 4 Accuracy	Sample 5 Accuracy
TH03_0156_S01	CH17-140K24.6	Up	1.86789646399	1.66129863262	11.060454117927273	78.33392990341125	71.0455764075067	88.46899224806202	71.0455764075067	85.28	88.46899224806202	74.94199535962876	71.93308550185874
