Sample	Gene	Type	Expression	Threshold	Percent difference	Mean Accuracy	Minimum Accuracy	Maximum Accuracy	Sample 1 Accuracy	Sample 2 Accuracy	Sample 3 Accuracy	Sample 4 Accuracy	Sample 5 Accuracy
TH03_0156_S01	RP11-136C24.3	Up	1.63691458036	1.6085896492	1.7303854153324618	25.247366140473396	19.18465227817746	33.0166270783848	20.711974110032365	32.72357723577235	33.0166270783848	19.18465227817746	20.599999999999998
