Sample	Gene	Type	Expression	Threshold	Percent difference	Mean Accuracy	Minimum Accuracy	Maximum Accuracy	Sample 1 Accuracy	Sample 2 Accuracy	Sample 3 Accuracy	Sample 4 Accuracy	Sample 5 Accuracy
TH03_0156_S01	EWSAT1	Up	1.38956681176	1.2427110672	10.568455098175182	94.68556304107905	91.57175398633257	97.2457627118644	93.37899543378995	94.81981981981981	97.2457627118644	96.41148325358851	91.57175398633257
