Sample	Gene	Type	Expression	Threshold	Percent difference	Mean Accuracy	Minimum Accuracy	Maximum Accuracy	Sample 1 Accuracy	Sample 2 Accuracy	Sample 3 Accuracy	Sample 4 Accuracy	Sample 5 Accuracy
TH03_0156_S01	HESX1	Up	2.62293035092	2.60437583923	0.7073962784979045	11.90736696566736	8.799999999999999	15.201900237529692	9.223300970873787	15.040650406504067	15.201900237529692	11.270983213429256	8.799999999999999
