Sample	Gene	Type	Expression	Threshold	Percent difference	Mean Accuracy	Minimum Accuracy	Maximum Accuracy	Sample 1 Accuracy	Sample 2 Accuracy	Sample 3 Accuracy	Sample 4 Accuracy	Sample 5 Accuracy
TH03_0156_S01	CDK3	Up	5.31034012061	5.23141765594	1.4862035741118365	98.30430658976611	96.7455621301775	99.54128440366972	97.51243781094527	99.42196531791907	99.54128440366972	96.7455621301775	98.30028328611898
