Sample	Gene	Type	Expression	Threshold	Percent difference	Mean Accuracy	Minimum Accuracy	Maximum Accuracy	Sample 1 Accuracy	Sample 2 Accuracy	Sample 3 Accuracy	Sample 4 Accuracy	Sample 5 Accuracy
TH03_0156_S01	HOXA11-AS1_5	Up	4.31759350462	0.472911119461	89.04688181147749	93.40972752737459	90.47619047619048	100	90.47619047619048	100	93.93939393939394	90.47619047619048	92.15686274509804
