Sample	Gene	Type	Expression	Threshold	Percent difference	Mean Accuracy	Minimum Accuracy	Maximum Accuracy	Sample 1 Accuracy	Sample 2 Accuracy	Sample 3 Accuracy	Sample 4 Accuracy	Sample 5 Accuracy
TH03_0156_S01	MGC16275	Up	1.38956681176	1.35867619514	2.2230393212165556	56.33381889714521	49.38650306748466	64.53488372093024	49.38650306748466	63.39285714285714	64.53488372093024	54.68164794007491	49.673202614379086
