Sample	Gene	Type	Expression	Threshold	Percent difference	Mean Accuracy	Minimum Accuracy	Maximum Accuracy	Sample 1 Accuracy	Sample 2 Accuracy	Sample 3 Accuracy	Sample 4 Accuracy	Sample 5 Accuracy
TH03_0156_S01	GALNT8	Up	2.93922657773	2.93031597137	0.3031616013380468	5.631999647614768	3.7296037296037294	7.017543859649122	4.377880184331797	7.017543859649122	7.014028056112225	6.020942408376963	3.7296037296037294
