Sample	Gene	Type	Expression	Threshold	Percent difference	Mean Accuracy	Minimum Accuracy	Maximum Accuracy	Sample 1 Accuracy	Sample 2 Accuracy	Sample 3 Accuracy	Sample 4 Accuracy	Sample 5 Accuracy
TH03_0156_S01	RP11-326I19.2	Up	1.03562390973	0.935776412487	9.641289304437882	88.3806757988552	82.01970443349754	94.29928741092637	86.19909502262443	94.29928741092637	93.46153846153847	85.92375366568915	82.01970443349754
