Sample	Gene	Type	Expression	Threshold	Percent difference	Mean Accuracy	Minimum Accuracy	Maximum Accuracy	Sample 1 Accuracy	Sample 2 Accuracy	Sample 3 Accuracy	Sample 4 Accuracy	Sample 5 Accuracy
TH03_0156_S01	RP11-212I21.3	Up	0.411426245726	0.106960088015	74.00260942851156	91.05917241900774	89.6764252696456	94.46153846153847	90.44862518089725	94.46153846153847	90.37593984962406	90.33333333333333	89.6764252696456
