Sample	Gene	Type	Expression	Threshold	Percent difference	Mean Accuracy	Minimum Accuracy	Maximum Accuracy	Sample 1 Accuracy	Sample 2 Accuracy	Sample 3 Accuracy	Sample 4 Accuracy	Sample 5 Accuracy
TH03_0156_S01	RP11-88H9.2	Up	2.51096191928	1.11889278889	55.439675118178044	99.90325464009675	99.74937343358395	100	100	99.74937343358395	100	100	99.76689976689977
