Sample	Gene	Type	Expression	Threshold	Percent difference	Mean Accuracy	Minimum Accuracy	Maximum Accuracy	Sample 1 Accuracy	Sample 2 Accuracy	Sample 3 Accuracy	Sample 4 Accuracy	Sample 5 Accuracy
TH03_0156_S01	RP11-715J22.2	Up	0.765534746363	0.188761264086	75.34256087228032	95.20640789224267	92.82891022021457	97.96048438495856	94.4672131147541	95.79524680073126	97.96048438495856	94.98018494055482	92.82891022021457
