Sample	Gene	Type	Expression	Threshold	Percent difference	Mean Accuracy	Minimum Accuracy	Maximum Accuracy	Sample 1 Accuracy	Sample 2 Accuracy	Sample 3 Accuracy	Sample 4 Accuracy	Sample 5 Accuracy
TH03_0156_S01	CTGLF12P	Up	2.66448284036	2.56968474388	3.55784225907012	71.67457263620997	64.80446927374301	78.84615384615384	66.75392670157068	78.84615384615384	76.67493796526055	71.29337539432177	64.80446927374301
