Sample	Gene	Type	Expression	Threshold	Percent difference	Mean Accuracy	Minimum Accuracy	Maximum Accuracy	Sample 1 Accuracy	Sample 2 Accuracy	Sample 3 Accuracy	Sample 4 Accuracy	Sample 5 Accuracy
TH03_0156_S01	RARB	Up	5.08915913191	5.05803966522	0.6114854317459809	84.13038687038453	76.04166666666666	94.3820224719101	78.36879432624113	94.3820224719101	91.52046783625731	80.33898305084746	76.04166666666666
