Sample	Gene	Type	Expression	Threshold	Percent difference	Mean Accuracy	Minimum Accuracy	Maximum Accuracy	Sample 1 Accuracy	Sample 2 Accuracy	Sample 3 Accuracy	Sample 4 Accuracy	Sample 5 Accuracy
TH03_0156_S01	NSFP1	Up	2.67355642399	1.21384310722	54.59818628370417	99.90325464009675	99.74937343358395	100	100	99.74937343358395	100	100	99.76689976689977
