Sample	Gene	Type	Expression	Threshold	Percent difference	Mean Accuracy	Minimum Accuracy	Maximum Accuracy	Sample 1 Accuracy	Sample 2 Accuracy	Sample 3 Accuracy	Sample 4 Accuracy	Sample 5 Accuracy
TH03_0156_S01	TECTA	Up	1.13750352375	0.896047592163	21.226829328052883	99.87472318717367	99.78932584269663	100	99.81867633726202	99.94239631336406	100	99.78932584269663	99.82321744254567
