Sample	Gene	Type	Expression	Threshold	Percent difference	Mean Accuracy	Minimum Accuracy	Maximum Accuracy	Sample 1 Accuracy	Sample 2 Accuracy	Sample 3 Accuracy	Sample 4 Accuracy	Sample 5 Accuracy
TH03_0156_S01	CYP51A1-AS1	Up	0.310340120612	0.268084198236	13.616003722841272	58.20237924870507	49.61636828644501	68.07387862796834	52.27272727272727	61.94444444444444	68.07387862796834	59.1044776119403	49.61636828644501
