Sample	Gene	Type	Expression	Threshold	Percent difference	Mean Accuracy	Minimum Accuracy	Maximum Accuracy	Sample 1 Accuracy	Sample 2 Accuracy	Sample 3 Accuracy	Sample 4 Accuracy	Sample 5 Accuracy
TH03_0156_S01	PRSS56	Up	0.432959407276	0.106960088015	75.29558517091746	91.27287057316828	89.98459167950693	94.61538461538461	90.73806078147612	94.61538461538461	90.52631578947368	90.5	89.98459167950693
