Sample	Gene	Type	Expression	Threshold	Percent difference	Mean Accuracy	Minimum Accuracy	Maximum Accuracy	Sample 1 Accuracy	Sample 2 Accuracy	Sample 3 Accuracy	Sample 4 Accuracy	Sample 5 Accuracy
TH03_0156_S01	RP11-13P5.2	Up	2.99276843077	2.19948577881	26.50664995673917	97.32618580192464	95.57640750670241	99.03999999999999	95.57640750670241	99.03999999999999	98.93410852713178	96.98375870069606	96.09665427509294
