Sample	Gene	Type	Expression	Threshold	Percent difference	Mean Accuracy	Minimum Accuracy	Maximum Accuracy	Sample 1 Accuracy	Sample 2 Accuracy	Sample 3 Accuracy	Sample 4 Accuracy	Sample 5 Accuracy
TH03_0156_S01	RP11-290D2.3	Up	0.545968369105	0.376716196537	31.000362318691327	62.24967794828155	46.40198511166253	78.4	46.40198511166253	70.77625570776256	78.4	61.12469437652812	54.54545454545454
