Sample	Gene	Type	Expression	Threshold	Percent difference	Mean Accuracy	Minimum Accuracy	Maximum Accuracy	Sample 1 Accuracy	Sample 2 Accuracy	Sample 3 Accuracy	Sample 4 Accuracy	Sample 5 Accuracy
TH03_0156_S01	KRT18P7	Up	0.400537929584	0.354969769716	11.37674025411955	38.58400763224623	31.16045845272206	47.269890795631824	31.16045845272206	47.269890795631824	42.80845262440354	37.9247015610652	33.756534727408514
