Sample	Gene	Type	Expression	Threshold	Percent difference	Mean Accuracy	Minimum Accuracy	Maximum Accuracy	Sample 1 Accuracy	Sample 2 Accuracy	Sample 3 Accuracy	Sample 4 Accuracy	Sample 5 Accuracy
TH03_0156_S01	LYPD8	Up	1.94110631095	1.31546032429	32.2314127325567	99.62022116633469	98.76847290640394	100	100	99.5249406175772	99.8076923076923	100	98.76847290640394
