Sample	Gene	Type	Expression	Threshold	Percent difference	Mean Accuracy	Minimum Accuracy	Maximum Accuracy	Sample 1 Accuracy	Sample 2 Accuracy	Sample 3 Accuracy	Sample 4 Accuracy	Sample 5 Accuracy
TH03_0156_S01	C8orf49	Up	1.41683974191	0.106960088015	92.45079843181063	99.94897959183673	99.74489795918367	100	100	99.74489795918367	100	100	100
