Sample	Gene	Type	Expression	Threshold	Percent difference	Mean Accuracy	Minimum Accuracy	Maximum Accuracy	Sample 1 Accuracy	Sample 2 Accuracy	Sample 3 Accuracy	Sample 4 Accuracy	Sample 5 Accuracy
TH03_0156_S01	CA11	Up	7.39874369194	7.33119726181	0.9129445881952027	99.52238059514879	98.38709677419355	100	100	100	98.38709677419355	99.2248062015504	100
