Sample	Gene	Type	Expression	Threshold	Percent difference	Mean Accuracy	Minimum Accuracy	Maximum Accuracy	Sample 1 Accuracy	Sample 2 Accuracy	Sample 3 Accuracy	Sample 4 Accuracy	Sample 5 Accuracy
TH03_0156_S01	RP1-142L7.9	Up	1.10433665981	0.176311850548	84.03459226117384	99.94897959183673	99.74489795918367	100	100	99.74489795918367	100	100	100
