Sample	Gene	Type	Expression	Threshold	Percent difference	Mean Accuracy	Minimum Accuracy	Maximum Accuracy	Sample 1 Accuracy	Sample 2 Accuracy	Sample 3 Accuracy	Sample 4 Accuracy	Sample 5 Accuracy
TH03_0156_S01	RP11-395I6.3	Up	3.30305008468	3.08034873009	6.7422942093103515	99.61168923668923	99.14772727272727	100	99.43019943019942	100	100	99.48051948051948	99.14772727272727
