Sample	Gene	Type	Expression	Threshold	Percent difference	Mean Accuracy	Minimum Accuracy	Maximum Accuracy	Sample 1 Accuracy	Sample 2 Accuracy	Sample 3 Accuracy	Sample 4 Accuracy	Sample 5 Accuracy
TH03_0156_S01	RN7SL263P	Up	1.23266075679	0.862374007702	30.03963150836993	80.39684190336214	70.37037037037037	87.94326241134752	72.72727272727273	87.94326241134752	87.87878787878788	83.06451612903226	70.37037037037037
