Sample	Gene	Type	Expression	Threshold	Percent difference	Mean Accuracy	Minimum Accuracy	Maximum Accuracy	Sample 1 Accuracy	Sample 2 Accuracy	Sample 3 Accuracy	Sample 4 Accuracy	Sample 5 Accuracy
TH03_0156_S01	CCDC171	Up	2.9221978484	2.57811188698	11.774902976141696	98.69390139046672	97.70182675309368	99.46638207043756	98.6400725294651	99.13594470046083	99.46638207043756	98.5252808988764	97.70182675309368
