Sample	Gene	Type	Expression	Threshold	Percent difference	Mean Accuracy	Minimum Accuracy	Maximum Accuracy	Sample 1 Accuracy	Sample 2 Accuracy	Sample 3 Accuracy	Sample 4 Accuracy	Sample 5 Accuracy
TH03_0156_S01	RP11-455F5.3	Up	2.91838623445	2.87785196304	1.3889275837281005	33.56651640740247	27.33485193621868	41.73728813559322	28.767123287671232	36.26126126126126	41.73728813559322	33.73205741626794	27.33485193621868
