Sample	Gene	Type	Expression	Threshold	Percent difference	Mean Accuracy	Minimum Accuracy	Maximum Accuracy	Sample 1 Accuracy	Sample 2 Accuracy	Sample 3 Accuracy	Sample 4 Accuracy	Sample 5 Accuracy
TH03_0156_S01	RPS28P7	Down	6.40360858354	7.12026977539	11.191520882336944	95.38746438746439	92.3076923076923	100	96.29629629629629	95	100	92.3076923076923	93.33333333333333
