Sample	Gene	Type	Expression	Threshold	Percent difference	Mean Accuracy	Minimum Accuracy	Maximum Accuracy	Sample 1 Accuracy	Sample 2 Accuracy	Sample 3 Accuracy	Sample 4 Accuracy	Sample 5 Accuracy
TH03_0156_S01	RP1-223B1.1	Up	0.807354922058	0.277918636799	65.576646750283345	84.23374656473683	78.45584835876099	93.446001648804625	78.8	88.46688281611857	93.446001648804625	82	78.45584835876099
