Sample	Gene	Type	Expression	Threshold	Percent difference	Mean Accuracy	Minimum Accuracy	Maximum Accuracy	Sample 1 Accuracy	Sample 2 Accuracy	Sample 3 Accuracy	Sample 4 Accuracy	Sample 5 Accuracy
TH03_0156_S01	LINC00982	Up	3.69932952567	3.20385575294	13.393610093176623	99.96190476190476	99.80952380952381	100	100	100	100	99.80952380952381	100
