Sample	Gene	Type	Expression	Threshold	Percent difference	Mean Accuracy	Minimum Accuracy	Maximum Accuracy	Sample 1 Accuracy	Sample 2 Accuracy	Sample 3 Accuracy	Sample 4 Accuracy	Sample 5 Accuracy
TH03_0156_S01	AC092162.1	Up	0.565597175854	0.106960088015	81.08899892339454	91.56526347237052	89.98459167950693	94.76923076923077	91.8958031837916	94.76923076923077	90.67669172932331	90.5	89.98459167950693
