Sample	Gene	Type	Expression	Threshold	Percent difference	Mean Accuracy	Minimum Accuracy	Maximum Accuracy	Sample 1 Accuracy	Sample 2 Accuracy	Sample 3 Accuracy	Sample 4 Accuracy	Sample 5 Accuracy
TH03_0156_S01	COLQ	Up	3.22804904788	3.15990900993	2.1108736868403732	92.82536139163231	88.6574074074074	96.81818181818181	92.51700680272108	95.67099567099568	96.81818181818181	90.46321525885558	88.6574074074074
