Sample	Gene	Type	Expression	Threshold	Percent difference	Mean Accuracy	Minimum Accuracy	Maximum Accuracy	Sample 1 Accuracy	Sample 2 Accuracy	Sample 3 Accuracy	Sample 4 Accuracy	Sample 5 Accuracy
TH03_0156_S01	CHAD	Up	2.90303827011	2.60086417198	10.408891306780818	94.50183427936219	91.57175398633257	97.03389830508475	93.15068493150685	94.81981981981981	97.03389830508475	95.93301435406698	91.57175398633257
