Sample	Gene	Type	Expression	Threshold	Percent difference	Mean Accuracy	Minimum Accuracy	Maximum Accuracy	Sample 1 Accuracy	Sample 2 Accuracy	Sample 3 Accuracy	Sample 4 Accuracy	Sample 5 Accuracy
TH03_0156_S01	STX1B	Up	2.70265754339	2.45931482315	9.003831093404825	96.15677742324667	93.79084967320262	98.54651162790698	95.39877300613497	97.91666666666666	98.54651162790698	95.13108614232209	93.79084967320262
