Sample	Gene	Type	Expression	Threshold	Percent difference	Mean Accuracy	Minimum Accuracy	Maximum Accuracy	Sample 1 Accuracy	Sample 2 Accuracy	Sample 3 Accuracy	Sample 4 Accuracy	Sample 5 Accuracy
TH03_0156_S01	LRRIQ4	Up	0.50589092973	0.354969769716	29.832746773014573	71.83061665943542	61.1228813559322	88.62612612612612	63.528138528138534	77.77777777777779	88.62612612612612	68.09815950920245	61.1228813559322
