Sample	Gene	Type	Expression	Threshold	Percent difference	Mean Accuracy	Minimum Accuracy	Maximum Accuracy	Sample 1 Accuracy	Sample 2 Accuracy	Sample 3 Accuracy	Sample 4 Accuracy	Sample 5 Accuracy
TH03_0156_S01	OR11H13P	Up	0.50589092973	0.0362440273166	92.83560443830375	87.18046018744715	81.80515759312321	92.84253578732107	81.80515759312321	91.41965678627145	92.84253578732107	87.23599632690542	82.59895444361463
