Sample	Gene	Type	Expression	Threshold	Percent difference	Mean Accuracy	Minimum Accuracy	Maximum Accuracy	Sample 1 Accuracy	Sample 2 Accuracy	Sample 3 Accuracy	Sample 4 Accuracy	Sample 5 Accuracy
TH03_0156_S01	CTB-161M19.4	Up	1.18269229752	1.08263778687	8.459893656177986	67.21065937950728	59.919571045576404	74.8062015503876	59.919571045576404	74.56	74.8062015503876	65.4292343387471	61.33828996282528
