Sample	Gene	Type	Expression	Threshold	Percent difference	Mean Accuracy	Minimum Accuracy	Maximum Accuracy	Sample 1 Accuracy	Sample 2 Accuracy	Sample 3 Accuracy	Sample 4 Accuracy	Sample 5 Accuracy
TH03_0156_S01	PRKRIRP1	Up	0.163498732283	0.071774750948	56.100729378277336	88.40114922255545	86.28659476117103	92	86.83068017366136	92	88.7218045112782	88.16666666666667	86.28659476117103
