Sample	Gene	Type	Expression	Threshold	Percent difference	Mean Accuracy	Minimum Accuracy	Maximum Accuracy	Sample 1 Accuracy	Sample 2 Accuracy	Sample 3 Accuracy	Sample 4 Accuracy	Sample 5 Accuracy
TH03_0156_S01	RP11-736K20.5	Up	2.3645724323	2.21267008781	6.424093523844652	76.90368845186892	70.44334975369459	85.2731591448931	71.26696832579185	85.2731591448931	84.8076923076923	72.72727272727273	70.44334975369459
