Sample	Gene	Type	Expression	Threshold	Percent difference	Mean Accuracy	Minimum Accuracy	Maximum Accuracy	Sample 1 Accuracy	Sample 2 Accuracy	Sample 3 Accuracy	Sample 4 Accuracy	Sample 5 Accuracy
TH03_0156_S01	RP11-536C12.1	Up	1.33913738492	0.670554697514	49.92637013460281	99.90043590251635	99.74489795918367	100	99.75728155339806	99.74489795918367	100	100	100
