Sample	Gene	Type	Expression	Threshold	Percent difference	Mean Accuracy	Minimum Accuracy	Maximum Accuracy	Sample 1 Accuracy	Sample 2 Accuracy	Sample 3 Accuracy	Sample 4 Accuracy	Sample 5 Accuracy
TH03_0156_S01	PRR23D2	Up	0.356143810225	0.071774750948	79.84669426020487	88.29138386383369	83.65800865800865	95.15765765765765	83.65800865800865	90.57239057239057	95.15765765765765	87.85276073619632	84.21610169491525
