Sample	Gene	Type	Expression	Threshold	Percent difference	Mean Accuracy	Minimum Accuracy	Maximum Accuracy	Sample 1 Accuracy	Sample 2 Accuracy	Sample 3 Accuracy	Sample 4 Accuracy	Sample 5 Accuracy
TH03_0156_S01	RP3-368A4.6	Up	3.00539998774	2.87295651436	4.406850133768542	99.51847627469705	98.86123998312948	99.91251093613297	99.8949027850762	99.78786593126856	99.91251093613297	99.13586173787806	98.86123998312948
