Sample	Gene	Type	Expression	Threshold	Percent difference	Mean Accuracy	Minimum Accuracy	Maximum Accuracy	Sample 1 Accuracy	Sample 2 Accuracy	Sample 3 Accuracy	Sample 4 Accuracy	Sample 5 Accuracy
TH03_0156_S01	SLC6A16	Up	2.6182386556	2.39342808723	8.586328365795293	90.81118493472741	86.0730593607306	95.12711864406779	86.0730593607306	92.11711711711712	95.12711864406779	92.58373205741627	88.15489749430525
