Sample	Gene	Type	Expression	Threshold	Percent difference	Mean Accuracy	Minimum Accuracy	Maximum Accuracy	Sample 1 Accuracy	Sample 2 Accuracy	Sample 3 Accuracy	Sample 4 Accuracy	Sample 5 Accuracy
TH03_0156_S01	RP11-696D21.2	Up	1.93734439215	0.277918636799	85.6546601665089	99.95934959349593	99.79674796747967	100	100	99.79674796747967	100	100	100
