Sample	Gene	Type	Expression	Threshold	Percent difference	Mean Accuracy	Minimum Accuracy	Maximum Accuracy	Sample 1 Accuracy	Sample 2 Accuracy	Sample 3 Accuracy	Sample 4 Accuracy	Sample 5 Accuracy
TH03_0156_S01	SP7	Up	0.584962500721	0.176311850548	69.85929006890433	92.54497798205088	89.54954954954954	96.12546125461255	89.54954954954954	94.88188976377953	96.12546125461255	91.62995594713657	90.53803339517626
