Sample	Gene	Type	Expression	Threshold	Percent difference	Mean Accuracy	Minimum Accuracy	Maximum Accuracy	Sample 1 Accuracy	Sample 2 Accuracy	Sample 3 Accuracy	Sample 4 Accuracy	Sample 5 Accuracy
TH03_0156_S01	TP53AIP1	Up	3.39369076419	1.51649439335	55.314302370977686	99.96047430830039	99.80237154150198	100	100	100	100	99.80237154150198	100
