Sample	Gene	Type	Expression	Threshold	Percent difference	Mean Accuracy	Minimum Accuracy	Maximum Accuracy	Sample 1 Accuracy	Sample 2 Accuracy	Sample 3 Accuracy	Sample 4 Accuracy	Sample 5 Accuracy
TH03_0156_S01	RP4-771M4.3	Up	0.650764559117	0.311149060726	52.187153346490256	78.33286570972189	69.43306010928961	90.66925853929465	70.99514563106796	84.9548969072165	90.66925853929465	75.61196736174071	69.43306010928961
