Sample	Gene	Type	Expression	Threshold	Percent difference	Mean Accuracy	Minimum Accuracy	Maximum Accuracy	Sample 1 Accuracy	Sample 2 Accuracy	Sample 3 Accuracy	Sample 4 Accuracy	Sample 5 Accuracy
TH03_0156_S01	TMEM72-AS1	Up	0.18903382439	0.188761264086	0.14418599680746633	26.127178765540588	21.46516393442623	31.992687385740403	21.46516393442623	31.992687385740403	28.170809432759718	26.81638044914135	22.190852625635234
