Sample	Gene	Type	Expression	Threshold	Percent difference	Mean Accuracy	Minimum Accuracy	Maximum Accuracy	Sample 1 Accuracy	Sample 2 Accuracy	Sample 3 Accuracy	Sample 4 Accuracy	Sample 5 Accuracy
TH03_0156_S01	LL22NC03-86G7.1	Up	0.713695814843	0.481066942215	32.59496101699491	84.33924956999847	78.4867306606437	91.45952836201403	82.22336065573771	87.69043266301037	91.45952836201403	81.83619550858653	78.4867306606437
