Sample	Gene	Type	Expression	Threshold	Percent difference	Mean Accuracy	Minimum Accuracy	Maximum Accuracy	Sample 1 Accuracy	Sample 2 Accuracy	Sample 3 Accuracy	Sample 4 Accuracy	Sample 5 Accuracy
TH03_0156_S01	LZTR1	Up	6.57379864359	6.52000570297	0.8182930986554139	92.97101619850672	89.51612903225806	97.6303317535545	90.5940594059406	97.6303317535545	96.30996309963099	90.80459770114942	89.51612903225806
