Sample	Gene	Type	Expression	Threshold	Percent difference	Mean Accuracy	Minimum Accuracy	Maximum Accuracy	Sample 1 Accuracy	Sample 2 Accuracy	Sample 3 Accuracy	Sample 4 Accuracy	Sample 5 Accuracy
TH03_0156_S01	C11orf95	Up	5.37225564845	5.15760850906	3.9954751492872473	99.95905834186284	99.79529170931423	100	100	100	100	99.79529170931423	100
