Sample	Gene	Type	Expression	Threshold	Percent difference	Mean Accuracy	Minimum Accuracy	Maximum Accuracy	Sample 1 Accuracy	Sample 2 Accuracy	Sample 3 Accuracy	Sample 4 Accuracy	Sample 5 Accuracy
TH03_0156_S01	RP11-685M7.5	Up	0.310340120612	0.277918636799	10.447081011976115	24.89687691396356	16.745348514301583	34.76159793814433	24.059466019417474	34.76159793814433	16.745348514301583	25.11332728921124	23.80464480874317
