Sample	Gene	Type	Expression	Threshold	Percent difference	Mean Accuracy	Minimum Accuracy	Maximum Accuracy	Sample 1 Accuracy	Sample 2 Accuracy	Sample 3 Accuracy	Sample 4 Accuracy	Sample 5 Accuracy
TH03_0156_S01	RP11-262H14.5	Up	2.42492208821	2.32779097557	4.0055353989413796	38.6414243577116	30.96514745308311	47.189922480620154	30.96514745308311	46.56	47.189922480620154	35.03480278422274	33.457249070631974
