Sample	Gene	Type	Expression	Threshold	Percent difference	Mean Accuracy	Minimum Accuracy	Maximum Accuracy	Sample 1 Accuracy	Sample 2 Accuracy	Sample 3 Accuracy	Sample 4 Accuracy	Sample 5 Accuracy
TH03_0156_S01	HOXB-AS2	Up	1.54596836911	0.89061820507	42.39091673119283	99.61998690510059	99.1869918699187	100	99.35275080906149	99.1869918699187	100	99.76019184652279	99.8
