Sample	Gene	Type	Expression	Threshold	Percent difference	Mean Accuracy	Minimum Accuracy	Maximum Accuracy	Sample 1 Accuracy	Sample 2 Accuracy	Sample 3 Accuracy	Sample 4 Accuracy	Sample 5 Accuracy
TH03_0156_S01	RP13-766D20.4	Up	0.963474123975	0.717490196228	25.530932448102018	62.66872666791332	51.719197707736384	74.98295841854124	51.719197707736384	69.81279251170048	74.98295841854124	62.53443526170799	54.2942494398805
