Sample	Gene	Type	Expression	Threshold	Percent difference	Mean Accuracy	Minimum Accuracy	Maximum Accuracy	Sample 1 Accuracy	Sample 2 Accuracy	Sample 3 Accuracy	Sample 4 Accuracy	Sample 5 Accuracy
TH03_0156_S01	RP11-197N18.7	Up	0.310340120612	0.141458824277	54.418131952117896	84.60094263220829	77.09497206703911	93.7847866419295	77.09497206703911	88.24701195219123	93.7847866419295	83.83720930232558	80.04073319755601
