Sample	Gene	Type	Expression	Threshold	Percent difference	Mean Accuracy	Minimum Accuracy	Maximum Accuracy	Sample 1 Accuracy	Sample 2 Accuracy	Sample 3 Accuracy	Sample 4 Accuracy	Sample 5 Accuracy
TH02_0086_S01	SPTBN4	Up	3.99457972422	3.65527367592	8.49416138180229	99.97236166812418	99.90398463754201	100	100	100	100	99.90398463754201	99.95782370307887
