Sample	Gene	Type	Expression	Threshold	Percent difference	Mean Accuracy	Minimum Accuracy	Maximum Accuracy	Sample 1 Accuracy	Sample 2 Accuracy	Sample 3 Accuracy	Sample 4 Accuracy	Sample 5 Accuracy
TH02_0086_S01	RP11-158M2.3	Up	2.29572302454	1.3354370594	41.829347655404334	99.90323297801388	99.75369458128078	100	100	99.7624703087886	100	100	99.75369458128078
