Sample	Gene	Type	Expression	Threshold	Percent difference	Mean Accuracy	Minimum Accuracy	Maximum Accuracy	Sample 1 Accuracy	Sample 2 Accuracy	Sample 3 Accuracy	Sample 4 Accuracy	Sample 5 Accuracy
TH02_0086_S01	GYS2	Up	0.2750070475	0.188761264086	31.36129935506471	83.69464389445761	77.80914737436476	91.1408540471638	81.40368852459017	87.14198659354052	91.1408540471638	80.9775429326288	77.80914737436476
