Sample	Gene	Type	Expression	Threshold	Percent difference	Mean Accuracy	Minimum Accuracy	Maximum Accuracy	Sample 1 Accuracy	Sample 2 Accuracy	Sample 3 Accuracy	Sample 4 Accuracy	Sample 5 Accuracy
TH02_0086_S01	RP11-106M7.1	Up	0.887525270742	0.176311850548	80.13444164799978	91.56526347237052	89.98459167950693	94.76923076923077	91.8958031837916	94.76923076923077	90.67669172932331	90.5	89.98459167950693
