Sample	Gene	Type	Expression	Threshold	Percent difference	Mean Accuracy	Minimum Accuracy	Maximum Accuracy	Sample 1 Accuracy	Sample 2 Accuracy	Sample 3 Accuracy	Sample 4 Accuracy	Sample 5 Accuracy
TH02_0086_S01	HIF1A-AS1	Up	1.58976348698	0.711962640285	55.21581379142866	99.88633672744494	99.59349593495935	100	99.83818770226537	99.59349593495935	100	100	100
