Sample	Gene	Type	Expression	Threshold	Percent difference	Mean Accuracy	Minimum Accuracy	Maximum Accuracy	Sample 1 Accuracy	Sample 2 Accuracy	Sample 3 Accuracy	Sample 4 Accuracy	Sample 5 Accuracy
TH02_0086_S01	CPS1	Up	4.32984117653	4.01179361343	7.3454787400513295	99.94700578660647	99.87347110923662	100	100	99.95757318625371	100	99.90398463754201	99.87347110923662
