Sample	Gene	Type	Expression	Threshold	Percent difference	Mean Accuracy	Minimum Accuracy	Maximum Accuracy	Sample 1 Accuracy	Sample 2 Accuracy	Sample 3 Accuracy	Sample 4 Accuracy	Sample 5 Accuracy
TH02_0086_S01	CMB9-55F22.1	Up	3.77399632511	3.49814796448	7.309184664401067	99.6686692936693	99.14772727272727	100	99.71509971509973	100	100	99.48051948051948	99.14772727272727
