Sample	Gene	Type	Expression	Threshold	Percent difference	Mean Accuracy	Minimum Accuracy	Maximum Accuracy	Sample 1 Accuracy	Sample 2 Accuracy	Sample 3 Accuracy	Sample 4 Accuracy	Sample 5 Accuracy
TH02_0086_S01	EEF1B2P6	Up	2.44625622989	1.45865499973	40.37194542799015	99.57202527440515	99.1869918699187	100	99.35275080906149	99.1869918699187	100	99.52038369304557	99.8
