Sample	Gene	Type	Expression	Threshold	Percent difference	Mean Accuracy	Minimum Accuracy	Maximum Accuracy	Sample 1 Accuracy	Sample 2 Accuracy	Sample 3 Accuracy	Sample 4 Accuracy	Sample 5 Accuracy
TH02_0086_S01	RP11-613D13.8	Up	0.69599381311	0.492546737194	29.23116155399584	72.6629185611816	64.31014823261117	83.47718865598027	66.62531017369727	77.33860342555995	83.47718865598027	71.5633423180593	64.31014823261117
