Sample	Gene	Type	Expression	Threshold	Percent difference	Mean Accuracy	Minimum Accuracy	Maximum Accuracy	Sample 1 Accuracy	Sample 2 Accuracy	Sample 3 Accuracy	Sample 4 Accuracy	Sample 5 Accuracy
TH02_0086_S01	LINC00535	Up	0.62293035092	0.482645124197	22.52021056861559	62.605548292490795	51.117318435754186	73.46938775510205	51.117318435754186	70.0199203187251	73.46938775510205	62.2093023255814	56.211812627291245
