Sample	Gene	Type	Expression	Threshold	Percent difference	Mean Accuracy	Minimum Accuracy	Maximum Accuracy	Sample 1 Accuracy	Sample 2 Accuracy	Sample 3 Accuracy	Sample 4 Accuracy	Sample 5 Accuracy
TH02_0086_S01	AC123886.2	Up	0.475084882949	0.176311850548	62.8883475614763	83.59065919051736	77.53120665742024	92.91014014839241	78.08888888888889	88.00370541917555	92.91014014839241	81.41935483870968	77.53120665742024
