Sample	Gene	Type	Expression	Threshold	Percent difference	Mean Accuracy	Minimum Accuracy	Maximum Accuracy	Sample 1 Accuracy	Sample 2 Accuracy	Sample 3 Accuracy	Sample 4 Accuracy	Sample 5 Accuracy
TH02_0086_S01	GRM1	Up	0.895302621333	0.222623795271	75.13424065043624	95.20640789224267	92.82891022021457	97.96048438495856	94.4672131147541	95.79524680073126	97.96048438495856	94.98018494055482	92.82891022021457
