Sample	Gene	Type	Expression	Threshold	Percent difference	Mean Accuracy	Minimum Accuracy	Maximum Accuracy	Sample 1 Accuracy	Sample 2 Accuracy	Sample 3 Accuracy	Sample 4 Accuracy	Sample 5 Accuracy
TH02_0086_S01	RP11-234K24.3	Up	0.411426245726	0.277918636799	32.449949490075284	77.6953887286424	72.35621521335807	83.07086614173228	72.97297297297297	83.07086614173228	82.10332103321034	77.97356828193833	72.35621521335807
