Sample	Gene	Type	Expression	Threshold	Percent difference	Mean Accuracy	Minimum Accuracy	Maximum Accuracy	Sample 1 Accuracy	Sample 2 Accuracy	Sample 3 Accuracy	Sample 4 Accuracy	Sample 5 Accuracy
TH02_0086_S01	RP11-196G18.3	Up	1.47508488295	0.950036764145	35.59443425079133	99.965103369212585	99.92977528089888	100	99.95466908431551	100	100	99.92977528089888	99.94107248084856
