Sample	Gene	Type	Expression	Threshold	Percent difference	Mean Accuracy	Minimum Accuracy	Maximum Accuracy	Sample 1 Accuracy	Sample 2 Accuracy	Sample 3 Accuracy	Sample 4 Accuracy	Sample 5 Accuracy
TH02_0086_S01	RGAG1	Up	0.53605290024	0.419368445873	21.76733943884239	77.73772761728954	71.03331451157538	86.61567877629062	73.71926229508196	82.02315661182206	86.61567877629062	75.29722589167768	71.03331451157538
