Sample	Gene	Type	Expression	Threshold	Percent difference	Mean Accuracy	Minimum Accuracy	Maximum Accuracy	Sample 1 Accuracy	Sample 2 Accuracy	Sample 3 Accuracy	Sample 4 Accuracy	Sample 5 Accuracy
TH02_0086_S01	ACTG1P10	Up	1.124328135	0.728047251701	35.24601679553274	99.71874333382237	99.26108374384236	100	100	99.5249406175772	99.8076923076923	100	99.26108374384236
