Sample	Gene	Type	Expression	Threshold	Percent difference	Mean Accuracy	Minimum Accuracy	Maximum Accuracy	Sample 1 Accuracy	Sample 2 Accuracy	Sample 3 Accuracy	Sample 4 Accuracy	Sample 5 Accuracy
TH02_0086_S01	PPIAP3	Up	0.83995958749	0.566591203213	32.54542103553934	67.232111492703993	56.454918032786885	83.03249097472924	57.06917475728155	76.09536082474226	83.03249097472924	63.508612873980056	56.454918032786885
