Sample	Gene	Type	Expression	Threshold	Percent difference	Mean Accuracy	Minimum Accuracy	Maximum Accuracy	Sample 1 Accuracy	Sample 2 Accuracy	Sample 3 Accuracy	Sample 4 Accuracy	Sample 5 Accuracy
TH02_0086_S01	RP11-325L12.6	Up	2.77188557852	1.1336991787	59.10007297973249	99.68073262593431	99.25650557620817	100	99.59785522788204	99.83999999999999	99.70930232558139	100	99.25650557620817
