Sample	Gene	Type	Expression	Threshold	Percent difference	Mean Accuracy	Minimum Accuracy	Maximum Accuracy	Sample 1 Accuracy	Sample 2 Accuracy	Sample 3 Accuracy	Sample 4 Accuracy	Sample 5 Accuracy
TH02_0086_S01	C11orf42	Up	0.815575428863	0.311149060726	61.84913746607407	84.51766862268428	78.19268110530247	91.54737559645535	78.43839541547278	89.46957878315132	91.54737559645535	84.94031221303948	78.19268110530247
