Sample	Gene	Type	Expression	Threshold	Percent difference	Mean Accuracy	Minimum Accuracy	Maximum Accuracy	Sample 1 Accuracy	Sample 2 Accuracy	Sample 3 Accuracy	Sample 4 Accuracy	Sample 5 Accuracy
TH02_0086_S01	RP11-31F15.2	Up	0.910732661903	0.707529723644	22.312029287980298	71.2791658956658	63.42342342342342	78.34645669291339	63.42342342342342	78.34645669291339	77.49077490774908	73.12775330396477	64.0074211502783
