Sample	Gene	Type	Expression	Threshold	Percent difference	Mean Accuracy	Minimum Accuracy	Maximum Accuracy	Sample 1 Accuracy	Sample 2 Accuracy	Sample 3 Accuracy	Sample 4 Accuracy	Sample 5 Accuracy
TH02_0086_S01	RP11-32B5.8	Up	0.333423733725	0.277918636799	16.64701438793776	60.783374923972715	53.62095531587057	68.92307692307692	56.87409551374819	68.92307692307692	66.16541353383458	58.333333333333336	53.62095531587057
