Sample	Gene	Type	Expression	Threshold	Percent difference	Mean Accuracy	Minimum Accuracy	Maximum Accuracy	Sample 1 Accuracy	Sample 2 Accuracy	Sample 3 Accuracy	Sample 4 Accuracy	Sample 5 Accuracy
TH02_0086_S01	LINC00652	Up	0.948600847493	0.482645124197	49.12031488559664	84.44357807558886	81.51001540832048	88	82.05499276411	88	87.81954887218045	82.83333333333334	81.51001540832048
