Sample	Gene	Type	Expression	Threshold	Percent difference	Mean Accuracy	Minimum Accuracy	Maximum Accuracy	Sample 1 Accuracy	Sample 2 Accuracy	Sample 3 Accuracy	Sample 4 Accuracy	Sample 5 Accuracy
TH02_0086_S01	CTD-2086O20.1	Up	0.226508529809	0.141808778048	37.39362567600515	81.90697412469606	78.1981981981982	85.23622047244095	78.1981981981982	85.23622047244095	84.68634686346863	82.37885462555066	79.0352504638219
