Sample	Gene	Type	Expression	Threshold	Percent difference	Mean Accuracy	Minimum Accuracy	Maximum Accuracy	Sample 1 Accuracy	Sample 2 Accuracy	Sample 3 Accuracy	Sample 4 Accuracy	Sample 5 Accuracy
TH02_0086_S01	CA14	Up	3.51475349844	3.03472995758	13.657388521643274	99.96190476190476	99.80952380952381	100	100	100	100	99.80952380952381	100
