Sample	Gene	Type	Expression	Threshold	Percent difference	Mean Accuracy	Minimum Accuracy	Maximum Accuracy	Sample 1 Accuracy	Sample 2 Accuracy	Sample 3 Accuracy	Sample 4 Accuracy	Sample 5 Accuracy
TH02_0086_S01	FAM196B	Up	1.48026512205	0.725209057331	51.008164245154454	99.92395437262357	99.61977186311786	100	100	100	100	100	99.61977186311786
