Sample	Gene	Type	Expression	Threshold	Percent difference	Mean Accuracy	Minimum Accuracy	Maximum Accuracy	Sample 1 Accuracy	Sample 2 Accuracy	Sample 3 Accuracy	Sample 4 Accuracy	Sample 5 Accuracy
TH02_0086_S01	ASCL5	Up	0.863938450424	0.798197925091	7.609399176612196	38.96485293417126	30.10262257696693	49.075215782983975	34.61538461538461	45.586297760210805	49.075215782983975	35.44474393530997	30.10262257696693
