Sample	Gene	Type	Expression	Threshold	Percent difference	Mean Accuracy	Minimum Accuracy	Maximum Accuracy	Sample 1 Accuracy	Sample 2 Accuracy	Sample 3 Accuracy	Sample 4 Accuracy	Sample 5 Accuracy
TH02_0086_S01	TRBV26OR9-2	Up	1.68257329735	0.535611569881	68.16711814429888	92.28563951110279	87.5	95.96774193548387	87.5	93.61702127659575	95.45454545454545	95.96774193548387	88.88888888888889
