Sample	Gene	Type	Expression	Threshold	Percent difference	Mean Accuracy	Minimum Accuracy	Maximum Accuracy	Sample 1 Accuracy	Sample 2 Accuracy	Sample 3 Accuracy	Sample 4 Accuracy	Sample 5 Accuracy
TH02_0086_S01	GDNF-AS1	Up	1.21412480535	0.952453970909	21.552218790684147	99.6999145753177	99.05362776025235	100	100	99.72527472527473	100	99.05362776025235	99.72067039106145
