Sample	Gene	Type	Expression	Threshold	Percent difference	Mean Accuracy	Minimum Accuracy	Maximum Accuracy	Sample 1 Accuracy	Sample 2 Accuracy	Sample 3 Accuracy	Sample 4 Accuracy	Sample 5 Accuracy
TH02_0086_S01	REEP2	Up	6.09845324631	5.96400403976	2.2046443765286163	99.70671259441671	99.46380697050938	100	99.76190476190476	100	99.58333333333333	99.72451790633609	99.46380697050938
