Sample	Gene	Type	Expression	Threshold	Percent difference	Mean Accuracy	Minimum Accuracy	Maximum Accuracy	Sample 1 Accuracy	Sample 2 Accuracy	Sample 3 Accuracy	Sample 4 Accuracy	Sample 5 Accuracy
TH02_0086_S01	FLJ31104	Up	0.879705766282	0.641168415546	27.115583400590566	73.9877825953105	69.02927580893683	81.50375939849624	69.17510853835022	79.23076923076923	81.50375939849624	71	69.02927580893683
