Sample	Gene	Type	Expression	Threshold	Percent difference	Mean Accuracy	Minimum Accuracy	Maximum Accuracy	Sample 1 Accuracy	Sample 2 Accuracy	Sample 3 Accuracy	Sample 4 Accuracy	Sample 5 Accuracy
TH02_0086_S01	FGF5	Up	0.432959407276	0.311149060726	28.134357286836632	71.95690908623396	63.740022805017105	82.61405672009865	66.00496277915633	77.07509881422925	82.61405672009865	70.35040431266847	63.740022805017105
