Sample	Gene	Type	Expression	Threshold	Percent difference	Mean Accuracy	Minimum Accuracy	Maximum Accuracy	Sample 1 Accuracy	Sample 2 Accuracy	Sample 3 Accuracy	Sample 4 Accuracy	Sample 5 Accuracy
TH02_0086_S01	RFX3-AS1	Up	2.20163386117	2.05041337013	6.868557651981153	78.85591818490855	73.15270935960592	86.46080760095012	74.2081447963801	86.46080760095012	85.38461538461539	75.0733137829912	73.15270935960592
