Sample	Gene	Type	Expression	Threshold	Percent difference	Mean Accuracy	Minimum Accuracy	Maximum Accuracy	Sample 1 Accuracy	Sample 2 Accuracy	Sample 3 Accuracy	Sample 4 Accuracy	Sample 5 Accuracy
TH02_0086_S01	GATM-AS1	Up	0.59454854955	0.210507676005	64.59369446543461	86.59802130772894	80.07448789571696	94.8051948051948	80.07448789571696	89.8406374501992	94.8051948051948	85.5813953488372	82.68839103869654
