Sample	Gene	Type	Expression	Threshold	Percent difference	Mean Accuracy	Minimum Accuracy	Maximum Accuracy	Sample 1 Accuracy	Sample 2 Accuracy	Sample 3 Accuracy	Sample 4 Accuracy	Sample 5 Accuracy
TH02_0086_S01	RP11-15B17.1	Up	1.48026512205	0.504391551018	65.925593766644	99.92698713394901	99.79674796747967	100	99.83818770226537	99.79674796747967	100	100	100
