Sample	Gene	Type	Expression	Threshold	Percent difference	Mean Accuracy	Minimum Accuracy	Maximum Accuracy	Sample 1 Accuracy	Sample 2 Accuracy	Sample 3 Accuracy	Sample 4 Accuracy	Sample 5 Accuracy
TH02_0086_S01	RP11-407G23.2	Up	1.43829285158	0.74874907732	47.94182029775919	99.9909338168631	99.95466908431551	100	99.95466908431551	100	100	100	100
