Sample	Gene	Type	Expression	Threshold	Percent difference	Mean Accuracy	Minimum Accuracy	Maximum Accuracy	Sample 1 Accuracy	Sample 2 Accuracy	Sample 3 Accuracy	Sample 4 Accuracy	Sample 5 Accuracy
TH02_0086_S01	AC005336.4	Up	2.55826763406	2.100045681	17.911415794007304	98.4273611619905	97.23502304147466	99.79959919839679	97.23502304147466	99.49874686716792	99.79959919839679	98.1675392670157	97.43589743589743
