Sample	Gene	Type	Expression	Threshold	Percent difference	Mean Accuracy	Minimum Accuracy	Maximum Accuracy	Sample 1 Accuracy	Sample 2 Accuracy	Sample 3 Accuracy	Sample 4 Accuracy	Sample 5 Accuracy
TH02_0086_S01	RP11-246A10.1	Up	0.298658315565	0.176311850548	40.96536364157338	72.19338963541361	61.646174863387984	87.80894196056651	63.10679611650486	79.8646907216495	87.80894196056651	68.5403445149592	61.646174863387984
