Sample	Gene	Type	Expression	Threshold	Percent difference	Mean Accuracy	Minimum Accuracy	Maximum Accuracy	Sample 1 Accuracy	Sample 2 Accuracy	Sample 3 Accuracy	Sample 4 Accuracy	Sample 5 Accuracy
TH02_0086_S01	RP11-511H23.2	Up	1.20163386117	1.16002643108	3.4625713734038692	70.52848612257918	63.40782122905028	78.02197802197803	65.18324607329843	78.02197802197803	75.68238213399503	70.347003154574125	63.40782122905028
