Sample	Gene	Type	Expression	Threshold	Percent difference	Mean Accuracy	Minimum Accuracy	Maximum Accuracy	Sample 1 Accuracy	Sample 2 Accuracy	Sample 3 Accuracy	Sample 4 Accuracy	Sample 5 Accuracy
TH02_0086_S01	NAT16	Up	2.08065766335	0.376716196537	81.89436911353974	99.94897959183673	99.74489795918367	100	100	99.74489795918367	100	100	100
