Sample	Gene	Type	Expression	Threshold	Percent difference	Mean Accuracy	Minimum Accuracy	Maximum Accuracy	Sample 1 Accuracy	Sample 2 Accuracy	Sample 3 Accuracy	Sample 4 Accuracy	Sample 5 Accuracy
TH02_0086_S01	RP11-54D18.2	Up	1.22032995488	0.76206433773	37.55259922264737	99.80471081052619	99.26108374384236	100	100	99.7624703087886	100	100	99.26108374384236
