Sample	Gene	Type	Expression	Threshold	Percent difference	Mean Accuracy	Minimum Accuracy	Maximum Accuracy	Sample 1 Accuracy	Sample 2 Accuracy	Sample 3 Accuracy	Sample 4 Accuracy	Sample 5 Accuracy
TH02_0086_S01	DYNC1I2P1	Up	2.26303440583	1.25518071651	44.53550006679441	99.85189221319595	99.51456310679612	100	99.51456310679612	99.74489795918367	100	100	100
