Sample	Gene	Type	Expression	Threshold	Percent difference	Mean Accuracy	Minimum Accuracy	Maximum Accuracy	Sample 1 Accuracy	Sample 2 Accuracy	Sample 3 Accuracy	Sample 4 Accuracy	Sample 5 Accuracy
TH02_0086_S01	RP11-296E7.1	Up	0.565597175854	0.344898492098	39.02047131384014	88.18079540330886	83.399209486166	94.32759719566603	86.16803278688525	90.61547836684947	94.32759719566603	86.39365918097755	83.399209486166
