Sample	Gene	Type	Expression	Threshold	Percent difference	Mean Accuracy	Minimum Accuracy	Maximum Accuracy	Sample 1 Accuracy	Sample 2 Accuracy	Sample 3 Accuracy	Sample 4 Accuracy	Sample 5 Accuracy
TH02_0086_S01	RP11-68I18.10	Up	1.51096191928	1.07872307301	28.606865649927794	99.9071080650028	99.76076555023924	100	100	99.77477477477478	100	99.76076555023924	100
