Sample	Gene	Type	Expression	Threshold	Percent difference	Mean Accuracy	Minimum Accuracy	Maximum Accuracy	Sample 1 Accuracy	Sample 2 Accuracy	Sample 3 Accuracy	Sample 4 Accuracy	Sample 5 Accuracy
TH02_0086_S01	RP11-989E6.13	Up	1.76977173925	0.889115095139	49.76102988762877	99.95495495495496	99.77477477477478	100	100	99.77477477477478	100	100	100
