Sample	Gene	Type	Expression	Threshold	Percent difference	Mean Accuracy	Minimum Accuracy	Maximum Accuracy	Sample 1 Accuracy	Sample 2 Accuracy	Sample 3 Accuracy	Sample 4 Accuracy	Sample 5 Accuracy
TH02_0086_S01	INSM1	Up	1.72683121703	1.2685738802	26.537471196412753	99.83848428715349	99.57264957264957	100	100	100	100	99.57264957264957	99.61977186311786
