Sample	Gene	Type	Expression	Threshold	Percent difference	Mean Accuracy	Minimum Accuracy	Maximum Accuracy	Sample 1 Accuracy	Sample 2 Accuracy	Sample 3 Accuracy	Sample 4 Accuracy	Sample 5 Accuracy
TH02_0086_S01	DPY19L2P3	Up	2.25398926623	1.85101544857	17.87824918678561	99.04264453106563	98.63325740318906	99.57627118644068	99.08675799086758	98.87387387387388	99.57627118644068	99.04306220095694	98.63325740318906
