Sample	Gene	Type	Expression	Threshold	Percent difference	Mean Accuracy	Minimum Accuracy	Maximum Accuracy	Sample 1 Accuracy	Sample 2 Accuracy	Sample 3 Accuracy	Sample 4 Accuracy	Sample 5 Accuracy
TH02_0086_S01	LINC00706	Up	0.50589092973	0.106960088015	78.85708524719234	85.95880543772061	80.85991678224687	93.9406430338005	81.55555555555556	89.11533117183882	93.9406430338005	84.3225806451613	80.85991678224687
