Sample	Gene	Type	Expression	Threshold	Percent difference	Mean Accuracy	Minimum Accuracy	Maximum Accuracy	Sample 1 Accuracy	Sample 2 Accuracy	Sample 3 Accuracy	Sample 4 Accuracy	Sample 5 Accuracy
TH02_0086_S01	AKAP7	Up	5.08703845677	5.05763673782	0.5779731999248247	82.43840940421073	73.61111111111111	94.00749063670412	75.53191489361703	94.00749063670412	90.05847953216374	78.98305084745762	73.61111111111111
