Sample	Gene	Type	Expression	Threshold	Percent difference	Mean Accuracy	Minimum Accuracy	Maximum Accuracy	Sample 1 Accuracy	Sample 2 Accuracy	Sample 3 Accuracy	Sample 4 Accuracy	Sample 5 Accuracy
TH02_0086_S01	RP11-351D16.3	Up	1.464668267	1.29154837132	11.819734173294544	94.40109034449958	89.5104895104895	98.19639278557113	93.08755760368663	97.4937343358396	98.19639278557113	93.717277486911	89.5104895104895
