Sample	Gene	Type	Expression	Threshold	Percent difference	Mean Accuracy	Minimum Accuracy	Maximum Accuracy	Sample 1 Accuracy	Sample 2 Accuracy	Sample 3 Accuracy	Sample 4 Accuracy	Sample 5 Accuracy
TH02_0086_S01	GS1-259H13.11	Up	1.48542682717	1.40173900127	5.633924496936687	64.6434068361996	55.800000000000004	74.70308788598575	61.326860841423944	72.15447154471545	74.70308788598575	59.2326139088729	55.800000000000004
