Sample	Gene	Type	Expression	Threshold	Percent difference	Mean Accuracy	Minimum Accuracy	Maximum Accuracy	Sample 1 Accuracy	Sample 2 Accuracy	Sample 3 Accuracy	Sample 4 Accuracy	Sample 5 Accuracy
TH02_0086_S01	FTH1P11	Up	3.3519109611	3.2704808712	2.429363155675144	70.34458273245593	63.63636363636363	76.11111111111111	68.21192052980133	75.34246575342466	76.11111111111111	68.42105263157895	63.63636363636363
