Sample	Gene	Type	Expression	Threshold	Percent difference	Mean Accuracy	Minimum Accuracy	Maximum Accuracy	Sample 1 Accuracy	Sample 2 Accuracy	Sample 3 Accuracy	Sample 4 Accuracy	Sample 5 Accuracy
TH02_0086_S01	RP11-361L15.5	Up	1.11769504267	0.970738589764	13.148170770708973	98.35689815866947	97.5609756097561	100	97.5609756097561	100	98.21428571428571	98.29059829059828	97.71863117870723
