Sample	Gene	Type	Expression	Threshold	Percent difference	Mean Accuracy	Minimum Accuracy	Maximum Accuracy	Sample 1 Accuracy	Sample 2 Accuracy	Sample 3 Accuracy	Sample 4 Accuracy	Sample 5 Accuracy
TH02_0086_S01	RP5-1056H1.2	Up	2.25096157353	1.7846082449	20.717960453614324	99.43705976625031	98.86685552407933	100	99.02912621359224	99.74489795918367	100	98.86685552407933	99.54441913439635
