Sample	Gene	Type	Expression	Threshold	Percent difference	Mean Accuracy	Minimum Accuracy	Maximum Accuracy	Sample 1 Accuracy	Sample 2 Accuracy	Sample 3 Accuracy	Sample 4 Accuracy	Sample 5 Accuracy
TH02_0086_S01	SIAH3	Up	0.214124805353	0.210507676005	1.6892621768117388	30.049989502651886	24.795081967213115	35.831809872029254	24.795081967213115	35.831809872029254	34.161886551943915	29.656538969616907	25.804630152456237
