Sample	Gene	Type	Expression	Threshold	Percent difference	Mean Accuracy	Minimum Accuracy	Maximum Accuracy	Sample 1 Accuracy	Sample 2 Accuracy	Sample 3 Accuracy	Sample 4 Accuracy	Sample 5 Accuracy
TH02_0086_S01	RP11-677M14.5	Up	3.03033607837	2.82185101509	6.87993205664973	96.67720526164831	95.45454545454545	98.63013698630137	96.02649006622516	98.63013698630137	97.22222222222221	96.05263157894737	95.45454545454545
