Sample	Gene	Type	Expression	Threshold	Percent difference	Mean Accuracy	Minimum Accuracy	Maximum Accuracy	Sample 1 Accuracy	Sample 2 Accuracy	Sample 3 Accuracy	Sample 4 Accuracy	Sample 5 Accuracy
TH02_0086_S01	KCNG2	Up	1.16349873228	0.769658267498	33.84966857765521	99.71103847929419	99.06759906759906	100	100	99.74937343358395	100	99.73821989528795	99.06759906759906
