Sample	Gene	Type	Expression	Threshold	Percent difference	Mean Accuracy	Minimum Accuracy	Maximum Accuracy	Sample 1 Accuracy	Sample 2 Accuracy	Sample 3 Accuracy	Sample 4 Accuracy	Sample 5 Accuracy
TH02_0086_S01	OR7E29P	Up	1.0071955014	0.40874683857	59.41732881036079	99.92698713394901	99.79674796747967	100	99.83818770226537	99.79674796747967	100	100	100
