Sample	Gene	Type	Expression	Threshold	Percent difference	Mean Accuracy	Minimum Accuracy	Maximum Accuracy	Sample 1 Accuracy	Sample 2 Accuracy	Sample 3 Accuracy	Sample 4 Accuracy	Sample 5 Accuracy
TH02_0086_S01	TEKT1	Up	0.985500430305	0.6579002738	33.24201049852529	87.02020234161797	81.70525127046866	93.30783938814533	84.88729508196722	90.12797074954297	93.30783938814533	85.07265521796566	81.70525127046866
