Sample	Gene	Type	Expression	Threshold	Percent difference	Mean Accuracy	Minimum Accuracy	Maximum Accuracy	Sample 1 Accuracy	Sample 2 Accuracy	Sample 3 Accuracy	Sample 4 Accuracy	Sample 5 Accuracy
TH02_0086_S01	CTA-212D2.2	Up	1.09085343045	0.614835441113	43.637208817378195	99.65234936464752	99.1869918699187	100	99.51456310679612	99.1869918699187	100	99.76019184652279	99.8
