Sample	Gene	Type	Expression	Threshold	Percent difference	Mean Accuracy	Minimum Accuracy	Maximum Accuracy	Sample 1 Accuracy	Sample 2 Accuracy	Sample 3 Accuracy	Sample 4 Accuracy	Sample 5 Accuracy
TH02_0086_S01	RP11-278A23.1	Up	1.15704371015	0.974753797054	15.754799191844512	99.30424537450385	98.69281045751634	99.70930232558139	99.38650306748467	99.10714285714286	99.70930232558139	99.625468164794	98.69281045751634
