Sample	Gene	Type	Expression	Threshold	Percent difference	Mean Accuracy	Minimum Accuracy	Maximum Accuracy	Sample 1 Accuracy	Sample 2 Accuracy	Sample 3 Accuracy	Sample 4 Accuracy	Sample 5 Accuracy
TH02_0086_S01	RBBP8P1	Up	0.111031312389	0.0362440273166	67.35693153871904	89.17303657013417	85.06271379703534	95.80764488286067	85.8560794044665	92.88537549407114	95.80764488286067	86.25336927223721	85.06271379703534
