Sample	Gene	Type	Expression	Threshold	Percent difference	Mean Accuracy	Minimum Accuracy	Maximum Accuracy	Sample 1 Accuracy	Sample 2 Accuracy	Sample 3 Accuracy	Sample 4 Accuracy	Sample 5 Accuracy
TH02_0086_S01	RP11-1006G14.4	Up	1.13750352375	1.13570904732	0.15775568097443177	3.5740411313297247	1.9553072625698324	5.21978021978022	3.1413612565445024	5.21978021978022	4.714640198511166	2.8391167192429023	1.9553072625698324
