Sample	Gene	Type	Expression	Threshold	Percent difference	Mean Accuracy	Minimum Accuracy	Maximum Accuracy	Sample 1 Accuracy	Sample 2 Accuracy	Sample 3 Accuracy	Sample 4 Accuracy	Sample 5 Accuracy
TH02_0086_S01	RP4-559A3.7	Up	0.389566811763	0.141808778048	63.598342115890524	85.52298887179826	79.43722943722943	94.14414414414415	79.43722943722943	88.21548821548821	94.14414414414415	85.52147239263803	80.29661016949152
