Sample	Gene	Type	Expression	Threshold	Percent difference	Mean Accuracy	Minimum Accuracy	Maximum Accuracy	Sample 1 Accuracy	Sample 2 Accuracy	Sample 3 Accuracy	Sample 4 Accuracy	Sample 5 Accuracy
TH02_0086_S01	CTD-2192J16.15	Up	6.19927972134	6.06145143509	2.2232951640421765	99.38209153325519	99.08675799086758	100	99.13419913419914	100	99.55156950672645	99.13793103448276	99.08675799086758
