Sample	Gene	Type	Expression	Threshold	Percent difference	Mean Accuracy	Minimum Accuracy	Maximum Accuracy	Sample 1 Accuracy	Sample 2 Accuracy	Sample 3 Accuracy	Sample 4 Accuracy	Sample 5 Accuracy
TH02_0086_S01	CACNA1G-AS1	Up	0.464668267003	0.376716196537	18.92792702055382	57.03377145455457	45.81005586592179	66.04823747680891	45.81005586592179	64.34262948207171	66.04823747680891	59.06976744186046	49.89816700610998
