Sample	Gene	Type	Expression	Threshold	Percent difference	Mean Accuracy	Minimum Accuracy	Maximum Accuracy	Sample 1 Accuracy	Sample 2 Accuracy	Sample 3 Accuracy	Sample 4 Accuracy	Sample 5 Accuracy
TH02_0086_S01	CTD-3234P18.6	Up	1	0.989086866379	1.0913133620999993	21.41355978996201	17.24941724941725	27.655310621242485	17.51152073732719	26.065162907268167	27.655310621242485	18.586387434554975	17.24941724941725
