Sample	Gene	Type	Expression	Threshold	Percent difference	Mean Accuracy	Minimum Accuracy	Maximum Accuracy	Sample 1 Accuracy	Sample 2 Accuracy	Sample 3 Accuracy	Sample 4 Accuracy	Sample 5 Accuracy
TH02_0086_S01	AC091878.1	Up	0.545968369105	0.176311850548	67.7065814569027	91.30564267730853	88.88888888888889	96.83377308707124	89.39393939393939	88.88888888888889	96.83377308707124	91.64179104477613	89.769820971867
