Sample	Gene	Type	Expression	Threshold	Percent difference	Mean Accuracy	Minimum Accuracy	Maximum Accuracy	Sample 1 Accuracy	Sample 2 Accuracy	Sample 3 Accuracy	Sample 4 Accuracy	Sample 5 Accuracy
TH02_0086_S01	RP11-26J3.1	Up	0.69599381311	0.176311850548	74.66761238003498	91.27287057316828	89.98459167950693	94.61538461538461	90.73806078147612	94.61538461538461	90.52631578947368	90.5	89.98459167950693
