Sample	Gene	Type	Expression	Threshold	Percent difference	Mean Accuracy	Minimum Accuracy	Maximum Accuracy	Sample 1 Accuracy	Sample 2 Accuracy	Sample 3 Accuracy	Sample 4 Accuracy	Sample 5 Accuracy
TH02_0086_S01	CTC-425O23.2	Up	1.03562390973	0.976850748062	5.675145302827437	77.83077510968515	68.53146853146853	87.5751503006012	72.58064516129032	82.45614035087719	87.5751503006012	78.01047120418848	68.53146853146853
