Sample	Gene	Type	Expression	Threshold	Percent difference	Mean Accuracy	Minimum Accuracy	Maximum Accuracy	Sample 1 Accuracy	Sample 2 Accuracy	Sample 3 Accuracy	Sample 4 Accuracy	Sample 5 Accuracy
TH02_0086_S01	RP11-844P9.2	Up	1.35614381023	1.16619682312	14.006404459257563	96.16999117526586	92.54079254079254	98.79759519038076	94.93087557603687	98.24561403508771	98.79759519038076	96.33507853403141	92.54079254079254
