Sample	Gene	Type	Expression	Threshold	Percent difference	Mean Accuracy	Minimum Accuracy	Maximum Accuracy	Sample 1 Accuracy	Sample 2 Accuracy	Sample 3 Accuracy	Sample 4 Accuracy	Sample 5 Accuracy
TH01_0127_S01	UFC1	Down	5.4215599449	5.42298269272	0.02624240688029056	5.783642970088649	3.6111111111111107	9.428571428571429	3.6111111111111107	9.428571428571429	7.235142118863049	4.179104477611941	4.464285714285714
