Sample	Gene	Type	Expression	Threshold	Percent difference	Mean Accuracy	Minimum Accuracy	Maximum Accuracy	Sample 1 Accuracy	Sample 2 Accuracy	Sample 3 Accuracy	Sample 4 Accuracy	Sample 5 Accuracy
TH01_0127_S01	RP11-709D24.8	Up	0.68706068834	0.492247134447	28.354635507335885	67.93319448074186	57.16945996275605	78.75695732838591	57.16945996275605	73.90438247011953	78.75695732838591	68.83720930232559	60.9979633401222
