Sample	Gene	Type	Expression	Threshold	Percent difference	Mean Accuracy	Minimum Accuracy	Maximum Accuracy	Sample 1 Accuracy	Sample 2 Accuracy	Sample 3 Accuracy	Sample 4 Accuracy	Sample 5 Accuracy
TH01_0127_S01	CTD-2189E23.1	Up	0.815575428863	0.176311850548	78.38190750869019	85.93178124292942	80.81368469717984	93.9406430338005	81.46666666666667	89.11533117183882	93.9406430338005	84.3225806451613	80.81368469717984
