Sample	Gene	Type	Expression	Threshold	Percent difference	Mean Accuracy	Minimum Accuracy	Maximum Accuracy	Sample 1 Accuracy	Sample 2 Accuracy	Sample 3 Accuracy	Sample 4 Accuracy	Sample 5 Accuracy
TH01_0127_S01	PRDX6	Down	5.75568877685	5.81441354752	1.0202909320983067	93.43713730124186	90.04975124378109	98.55491329479769	90.04975124378109	98.55491329479769	96.55963302752293	90.23668639053254	91.78470254957507
