Sample	Gene	Type	Expression	Threshold	Percent difference	Mean Accuracy	Minimum Accuracy	Maximum Accuracy	Sample 1 Accuracy	Sample 2 Accuracy	Sample 3 Accuracy	Sample 4 Accuracy	Sample 5 Accuracy
TH01_0127_S01	CCT6A	Down	4.96208624985	5.06436061859	2.061116304519947	92.39782010437287	88.0085653104925	96.33204633204633	92.11087420042644	95.39999999999999	96.33204633204633	90.13761467889908	88.0085653104925
