Sample	Gene	Type	Expression	Threshold	Percent difference	Mean Accuracy	Minimum Accuracy	Maximum Accuracy	Sample 1 Accuracy	Sample 2 Accuracy	Sample 3 Accuracy	Sample 4 Accuracy	Sample 5 Accuracy
TH01_0127_S01	RP3-431P23.5	Up	1.54596836911	0.970738589764	37.20837960463283	99.83848428715349	99.57264957264957	100	100	100	100	99.57264957264957	99.61977186311786
