Sample	Gene	Type	Expression	Threshold	Percent difference	Mean Accuracy	Minimum Accuracy	Maximum Accuracy	Sample 1 Accuracy	Sample 2 Accuracy	Sample 3 Accuracy	Sample 4 Accuracy	Sample 5 Accuracy
TH01_0127_S01	RAB11B	Down	4.39574832818	4.61941719055	5.088300004259056	99.43011710393955	98.85714285714286	99.82486865148861	99.42307692307692	99.79879275653923	99.82486865148861	98.85714285714286	99.2467043314501
