Sample	Gene	Type	Expression	Threshold	Percent difference	Mean Accuracy	Minimum Accuracy	Maximum Accuracy	Sample 1 Accuracy	Sample 2 Accuracy	Sample 3 Accuracy	Sample 4 Accuracy	Sample 5 Accuracy
TH01_0127_S01	NELFCD	Down	4.06091204959	4.26349878311	4.988700347264456	99.62599767283956	99.34354485776805	100	99.60079840319361	99.8003992015968	100	99.34354485776805	99.38524590163934
