Sample	Gene	Type	Expression	Threshold	Percent difference	Mean Accuracy	Minimum Accuracy	Maximum Accuracy	Sample 1 Accuracy	Sample 2 Accuracy	Sample 3 Accuracy	Sample 4 Accuracy	Sample 5 Accuracy
TH01_0127_S01	SH3GL1	Down	3.53605290024	3.76410627365	6.449376744180533	99.84471187809062	99.45504087193461	100	100	100	100	99.45504087193461	99.76851851851852
