Sample	Gene	Type	Expression	Threshold	Percent difference	Mean Accuracy	Minimum Accuracy	Maximum Accuracy	Sample 1 Accuracy	Sample 2 Accuracy	Sample 3 Accuracy	Sample 4 Accuracy	Sample 5 Accuracy
TH01_0127_S01	PSMA3	Down	4.98139603197	5.11136198044	2.6090266189617117	92.49563331488406	88.92045454545455	96.90402476780186	90.02849002849003	96.90402476780186	96.49532710280374	90.12987012987013	88.92045454545455
