Sample	Gene	Type	Expression	Threshold	Percent difference	Mean Accuracy	Minimum Accuracy	Maximum Accuracy	Sample 1 Accuracy	Sample 2 Accuracy	Sample 3 Accuracy	Sample 4 Accuracy	Sample 5 Accuracy
TH01_0127_S01	SNORA23	Up	4.93215568443	3.03542399406	38.456444032325834	92.331083948731	88.88888888888889	98.21428571428571	88.88888888888889	98.21428571428571	91.91919191919192	90.47619047619048	92.15686274509804
