Sample	Gene	Type	Expression	Threshold	Percent difference	Mean Accuracy	Minimum Accuracy	Maximum Accuracy	Sample 1 Accuracy	Sample 2 Accuracy	Sample 3 Accuracy	Sample 4 Accuracy	Sample 5 Accuracy
TH01_0127_S01	TRAPPC1	Down	5.52638186256	5.62005472183	1.6950124258443384	98.68470212530838	97.41379310344827	99.58333333333333	98.7012987012987	99.58333333333333	99.55156950672645	97.41379310344827	98.17351598173516
