Sample	Gene	Type	Expression	Threshold	Percent difference	Mean Accuracy	Minimum Accuracy	Maximum Accuracy	Sample 1 Accuracy	Sample 2 Accuracy	Sample 3 Accuracy	Sample 4 Accuracy	Sample 5 Accuracy
TH01_0127_S01	MTSS1L	Down	0.66902676551	1.06023347378	58.47399961222519	93.80828701422521	90.57029926595143	97.19566602931803	92.67418032786885	94.94210847044485	97.19566602931803	93.65918097754293	90.57029926595143
