Sample	Gene	Type	Expression	Threshold	Percent difference	Mean Accuracy	Minimum Accuracy	Maximum Accuracy	Sample 1 Accuracy	Sample 2 Accuracy	Sample 3 Accuracy	Sample 4 Accuracy	Sample 5 Accuracy
TH01_0127_S01	U1	Up	4.78349695029	4.63705825806	3.061331359710022	29.648162295221116	23.52941176470588	40.476190476190474	23.809523809523807	32.142857142857146	28.28282828282828	40.476190476190474	23.52941176470588
