Sample	Gene	Type	Expression	Threshold	Percent difference	Mean Accuracy	Minimum Accuracy	Maximum Accuracy	Sample 1 Accuracy	Sample 2 Accuracy	Sample 3 Accuracy	Sample 4 Accuracy	Sample 5 Accuracy
TH01_0127_S01	RPL35AP32	Up	1.09085343045	0.746955513954	31.525584179914517	98.49546487341455	97.58713136729223	99.52	97.58713136729223	99.52	99.2248062015504	98.37587006960557	97.76951672862454
