Sample	Gene	Type	Expression	Threshold	Percent difference	Mean Accuracy	Minimum Accuracy	Maximum Accuracy	Sample 1 Accuracy	Sample 2 Accuracy	Sample 3 Accuracy	Sample 4 Accuracy	Sample 5 Accuracy
TH01_0127_S01	RP5-1041C10.3	Up	0.333423733725	0.222623795271	33.23096925829076	75.73912569718608	66.52542372881356	89.86486486486487	67.09956709956711	80.3591470258137	89.86486486486487	74.84662576687117	66.52542372881356
