Sample	Gene	Type	Expression	Threshold	Percent difference	Mean Accuracy	Minimum Accuracy	Maximum Accuracy	Sample 1 Accuracy	Sample 2 Accuracy	Sample 3 Accuracy	Sample 4 Accuracy	Sample 5 Accuracy
TH01_0127_S01	RP11-351D16.3	Up	1.46988597627	1.29165780544	12.125305888166501	96.34947151436675	95.2054794520548	98.72881355932203	95.2054794520548	95.94594594594594	98.72881355932203	96.65071770334929	95.21640091116174
