Sample	Gene	Type	Expression	Threshold	Percent difference	Mean Accuracy	Minimum Accuracy	Maximum Accuracy	Sample 1 Accuracy	Sample 2 Accuracy	Sample 3 Accuracy	Sample 4 Accuracy	Sample 5 Accuracy
TH01_0127_S01	THG1L	Down	1.53106949273	1.56584107876	2.271065173403716	49.82032197132206	40.8675799086758	59.32203389830508	40.8675799086758	56.531531531531535	59.32203389830508	50.23923444976076	42.14123006833713
