Sample	Gene	Type	Expression	Threshold	Percent difference	Mean Accuracy	Minimum Accuracy	Maximum Accuracy	Sample 1 Accuracy	Sample 2 Accuracy	Sample 3 Accuracy	Sample 4 Accuracy	Sample 5 Accuracy
TH01_0127_S01	RP11-326C3.12	Up	1.17632277264	0.970738589764	17.47685139297365	95.36785057203491	92.80000000000001	98.69358669833728	95.14563106796116	97.15447154471545	98.69358669833728	93.04556354916068	92.80000000000001
