Sample	Gene	Type	Expression	Threshold	Percent difference	Mean Accuracy	Minimum Accuracy	Maximum Accuracy	Sample 1 Accuracy	Sample 2 Accuracy	Sample 3 Accuracy	Sample 4 Accuracy	Sample 5 Accuracy
TH01_0127_S01	GLUD1P3	Up	2.06350294231	2.03978466988	1.1494179118275678	17.767953328578912	13.600000000000001	23.577235772357724	13.754045307443366	23.577235772357724	23.040380047505938	14.86810551558753	13.600000000000001
