Sample	Gene	Type	Expression	Threshold	Percent difference	Mean Accuracy	Minimum Accuracy	Maximum Accuracy	Sample 1 Accuracy	Sample 2 Accuracy	Sample 3 Accuracy	Sample 4 Accuracy	Sample 5 Accuracy
TH01_0127_S01	RBCK1	Down	4.21256933885	4.57445240021	8.590554415866109	99.92423997847726	99.80952380952381	100	100	100	100	99.80952380952381	99.81167608286252
