Sample	Gene	Type	Expression	Threshold	Percent difference	Mean Accuracy	Minimum Accuracy	Maximum Accuracy	Sample 1 Accuracy	Sample 2 Accuracy	Sample 3 Accuracy	Sample 4 Accuracy	Sample 5 Accuracy
TH01_0127_S01	CTD-2047H16.3	Up	0.678071905113	0.333651334047	50.79410730173265	87.94598839230545	85.824345146379045	91.53846153846153	85.96237337192476	91.53846153846153	88.57142857142857	87.83333333333333	85.824345146379045
