Sample	Gene	Type	Expression	Threshold	Percent difference	Mean Accuracy	Minimum Accuracy	Maximum Accuracy	Sample 1 Accuracy	Sample 2 Accuracy	Sample 3 Accuracy	Sample 4 Accuracy	Sample 5 Accuracy
TH01_0055_S01	CPNE4	Up	2.6182386556	2.52857303619	3.424654174218199	73.23555071447758	65.359477124183	79.94186046511628	67.17791411042946	79.16666666666666	79.94186046511628	74.53183520599251	65.359477124183
