Sample	Gene	Type	Expression	Threshold	Percent difference	Mean Accuracy	Minimum Accuracy	Maximum Accuracy	Sample 1 Accuracy	Sample 2 Accuracy	Sample 3 Accuracy	Sample 4 Accuracy	Sample 5 Accuracy
TH01_0055_S01	CSPG4P5	Up	0.516015147004	0.376716196537	26.99512820035885	82.21239504476259	75.60700169395822	90.12109623964308	79.76434426229508	86.04509445460086	90.12109623964308	79.52443857331572	75.60700169395822
