Sample	Gene	Type	Expression	Threshold	Percent difference	Mean Accuracy	Minimum Accuracy	Maximum Accuracy	Sample 1 Accuracy	Sample 2 Accuracy	Sample 3 Accuracy	Sample 4 Accuracy	Sample 5 Accuracy
TH01_0055_S01	MAN1A2P1	Up	0.604071323669	0.0358882322907	94.05894124012995	88.91840604803379	83.70577281191807	95.82560296846012	83.70577281191807	90.5378486055777	95.82560296846012	88.37209302325581	86.15071283095723
