Sample	Gene	Type	Expression	Threshold	Percent difference	Mean Accuracy	Minimum Accuracy	Maximum Accuracy	Sample 1 Accuracy	Sample 2 Accuracy	Sample 3 Accuracy	Sample 4 Accuracy	Sample 5 Accuracy
TH01_0055_S01	AC007163.3	Up	1.54101915313	0.106960088015	93.05913311993879	99.94897959183673	99.74489795918367	100	100	99.74489795918367	100	100	100
