Sample	Gene	Type	Expression	Threshold	Percent difference	Mean Accuracy	Minimum Accuracy	Maximum Accuracy	Sample 1 Accuracy	Sample 2 Accuracy	Sample 3 Accuracy	Sample 4 Accuracy	Sample 5 Accuracy
TH01_0055_S01	CDC14C	Up	0.214124805353	0.106960088015	50.04778272247875	83.6772879694962	77.27272727272727	93.46846846846847	77.27272727272727	86.75645342312009	93.46846846846847	83.55828220858895	77.33050847457628
