Sample	Gene	Type	Expression	Threshold	Percent difference	Mean Accuracy	Minimum Accuracy	Maximum Accuracy	Sample 1 Accuracy	Sample 2 Accuracy	Sample 3 Accuracy	Sample 4 Accuracy	Sample 5 Accuracy
TH01_0055_S01	RP11-554F20.1	Up	0.163498732283	0.071774750948	56.100729378277336	84.41095328689346	78.35497835497836	93.69369369369369	78.35497835497836	87.09315375982042	93.69369369369369	84.41717791411043	78.4957627118644
