Sample	Gene	Type	Expression	Threshold	Percent difference	Mean Accuracy	Minimum Accuracy	Maximum Accuracy	Sample 1 Accuracy	Sample 2 Accuracy	Sample 3 Accuracy	Sample 4 Accuracy	Sample 5 Accuracy
TH01_0055_S01	MYBPH	Up	0.925999418556	0.695743739605	24.86563969014795	68.62997899072906	56.779661016949156	86.26126126126125	60.28138528138528	75.5331088664422	86.26126126126125	64.29447852760735	56.779661016949156
