Sample	Gene	Type	Expression	Threshold	Percent difference	Mean Accuracy	Minimum Accuracy	Maximum Accuracy	Sample 1 Accuracy	Sample 2 Accuracy	Sample 3 Accuracy	Sample 4 Accuracy	Sample 5 Accuracy
TH01_0055_S01	ADAMTS8	Up	2.35614381023	2.31363558769	1.80414380291373	60.118019974046035	49.086623453152626	70.11739594450374	56.84496826835902	67.79953917050692	70.11739594450374	56.74157303370787	49.086623453152626
