Sample	Gene	Type	Expression	Threshold	Percent difference	Mean Accuracy	Minimum Accuracy	Maximum Accuracy	Sample 1 Accuracy	Sample 2 Accuracy	Sample 3 Accuracy	Sample 4 Accuracy	Sample 5 Accuracy
TH01_0055_S01	NDST3	Up	0.799087306074	0.544844806194	31.81661101952929	83.81712786805392	78.03500846979108	91.26832377310389	81.40368852459017	87.20292504570384	91.26832377310389	81.17569352708058	78.03500846979108
