Sample	Gene	Type	Expression	Threshold	Percent difference	Mean Accuracy	Minimum Accuracy	Maximum Accuracy	Sample 1 Accuracy	Sample 2 Accuracy	Sample 3 Accuracy	Sample 4 Accuracy	Sample 5 Accuracy
TH01_0055_S01	TGFB2-AS1	Up	1.14404636962	0.597287535667	47.791667232387475	99.58993860179567	99.07063197026022	100	99.32975871313673	99.83999999999999	99.70930232558139	100	99.07063197026022
