Sample	Gene	Type	Expression	Threshold	Percent difference	Mean Accuracy	Minimum Accuracy	Maximum Accuracy	Sample 1 Accuracy	Sample 2 Accuracy	Sample 3 Accuracy	Sample 4 Accuracy	Sample 5 Accuracy
TH03_0141_S01	RP11-757G1.5	Up	0.650764559117	0.440806925297	32.263224983377135	67.07914041965164	56.318306010928964	83.0047209108581	56.765776699029125	75.93427835051546	83.0047209108581	63.37262012692656	56.318306010928964
