Sample	Gene	Type	Expression	Threshold	Percent difference	Mean Accuracy	Minimum Accuracy	Maximum Accuracy	Sample 1 Accuracy	Sample 2 Accuracy	Sample 3 Accuracy	Sample 4 Accuracy	Sample 5 Accuracy
TH03_0141_S01	TSNARE1	Down	1.16992500144	1.30468297005	11.518513446941762	95.71874275427238	93.62186788154897	98.30508474576271	94.52054794520548	95.4954954954955	98.30508474576271	96.65071770334929	93.62186788154897
