Sample	Gene	Type	Expression	Threshold	Percent difference	Mean Accuracy	Minimum Accuracy	Maximum Accuracy	Sample 1 Accuracy	Sample 2 Accuracy	Sample 3 Accuracy	Sample 4 Accuracy	Sample 5 Accuracy
TH03_0141_S01	PLA2G1B	Up	1.55090066465	1.2634819746	18.532372614261757	91.76073780781455	86.98884758364312	96.12403100775194	87.1313672922252	95.52000000000001	96.12403100775194	93.03944315545245	86.98884758364312
