Sample	Gene	Type	Expression	Threshold	Percent difference	Mean Accuracy	Minimum Accuracy	Maximum Accuracy	Sample 1 Accuracy	Sample 2 Accuracy	Sample 3 Accuracy	Sample 4 Accuracy	Sample 5 Accuracy
TH03_0141_S01	PDGFA	Up	7.30113033052	7.29309272766	0.11008710290242879	57.20367170950026	45.97701149425287	71.01449275362319	58.94736842105262	71.01449275362319	58.0246913580247	45.97701149425287	52.054794520547944
