Sample	Gene	Type	Expression	Threshold	Percent difference	Mean Accuracy	Minimum Accuracy	Maximum Accuracy	Sample 1 Accuracy	Sample 2 Accuracy	Sample 3 Accuracy	Sample 4 Accuracy	Sample 5 Accuracy
TH03_0141_S01	FLOT2	Down	4.0285691522	4.05188417435	0.5787420115965253	49.926475593953214	40.97222222222222	60.68181818181818	45.80498866213152	54.761904761904766	60.68181818181818	47.41144414168937	40.97222222222222
