Sample	Gene	Type	Expression	Threshold	Percent difference	Mean Accuracy	Minimum Accuracy	Maximum Accuracy	Sample 1 Accuracy	Sample 2 Accuracy	Sample 3 Accuracy	Sample 4 Accuracy	Sample 5 Accuracy
TH03_0141_S01	C9orf170	Up	0.321928094887	0.256172209978	20.425643475472683	76.7818743876854	69.56521739130434	86.10579987253027	72.84836065573771	81.41377209018891	86.10579987253027	73.97622192866578	69.56521739130434
