Sample	Gene	Type	Expression	Threshold	Percent difference	Mean Accuracy	Minimum Accuracy	Maximum Accuracy	Sample 1 Accuracy	Sample 2 Accuracy	Sample 3 Accuracy	Sample 4 Accuracy	Sample 5 Accuracy
TH03_0141_S01	RP11-66B24.7	Up	1.78659636189	1.01846182346	42.994296575047755	99.83848428715349	99.57264957264957	100	100	100	100	99.57264957264957	99.61977186311786
