Sample	Gene	Type	Expression	Threshold	Percent difference	Mean Accuracy	Minimum Accuracy	Maximum Accuracy	Sample 1 Accuracy	Sample 2 Accuracy	Sample 3 Accuracy	Sample 4 Accuracy	Sample 5 Accuracy
TH03_0141_S01	WDR7	Up	4.64616265716	4.48939609528	3.3741083437622112	98.27374142604229	97.64453961456103	98.64864864864865	98.08102345415777	98.6	98.64864864864865	98.39449541284404	97.64453961456103
