Sample	Gene	Type	Expression	Threshold	Percent difference	Mean Accuracy	Minimum Accuracy	Maximum Accuracy	Sample 1 Accuracy	Sample 2 Accuracy	Sample 3 Accuracy	Sample 4 Accuracy	Sample 5 Accuracy
TH03_0141_S01	CHCHD1	Down	3.80012335283	3.83395838737	0.8903667433532823	47.53995810907211	38.8663967611336	55.633802816901415	38.8663967611336	48.34123222748815	55.633802816901415	48.3739837398374	46.484375
