Sample	Gene	Type	Expression	Threshold	Percent difference	Mean Accuracy	Minimum Accuracy	Maximum Accuracy	Sample 1 Accuracy	Sample 2 Accuracy	Sample 3 Accuracy	Sample 4 Accuracy	Sample 5 Accuracy
TH03_0141_S01	TRIM67	Up	0.48542682717	0.188761264086	61.11437326476924	94.03596469892015	91.07848673066064	97.25940089228808	92.98155737704919	95.00304692260816	97.25940089228808	93.85733157199472	91.07848673066064
