Sample	Gene	Type	Expression	Threshold	Percent difference	Mean Accuracy	Minimum Accuracy	Maximum Accuracy	Sample 1 Accuracy	Sample 2 Accuracy	Sample 3 Accuracy	Sample 4 Accuracy	Sample 5 Accuracy
TH03_0141_S01	RPL41P2	Down	1.87970576628	1.96785986423	4.689781748366918	44.38195070945739	36.05898123324397	53.58527131782945	36.05898123324397	53.28000000000001	53.58527131782945	41.067285382830626	37.9182156133829
