Sample	Gene	Type	Expression	Threshold	Percent difference	Mean Accuracy	Minimum Accuracy	Maximum Accuracy	Sample 1 Accuracy	Sample 2 Accuracy	Sample 3 Accuracy	Sample 4 Accuracy	Sample 5 Accuracy
TH03_0141_S01	TMEM126A	Down	3.44228003525	3.58134841919	4.040007858625591	95.31677304449971	90.2834008097166	98.94366197183099	90.2834008097166	95.73459715639811	98.94366197183099	95.52845528455285	96.09375
