Sample	Gene	Type	Expression	Threshold	Percent difference	Mean Accuracy	Minimum Accuracy	Maximum Accuracy	Sample 1 Accuracy	Sample 2 Accuracy	Sample 3 Accuracy	Sample 4 Accuracy	Sample 5 Accuracy
TH03_0141_S01	AC079767.4	Up	3.28392177231	2.92298817635	10.990931605112788	99.04698532086721	98.48484848484848	100	98.67549668874173	98.63013698630137	99.44444444444444	100	98.48484848484848
