Sample	Gene	Type	Expression	Threshold	Percent difference	Mean Accuracy	Minimum Accuracy	Maximum Accuracy	Sample 1 Accuracy	Sample 2 Accuracy	Sample 3 Accuracy	Sample 4 Accuracy	Sample 5 Accuracy
TH03_0141_S01	OTOA	Up	0.985500430305	0.862083613873	12.523263576232434	57.04316526288432	47.82608695652174	67.28232189973615	50.252525252525245	61.94444444444444	67.28232189973615	57.91044776119403	47.82608695652174
