Sample	Gene	Type	Expression	Threshold	Percent difference	Mean Accuracy	Minimum Accuracy	Maximum Accuracy	Sample 1 Accuracy	Sample 2 Accuracy	Sample 3 Accuracy	Sample 4 Accuracy	Sample 5 Accuracy
TH03_0141_S01	NEURL3	Up	3.47638168757	3.0080704689	13.471225566066957	99.9206336708502	99.800796812749	100	100	100	99.800796812749	99.80237154150198	100
