Sample	Gene	Type	Expression	Threshold	Percent difference	Mean Accuracy	Minimum Accuracy	Maximum Accuracy	Sample 1 Accuracy	Sample 2 Accuracy	Sample 3 Accuracy	Sample 4 Accuracy	Sample 5 Accuracy
TH03_0141_S01	ASCL1	Up	0.925999418556	0.833834350109	9.953037399388638	51.10203323193159	42.486085343228204	60.03937007874016	43.06306306306306	60.03937007874016	59.040590405904055	50.881057268722465	42.486085343228204
