Sample	Gene	Type	Expression	Threshold	Percent difference	Mean Accuracy	Minimum Accuracy	Maximum Accuracy	Sample 1 Accuracy	Sample 2 Accuracy	Sample 3 Accuracy	Sample 4 Accuracy	Sample 5 Accuracy
TH03_0141_S01	RP11-375N15.2	Up	1.97085365434	1.32348883152	32.84692505678661	99.67095831897355	99.06759906759906	100	100	99.74937343358395	99.79959919839679	99.73821989528795	99.06759906759906
