Sample	Gene	Type	Expression	Threshold	Percent difference	Mean Accuracy	Minimum Accuracy	Maximum Accuracy	Sample 1 Accuracy	Sample 2 Accuracy	Sample 3 Accuracy	Sample 4 Accuracy	Sample 5 Accuracy
TH03_0141_S01	AC093627.7	Up	1.54596836911	0.106960088015	93.08135339945048	99.95934959349593	99.79674796747967	100	100	99.79674796747967	100	100	100
