Sample	Gene	Type	Expression	Threshold	Percent difference	Mean Accuracy	Minimum Accuracy	Maximum Accuracy	Sample 1 Accuracy	Sample 2 Accuracy	Sample 3 Accuracy	Sample 4 Accuracy	Sample 5 Accuracy
TH03_0141_S01	CTC-444N24.11	Down	1.05658352837	1.21574652195	15.063929098491826	99.44637760410617	99.0571596935769	99.76958525345621	99.41069809610154	99.76958525345621	99.6264674493063	99.3679775280899	99.0571596935769
