Sample	Gene	Type	Expression	Threshold	Percent difference	Mean Accuracy	Minimum Accuracy	Maximum Accuracy	Sample 1 Accuracy	Sample 2 Accuracy	Sample 3 Accuracy	Sample 4 Accuracy	Sample 5 Accuracy
TH03_0141_S01	XXbac-B33L19.6	Up	0.0976107966264	0.0362440273166	62.868833603190396	83.58177030162847	77.53120665742024	92.91014014839241	78.04444444444445	88.00370541917555	92.91014014839241	81.41935483870968	77.53120665742024
