Sample	Gene	Type	Expression	Threshold	Percent difference	Mean Accuracy	Minimum Accuracy	Maximum Accuracy	Sample 1 Accuracy	Sample 2 Accuracy	Sample 3 Accuracy	Sample 4 Accuracy	Sample 5 Accuracy
TH03_0141_S01	AC009302.2	Up	2.00360223668	0.535611569881	73.26756977629869	99.80870137126256	99.62825278810409	100	99.86595174262735	99.83999999999999	99.70930232558139	100	99.62825278810409
