Sample	Gene	Type	Expression	Threshold	Percent difference	Mean Accuracy	Minimum Accuracy	Maximum Accuracy	Sample 1 Accuracy	Sample 2 Accuracy	Sample 3 Accuracy	Sample 4 Accuracy	Sample 5 Accuracy
TH03_0141_S01	GTF2IRD2	Down	1.36176835942	1.82618999481	34.10430505139691	99.83848428715349	99.57264957264957	100	100	100	100	99.57264957264957	99.61977186311786
