Sample	Gene	Type	Expression	Threshold	Percent difference	Mean Accuracy	Minimum Accuracy	Maximum Accuracy	Sample 1 Accuracy	Sample 2 Accuracy	Sample 3 Accuracy	Sample 4 Accuracy	Sample 5 Accuracy
TH03_0141_S01	CREG2	Up	2.93922657773	2.43126773834	17.28205791410279	98.24795795912101	96.96969696969697	99.59919839679358	97.00460829493088	99.49874686716792	99.59919839679358	98.1675392670157	96.96969696969697
