Sample	Gene	Type	Expression	Threshold	Percent difference	Mean Accuracy	Minimum Accuracy	Maximum Accuracy	Sample 1 Accuracy	Sample 2 Accuracy	Sample 3 Accuracy	Sample 4 Accuracy	Sample 5 Accuracy
TH03_0141_S01	TERT	Up	1.39506279952	1.34672176838	3.4651508990586533	73.61296913118575	65.68627450980392	80.52325581395348	67.48466257668711	79.46428571428571	80.52325581395348	74.90636704119851	65.68627450980392
