Sample	Gene	Type	Expression	Threshold	Percent difference	Mean Accuracy	Minimum Accuracy	Maximum Accuracy	Sample 1 Accuracy	Sample 2 Accuracy	Sample 3 Accuracy	Sample 4 Accuracy	Sample 5 Accuracy
TH03_0141_S01	SEC61G	Down	5.67299099383	5.82154655457	2.6186461586413703	98.13006152304867	96.46017699115043	100	98	98.07692307692307	100	96.46017699115043	98.11320754716981
