Sample	Gene	Type	Expression	Threshold	Percent difference	Mean Accuracy	Minimum Accuracy	Maximum Accuracy	Sample 1 Accuracy	Sample 2 Accuracy	Sample 3 Accuracy	Sample 4 Accuracy	Sample 5 Accuracy
TH03_0141_S01	RPS4XP11	Up	1.63691458036	0.535611569881	67.27919854173422	99.92698713394901	99.79674796747967	100	99.83818770226537	99.79674796747967	100	100	100
