Sample	Gene	Type	Expression	Threshold	Percent difference	Mean Accuracy	Minimum Accuracy	Maximum Accuracy	Sample 1 Accuracy	Sample 2 Accuracy	Sample 3 Accuracy	Sample 4 Accuracy	Sample 5 Accuracy
TH03_0141_S01	TOMM6	Up	9.42059187677	9.41550254822	0.054023447959262234	26.439056355911458	21.232876712328768	30.45977011494253	21.232876712328768	30.45977011494253	28.999999999999996	22.689075630252102	28.8135593220339
