Sample	Gene	Type	Expression	Threshold	Percent difference	Mean Accuracy	Minimum Accuracy	Maximum Accuracy	Sample 1 Accuracy	Sample 2 Accuracy	Sample 3 Accuracy	Sample 4 Accuracy	Sample 5 Accuracy
TH03_0141_S01	LY75-CD302	Up	0.650764559117	0.344080448151	47.12673833715363	89.12598337174902	84.58498023715416	94.5825366475462	87.19262295081968	91.22486288848263	94.5825366475462	88.0449141347424	84.58498023715416
