Sample	Gene	Type	Expression	Threshold	Percent difference	Mean Accuracy	Minimum Accuracy	Maximum Accuracy	Sample 1 Accuracy	Sample 2 Accuracy	Sample 3 Accuracy	Sample 4 Accuracy	Sample 5 Accuracy
TH03_0141_S01	POU6F2	Up	1.08406426479	0.946536004543	12.686356769968926	97.4281716680538	96.11650485436894	99.57173447537473	96.11650485436894	98.72448979591837	99.57173447537473	96.60056657223795	96.12756264236903
