Sample	Gene	Type	Expression	Threshold	Percent difference	Mean Accuracy	Minimum Accuracy	Maximum Accuracy	Sample 1 Accuracy	Sample 2 Accuracy	Sample 3 Accuracy	Sample 4 Accuracy	Sample 5 Accuracy
TH03_0141_S01	RP11-221N13.3	Up	1.31034012061	0.833834350109	36.365044693829056	99.44373955346734	99.04076738609112	100	99.19093851132686	99.1869918699187	100	99.04076738609112	99.8
