Sample	Gene	Type	Expression	Threshold	Percent difference	Mean Accuracy	Minimum Accuracy	Maximum Accuracy	Sample 1 Accuracy	Sample 2 Accuracy	Sample 3 Accuracy	Sample 4 Accuracy	Sample 5 Accuracy
TH03_0141_S01	CKM	Up	1.124328135	0.997552573681	11.27567276602929	95.53681542175374	93.39407744874715	98.30508474576271	94.06392694063926	95.27027027027027	98.30508474576271	96.65071770334929	93.39407744874715
