Sample	Gene	Type	Expression	Threshold	Percent difference	Mean Accuracy	Minimum Accuracy	Maximum Accuracy	Sample 1 Accuracy	Sample 2 Accuracy	Sample 3 Accuracy	Sample 4 Accuracy	Sample 5 Accuracy
TH03_0141_S01	LINC01426	Up	2.82171021503	2.53234362602	10.255007316792225	94.27154701537607	91.11617312072893	97.03389830508475	92.69406392694064	94.81981981981981	97.03389830508475	95.69377990430623	91.11617312072893
