Sample	Gene	Type	Expression	Threshold	Percent difference	Mean Accuracy	Minimum Accuracy	Maximum Accuracy	Sample 1 Accuracy	Sample 2 Accuracy	Sample 3 Accuracy	Sample 4 Accuracy	Sample 5 Accuracy
TH03_0141_S01	LYPLA2P2	Up	0.356143810225	0.344080448151	3.3872165478262315	15.346699171971606	13.066776586974443	21.445113478462254	14.444444444444443	21.445113478462254	13.066776586974443	14.000000000000002	13.777161349976886
