Sample	Gene	Type	Expression	Threshold	Percent difference	Mean Accuracy	Minimum Accuracy	Maximum Accuracy	Sample 1 Accuracy	Sample 2 Accuracy	Sample 3 Accuracy	Sample 4 Accuracy	Sample 5 Accuracy
TH03_0141_S01	EXOC3L2	Up	4.35402893805	4.31380796432	0.9237645018504113	61.62934184461464	52.91902071563088	74.78108581436076	53.65384615384615	70.22132796780684	74.78108581436076	56.57142857142857	52.91902071563088
