Sample	Gene	Type	Expression	Threshold	Percent difference	Mean Accuracy	Minimum Accuracy	Maximum Accuracy	Sample 1 Accuracy	Sample 2 Accuracy	Sample 3 Accuracy	Sample 4 Accuracy	Sample 5 Accuracy
TH03_0141_S01	DPY30	Down	4.3812833725	4.64060974121	5.91895905062231	98.4491633069394	95.54655870445345	99.64788732394366	95.54655870445345	99.0521327014218	99.64788732394366	98.78048780487805	99.21875
