Sample	Gene	Type	Expression	Threshold	Percent difference	Mean Accuracy	Minimum Accuracy	Maximum Accuracy	Sample 1 Accuracy	Sample 2 Accuracy	Sample 3 Accuracy	Sample 4 Accuracy	Sample 5 Accuracy
TH03_0141_S01	HAPLN2	Up	2.70043971814	1.07687234879	60.12233335348346	99.90325464009675	99.74937343358395	100	100	99.74937343358395	100	100	99.76689976689977
