Sample	Gene	Type	Expression	Threshold	Percent difference	Mean Accuracy	Minimum Accuracy	Maximum Accuracy	Sample 1 Accuracy	Sample 2 Accuracy	Sample 3 Accuracy	Sample 4 Accuracy	Sample 5 Accuracy
TH03_0141_S01	RP11-243M5.2	Up	0.17632277264	0.106610842049	39.53654400236296	80.58282022547748	71.94982896237173	93.09494451294698	76.05459057071961	84.32147562582345	93.09494451294698	77.49326145552561	71.94982896237173
