Sample	Gene	Type	Expression	Threshold	Percent difference	Mean Accuracy	Minimum Accuracy	Maximum Accuracy	Sample 1 Accuracy	Sample 2 Accuracy	Sample 3 Accuracy	Sample 4 Accuracy	Sample 5 Accuracy
TH03_0141_S01	NDUFA6	Up	7.713214653	7.66027927399	0.6862946435622814	98.88284266574054	97.47899159663865	100	98.63013698630137	100	100	97.47899159663865	98.30508474576271
