Sample	Gene	Type	Expression	Threshold	Percent difference	Mean Accuracy	Minimum Accuracy	Maximum Accuracy	Sample 1 Accuracy	Sample 2 Accuracy	Sample 3 Accuracy	Sample 4 Accuracy	Sample 5 Accuracy
TH03_0141_S01	IGSF21	Up	4.77452352959	4.61898374557	3.2577027436569512	97.29139075511767	95.65217391304348	99.11894273127754	95.97156398104265	99.11894273127754	98.80478087649402	95.65217391304348	96.90949227373068
