Sample	Gene	Type	Expression	Threshold	Percent difference	Mean Accuracy	Minimum Accuracy	Maximum Accuracy	Sample 1 Accuracy	Sample 2 Accuracy	Sample 3 Accuracy	Sample 4 Accuracy	Sample 5 Accuracy
TH03_0141_S01	CTD-2184D3.5	Up	1.38956681176	1.09286415577	21.352169142137306	97.25226355278406	96	99.1686460807601	96.92556634304206	97.76422764227642	99.1686460807601	96.40287769784173	96
