Sample	Gene	Type	Expression	Threshold	Percent difference	Mean Accuracy	Minimum Accuracy	Maximum Accuracy	Sample 1 Accuracy	Sample 2 Accuracy	Sample 3 Accuracy	Sample 4 Accuracy	Sample 5 Accuracy
TH03_0141_S01	RP11-355N15.3	Up	0.310340120612	0.277918636799	10.447081011976115	30.151553734970346	26.755555555555553	40.01852709587772	26.755555555555553	40.01852709587772	27.988458367683428	28.903225806451616	27.092001849283402
