Sample	Gene	Type	Expression	Threshold	Percent difference	Mean Accuracy	Minimum Accuracy	Maximum Accuracy	Sample 1 Accuracy	Sample 2 Accuracy	Sample 3 Accuracy	Sample 4 Accuracy	Sample 5 Accuracy
TH03_0141_S01	LLPH-AS1	Up	2.96347412397	2.45254564285	17.240861898788502	95.23108473686278	92.60000000000001	98.57482185273159	94.98381877022653	96.95121951219512	98.57482185273159	93.04556354916068	92.60000000000001
