Sample	Gene	Type	Expression	Threshold	Percent difference	Mean Accuracy	Minimum Accuracy	Maximum Accuracy	Sample 1 Accuracy	Sample 2 Accuracy	Sample 3 Accuracy	Sample 4 Accuracy	Sample 5 Accuracy
TH03_0141_S01	LINC00520	Up	1.13750352375	1.13570904732	0.15775568097443177	1.543670846368908	0.9280742459396751	2.2286821705426356	1.3404825737265416	1.92	2.2286821705426356	0.9280742459396751	1.3011152416356877
