Sample	Gene	Type	Expression	Threshold	Percent difference	Mean Accuracy	Minimum Accuracy	Maximum Accuracy	Sample 1 Accuracy	Sample 2 Accuracy	Sample 3 Accuracy	Sample 4 Accuracy	Sample 5 Accuracy
TH03_0141_S01	RP11-394I13.1	Up	0.516015147004	0.256172209978	50.35568016455644	86.2734871907366	80.38768529076397	95.31442663378546	82.00992555831266	91.04084321475626	95.31442663378546	82.61455525606469	80.38768529076397
