Sample	Gene	Type	Expression	Threshold	Percent difference	Mean Accuracy	Minimum Accuracy	Maximum Accuracy	Sample 1 Accuracy	Sample 2 Accuracy	Sample 3 Accuracy	Sample 4 Accuracy	Sample 5 Accuracy
TH03_0141_S01	POLR3D	Up	5.68706068834	5.66837787628	0.32851437823240665	58.20324005788078	49.24012158054711	68.29971181556196	54.02298850574713	68.29971181556196	66.00985221674877	53.4435261707989	49.24012158054711
