Sample	Gene	Type	Expression	Threshold	Percent difference	Mean Accuracy	Minimum Accuracy	Maximum Accuracy	Sample 1 Accuracy	Sample 2 Accuracy	Sample 3 Accuracy	Sample 4 Accuracy	Sample 5 Accuracy
TH03_0141_S01	RP11-138M12.1	Up	2.72246602447	0	100	99.90243065860298	99.8062015503876	100	99.86595174262735	99.83999999999999	99.8062015503876	100	100
