Sample	Gene	Type	Expression	Threshold	Percent difference	Mean Accuracy	Minimum Accuracy	Maximum Accuracy	Sample 1 Accuracy	Sample 2 Accuracy	Sample 3 Accuracy	Sample 4 Accuracy	Sample 5 Accuracy
TH03_0016_S01	LRRC43	Up	2.93545974781	2.61823892593	10.80651240803634	90.5156066886194	83.74384236453201	95.57692307692308	88.91402714932126	95.48693586698337	95.57692307692308	88.85630498533725	83.74384236453201
