Sample	Gene	Type	Expression	Threshold	Percent difference	Mean Accuracy	Minimum Accuracy	Maximum Accuracy	Sample 1 Accuracy	Sample 2 Accuracy	Sample 3 Accuracy	Sample 4 Accuracy	Sample 5 Accuracy
TH03_0016_S01	C2orf73	Up	1.83995958749	1.08755493164	40.892455517264956	99.90323297801388	99.75369458128078	100	100	99.7624703087886	100	100	99.75369458128078
