Sample	Gene	Type	Expression	Threshold	Percent difference	Mean Accuracy	Minimum Accuracy	Maximum Accuracy	Sample 1 Accuracy	Sample 2 Accuracy	Sample 3 Accuracy	Sample 4 Accuracy	Sample 5 Accuracy
TH03_0016_S01	LINC00943	Up	0.871843648509	0.343758791685	60.5710505234642	87.48014541708869	82.44013683010262	95.80764488286067	83.62282878411911	91.56785243741766	95.80764488286067	83.9622641509434	82.44013683010262
