Sample	Gene	Type	Expression	Threshold	Percent difference	Mean Accuracy	Minimum Accuracy	Maximum Accuracy	Sample 1 Accuracy	Sample 2 Accuracy	Sample 3 Accuracy	Sample 4 Accuracy	Sample 5 Accuracy
TH03_0016_S01	RP11-147L13.15	Up	3.72900887034	3.67993426323	1.316022804352451	78.32980863815241	71.92622950819673	86.64192949907236	74.05189620758483	84.63073852295409	86.64192949907236	74.39824945295405	71.92622950819673
