Sample	Gene	Type	Expression	Threshold	Percent difference	Mean Accuracy	Minimum Accuracy	Maximum Accuracy	Sample 1 Accuracy	Sample 2 Accuracy	Sample 3 Accuracy	Sample 4 Accuracy	Sample 5 Accuracy
TH03_0016_S01	FHL5	Up	2.69599381311	2.59561157227	3.723385430332365	70.80990690625069	62.414578587699324	79.44325481798715	63.59223300970874	78.06122448979592	79.44325481798715	70.53824362606233	62.414578587699324
