Sample	Gene	Type	Expression	Threshold	Percent difference	Mean Accuracy	Minimum Accuracy	Maximum Accuracy	Sample 1 Accuracy	Sample 2 Accuracy	Sample 3 Accuracy	Sample 4 Accuracy	Sample 5 Accuracy
TH03_0016_S01	UGT2B4	Up	0.310340120612	0.210507676005	32.168720051447885	74.20087312976345	66.47662485746865	84.2170160295931	68.73449131513648	78.26086956521739	84.2170160295931	73.31536388140162	66.47662485746865
