Sample	Gene	Type	Expression	Threshold	Percent difference	Mean Accuracy	Minimum Accuracy	Maximum Accuracy	Sample 1 Accuracy	Sample 2 Accuracy	Sample 3 Accuracy	Sample 4 Accuracy	Sample 5 Accuracy
TH03_0016_S01	LRFN5	Up	1.57531233069	1.46990299225	6.691329483457413	85.56763417916585	79.22374429223744	92.37288135593221	79.22374429223744	88.73873873873875	92.37288135593221	87.32057416267942	80.18223234624145
