Sample	Gene	Type	Expression	Threshold	Percent difference	Mean Accuracy	Minimum Accuracy	Maximum Accuracy	Sample 1 Accuracy	Sample 2 Accuracy	Sample 3 Accuracy	Sample 4 Accuracy	Sample 5 Accuracy
TH03_0016_S01	ERVH48-1	Up	0.641546029088	0.461326688528	28.091412367744468	76.02192398448163	70.70707070707071	82.84960422163589	70.70707070707071	77.5	82.84960422163589	78.2089552238806	70.84398976982096
