Sample	Gene	Type	Expression	Threshold	Percent difference	Mean Accuracy	Minimum Accuracy	Maximum Accuracy	Sample 1 Accuracy	Sample 2 Accuracy	Sample 3 Accuracy	Sample 4 Accuracy	Sample 5 Accuracy
TH03_0016_S01	RP11-981G7.6	Up	1.75274859141	1.46334087849	16.51165000721443	99.34083587232062	98.60627177700349	100	98.60627177700349	100	99.28571428571429	99.57264957264957	99.23954372623575
