Sample	Gene	Type	Expression	Threshold	Percent difference	Mean Accuracy	Minimum Accuracy	Maximum Accuracy	Sample 1 Accuracy	Sample 2 Accuracy	Sample 3 Accuracy	Sample 4 Accuracy	Sample 5 Accuracy
TH03_0016_S01	TTC23L	Up	1.94110631095	1.77064454556	8.781681066534375	94.85080010184852	92.17877094972067	97.76674937965261	95.28795811518324	95.32967032967034	97.76674937965261	93.69085173501577	92.17877094972067
