Sample	Gene	Type	Expression	Threshold	Percent difference	Mean Accuracy	Minimum Accuracy	Maximum Accuracy	Sample 1 Accuracy	Sample 2 Accuracy	Sample 3 Accuracy	Sample 4 Accuracy	Sample 5 Accuracy
TH01_0132_S01	RN7SL431P	Up	1.41683974191	1.08263778687	23.587844493229156	95.998239953011975	93.69973190348524	98.44961240310077	93.69973190348524	97.92	98.44961240310077	96.05568445475639	93.86617100371747
