Sample	Gene	Type	Expression	Threshold	Percent difference	Mean Accuracy	Minimum Accuracy	Maximum Accuracy	Sample 1 Accuracy	Sample 2 Accuracy	Sample 3 Accuracy	Sample 4 Accuracy	Sample 5 Accuracy
TH01_0132_S01	PLCG1	Down	2.49057013045	2.56901884079	3.14982940576043	67.09442635237878	59.77653631284916	75.54945054945054	61.78010471204188	75.54945054945054	73.69727047146401	64.66876971608832	59.77653631284916
