Sample	Gene	Type	Expression	Threshold	Percent difference	Mean Accuracy	Minimum Accuracy	Maximum Accuracy	Sample 1 Accuracy	Sample 2 Accuracy	Sample 3 Accuracy	Sample 4 Accuracy	Sample 5 Accuracy
TH01_0132_S01	RP11-946L16.2	Up	1.0285691522	0.343758791685	66.57893239849392	99.74471699859843	99.44237918215613	100	99.73190348525469	99.83999999999999	99.70930232558139	100	99.44237918215613
