Sample	Gene	Type	Expression	Threshold	Percent difference	Mean Accuracy	Minimum Accuracy	Maximum Accuracy	Sample 1 Accuracy	Sample 2 Accuracy	Sample 3 Accuracy	Sample 4 Accuracy	Sample 5 Accuracy
TH01_0132_S01	BNIP1	Down	2.02147972741	2.14459562302	6.09038487700991	80.35121909623524	71.0955710955711	89.17835671342685	75.34562211981567	84.46115288220551	89.17835671342685	81.67539267015707	71.0955710955711
