Sample	Gene	Type	Expression	Threshold	Percent difference	Mean Accuracy	Minimum Accuracy	Maximum Accuracy	Sample 1 Accuracy	Sample 2 Accuracy	Sample 3 Accuracy	Sample 4 Accuracy	Sample 5 Accuracy
TH01_0132_S01	RP11-574K11.8	Up	0.69599381311	0.141808778048	79.6249944501177	86.04403107315696	80.90614886731392	93.98186314921682	81.64444444444445	89.30060213061603	93.98186314921682	84.38709677419355	80.90614886731392
