Sample	Gene	Type	Expression	Threshold	Percent difference	Mean Accuracy	Minimum Accuracy	Maximum Accuracy	Sample 1 Accuracy	Sample 2 Accuracy	Sample 3 Accuracy	Sample 4 Accuracy	Sample 5 Accuracy
TH01_0132_S01	URM1	Down	3.86789646399	3.99713158607	3.341224959953685	97.38297108009527	96.045197740113	99.19517102615694	96.15384615384616	99.19517102615694	98.9492119089317	96.57142857142857	96.045197740113
