Sample	Gene	Type	Expression	Threshold	Percent difference	Mean Accuracy	Minimum Accuracy	Maximum Accuracy	Sample 1 Accuracy	Sample 2 Accuracy	Sample 3 Accuracy	Sample 4 Accuracy	Sample 5 Accuracy
TH01_0132_S01	SSR3	Down	4.45220004941	4.54653263092	2.118785779235159	92.9706633238163	88.6574074074074	97.04545454545455	92.7437641723356	95.67099567099568	97.04545454545455	90.73569482288828	88.6574074074074
