Sample	Gene	Type	Expression	Threshold	Percent difference	Mean Accuracy	Minimum Accuracy	Maximum Accuracy	Sample 1 Accuracy	Sample 2 Accuracy	Sample 3 Accuracy	Sample 4 Accuracy	Sample 5 Accuracy
TH01_0132_S01	PFN2	Down	0.344828496997	1.45313000679	321.4065889115429	99.68146092324815	99.34823091247672	100	99.34823091247672	99.800796812749	100	99.76744186046511	99.4908350305499
