Sample	Gene	Type	Expression	Threshold	Percent difference	Mean Accuracy	Minimum Accuracy	Maximum Accuracy	Sample 1 Accuracy	Sample 2 Accuracy	Sample 3 Accuracy	Sample 4 Accuracy	Sample 5 Accuracy
TH01_0132_S01	ANXA2R	Up	4.45154083302	4.14581394196	6.867889176534627	99.83695786877531	99.60474308300395	100	100	100	99.800796812749	99.60474308300395	99.77924944812362
