Sample	Gene	Type	Expression	Threshold	Percent difference	Mean Accuracy	Minimum Accuracy	Maximum Accuracy	Sample 1 Accuracy	Sample 2 Accuracy	Sample 3 Accuracy	Sample 4 Accuracy	Sample 5 Accuracy
TH01_0132_S01	MRPS15	Down	4.37086174009	4.55322408676	4.172228670546912	98.35274405955231	97.15099715099716	99.69040247678018	97.15099715099716	99.69040247678018	99.53271028037383	97.66233766233766	97.72727272727273
