Sample	Gene	Type	Expression	Threshold	Percent difference	Mean Accuracy	Minimum Accuracy	Maximum Accuracy	Sample 1 Accuracy	Sample 2 Accuracy	Sample 3 Accuracy	Sample 4 Accuracy	Sample 5 Accuracy
TH01_0132_S01	PSAP	Down	7.00898878323	7.04771232605	0.5524840175611531	97.14223629477867	93.22033898305084	100	97.61904761904762	100	100	93.22033898305084	94.87179487179486
