Sample	Gene	Type	Expression	Threshold	Percent difference	Mean Accuracy	Minimum Accuracy	Maximum Accuracy	Sample 1 Accuracy	Sample 2 Accuracy	Sample 3 Accuracy	Sample 4 Accuracy	Sample 5 Accuracy
TH01_0132_S01	TRIP6	Down	1.82374936031	2.16585588455	18.758417778518044	98.57242017886172	97.46543778801843	99.79959919839679	97.46543778801843	99.49874686716792	99.79959919839679	98.42931937172776	97.66899766899768
