Sample	Gene	Type	Expression	Threshold	Percent difference	Mean Accuracy	Minimum Accuracy	Maximum Accuracy	Sample 1 Accuracy	Sample 2 Accuracy	Sample 3 Accuracy	Sample 4 Accuracy	Sample 5 Accuracy
TH01_0132_S01	RNVU1-4	Up	3.2110121934900002	2.46390223503	23.267116829225674	87.22922502334266	80.3921568627451	94.64285714285714	84.12698412698413	94.64285714285714	88.88888888888889	88.09523809523809	80.3921568627451
