Sample	Gene	Type	Expression	Threshold	Percent difference	Mean Accuracy	Minimum Accuracy	Maximum Accuracy	Sample 1 Accuracy	Sample 2 Accuracy	Sample 3 Accuracy	Sample 4 Accuracy	Sample 5 Accuracy
TH01_0132_S01	RPS3AP34	Up	1.15704371015	0.805129170418	30.414973664769974	98.95363898802117	98.32134292565947	99.8812351543943	98.38187702265373	98.98373983739837	99.8812351543943	98.32134292565947	99.2
