Sample	Gene	Type	Expression	Threshold	Percent difference	Mean Accuracy	Minimum Accuracy	Maximum Accuracy	Sample 1 Accuracy	Sample 2 Accuracy	Sample 3 Accuracy	Sample 4 Accuracy	Sample 5 Accuracy
TH01_0132_S01	SLC25A3	Down	7.2201364474	7.2331199646	0.17982370962914096	69.26702250479298	60.46511627906976	79.16666666666666	69.40298507462687	79.16666666666666	74.19354838709677	60.46511627906976	63.10679611650486
