Sample	Gene	Type	Expression	Threshold	Percent difference	Mean Accuracy	Minimum Accuracy	Maximum Accuracy	Sample 1 Accuracy	Sample 2 Accuracy	Sample 3 Accuracy	Sample 4 Accuracy	Sample 5 Accuracy
TH01_0132_S01	SPTSSA	Down	1.7398481027	2.19291377068	26.040530048393652	99.83848428715349	99.57264957264957	100	100	100	100	99.57264957264957	99.61977186311786
