Sample	Gene	Type	Expression	Threshold	Percent difference	Mean Accuracy	Minimum Accuracy	Maximum Accuracy	Sample 1 Accuracy	Sample 2 Accuracy	Sample 3 Accuracy	Sample 4 Accuracy	Sample 5 Accuracy
TH01_0132_S01	ATP6V1H	Down	3.72246602447	3.73037528992	0.2124738116616131	18.087207076549866	14.959016393442623	21.756487025948104	15.369261477045908	21.756487025948104	20.408163265306122	17.943107221006567	14.959016393442623
