Sample	Gene	Type	Expression	Threshold	Percent difference	Mean Accuracy	Minimum Accuracy	Maximum Accuracy	Sample 1 Accuracy	Sample 2 Accuracy	Sample 3 Accuracy	Sample 4 Accuracy	Sample 5 Accuracy
TH01_0132_S01	RP11-32B5.1	Up	1.56071495447	1.06163859367	31.97741902649228	99.9071080650028	99.76076555023924	100	100	99.77477477477478	100	99.76076555023924	100
