Sample	Gene	Type	Expression	Threshold	Percent difference	Mean Accuracy	Minimum Accuracy	Maximum Accuracy	Sample 1 Accuracy	Sample 2 Accuracy	Sample 3 Accuracy	Sample 4 Accuracy	Sample 5 Accuracy
TH01_0132_S01	MRPL52	Down	4.86740230573	4.89958572388	0.6612031660525136	26.004052977431606	21.85430463576159	30.136986301369863	21.85430463576159	30.136986301369863	29.444444444444446	24.342105263157894	24.242424242424242
