Sample	Gene	Type	Expression	Threshold	Percent difference	Mean Accuracy	Minimum Accuracy	Maximum Accuracy	Sample 1 Accuracy	Sample 2 Accuracy	Sample 3 Accuracy	Sample 4 Accuracy	Sample 5 Accuracy
TH01_0132_S01	AC005682.6	Up	0.831877241192	0.691053390503	16.928441327137765	54.90542808003596	44.320297951582866	63.07977736549165	44.320297951582866	61.852589641434264	63.07977736549165	57.20930232558139	48.06517311608962
