Sample	Gene	Type	Expression	Threshold	Percent difference	Mean Accuracy	Minimum Accuracy	Maximum Accuracy	Sample 1 Accuracy	Sample 2 Accuracy	Sample 3 Accuracy	Sample 4 Accuracy	Sample 5 Accuracy
TH01_0132_S01	PGAM1P6	Up	0.790772037862	0.141808778048	82.0670469796319	86.18289617727478	81.13730929264909	94.02308326463314	81.95555555555556	89.34691987031033	94.02308326463314	84.45161290322581	81.13730929264909
