Sample	Gene	Type	Expression	Threshold	Percent difference	Mean Accuracy	Minimum Accuracy	Maximum Accuracy	Sample 1 Accuracy	Sample 2 Accuracy	Sample 3 Accuracy	Sample 4 Accuracy	Sample 5 Accuracy
TH01_0132_S01	OR2B8P	Up	0.214124805353	0.106610842049	50.210886649379816	81.8319760229569	74.35530085959886	90.52488070892979	74.35530085959886	87.2854914196568	90.52488070892979	82.46097337006428	74.53323375653473
