Sample	Gene	Type	Expression	Threshold	Percent difference	Mean Accuracy	Minimum Accuracy	Maximum Accuracy	Sample 1 Accuracy	Sample 2 Accuracy	Sample 3 Accuracy	Sample 4 Accuracy	Sample 5 Accuracy
TH01_0132_S01	NARF-IT1	Up	2.18586654531	1.14870917797	47.44833894664462	99.76536223069851	99.39024390243902	100	99.67637540453075	99.39024390243902	100	99.76019184652279	100
