Sample	Gene	Type	Expression	Threshold	Percent difference	Mean Accuracy	Minimum Accuracy	Maximum Accuracy	Sample 1 Accuracy	Sample 2 Accuracy	Sample 3 Accuracy	Sample 4 Accuracy	Sample 5 Accuracy
TH01_0132_S01	AF146191.4	Up	0.978195629682	0.812640547752	16.92453706666222	48.65547027913881	40.57777777777778	60.55234954657873	40.57777777777778	57.433997220935616	60.55234954657873	43.612903225806456	41.10032362459547
