Sample	Gene	Type	Expression	Threshold	Percent difference	Mean Accuracy	Minimum Accuracy	Maximum Accuracy	Sample 1 Accuracy	Sample 2 Accuracy	Sample 3 Accuracy	Sample 4 Accuracy	Sample 5 Accuracy
TH03_0290_S01	CTB-32O4.2	Up	1.76977173925	1.16375684738	34.24254543282622	99.32341546322496	98.8009592326139	100	99.02912621359224	99.1869918699187	100	98.8009592326139	99.6
