Sample	Gene	Type	Expression	Threshold	Percent difference	Mean Accuracy	Minimum Accuracy	Maximum Accuracy	Sample 1 Accuracy	Sample 2 Accuracy	Sample 3 Accuracy	Sample 4 Accuracy	Sample 5 Accuracy
TH03_0290_S01	RP11-629G13.1	Up	1.5993177937	0.535611569881	66.50999745073366	99.94897959183673	99.74489795918367	100	100	99.74489795918367	100	100	100
