Sample	Gene	Type	Expression	Threshold	Percent difference	Mean Accuracy	Minimum Accuracy	Maximum Accuracy	Sample 1 Accuracy	Sample 2 Accuracy	Sample 3 Accuracy	Sample 4 Accuracy	Sample 5 Accuracy
TH03_0290_S01	ADGRD2	Up	0.378511623254	0.244370207191	35.43918015246377	70.85381914256632	60.17191977077364	86.98023176550784	60.17191977077364	75.27301092043682	86.98023176550784	70.15610651974288	61.68782673637042
