Sample	Gene	Type	Expression	Threshold	Percent difference	Mean Accuracy	Minimum Accuracy	Maximum Accuracy	Sample 1 Accuracy	Sample 2 Accuracy	Sample 3 Accuracy	Sample 4 Accuracy	Sample 5 Accuracy
TH03_0290_S01	ZMAT4	Up	1.51096191928	1.41692280769	6.223790976466911	91.20891400789698	85.94771241830065	95.63953488372093	88.95705521472392	95.23809523809523	95.63953488372093	90.2621722846442	85.94771241830065
