Sample	Gene	Type	Expression	Threshold	Percent difference	Mean Accuracy	Minimum Accuracy	Maximum Accuracy	Sample 1 Accuracy	Sample 2 Accuracy	Sample 3 Accuracy	Sample 4 Accuracy	Sample 5 Accuracy
TH03_0290_S01	MEGF11	Up	2.44095219803	2.13038516045	12.723192114562798	98.17850434301175	97.05882352941177	99.4186046511628	97.85276073619632	98.80952380952381	99.4186046511628	97.75280898876404	97.05882352941177
