Sample	Gene	Type	Expression	Threshold	Percent difference	Mean Accuracy	Minimum Accuracy	Maximum Accuracy	Sample 1 Accuracy	Sample 2 Accuracy	Sample 3 Accuracy	Sample 4 Accuracy	Sample 5 Accuracy
TH03_0290_S01	KB-1517D11.4	Up	0.163498732283	0.106960088015	34.58047868538653	81.08012348756068	76.93693693693695	84.84251968503938	76.93693693693695	84.84251968503938	84.31734317343174	81.93832599118943	77.36549165120594
