Sample	Gene	Type	Expression	Threshold	Percent difference	Mean Accuracy	Minimum Accuracy	Maximum Accuracy	Sample 1 Accuracy	Sample 2 Accuracy	Sample 3 Accuracy	Sample 4 Accuracy	Sample 5 Accuracy
TH03_0290_S01	AP000688.29	Up	0.799087306074	0.472911119461	40.818591927775444	82.89227315847968	79.04468412942988	87.07692307692308	79.73950795947901	87.07692307692308	86.76691729323308	81.83333333333334	79.04468412942988
