Sample	Gene	Type	Expression	Threshold	Percent difference	Mean Accuracy	Minimum Accuracy	Maximum Accuracy	Sample 1 Accuracy	Sample 2 Accuracy	Sample 3 Accuracy	Sample 4 Accuracy	Sample 5 Accuracy
TH03_0290_S01	RNF103-CHMP3	Up	0.887525270742	0.852724969387	3.9210490678091703	16.388821503356088	14.179719703215168	22.83464566929134	15.333333333333332	22.83464566929134	14.179719703215168	14.709677419354838	14.886731391585762
