Sample	Gene	Type	Expression	Threshold	Percent difference	Mean Accuracy	Minimum Accuracy	Maximum Accuracy	Sample 1 Accuracy	Sample 2 Accuracy	Sample 3 Accuracy	Sample 4 Accuracy	Sample 5 Accuracy
TH03_0290_S01	GADD45B	Up	8.79659126523	8.77004909515	0.3017324470321977	86.91303299669288	79.6116504854369	95	84.32835820895522	95	91.12903225806451	84.49612403100775	79.6116504854369
