Sample	Gene	Type	Expression	Threshold	Percent difference	Mean Accuracy	Minimum Accuracy	Maximum Accuracy	Sample 1 Accuracy	Sample 2 Accuracy	Sample 3 Accuracy	Sample 4 Accuracy	Sample 5 Accuracy
TH03_0290_S01	NRXN1	Up	2.17632277264	1.34339094162	38.27244016794473	99.83848428715349	99.57264957264957	100	100	100	100	99.57264957264957	99.61977186311786
