Sample	Gene	Type	Expression	Threshold	Percent difference	Mean Accuracy	Minimum Accuracy	Maximum Accuracy	Sample 1 Accuracy	Sample 2 Accuracy	Sample 3 Accuracy	Sample 4 Accuracy	Sample 5 Accuracy
TH03_0290_S01	POM121L9P	Up	1.38956681176	0.909201741219	34.56941159472414	99.965103369212585	99.92977528089888	100	99.95466908431551	100	100	99.92977528089888	99.94107248084856
