Sample	Gene	Type	Expression	Threshold	Percent difference	Mean Accuracy	Minimum Accuracy	Maximum Accuracy	Sample 1 Accuracy	Sample 2 Accuracy	Sample 3 Accuracy	Sample 4 Accuracy	Sample 5 Accuracy
TH03_0290_S01	ZIC1	Up	5.69376571222	5.5701880455	2.170403085865948	99.407856066854	98.81656804733728	99.71671388101983	99.25373134328358	99.71098265895954	99.54128440366972	98.81656804733728	99.71671388101983
