Sample	Gene	Type	Expression	Threshold	Percent difference	Mean Accuracy	Minimum Accuracy	Maximum Accuracy	Sample 1 Accuracy	Sample 2 Accuracy	Sample 3 Accuracy	Sample 4 Accuracy	Sample 5 Accuracy
TH03_0290_S01	RNF112	Up	2.20163386117	1.85460090637	15.762518960149826	99.54677688020074	99.23394225103122	99.82718894009217	99.50135992747053	99.82718894009217	99.73319103521878	99.43820224719101	99.23394225103122
