Sample	Gene	Type	Expression	Threshold	Percent difference	Mean Accuracy	Minimum Accuracy	Maximum Accuracy	Sample 1 Accuracy	Sample 2 Accuracy	Sample 3 Accuracy	Sample 4 Accuracy	Sample 5 Accuracy
TH03_0290_S01	P2RY12	Up	2.70043971814	2.26055669785	16.289310860565386	98.48948308181899	97.71689497716895	99.57627118644068	97.71689497716895	98.42342342342343	99.57627118644068	98.32535885167464	98.40546697038725
