Sample	Gene	Type	Expression	Threshold	Percent difference	Mean Accuracy	Minimum Accuracy	Maximum Accuracy	Sample 1 Accuracy	Sample 2 Accuracy	Sample 3 Accuracy	Sample 4 Accuracy	Sample 5 Accuracy
TH03_0290_S01	RP3-510D11.4	Up	0.310340120612	0.301015585661	3.0046179438906364	23.521481618272023	18.008474576271187	31.756756756756754	19.047619047619047	28.058361391694724	31.756756756756754	20.736196319018404	18.008474576271187
