Sample	Gene	Type	Expression	Threshold	Percent difference	Mean Accuracy	Minimum Accuracy	Maximum Accuracy	Sample 1 Accuracy	Sample 2 Accuracy	Sample 3 Accuracy	Sample 4 Accuracy	Sample 5 Accuracy
TH03_0290_S01	TNFAIP8L3	Up	4.45285896471	4.21727371216	5.290651566040401	99.79426443990596	99.61389961389962	100	99.7867803837953	99.8	99.61389961389962	99.77064220183486	100
