Sample	Gene	Type	Expression	Threshold	Percent difference	Mean Accuracy	Minimum Accuracy	Maximum Accuracy	Sample 1 Accuracy	Sample 2 Accuracy	Sample 3 Accuracy	Sample 4 Accuracy	Sample 5 Accuracy
TH03_0290_S01	RP11-553L6.3	Up	0.0426443374085	0.0362440273166	15.008581398721113	52.64810199778659	39.51271186440678	70.27027027027027	44.58874458874459	60.1571268237935	70.27027027027027	48.71165644171779	39.51271186440678
