Sample	Gene	Type	Expression	Threshold	Percent difference	Mean Accuracy	Minimum Accuracy	Maximum Accuracy	Sample 1 Accuracy	Sample 2 Accuracy	Sample 3 Accuracy	Sample 4 Accuracy	Sample 5 Accuracy
TH03_0290_S01	TMEM200C	Up	2.17632277264	1.93339061737	11.162505779200654	98.48973025304859	97.34826163818504	99.30629669156885	98.4587488667271	99.02073732718894	99.30629669156885	98.31460674157303	97.34826163818504
