Sample	Gene	Type	Expression	Threshold	Percent difference	Mean Accuracy	Minimum Accuracy	Maximum Accuracy	Sample 1 Accuracy	Sample 2 Accuracy	Sample 3 Accuracy	Sample 4 Accuracy	Sample 5 Accuracy
TH03_0290_S01	RP5-1052I5.2	Up	1.44360665148	0.504391551018	65.0603195475102	99.94897959183673	99.74489795918367	100	100	99.74489795918367	100	100	100
