Sample	Gene	Type	Expression	Threshold	Percent difference	Mean Accuracy	Minimum Accuracy	Maximum Accuracy	Sample 1 Accuracy	Sample 2 Accuracy	Sample 3 Accuracy	Sample 4 Accuracy	Sample 5 Accuracy
TH03_0290_S01	AL603831.1	Up	2.90303827011	2.16993951797	25.252810467160046	76.11576067238387	65.92592592592592	86.52482269503547	67.04545454545455	86.52482269503547	84.46969696969697	76.61290322580645	65.92592592592592
