Sample	Gene	Type	Expression	Threshold	Percent difference	Mean Accuracy	Minimum Accuracy	Maximum Accuracy	Sample 1 Accuracy	Sample 2 Accuracy	Sample 3 Accuracy	Sample 4 Accuracy	Sample 5 Accuracy
TH03_0290_S01	CTC-203F4.2	Up	1.77399632511	1.7275172472	2.6200210931732295	56.738736987781735	46.24145785876993	69.593147751606	48.786407766990294	63.26530612244898	69.593147751606	55.80736543909348	46.24145785876993
