Sample	Gene	Type	Expression	Threshold	Percent difference	Mean Accuracy	Minimum Accuracy	Maximum Accuracy	Sample 1 Accuracy	Sample 2 Accuracy	Sample 3 Accuracy	Sample 4 Accuracy	Sample 5 Accuracy
TH03_0290_S01	ASIC2	Up	0.895302621333	0.868871748447	2.9521719535063506	35.308208538802404	29.700734048560136	41.93753983428935	30.327868852459016	41.681901279707496	41.93753983428935	32.89299867899604	29.700734048560136
