Sample	Gene	Type	Expression	Threshold	Percent difference	Mean Accuracy	Minimum Accuracy	Maximum Accuracy	Sample 1 Accuracy	Sample 2 Accuracy	Sample 3 Accuracy	Sample 4 Accuracy	Sample 5 Accuracy
TH03_0290_S01	RNF139	Down	2.40599235968	2.54843711853	5.920416092632368	90.27052915867488	84.640522875817	94.94047619047619	87.11656441717791	94.94047619047619	94.76744186046511	89.8876404494382	84.640522875817
