Sample	Gene	Type	Expression	Threshold	Percent difference	Mean Accuracy	Minimum Accuracy	Maximum Accuracy	Sample 1 Accuracy	Sample 2 Accuracy	Sample 3 Accuracy	Sample 4 Accuracy	Sample 5 Accuracy
TH03_0290_S01	ADARB2	Up	2.22342254993	1.78702771664	19.627165934056894	99.63074419856876	99.34640522875817	100	99.69325153374233	99.40476190476191	99.70930232558139	100	99.34640522875817
