Sample	Gene	Type	Expression	Threshold	Percent difference	Mean Accuracy	Minimum Accuracy	Maximum Accuracy	Sample 1 Accuracy	Sample 2 Accuracy	Sample 3 Accuracy	Sample 4 Accuracy	Sample 5 Accuracy
TH03_0290_S01	DMRTA2	Up	0.62293035092	0.504391551018	19.02922208348512	74.41237756964638	67.25014116318464	83.81134480560867	70.49180327868852	78.97623400365632	83.81134480560867	71.53236459709379	67.25014116318464
