Sample	Gene	Type	Expression	Threshold	Percent difference	Mean Accuracy	Minimum Accuracy	Maximum Accuracy	Sample 1 Accuracy	Sample 2 Accuracy	Sample 3 Accuracy	Sample 4 Accuracy	Sample 5 Accuracy
TH03_0290_S01	SEC14L1	Up	7.17182730268	7.15889978409	0.18025418131818277	85.15307497766268	80	95.65217391304348	81.81818181818183	95.65217391304348	86.11111111111111	82.18390804597702	80
