Sample	Gene	Type	Expression	Threshold	Percent difference	Mean Accuracy	Minimum Accuracy	Maximum Accuracy	Sample 1 Accuracy	Sample 2 Accuracy	Sample 3 Accuracy	Sample 4 Accuracy	Sample 5 Accuracy
TH03_0290_S01	SEC61G	Down	5.61794491742	5.82154655457	3.624130178255695	99.26865920854901	98.11320754716981	100	100	100	100	98.23008849557522	98.11320754716981
