Sample	Gene	Type	Expression	Threshold	Percent difference	Mean Accuracy	Minimum Accuracy	Maximum Accuracy	Sample 1 Accuracy	Sample 2 Accuracy	Sample 3 Accuracy	Sample 4 Accuracy	Sample 5 Accuracy
TH03_0290_S01	TTC24	Up	1.05658352837	0.991648495197	6.145754824815013	80.52812477677978	71.32867132867133	89.57915831663327	75.34562211981567	84.71177944862156	89.57915831663327	81.67539267015707	71.32867132867133
