Sample	Gene	Type	Expression	Threshold	Percent difference	Mean Accuracy	Minimum Accuracy	Maximum Accuracy	Sample 1 Accuracy	Sample 2 Accuracy	Sample 3 Accuracy	Sample 4 Accuracy	Sample 5 Accuracy
TH02_0083_S01	TREML1	Up	2.17312743348	1.67251467705	23.0365117441976	99.03891182675645	97.78325123152709	99.61538461538461	99.09502262443439	99.2874109263658	99.61538461538461	99.41348973607037	97.78325123152709
