Sample	Gene	Type	Expression	Threshold	Percent difference	Mean Accuracy	Minimum Accuracy	Maximum Accuracy	Sample 1 Accuracy	Sample 2 Accuracy	Sample 3 Accuracy	Sample 4 Accuracy	Sample 5 Accuracy
TH02_0083_S01	FRMD1	Up	0.422233000683	0.343758791685	18.585522417968487	58.659336652413145	45.65677966101695	75.67567567567568	49.458874458874455	66.55443322109988	75.67567567567568	55.95092024539877	45.65677966101695
