Sample	Gene	Type	Expression	Threshold	Percent difference	Mean Accuracy	Minimum Accuracy	Maximum Accuracy	Sample 1 Accuracy	Sample 2 Accuracy	Sample 3 Accuracy	Sample 4 Accuracy	Sample 5 Accuracy
TH02_0083_S01	ZC3H11B	Up	0.400537929584	0.333651334047	16.69919141152715	64.22711789148924	55.287569573283854	71.95571955719558	56.57657657657658	71.45669291338582	71.95571955719558	65.85903083700441	55.287569573283854
