Sample	Gene	Type	Expression	Threshold	Percent difference	Mean Accuracy	Minimum Accuracy	Maximum Accuracy	Sample 1 Accuracy	Sample 2 Accuracy	Sample 3 Accuracy	Sample 4 Accuracy	Sample 5 Accuracy
TH02_0083_S01	LRRC39	Up	2	1.98185527325	0.9072363374999948	18.01023288333396	13.752913752913754	24.248496993987974	14.516129032258066	21.303258145363408	24.248496993987974	16.230366492146597	13.752913752913754
