Sample	Gene	Type	Expression	Threshold	Percent difference	Mean Accuracy	Minimum Accuracy	Maximum Accuracy	Sample 1 Accuracy	Sample 2 Accuracy	Sample 3 Accuracy	Sample 4 Accuracy	Sample 5 Accuracy
TH02_0083_S01	AKAP3	Up	2.21412480535	2.19292449951	0.9575027473055485	29.133713928191064	23.006134969325153	34.226190476190474	23.006134969325153	34.226190476190474	34.01162790697674	29.588014981273407	24.836601307189543
