Sample	Gene	Type	Expression	Threshold	Percent difference	Mean Accuracy	Minimum Accuracy	Maximum Accuracy	Sample 1 Accuracy	Sample 2 Accuracy	Sample 3 Accuracy	Sample 4 Accuracy	Sample 5 Accuracy
TH02_0083_S01	CTBP2P8	Up	0.48542682717	0.461326688528	4.9647315090725215	25.57651295968467	19.73929236499069	31.274900398406373	19.73929236499069	31.274900398406373	25.510204081632654	27.325581395348834	24.03258655804481
