Sample	Gene	Type	Expression	Threshold	Percent difference	Mean Accuracy	Minimum Accuracy	Maximum Accuracy	Sample 1 Accuracy	Sample 2 Accuracy	Sample 3 Accuracy	Sample 4 Accuracy	Sample 5 Accuracy
TH02_0083_S01	VAC14-AS1	Up	0.713695814843	0.572815001011	19.739616080415328	76.31396154164177	69.00056465273856	85.59592096876992	72.23360655737704	81.29189518586229	85.59592096876992	73.44782034346103	69.00056465273856
