Sample	Gene	Type	Expression	Threshold	Percent difference	Mean Accuracy	Minimum Accuracy	Maximum Accuracy	Sample 1 Accuracy	Sample 2 Accuracy	Sample 3 Accuracy	Sample 4 Accuracy	Sample 5 Accuracy
TH02_0083_S01	ADRA1A	Up	1.42223300068	0.776138663292	45.4281638155695	99.90043590251635	99.74489795918367	100	99.75728155339806	99.74489795918367	100	100	100
