Sample	Gene	Type	Expression	Threshold	Percent difference	Mean Accuracy	Minimum Accuracy	Maximum Accuracy	Sample 1 Accuracy	Sample 2 Accuracy	Sample 3 Accuracy	Sample 4 Accuracy	Sample 5 Accuracy
TH03_0027_S01	CDH10	Up	0.604071323669	0.566591203213	6.204585284458411	34.967945386296606	26.45381984036488	45.129469790382245	30.76923076923077	42.028985507246375	45.129469790382245	30.45822102425876	26.45381984036488
