Sample	Gene	Type	Expression	Threshold	Percent difference	Mean Accuracy	Minimum Accuracy	Maximum Accuracy	Sample 1 Accuracy	Sample 2 Accuracy	Sample 3 Accuracy	Sample 4 Accuracy	Sample 5 Accuracy
TH03_0027_S01	FAM103A2P	Up	6.05137210172	5.88702917099	2.715796152797949	98.51467690766405	96.46017699115043	100	98	100	100	96.46017699115043	98.11320754716981
