Sample	Gene	Type	Expression	Threshold	Percent difference	Mean Accuracy	Minimum Accuracy	Maximum Accuracy	Sample 1 Accuracy	Sample 2 Accuracy	Sample 3 Accuracy	Sample 4 Accuracy	Sample 5 Accuracy
TH03_0027_S01	LA16c-361A3.3	Up	1.53605290024	1.36732780933	10.984328136331605	78.12597247705312	70.77747989276139	88.2751937984496	70.77747989276139	85.11999999999999	88.2751937984496	74.70997679814386	71.74721189591078
