Sample	Gene	Type	Expression	Threshold	Percent difference	Mean Accuracy	Minimum Accuracy	Maximum Accuracy	Sample 1 Accuracy	Sample 2 Accuracy	Sample 3 Accuracy	Sample 4 Accuracy	Sample 5 Accuracy
TH03_0027_S01	RP1-59D14.5	Up	3.15218341906	2.64947295189	15.948008105439223	99.5835841862332	98.67549668874173	100	98.67549668874173	100	100	100	99.24242424242425
