Sample	Gene	Type	Expression	Threshold	Percent difference	Mean Accuracy	Minimum Accuracy	Maximum Accuracy	Sample 1 Accuracy	Sample 2 Accuracy	Sample 3 Accuracy	Sample 4 Accuracy	Sample 5 Accuracy
TH03_0027_S01	AC093690.1	Up	0.545968369105	0.471435546875	13.651490900870478	53.88970511374802	48.07395993836672	62.92307692307693	49.63820549927641	62.92307692307693	58.64661654135338	50.16666666666667	48.07395993836672
