Sample	Gene	Type	Expression	Threshold	Percent difference	Mean Accuracy	Minimum Accuracy	Maximum Accuracy	Sample 1 Accuracy	Sample 2 Accuracy	Sample 3 Accuracy	Sample 4 Accuracy	Sample 5 Accuracy
TH03_0027_S01	SACS-AS1	Up	0.18903382439	0.106960088015	43.41748712953709	83.53844841587257	79.81510015408321	87.38461538461539	80.60781476121564	87.38461538461539	87.21804511278195	82.66666666666667	79.81510015408321
