Sample	Gene	Type	Expression	Threshold	Percent difference	Mean Accuracy	Minimum Accuracy	Maximum Accuracy	Sample 1 Accuracy	Sample 2 Accuracy	Sample 3 Accuracy	Sample 4 Accuracy	Sample 5 Accuracy
TH03_0027_S01	EQTN	Up	0.50589092973	0.344080448151	31.985250588572566	67.31373156222723	57.44985673352435	79.00477164280846	57.44985673352435	73.32293291731669	79.00477164280846	67.4931129476584	59.297983569828226
