Sample	Gene	Type	Expression	Threshold	Percent difference	Mean Accuracy	Minimum Accuracy	Maximum Accuracy	Sample 1 Accuracy	Sample 2 Accuracy	Sample 3 Accuracy	Sample 4 Accuracy	Sample 5 Accuracy
TH03_0027_S01	FGF10	Up	1.49057013045	1.36513733864	8.415088243592542	92.66274766601231	89.29384965831434	97.85867237687366	89.56310679611651	95.66326530612244	97.85867237687366	90.93484419263456	89.29384965831434
