Sample	Gene	Type	Expression	Threshold	Percent difference	Mean Accuracy	Minimum Accuracy	Maximum Accuracy	Sample 1 Accuracy	Sample 2 Accuracy	Sample 3 Accuracy	Sample 4 Accuracy	Sample 5 Accuracy
TH03_0027_S01	GNRHR2	Up	3.10265813136	2.95448827744	4.775577831871938	98.90216217669489	98.00569800569801	100	98.00569800569801	100	99.53271028037383	98.96103896103897	98.01136363636364
