Sample	Gene	Type	Expression	Threshold	Percent difference	Mean Accuracy	Minimum Accuracy	Maximum Accuracy	Sample 1 Accuracy	Sample 2 Accuracy	Sample 3 Accuracy	Sample 4 Accuracy	Sample 5 Accuracy
TH03_0027_S01	RP11-18H21.1	Up	1.05658352837	0.970738589764	8.124765936720001	87.96732700142199	82.05128205128204	94.98997995991984	83.87096774193549	91.22807017543859	94.98997995991984	87.69633507853402	82.05128205128204
