Sample	Gene	Type	Expression	Threshold	Percent difference	Mean Accuracy	Minimum Accuracy	Maximum Accuracy	Sample 1 Accuracy	Sample 2 Accuracy	Sample 3 Accuracy	Sample 4 Accuracy	Sample 5 Accuracy
TH03_0027_S01	TOMM20	Down	4.5397791917	4.6592040062	2.63063046586809	96.86690058468248	92.34972677595628	98.75	97.5975975975976	98.75	98.70466321243524	96.93251533742331	92.34972677595628
