Sample	Gene	Type	Expression	Threshold	Percent difference	Mean Accuracy	Minimum Accuracy	Maximum Accuracy	Sample 1 Accuracy	Sample 2 Accuracy	Sample 3 Accuracy	Sample 4 Accuracy	Sample 5 Accuracy
TH03_0027_S01	RP11-75I2.3	Up	0.799087306074	0.666062772274	16.64705881182915	72.28736018801773	64.48334274421231	82.47291268323774	68.39139344262296	77.3308957952468	82.47291268323774	68.75825627476883	64.48334274421231
