Sample	Gene	Type	Expression	Threshold	Percent difference	Mean Accuracy	Minimum Accuracy	Maximum Accuracy	Sample 1 Accuracy	Sample 2 Accuracy	Sample 3 Accuracy	Sample 4 Accuracy	Sample 5 Accuracy
TH03_0027_S01	CTD-3220F14.1	Up	2.60644222813	2.2155547142	14.996975943351085	86.73772240154072	80.29739776951673	93.21705426356588	81.36729222520107	92.96	93.21705426356588	85.84686774941996	80.29739776951673
