Sample	Gene	Type	Expression	Threshold	Percent difference	Mean Accuracy	Minimum Accuracy	Maximum Accuracy	Sample 1 Accuracy	Sample 2 Accuracy	Sample 3 Accuracy	Sample 4 Accuracy	Sample 5 Accuracy
TH03_0027_S01	FKSG70	Up	0.879705766282	0.210507676005	76.07067225503222	82.99351656791906	76.33196721311475	92.47431269091919	77.2754854368932	88.01546391752578	92.47431269091919	80.87035358114234	76.33196721311475
