Sample	Gene	Type	Expression	Threshold	Percent difference	Mean Accuracy	Minimum Accuracy	Maximum Accuracy	Sample 1 Accuracy	Sample 2 Accuracy	Sample 3 Accuracy	Sample 4 Accuracy	Sample 5 Accuracy
TH03_0027_S01	RP11-789C17.1	Up	0.903038270113	0.682779431343	24.390864270064466	70.36184790159417	65.94761171032357	76.3076923076923	66.28075253256151	76.3076923076923	75.93984962406014	67.33333333333333	65.94761171032357
