Sample	Gene	Type	Expression	Threshold	Percent difference	Mean Accuracy	Minimum Accuracy	Maximum Accuracy	Sample 1 Accuracy	Sample 2 Accuracy	Sample 3 Accuracy	Sample 4 Accuracy	Sample 5 Accuracy
TH03_0027_S01	BNC2	Up	4.44956137461	4.04541015625	9.08294513401163	99.97236166812418	99.90398463754201	100	100	100	100	99.90398463754201	99.95782370307887
