Sample	Gene	Type	Expression	Threshold	Percent difference	Mean Accuracy	Minimum Accuracy	Maximum Accuracy	Sample 1 Accuracy	Sample 2 Accuracy	Sample 3 Accuracy	Sample 4 Accuracy	Sample 5 Accuracy
TH03_0027_S01	ZRSR2	Up	5.57167680997	5.48661661148	1.5266534903423068	98.4038090773283	96.7455621301775	99.54128440366972	98.00995024875621	99.42196531791907	99.54128440366972	96.7455621301775	98.30028328611898
