Sample	Gene	Type	Expression	Threshold	Percent difference	Mean Accuracy	Minimum Accuracy	Maximum Accuracy	Sample 1 Accuracy	Sample 2 Accuracy	Sample 3 Accuracy	Sample 4 Accuracy	Sample 5 Accuracy
TH03_0027_S01	NALCN-AS1	Up	0.17632277264	0.141808778048	19.574326149276004	67.47351880982049	59.590792838874684	77.04485488126649	62.37373737373737	70	77.04485488126649	68.35820895522387	59.590792838874684
