Sample	Gene	Type	Expression	Threshold	Percent difference	Mean Accuracy	Minimum Accuracy	Maximum Accuracy	Sample 1 Accuracy	Sample 2 Accuracy	Sample 3 Accuracy	Sample 4 Accuracy	Sample 5 Accuracy
TH03_0027_S01	MPRIPP1	Up	1.40053792958	1.29289078712	7.686128321585821	82.59268486887837	76.35467980295566	89.54869358669833	78.05429864253394	89.54869358669833	88.65384615384615	80.35190615835776	76.35467980295566
