Sample	Gene	Type	Expression	Threshold	Percent difference	Mean Accuracy	Minimum Accuracy	Maximum Accuracy	Sample 1 Accuracy	Sample 2 Accuracy	Sample 3 Accuracy	Sample 4 Accuracy	Sample 5 Accuracy
TH03_0027_S01	RP11-318E3.4	Up	1.9221978484	1.78446304798	7.165485100019627	60.22066405597406	51.07238605898124	69.67054263565892	51.07238605898124	68.96	69.67054263565892	55.4524361948956	55.94795539033457
