Sample	Gene	Type	Expression	Threshold	Percent difference	Mean Accuracy	Minimum Accuracy	Maximum Accuracy	Sample 1 Accuracy	Sample 2 Accuracy	Sample 3 Accuracy	Sample 4 Accuracy	Sample 5 Accuracy
TH03_0027_S01	LINC00964	Up	1.28095631383	1.24324071407	2.944331461799205	51.869912095224095	40.32634032634033	65.53106212424849	47.235023041474655	59.3984962406015	65.53106212424849	46.8586387434555	40.32634032634033
