Sample	Gene	Type	Expression	Threshold	Percent difference	Mean Accuracy	Minimum Accuracy	Maximum Accuracy	Sample 1 Accuracy	Sample 2 Accuracy	Sample 3 Accuracy	Sample 4 Accuracy	Sample 5 Accuracy
TH03_0027_S01	IFNE	Up	1.6599245584	0.687809228897	58.56382596327276	99.90325464009675	99.74937343358395	100	100	99.74937343358395	100	100	99.76689976689977
