Sample	Gene	Type	Expression	Threshold	Percent difference	Mean Accuracy	Minimum Accuracy	Maximum Accuracy	Sample 1 Accuracy	Sample 2 Accuracy	Sample 3 Accuracy	Sample 4 Accuracy	Sample 5 Accuracy
TH03_0027_S01	KCNQ1OT1	Up	0.464668267003	0.450526326895	3.0434486519193946	35.546063648256194	29.81366459627329	42.44741873804971	30.635245901639347	41.74283973187081	42.44741873804971	33.091149273447826	29.81366459627329
