Sample	Gene	Type	Expression	Threshold	Percent difference	Mean Accuracy	Minimum Accuracy	Maximum Accuracy	Sample 1 Accuracy	Sample 2 Accuracy	Sample 3 Accuracy	Sample 4 Accuracy	Sample 5 Accuracy
TH03_0027_S01	LSP1	Up	9.22190124176	9.20413780212	0.19262231479513586	71.79648696045913	62.01550387596899	82.5	73.13432835820896	82.5	78.2258064516129	62.01550387596899	63.10679611650486
