Sample	Gene	Type	Expression	Threshold	Percent difference	Mean Accuracy	Minimum Accuracy	Maximum Accuracy	Sample 1 Accuracy	Sample 2 Accuracy	Sample 3 Accuracy	Sample 4 Accuracy	Sample 5 Accuracy
TH03_0027_S01	HS3ST3A1	Up	3.49569516262	3.2665514946	6.555024318775516	99.83695786877531	99.60474308300395	100	100	100	99.800796812749	99.60474308300395	99.77924944812362
