Sample	Gene	Type	Expression	Threshold	Percent difference	Mean Accuracy	Minimum Accuracy	Maximum Accuracy	Sample 1 Accuracy	Sample 2 Accuracy	Sample 3 Accuracy	Sample 4 Accuracy	Sample 5 Accuracy
TH03_0027_S01	RBMXP2	Up	0.790772037862	0.49150043726	37.84549608141642	71.87093019736594	61.24641833810889	87.18473074301295	61.24641833810889	76.5990639625585	87.18473074301295	71.44168962350781	62.88274831964152
