Sample	Gene	Type	Expression	Threshold	Percent difference	Mean Accuracy	Minimum Accuracy	Maximum Accuracy	Sample 1 Accuracy	Sample 2 Accuracy	Sample 3 Accuracy	Sample 4 Accuracy	Sample 5 Accuracy
TH03_0027_S01	MAD2L1BP	Up	6.28095631383	6.00843858719	4.338793537537351	99.89495684273383	99.70414201183432	100	100	100	99.77064220183486	99.70414201183432	100
