Sample	Gene	Type	Expression	Threshold	Percent difference	Mean Accuracy	Minimum Accuracy	Maximum Accuracy	Sample 1 Accuracy	Sample 2 Accuracy	Sample 3 Accuracy	Sample 4 Accuracy	Sample 5 Accuracy
TH03_0027_S01	RP11-108F13.2	Up	0.344828496997	0.277918636799	19.40380820631021	52.10088085128506	43.24444444444445	65.08656224237428	43.24444444444445	60.86150995831403	65.08656224237428	47.483870967741936	43.828016643550626
