Sample	Gene	Type	Expression	Threshold	Percent difference	Mean Accuracy	Minimum Accuracy	Maximum Accuracy	Sample 1 Accuracy	Sample 2 Accuracy	Sample 3 Accuracy	Sample 4 Accuracy	Sample 5 Accuracy
TH03_0027_S01	RP11-325P15.1	Up	0.111031312389	0.106610842049	3.981282617387085	26.30202768564524	20.233050847457626	36.14864864864865	20.77922077922078	31.64983164983165	36.14864864864865	22.699386503067483	20.233050847457626
