Sample	Gene	Type	Expression	Threshold	Percent difference	Mean Accuracy	Minimum Accuracy	Maximum Accuracy	Sample 1 Accuracy	Sample 2 Accuracy	Sample 3 Accuracy	Sample 4 Accuracy	Sample 5 Accuracy
TH03_0027_S01	TBX5	Up	2.64846544303	1.93517935276	26.932051998154783	99.93020673842517	99.85955056179775	100	99.909338168631	100	100	99.85955056179775	99.88214496169712
