Sample	Gene	Type	Expression	Threshold	Percent difference	Mean Accuracy	Minimum Accuracy	Maximum Accuracy	Sample 1 Accuracy	Sample 2 Accuracy	Sample 3 Accuracy	Sample 4 Accuracy	Sample 5 Accuracy
TH03_0027_S01	KCNV2	Up	0.286881147788	0.188761264086	34.202276607770976	80.0846319442039	75.83212735166425	85.56390977443608	75.83212735166425	85.23076923076923	85.56390977443608	77.83333333333333	75.96302003081664
