Sample	Gene	Type	Expression	Threshold	Percent difference	Mean Accuracy	Minimum Accuracy	Maximum Accuracy	Sample 1 Accuracy	Sample 2 Accuracy	Sample 3 Accuracy	Sample 4 Accuracy	Sample 5 Accuracy
TH03_0027_S01	TMEM213	Up	0.62293035092	0.409074544907	34.33061267558378	78.42480784805936	68.6431014823261	92.47842170160297	73.44913151364764	82.08168642951252	92.47842170160297	75.47169811320755	68.6431014823261
