Sample	Gene	Type	Expression	Threshold	Percent difference	Mean Accuracy	Minimum Accuracy	Maximum Accuracy	Sample 1 Accuracy	Sample 2 Accuracy	Sample 3 Accuracy	Sample 4 Accuracy	Sample 5 Accuracy
TH03_0027_S01	TMOD4	Up	1.23878685959	1.10046851635	11.165628870633887	78.48014241509307	71.44772117962466	88.56589147286822	71.44772117962466	85.28	88.56589147286822	75.1740139211137	71.93308550185874
