Sample	Gene	Type	Expression	Threshold	Percent difference	Mean Accuracy	Minimum Accuracy	Maximum Accuracy	Sample 1 Accuracy	Sample 2 Accuracy	Sample 3 Accuracy	Sample 4 Accuracy	Sample 5 Accuracy
TH03_0027_S01	RP4-806M20.4	Up	1.88752527074	1.41422963142	25.07492994435225	96.6610931484744	94.50402144772117	98.74031007751938	94.50402144772117	98.56	98.74031007751938	96.51972157772622	94.9814126394052
