Sample	Gene	Type	Expression	Threshold	Percent difference	Mean Accuracy	Minimum Accuracy	Maximum Accuracy	Sample 1 Accuracy	Sample 2 Accuracy	Sample 3 Accuracy	Sample 4 Accuracy	Sample 5 Accuracy
TH03_0027_S01	RP5-1021I20.6	Up	1.10433665981	0.472911119461	57.17690658368944	99.68073262593431	99.25650557620817	100	99.59785522788204	99.83999999999999	99.70930232558139	100	99.25650557620817
