Sample	Gene	Type	Expression	Threshold	Percent difference	Mean Accuracy	Minimum Accuracy	Maximum Accuracy	Sample 1 Accuracy	Sample 2 Accuracy	Sample 3 Accuracy	Sample 4 Accuracy	Sample 5 Accuracy
TH03_0027_S01	RP11-673E1.3	Up	2.23266075679	1.7287311554	22.5708092847264	95.36625067894188	92.37918215613384	98.15891472868216	93.02949061662198	97.44	98.15891472868216	95.82366589327145	92.37918215613384
