Sample	Gene	Type	Expression	Threshold	Percent difference	Mean Accuracy	Minimum Accuracy	Maximum Accuracy	Sample 1 Accuracy	Sample 2 Accuracy	Sample 3 Accuracy	Sample 4 Accuracy	Sample 5 Accuracy
TH03_0027_S01	DDX11L16	Up	0.20163386117	0.141808778048	29.670156974061392	68.72265977243251	58.28677839851024	79.40630797773655	58.28677839851024	74.60159362549801	79.40630797773655	69.30232558139535	62.016293279022406
