Sample	Gene	Type	Expression	Threshold	Percent difference	Mean Accuracy	Minimum Accuracy	Maximum Accuracy	Sample 1 Accuracy	Sample 2 Accuracy	Sample 3 Accuracy	Sample 4 Accuracy	Sample 5 Accuracy
TH03_0027_S01	RP11-60A14.1	Up	0.526068811668	0.289402633905	44.987684598257296	89.03556200776353	84.52851496329757	94.51880178457617	86.98770491803278	91.16392443631932	94.51880178457617	87.97886393659181	84.52851496329757
