Sample	Gene	Type	Expression	Threshold	Percent difference	Mean Accuracy	Minimum Accuracy	Maximum Accuracy	Sample 1 Accuracy	Sample 2 Accuracy	Sample 3 Accuracy	Sample 4 Accuracy	Sample 5 Accuracy
TH03_0027_S01	RP11-1103G16.1	Up	0.17632277264	0.0714228823781	59.493103863603125	80.25701169360836	72.02868852459017	91.39128019994446	73.48300970873787	86.05025773195877	91.39128019994446	78.33182230281052	72.02868852459017
