Sample	Gene	Type	Expression	Threshold	Percent difference	Mean Accuracy	Minimum Accuracy	Maximum Accuracy	Sample 1 Accuracy	Sample 2 Accuracy	Sample 3 Accuracy	Sample 4 Accuracy	Sample 5 Accuracy
TH03_0027_S01	GRM3	Up	0.263034405834	0.244370207191	7.095725208959512	42.8037300197493	35.064935064935064	50.55350553505535	35.4954954954955	50.39370078740157	50.55350553505535	42.51101321585903	35.064935064935064
