Sample	Gene	Type	Expression	Threshold	Percent difference	Mean Accuracy	Minimum Accuracy	Maximum Accuracy	Sample 1 Accuracy	Sample 2 Accuracy	Sample 3 Accuracy	Sample 4 Accuracy	Sample 5 Accuracy
TH03_0027_S01	AF064858.11	Up	0.659924558402	0.472911119461	28.338608793988662	65.28963667520662	53.96174863387978	82.25492918633714	54.58131067961165	74.22680412371135	82.25492918633714	61.4233907524932	53.96174863387978
