Sample	Gene	Type	Expression	Threshold	Percent difference	Mean Accuracy	Minimum Accuracy	Maximum Accuracy	Sample 1 Accuracy	Sample 2 Accuracy	Sample 3 Accuracy	Sample 4 Accuracy	Sample 5 Accuracy
TH03_0027_S01	RP11-89N17.4	Up	0.389566811763	0.176311850548	54.74156287849734	84.30120906591392	78.17796610169492	93.69369369369369	78.24675324675324	87.09315375982042	93.69369369369369	84.29447852760737	78.17796610169492
