Sample	Gene	Type	Expression	Threshold	Percent difference	Mean Accuracy	Minimum Accuracy	Maximum Accuracy	Sample 1 Accuracy	Sample 2 Accuracy	Sample 3 Accuracy	Sample 4 Accuracy	Sample 5 Accuracy
TH03_0027_S01	LINC00977	Up	0.613531652918	0.106960088015	82.56649228995924	87.00238842525958	81.73352435530086	92.84253578732107	81.73352435530086	91.34165366614666	92.84253578732107	86.86868686868688	82.22554144884242
