Sample	Gene	Type	Expression	Threshold	Percent difference	Mean Accuracy	Minimum Accuracy	Maximum Accuracy	Sample 1 Accuracy	Sample 2 Accuracy	Sample 3 Accuracy	Sample 4 Accuracy	Sample 5 Accuracy
TH03_0027_S01	SIRT2	Up	6.9464969412	6.91029596329	0.5211400539931198	76.88021332759939	68.80952380952381	87.02702702702703	68.80952380952381	87.02702702702703	84.79166666666667	72.72727272727273	71.0455764075067
