Sample	Gene	Type	Expression	Threshold	Percent difference	Mean Accuracy	Minimum Accuracy	Maximum Accuracy	Sample 1 Accuracy	Sample 2 Accuracy	Sample 3 Accuracy	Sample 4 Accuracy	Sample 5 Accuracy
TH03_0027_S01	RP11-20I20.4	Up	4.344828497	4.25285863876	2.116766134808375	64.82332678041173	59.84848484848485	69.86301369863014	62.913907284768214	69.86301369863014	68.33333333333333	63.1578947368421	59.84848484848485
