Sample	Gene	Type	Expression	Threshold	Percent difference	Mean Accuracy	Minimum Accuracy	Maximum Accuracy	Sample 1 Accuracy	Sample 2 Accuracy	Sample 3 Accuracy	Sample 4 Accuracy	Sample 5 Accuracy
TH03_0027_S01	MATN4	Up	0.925999418556	0.523526370525	43.46363938960297	81.90715321552557	73.77423033067275	93.83477188655979	77.1712158808933	85.37549407114624	93.83477188655979	79.38005390835579	73.77423033067275
