Sample	Gene	Type	Expression	Threshold	Percent difference	Mean Accuracy	Minimum Accuracy	Maximum Accuracy	Sample 1 Accuracy	Sample 2 Accuracy	Sample 3 Accuracy	Sample 4 Accuracy	Sample 5 Accuracy
TH03_0027_S01	KLF17	Up	0.286881147788	0.210507676005	26.62199045558707	82.03671497024173	75.32467532467533	89.99362651370299	79.61065573770492	85.8622790981109	89.99362651370299	79.39233817701454	75.32467532467533
