Sample	Gene	Type	Expression	Threshold	Percent difference	Mean Accuracy	Minimum Accuracy	Maximum Accuracy	Sample 1 Accuracy	Sample 2 Accuracy	Sample 3 Accuracy	Sample 4 Accuracy	Sample 5 Accuracy
TH03_0027_S01	OR5K2	Up	0.584962500721	0.210507676005	64.01347509532027	84.86530888048048	78.71545929798357	91.75187457396046	78.93982808022922	89.70358814352574	91.75187457396046	85.2157943067034	78.71545929798357
