Sample	Gene	Type	Expression	Threshold	Percent difference	Mean Accuracy	Minimum Accuracy	Maximum Accuracy	Sample 1 Accuracy	Sample 2 Accuracy	Sample 3 Accuracy	Sample 4 Accuracy	Sample 5 Accuracy
TH03_0027_S01	RP11-749I16.3	Up	0.475084882949	0.429846256971	9.52221962887763	44.965369698140215	38.82896764252696	53.84615384615385	42.11287988422576	53.84615384615385	48.87218045112782	41.16666666666667	38.82896764252696
