Sample	Gene	Type	Expression	Threshold	Percent difference	Mean Accuracy	Minimum Accuracy	Maximum Accuracy	Sample 1 Accuracy	Sample 2 Accuracy	Sample 3 Accuracy	Sample 4 Accuracy	Sample 5 Accuracy
TH03_0027_S01	RP11-286H15.1	Up	1.71808758396	1.23883283138	27.894663639636537	98.67997794148545	97.84172661870504	99.8812351543943	97.89644012944983	98.78048780487805	99.8812351543943	97.84172661870504	99
