Sample	Gene	Type	Expression	Threshold	Percent difference	Mean Accuracy	Minimum Accuracy	Maximum Accuracy	Sample 1 Accuracy	Sample 2 Accuracy	Sample 3 Accuracy	Sample 4 Accuracy	Sample 5 Accuracy
TH03_0027_S01	RSPO2	Up	2.18269229752	0.974200367928	55.36703139352726	99.90325464009675	99.74937343358395	100	100	99.74937343358395	100	100	99.76689976689977
