Sample	Gene	Type	Expression	Threshold	Percent difference	Mean Accuracy	Minimum Accuracy	Maximum Accuracy	Sample 1 Accuracy	Sample 2 Accuracy	Sample 3 Accuracy	Sample 4 Accuracy	Sample 5 Accuracy
TH03_0027_S01	RIOK2	Up	5.67553368623	5.51878881454	2.7617644499282052	99.88077469793888	99.70149253731343	100	100	100	100	99.70149253731343	99.70238095238095
