Sample	Gene	Type	Expression	Threshold	Percent difference	Mean Accuracy	Minimum Accuracy	Maximum Accuracy	Sample 1 Accuracy	Sample 2 Accuracy	Sample 3 Accuracy	Sample 4 Accuracy	Sample 5 Accuracy
TH03_0027_S01	AL356585.2	Up	0.516015147004	0.176311850548	65.83203970432416	84.39431646218114	78.64077669902912	93.446001648804625	79.28888888888889	88.46688281611857	93.446001648804625	82.12903225806451	78.64077669902912
