Sample	Gene	Type	Expression	Threshold	Percent difference	Mean Accuracy	Minimum Accuracy	Maximum Accuracy	Sample 1 Accuracy	Sample 2 Accuracy	Sample 3 Accuracy	Sample 4 Accuracy	Sample 5 Accuracy
TH03_0027_S01	ANKRD30B	Up	0.286881147788	0.210334181786	26.682466447243453	70.67667411090073	61.80159635119726	81.75092478421702	64.26799007444168	76.02108036890645	81.75092478421702	69.54177897574124	61.80159635119726
