Sample	Gene	Type	Expression	Threshold	Percent difference	Mean Accuracy	Minimum Accuracy	Maximum Accuracy	Sample 1 Accuracy	Sample 2 Accuracy	Sample 3 Accuracy	Sample 4 Accuracy	Sample 5 Accuracy
TH03_0027_S01	RP11-344P13.3	Up	0.124328135002	0.0362440273166	70.84808895748581	87.10771133262554	81.27705627705627	94.5945945945946	81.27705627705627	90.23569023569024	94.5945945945946	86.38036809815951	83.05084745762711
