Sample	Gene	Type	Expression	Threshold	Percent difference	Mean Accuracy	Minimum Accuracy	Maximum Accuracy	Sample 1 Accuracy	Sample 2 Accuracy	Sample 3 Accuracy	Sample 4 Accuracy	Sample 5 Accuracy
TH03_0027_S01	TIMD4	Up	1.97085365434	1.93329453468	1.905728493705832	35.94538261962498	26.573426573426573	46.6933867735471	30.184331797235025	44.86215538847117	46.6933867735471	31.413612565445025	26.573426573426573
