Sample	Gene	Type	Expression	Threshold	Percent difference	Mean Accuracy	Minimum Accuracy	Maximum Accuracy	Sample 1 Accuracy	Sample 2 Accuracy	Sample 3 Accuracy	Sample 4 Accuracy	Sample 5 Accuracy
TH03_0027_S01	LINC00943	Up	0.584962500721	0.343758791685	41.2340464113003	81.01115376570559	72.51995438996579	93.34155363748458	76.1786600496278	84.84848484848484	93.34155363748458	78.16711590296495	72.51995438996579
