Sample	Gene	Type	Expression	Threshold	Percent difference	Mean Accuracy	Minimum Accuracy	Maximum Accuracy	Sample 1 Accuracy	Sample 2 Accuracy	Sample 3 Accuracy	Sample 4 Accuracy	Sample 5 Accuracy
TH03_0027_S01	RP11-264B17.4	Up	0.992768430769	0.962352216244	3.0637773706643285	21.39247544592141	16.666666666666664	26.79282868525896	16.666666666666664	26.79282868525896	19.851576994434136	23.488372093023255	20.162932790224033
