Sample	Gene	Type	Expression	Threshold	Percent difference	Mean Accuracy	Minimum Accuracy	Maximum Accuracy	Sample 1 Accuracy	Sample 2 Accuracy	Sample 3 Accuracy	Sample 4 Accuracy	Sample 5 Accuracy
TH03_0027_S01	GOLGA6L3	Up	0.704871964456	0.472911119461	32.90822400264149	74.31963654345027	63.66525423728814	89.52702702702703	66.45021645021644	79.68574635241302	89.52702702702703	72.26993865030676	63.66525423728814
