Sample	Gene	Type	Expression	Threshold	Percent difference	Mean Accuracy	Minimum Accuracy	Maximum Accuracy	Sample 1 Accuracy	Sample 2 Accuracy	Sample 3 Accuracy	Sample 4 Accuracy	Sample 5 Accuracy
TH03_0027_S01	RP11-56D16.8	Up	1.39506279952	0.89061820507	36.159275025007084	99.36341546322497	98.8009592326139	100	99.02912621359224	99.1869918699187	100	98.8009592326139	99.8
