Sample	Gene	Type	Expression	Threshold	Percent difference	Mean Accuracy	Minimum Accuracy	Maximum Accuracy	Sample 1 Accuracy	Sample 2 Accuracy	Sample 3 Accuracy	Sample 4 Accuracy	Sample 5 Accuracy
TH03_0027_S01	RP11-439H8.4	Up	0.226508529809	0.141808778048	37.39362567600515	73.44879462107454	64.13333333333333	86.76834295136027	64.13333333333333	80.50023158869847	86.76834295136027	70.51612903225806	65.3259361997226
