Sample	Gene	Type	Expression	Threshold	Percent difference	Mean Accuracy	Minimum Accuracy	Maximum Accuracy	Sample 1 Accuracy	Sample 2 Accuracy	Sample 3 Accuracy	Sample 4 Accuracy	Sample 5 Accuracy
TH03_0027_S01	RFPL3S	Up	2.81557542886	2.34269165993	16.79527971734951	94.9806556291356	92.4	98.45605700712589	94.66019417475728	96.34146341463415	98.45605700712589	93.04556354916068	92.4
