Sample	Gene	Type	Expression	Threshold	Percent difference	Mean Accuracy	Minimum Accuracy	Maximum Accuracy	Sample 1 Accuracy	Sample 2 Accuracy	Sample 3 Accuracy	Sample 4 Accuracy	Sample 5 Accuracy
TH03_0027_S01	RP11-81H3.2	Up	2.6599245584	0.376716196537	85.83733529782504	99.95934959349593	99.79674796747967	100	100	99.79674796747967	100	100	100
