Sample	Gene	Type	Expression	Threshold	Percent difference	Mean Accuracy	Minimum Accuracy	Maximum Accuracy	Sample 1 Accuracy	Sample 2 Accuracy	Sample 3 Accuracy	Sample 4 Accuracy	Sample 5 Accuracy
TH03_0027_S01	LOXHD1	Up	0.68706068834	0.55422270298	19.334243337506102	74.78313028151986	67.58893280632411	84.13001912045888	70.79918032786885	79.40280316879951	84.13001912045888	71.99471598414794	67.58893280632411
