Sample	Gene	Type	Expression	Threshold	Percent difference	Mean Accuracy	Minimum Accuracy	Maximum Accuracy	Sample 1 Accuracy	Sample 2 Accuracy	Sample 3 Accuracy	Sample 4 Accuracy	Sample 5 Accuracy
TH03_0027_S01	AP000662.9	Up	0.575312330687	0.504391551018	12.327352619804115	35.01668201427852	29.399271844660195	43.55670103092783	29.399271844660195	43.55670103092783	35.99000277700639	36.21940163191296	29.918032786885245
