Sample	Gene	Type	Expression	Threshold	Percent difference	Mean Accuracy	Minimum Accuracy	Maximum Accuracy	Sample 1 Accuracy	Sample 2 Accuracy	Sample 3 Accuracy	Sample 4 Accuracy	Sample 5 Accuracy
TH03_0027_S01	AC091878.1	Up	0.298658315565	0.176311850548	40.96536364157338	83.56068717409383	76.47058823529412	91.55672823218998	80.55555555555556	84.44444444444444	91.55672823218998	84.77611940298507	76.47058823529412
