Sample	Gene	Type	Expression	Threshold	Percent difference	Mean Accuracy	Minimum Accuracy	Maximum Accuracy	Sample 1 Accuracy	Sample 2 Accuracy	Sample 3 Accuracy	Sample 4 Accuracy	Sample 5 Accuracy
TH03_0027_S01	RP11-517P14.7	Up	0.443606651476	0.32233402133	27.33787461087271	70.86838036113801	62.25769669327252	81.99753390875463	64.39205955334988	76.1528326745718	81.99753390875463	69.54177897574124	62.25769669327252
