Sample	Gene	Type	Expression	Threshold	Percent difference	Mean Accuracy	Minimum Accuracy	Maximum Accuracy	Sample 1 Accuracy	Sample 2 Accuracy	Sample 3 Accuracy	Sample 4 Accuracy	Sample 5 Accuracy
TH03_0027_S01	HMGN1P18	Up	1.516015147	0.6579002738	56.60331790866995	91.35550483096812	85.18518518518519	95.96774193548387	86.93181818181817	93.61702127659575	95.07575757575758	95.96774193548387	85.18518518518519
