Sample	Gene	Type	Expression	Threshold	Percent difference	Mean Accuracy	Minimum Accuracy	Maximum Accuracy	Sample 1 Accuracy	Sample 2 Accuracy	Sample 3 Accuracy	Sample 4 Accuracy	Sample 5 Accuracy
TH03_0027_S01	ABC7-42404400C24.1	Up	1.7949356628	1.40466690063	21.742771635680928	99.88378937031057	99.78932584269663	100	99.86400725294651	99.94239631336406	100	99.78932584269663	99.82321744254567
