Sample	Gene	Type	Expression	Threshold	Percent difference	Mean Accuracy	Minimum Accuracy	Maximum Accuracy	Sample 1 Accuracy	Sample 2 Accuracy	Sample 3 Accuracy	Sample 4 Accuracy	Sample 5 Accuracy
TH03_0027_S01	MZT1	Down	1.43829285158	1.4848600626	3.2376724231678353	68.00600509801869	60.33519553072626	76.0989010989011	63.089005235602095	76.0989010989011	73.94540942928039	66.5615141955836	60.33519553072626
