Sample	Gene	Type	Expression	Threshold	Percent difference	Mean Accuracy	Minimum Accuracy	Maximum Accuracy	Sample 1 Accuracy	Sample 2 Accuracy	Sample 3 Accuracy	Sample 4 Accuracy	Sample 5 Accuracy
TH03_0027_S01	RP11-160E2.16	Up	0.847996906555	0.720043897629	15.088853265492563	45.938006272419166	35.163834951456316	61.06637045265204	35.163834951456316	51.41752577319587	61.06637045265204	46.01087941976428	36.03142076502732
