Sample	Gene	Type	Expression	Threshold	Percent difference	Mean Accuracy	Minimum Accuracy	Maximum Accuracy	Sample 1 Accuracy	Sample 2 Accuracy	Sample 3 Accuracy	Sample 4 Accuracy	Sample 5 Accuracy
TH03_0027_S01	SLC2A3P4	Up	0.454175893186	0.234853774309	48.2901277164837	79.6510051881176	72.3463687150838	86.15537848605578	72.3463687150838	86.15537848605578	85.06493506493507	78.72093023255815	75.96741344195519
