Sample	Gene	Type	Expression	Threshold	Percent difference	Mean Accuracy	Minimum Accuracy	Maximum Accuracy	Sample 1 Accuracy	Sample 2 Accuracy	Sample 3 Accuracy	Sample 4 Accuracy	Sample 5 Accuracy
TH03_0027_S01	RP11-536C5.7	Up	0.941106310946	0.751961052418	20.098181929932135	62.21892935454857	49.04661016949153	79.16666666666666	53.03030303030303	69.36026936026936	79.16666666666666	60.49079754601227	49.04661016949153
