Sample	Gene	Type	Expression	Threshold	Percent difference	Mean Accuracy	Minimum Accuracy	Maximum Accuracy	Sample 1 Accuracy	Sample 2 Accuracy	Sample 3 Accuracy	Sample 4 Accuracy	Sample 5 Accuracy
TH03_0027_S01	MDM2	Down	3.04614178164	3.27763819695	7.599659894536022	99.94700578660647	99.87347110923662	100	100	99.95757318625371	100	99.90398463754201	99.87347110923662
