Sample	Gene	Type	Expression	Threshold	Percent difference	Mean Accuracy	Minimum Accuracy	Maximum Accuracy	Sample 1 Accuracy	Sample 2 Accuracy	Sample 3 Accuracy	Sample 4 Accuracy	Sample 5 Accuracy
TH03_0027_S01	TRIM50	Up	0.526068811668	0.419368445873	20.282587263952497	60.44398654555255	49.068901303538176	71.24304267161409	49.068901303538176	67.52988047808765	71.24304267161409	60.8139534883721	53.56415478615071
