Sample	Gene	Type	Expression	Threshold	Percent difference	Mean Accuracy	Minimum Accuracy	Maximum Accuracy	Sample 1 Accuracy	Sample 2 Accuracy	Sample 3 Accuracy	Sample 4 Accuracy	Sample 5 Accuracy
TH03_0027_S01	RP11-374F3.5	Up	0.310340120612	0.301015585661	3.0046179438906364	30.497697426990534	24.864864864864867	38.38582677165354	24.864864864864867	38.38582677165354	32.28782287822878	31.718061674008812	25.231910946196663
