Sample	Gene	Type	Expression	Threshold	Percent difference	Mean Accuracy	Minimum Accuracy	Maximum Accuracy	Sample 1 Accuracy	Sample 2 Accuracy	Sample 3 Accuracy	Sample 4 Accuracy	Sample 5 Accuracy
TH03_0027_S01	CTD-2353F22.1	Up	1.9221978484	1.63784098625	14.793319136565106	86.2601157917785	79.92565055762083	93.21705426356588	80.83109919571045	92.64	93.21705426356588	84.68677494199535	79.92565055762083
