Sample	Gene	Type	Expression	Threshold	Percent difference	Mean Accuracy	Minimum Accuracy	Maximum Accuracy	Sample 1 Accuracy	Sample 2 Accuracy	Sample 3 Accuracy	Sample 4 Accuracy	Sample 5 Accuracy
TH03_0027_S01	RP11-497G19.3	Up	0.575312330687	0.409074544907	28.895223848494577	65.52930022246991	54.23497267759563	82.36600944182172	54.884708737864074	74.4201030927835	82.36600944182172	61.74070716228468	54.23497267759563
