Sample	Gene	Type	Expression	Threshold	Percent difference	Mean Accuracy	Minimum Accuracy	Maximum Accuracy	Sample 1 Accuracy	Sample 2 Accuracy	Sample 3 Accuracy	Sample 4 Accuracy	Sample 5 Accuracy
TH03_0027_S01	GORAB	Up	5.07809742303	5.01634120941	1.2161289647560782	96.36573909658216	94.0828402366864	98.84393063583815	94.5273631840796	98.84393063583815	98.62385321100918	94.0828402366864	95.75070821529745
