Sample	Gene	Type	Expression	Threshold	Percent difference	Mean Accuracy	Minimum Accuracy	Maximum Accuracy	Sample 1 Accuracy	Sample 2 Accuracy	Sample 3 Accuracy	Sample 4 Accuracy	Sample 5 Accuracy
TH03_0027_S01	CFL1P6	Up	0.443606651476	0.210507676005	52.546321092214534	78.40889701340974	69.56967213114754	90.69702860316579	71.05582524271846	85.01932989690721	90.69702860316579	75.7026291931097	69.56967213114754
