Sample	Gene	Type	Expression	Threshold	Percent difference	Mean Accuracy	Minimum Accuracy	Maximum Accuracy	Sample 1 Accuracy	Sample 2 Accuracy	Sample 3 Accuracy	Sample 4 Accuracy	Sample 5 Accuracy
TH03_0027_S01	ASS1P12	Up	1.07038932789	1.05079138279	1.8309174605311587	34.6858101633094	25.874125874125873	44.88977955911824	29.953917050691242	42.606516290726816	44.88977955911824	30.104712041884817	25.874125874125873
