Sample	Gene	Type	Expression	Threshold	Percent difference	Mean Accuracy	Minimum Accuracy	Maximum Accuracy	Sample 1 Accuracy	Sample 2 Accuracy	Sample 3 Accuracy	Sample 4 Accuracy	Sample 5 Accuracy
TH03_0116_S01	CLDN18	Up	0.847996906555	0.419368445873	50.54599343095596	93.34123430481924	89.66685488424618	96.94072657743786	92.26434426229508	94.63741620962828	96.94072657743786	93.19682959048878	89.66685488424618
