Sample	Gene	Type	Expression	Threshold	Percent difference	Mean Accuracy	Minimum Accuracy	Maximum Accuracy	Sample 1 Accuracy	Sample 2 Accuracy	Sample 3 Accuracy	Sample 4 Accuracy	Sample 5 Accuracy
TH03_0116_S01	SGCZ	Up	0.150559676575	0.100940287113	32.956625964378	78.4329733692552	73.80607814761215	83.90977443609022	73.80607814761215	82.92307692307692	83.90977443609022	76.33333333333333	75.19260400616334
