Sample	Gene	Type	Expression	Threshold	Percent difference	Mean Accuracy	Minimum Accuracy	Maximum Accuracy	Sample 1 Accuracy	Sample 2 Accuracy	Sample 3 Accuracy	Sample 4 Accuracy	Sample 5 Accuracy
TH03_0116_S01	ST18	Up	1.65535182861	0.826442122459	50.07453351152764	99.9909338168631	99.95466908431551	100	99.95466908431551	100	100	100	100
