Sample	Gene	Type	Expression	Threshold	Percent difference	Mean Accuracy	Minimum Accuracy	Maximum Accuracy	Sample 1 Accuracy	Sample 2 Accuracy	Sample 3 Accuracy	Sample 4 Accuracy	Sample 5 Accuracy
TH03_0116_S01	RP11-486A14.1	Up	1.7949356628	1.55755960941	13.224766676021499	93.77166815149504	90.14778325123153	97.11538461538461	92.3076923076923	96.91211401425178	97.11538461538461	92.37536656891496	90.14778325123153
