Sample	Gene	Type	Expression	Threshold	Percent difference	Mean Accuracy	Minimum Accuracy	Maximum Accuracy	Sample 1 Accuracy	Sample 2 Accuracy	Sample 3 Accuracy	Sample 4 Accuracy	Sample 5 Accuracy
TH03_0116_S01	GDAP1L1	Up	1.87970576628	1.01275897026	46.12140961485247	99.90323297801388	99.75369458128078	100	100	99.7624703087886	100	100	99.75369458128078
