Sample	Gene	Type	Expression	Threshold	Percent difference	Mean Accuracy	Minimum Accuracy	Maximum Accuracy	Sample 1 Accuracy	Sample 2 Accuracy	Sample 3 Accuracy	Sample 4 Accuracy	Sample 5 Accuracy
TH03_0116_S01	HOXB9	Up	4.73281187208	4.39186954498	7.203800537927603	99.89920779089717	99.72752043596729	100	100	100	100	99.72752043596729	99.76851851851852
