Sample	Gene	Type	Expression	Threshold	Percent difference	Mean Accuracy	Minimum Accuracy	Maximum Accuracy	Sample 1 Accuracy	Sample 2 Accuracy	Sample 3 Accuracy	Sample 4 Accuracy	Sample 5 Accuracy
TH03_0116_S01	RP11-261N11.8	Up	0.0426443374085	0.0362440273166	15.008581398721113	45.890383013095224	35.133495145631066	61.03860038878089	35.133495145631066	51.38530927835051	61.03860038878089	45.965548504079784	35.92896174863388
