Sample	Gene	Type	Expression	Threshold	Percent difference	Mean Accuracy	Minimum Accuracy	Maximum Accuracy	Sample 1 Accuracy	Sample 2 Accuracy	Sample 3 Accuracy	Sample 4 Accuracy	Sample 5 Accuracy
TH03_0116_S01	HSD17B2	Up	5.12598165385	5.06504774094	1.188726706897876	95.83410577235638	92.26190476190477	99.74160206718346	93.33333333333333	97.71428571428571	99.74160206718346	96.11940298507463	92.26190476190477
