Sample	Gene	Type	Expression	Threshold	Percent difference	Mean Accuracy	Minimum Accuracy	Maximum Accuracy	Sample 1 Accuracy	Sample 2 Accuracy	Sample 3 Accuracy	Sample 4 Accuracy	Sample 5 Accuracy
TH03_0116_S01	PNPLA3	Up	2.99638874645	2.20367860794	26.45551714373413	99.65557512695881	99.27184466019418	100	99.27184466019418	99.74489795918367	100	99.71671388101983	99.54441913439635
