Sample	Gene	Type	Expression	Threshold	Percent difference	Mean Accuracy	Minimum Accuracy	Maximum Accuracy	Sample 1 Accuracy	Sample 2 Accuracy	Sample 3 Accuracy	Sample 4 Accuracy	Sample 5 Accuracy
TH03_0116_S01	RP11-817J15.3	Up	1.26903314646	0.311149060726	75.48140790538386	99.92698713394901	99.79674796747967	100	99.83818770226537	99.79674796747967	100	100	100
