Sample	Gene	Type	Expression	Threshold	Percent difference	Mean Accuracy	Minimum Accuracy	Maximum Accuracy	Sample 1 Accuracy	Sample 2 Accuracy	Sample 3 Accuracy	Sample 4 Accuracy	Sample 5 Accuracy
TH03_0116_S01	RP11-104J23.1	Up	0.584962500721	0.071774750948	87.73002528204226	88.3567378486792	83.76623376623377	95.27027027027027	83.76623376623377	90.57239057239057	95.27027027027027	87.85276073619632	84.32203389830508
