Sample	Gene	Type	Expression	Threshold	Percent difference	Mean Accuracy	Minimum Accuracy	Maximum Accuracy	Sample 1 Accuracy	Sample 2 Accuracy	Sample 3 Accuracy	Sample 4 Accuracy	Sample 5 Accuracy
TH03_0116_S01	RP11-428K3.1	Up	1.22032995488	0.728047251701	40.34013106130859	99.85189221319595	99.51456310679612	100	99.51456310679612	99.74489795918367	100	100	100
