Sample	Gene	Type	Expression	Threshold	Percent difference	Mean Accuracy	Minimum Accuracy	Maximum Accuracy	Sample 1 Accuracy	Sample 2 Accuracy	Sample 3 Accuracy	Sample 4 Accuracy	Sample 5 Accuracy
TH03_0116_S01	RP11-94C24.13	Up	0.454175893186	0.256172209978	43.5962555870201	84.23690191816132	81.26126126126127	87.26937269372694	81.26126126126127	87.20472440944881	87.26937269372694	83.25991189427313	82.18923933209648
