Sample	Gene	Type	Expression	Threshold	Percent difference	Mean Accuracy	Minimum Accuracy	Maximum Accuracy	Sample 1 Accuracy	Sample 2 Accuracy	Sample 3 Accuracy	Sample 4 Accuracy	Sample 5 Accuracy
TH03_0116_S01	AC010969.1	Up	0.111031312389	0.0714228823781	35.67320709686942	81.52871970546109	77.47747747747748	84.84251968503938	77.47747747747748	84.84251968503938	84.68634686346863	82.15859030837004	78.4786641929499
