Sample	Gene	Type	Expression	Threshold	Percent difference	Mean Accuracy	Minimum Accuracy	Maximum Accuracy	Sample 1 Accuracy	Sample 2 Accuracy	Sample 3 Accuracy	Sample 4 Accuracy	Sample 5 Accuracy
TH03_0116_S01	PHYHIPL	Up	4.91408609701	4.69829797745	4.3912156869066115	99.1199028974428	98.09264305177112	99.77272727272727	99.09297052154194	99.56709956709958	99.77272727272727	98.09264305177112	99.07407407407408
