Sample	Gene	Type	Expression	Threshold	Percent difference	Mean Accuracy	Minimum Accuracy	Maximum Accuracy	Sample 1 Accuracy	Sample 2 Accuracy	Sample 3 Accuracy	Sample 4 Accuracy	Sample 5 Accuracy
TH03_0116_S01	SARDH	Up	4.90737141382	4.54738855362	7.335553595683144	99.82936068926213	99.4535519125683	100	100	100	100	99.69325153374233	99.4535519125683
