Sample	Gene	Type	Expression	Threshold	Percent difference	Mean Accuracy	Minimum Accuracy	Maximum Accuracy	Sample 1 Accuracy	Sample 2 Accuracy	Sample 3 Accuracy	Sample 4 Accuracy	Sample 5 Accuracy
TH03_0116_S01	SLC7A9	Up	2.43295940728	1.66678512096	31.491453742607543	99.9071080650028	99.76076555023924	100	100	99.77477477477478	100	99.76076555023924	100
