Sample	Gene	Type	Expression	Threshold	Percent difference	Mean Accuracy	Minimum Accuracy	Maximum Accuracy	Sample 1 Accuracy	Sample 2 Accuracy	Sample 3 Accuracy	Sample 4 Accuracy	Sample 5 Accuracy
TH03_0116_S01	RPL30P4	Up	0.422233000683	0.344080448151	18.509342568103683	52.99892815799521	41.50485436893204	70.48042210497084	41.50485436893204	58.634020618556704	70.48042210497084	52.67452402538532	41.700819672131146
