Sample	Gene	Type	Expression	Threshold	Percent difference	Mean Accuracy	Minimum Accuracy	Maximum Accuracy	Sample 1 Accuracy	Sample 2 Accuracy	Sample 3 Accuracy	Sample 4 Accuracy	Sample 5 Accuracy
TH03_0116_S01	CYP21A1P	Up	2.45943161864	2.33541631699	5.042437476614098	77.22649516900856	68.94977168949772	84.53389830508475	68.94977168949772	84.009009009009	84.53389830508475	78.70813397129187	69.93166287015946
