Sample	Gene	Type	Expression	Threshold	Percent difference	Mean Accuracy	Minimum Accuracy	Maximum Accuracy	Sample 1 Accuracy	Sample 2 Accuracy	Sample 3 Accuracy	Sample 4 Accuracy	Sample 5 Accuracy
TH03_0116_S01	KIAA2012	Up	0.422233000683	0.210507676005	50.14419155667965	89.29951285353009	86.18925831202046	94.9868073878628	87.37373737373737	87.5	94.9868073878628	90.44776119402985	86.18925831202046
