Sample	Gene	Type	Expression	Threshold	Percent difference	Mean Accuracy	Minimum Accuracy	Maximum Accuracy	Sample 1 Accuracy	Sample 2 Accuracy	Sample 3 Accuracy	Sample 4 Accuracy	Sample 5 Accuracy
TH03_0116_S01	RP11-364L4.1	Up	2.29572302454	1.80628693104	21.319474878641753	97.25226355278406	96	99.1686460807601	96.92556634304206	97.76422764227642	99.1686460807601	96.40287769784173	96
