Sample	Gene	Type	Expression	Threshold	Percent difference	Mean Accuracy	Minimum Accuracy	Maximum Accuracy	Sample 1 Accuracy	Sample 2 Accuracy	Sample 3 Accuracy	Sample 4 Accuracy	Sample 5 Accuracy
TH03_0116_S01	ARSE	Up	7.44352377369	7.3919839859	0.6924111396295088	99.31882331378299	98.18181818181819	100	98.18181818181819	100	99.21875	99.19354838709677	100
