Sample	Gene	Type	Expression	Threshold	Percent difference	Mean Accuracy	Minimum Accuracy	Maximum Accuracy	Sample 1 Accuracy	Sample 2 Accuracy	Sample 3 Accuracy	Sample 4 Accuracy	Sample 5 Accuracy
TH03_0116_S01	C8orf49	Up	0.367371065649	0.106960088015	70.88499938718809	89.22694492592932	85.06271379703534	95.80764488286067	85.8560794044665	92.88537549407114	95.80764488286067	86.52291105121293	85.06271379703534
