Sample	Gene	Type	Expression	Threshold	Percent difference	Mean Accuracy	Minimum Accuracy	Maximum Accuracy	Sample 1 Accuracy	Sample 2 Accuracy	Sample 3 Accuracy	Sample 4 Accuracy	Sample 5 Accuracy
TH03_0116_S01	RP1-47M23.3	Up	0.956056652412	0.644744336605	32.562120144407935	77.33414427745633	71.61125319693095	83.90501319261213	73.73737373737373	78.61111111111111	83.90501319261213	78.80597014925374	71.61125319693095
