Sample	Gene	Type	Expression	Threshold	Percent difference	Mean Accuracy	Minimum Accuracy	Maximum Accuracy	Sample 1 Accuracy	Sample 2 Accuracy	Sample 3 Accuracy	Sample 4 Accuracy	Sample 5 Accuracy
TH03_0116_S01	NPY4R	Up	0.871843648509	0.776138663292	10.977310596994277	43.433350783927885	32.20338983050847	57.0945945945946	37.121212121212125	51.85185185185185	57.0945945945946	38.895705521472394	32.20338983050847
