Sample	Gene	Type	Expression	Threshold	Percent difference	Mean Accuracy	Minimum Accuracy	Maximum Accuracy	Sample 1 Accuracy	Sample 2 Accuracy	Sample 3 Accuracy	Sample 4 Accuracy	Sample 5 Accuracy
TH03_0116_S01	RP11-503C24.6	Up	0.831877241192	0.141808778048	82.95316051142333	93.19752583569532	90.09009009009009	96.49446494464945	90.09009009009009	95.2755905511811	96.49446494464945	92.29074889867842	91.83673469387756
