Sample	Gene	Type	Expression	Threshold	Percent difference	Mean Accuracy	Minimum Accuracy	Maximum Accuracy	Sample 1 Accuracy	Sample 2 Accuracy	Sample 3 Accuracy	Sample 4 Accuracy	Sample 5 Accuracy
TH03_0116_S01	AGMAT	Up	4.03650333374	3.86060571671	4.357673027536508	99.1199028974428	98.09264305177112	99.77272727272727	99.09297052154194	99.56709956709958	99.77272727272727	98.09264305177112	99.07407407407408
