Sample	Gene	Type	Expression	Threshold	Percent difference	Mean Accuracy	Minimum Accuracy	Maximum Accuracy	Sample 1 Accuracy	Sample 2 Accuracy	Sample 3 Accuracy	Sample 4 Accuracy	Sample 5 Accuracy
TH03_0116_S01	LRRC3B	Up	0.765534746363	0.6579002738	14.06003751944161	50.96633754899499	38.24152542372881	67.45495495495496	42.74891774891775	59.14702581369248	67.45495495495496	47.239263803680984	38.24152542372881
