Sample	Gene	Type	Expression	Threshold	Percent difference	Mean Accuracy	Minimum Accuracy	Maximum Accuracy	Sample 1 Accuracy	Sample 2 Accuracy	Sample 3 Accuracy	Sample 4 Accuracy	Sample 5 Accuracy
TH03_0116_S01	CYP2C19	Up	1.92979099772	0.0362440273166	98.12186773803892	99.94897959183673	99.74489795918367	100	100	99.74489795918367	100	100	100
