Sample	Gene	Type	Expression	Threshold	Percent difference	Mean Accuracy	Minimum Accuracy	Maximum Accuracy	Sample 1 Accuracy	Sample 2 Accuracy	Sample 3 Accuracy	Sample 4 Accuracy	Sample 5 Accuracy
TH03_0116_S01	XKR7	Up	0.53605290024	0.176311850548	67.10924416805464	94.91153785555754	91.9819311123659	97.83301465901847	94.2110655737705	95.551492992078	97.83301465901847	94.98018494055482	91.9819311123659
