Sample	Gene	Type	Expression	Threshold	Percent difference	Mean Accuracy	Minimum Accuracy	Maximum Accuracy	Sample 1 Accuracy	Sample 2 Accuracy	Sample 3 Accuracy	Sample 4 Accuracy	Sample 5 Accuracy
TH03_0116_S01	TBX10	Up	0.555816155062	0.244370207191	56.03398624429312	84.41095328689346	78.35497835497836	93.69369369369369	78.35497835497836	87.09315375982042	93.69369369369369	84.41717791411043	78.4957627118644
