Sample	Gene	Type	Expression	Threshold	Percent difference	Mean Accuracy	Minimum Accuracy	Maximum Accuracy	Sample 1 Accuracy	Sample 2 Accuracy	Sample 3 Accuracy	Sample 4 Accuracy	Sample 5 Accuracy
TH03_0116_S01	SEZ6	Up	2.71589337055	1.14021122456	58.01708428895005	99.90043590251635	99.74489795918367	100	99.75728155339806	99.74489795918367	100	100	100
