Sample	Gene	Type	Expression	Threshold	Percent difference	Mean Accuracy	Minimum Accuracy	Maximum Accuracy	Sample 1 Accuracy	Sample 2 Accuracy	Sample 3 Accuracy	Sample 4 Accuracy	Sample 5 Accuracy
TH03_0116_S01	TAC3	Up	1.84799690655	1.36513733864	26.128808235477173	98.28631689494972	97.3621103117506	99.8812351543943	97.41100323624595	98.57723577235772	99.8812351543943	97.3621103117506	98.2
