Sample	Gene	Type	Expression	Threshold	Percent difference	Mean Accuracy	Minimum Accuracy	Maximum Accuracy	Sample 1 Accuracy	Sample 2 Accuracy	Sample 3 Accuracy	Sample 4 Accuracy	Sample 5 Accuracy
TH03_0116_S01	C10orf82	Up	1.79908730607	1.76271665096	2.0216170158773097	38.345474287061904	27.27272727272727	49.498997995991985	32.25806451612903	47.61904761904761	49.498997995991985	35.07853403141361	27.27272727272727
