Sample	Gene	Type	Expression	Threshold	Percent difference	Mean Accuracy	Minimum Accuracy	Maximum Accuracy	Sample 1 Accuracy	Sample 2 Accuracy	Sample 3 Accuracy	Sample 4 Accuracy	Sample 5 Accuracy
TH03_0116_S01	CTRC	Up	1.20789285164	0.783382773399	35.144680065340836	99.32341546322496	98.8009592326139	100	99.02912621359224	99.1869918699187	100	98.8009592326139	99.6
