Sample	Gene	Type	Expression	Threshold	Percent difference	Mean Accuracy	Minimum Accuracy	Maximum Accuracy	Sample 1 Accuracy	Sample 2 Accuracy	Sample 3 Accuracy	Sample 4 Accuracy	Sample 5 Accuracy
TH03_0116_S01	HTR1D	Up	1.57046293103	1.14987659454	26.781041957746517	99.83848428715349	99.57264957264957	100	100	100	100	99.57264957264957	99.61977186311786
