Sample	Gene	Type	Expression	Threshold	Percent difference	Mean Accuracy	Minimum Accuracy	Maximum Accuracy	Sample 1 Accuracy	Sample 2 Accuracy	Sample 3 Accuracy	Sample 4 Accuracy	Sample 5 Accuracy
TH03_0116_S01	CA7	Up	0.422233000683	0.344080448151	18.509342568103683	58.61562768921266	45.55084745762712	75.56306306306307	49.458874458874455	66.55443322109988	75.56306306306307	55.95092024539877	45.55084745762712
