Sample	Gene	Type	Expression	Threshold	Percent difference	Mean Accuracy	Minimum Accuracy	Maximum Accuracy	Sample 1 Accuracy	Sample 2 Accuracy	Sample 3 Accuracy	Sample 4 Accuracy	Sample 5 Accuracy
TH01_0129_S01	CTC-435M10.3	Down	1.87184364851	2.06136202812	10.12469068989057	93.99580567872584	90.20501138952164	97.03389830508475	92.46575342465754	94.81981981981981	97.03389830508475	95.45454545454545	90.20501138952164
