Sample	Gene	Type	Expression	Threshold	Percent difference	Mean Accuracy	Minimum Accuracy	Maximum Accuracy	Sample 1 Accuracy	Sample 2 Accuracy	Sample 3 Accuracy	Sample 4 Accuracy	Sample 5 Accuracy
TH01_0129_S01	RP11-849I19.2	Up	0.367371065649	0.106960088015	70.88499938718809	87.64112234879987	81.75046554934823	95.08348794063079	81.75046554934823	90.33864541832669	95.08348794063079	86.51162790697674	84.5213849287169
