Sample	Gene	Type	Expression	Threshold	Percent difference	Mean Accuracy	Minimum Accuracy	Maximum Accuracy	Sample 1 Accuracy	Sample 2 Accuracy	Sample 3 Accuracy	Sample 4 Accuracy	Sample 5 Accuracy
TH01_0129_S01	GTF3C2	Down	3.62175885671	3.62635779381	0.1269807649252935	12.45207131910201	9.594882729211088	14.864864864864865	9.594882729211088	14.799999999999999	14.864864864864865	11.009174311926607	11.991434689507495
