Sample	Gene	Type	Expression	Threshold	Percent difference	Mean Accuracy	Minimum Accuracy	Maximum Accuracy	Sample 1 Accuracy	Sample 2 Accuracy	Sample 3 Accuracy	Sample 4 Accuracy	Sample 5 Accuracy
TH01_0129_S01	LAMB1	Down	0.815575428863	1.22234165668	49.874752649681454	80.78263690398306	73.32408691631993	91.71475680131904	73.91111111111111	86.38258452987493	91.71475680131904	78.58064516129032	73.32408691631993
