Sample	Gene	Type	Expression	Threshold	Percent difference	Mean Accuracy	Minimum Accuracy	Maximum Accuracy	Sample 1 Accuracy	Sample 2 Accuracy	Sample 3 Accuracy	Sample 4 Accuracy	Sample 5 Accuracy
TH01_0129_S01	PSMD1	Down	3.70708299177	4.04464292526	9.105809992368874	99.97236166812418	99.90398463754201	100	100	100	100	99.90398463754201	99.95782370307887
