Sample	Gene	Type	Expression	Threshold	Percent difference	Mean Accuracy	Minimum Accuracy	Maximum Accuracy	Sample 1 Accuracy	Sample 2 Accuracy	Sample 3 Accuracy	Sample 4 Accuracy	Sample 5 Accuracy
TH01_0129_S01	COA1	Down	3.60050764535	3.65245175362	1.4426884591422784	79.34110672534774	72.69303201506591	88.44133099824869	73.84615384615385	85.91549295774648	88.44133099824869	75.80952380952381	72.69303201506591
