Sample	Gene	Type	Expression	Threshold	Percent difference	Mean Accuracy	Minimum Accuracy	Maximum Accuracy	Sample 1 Accuracy	Sample 2 Accuracy	Sample 3 Accuracy	Sample 4 Accuracy	Sample 5 Accuracy
TH01_0129_S01	RP3-492J12.2	Up	0.613531652918	0.0358882322907	94.15054918193493	86.58850404685076	81.69209431345354	94.22918384171476	82.62222222222222	89.62482630847614	94.22918384171476	84.7741935483871	81.69209431345354
