Sample	Gene	Type	Expression	Threshold	Percent difference	Mean Accuracy	Minimum Accuracy	Maximum Accuracy	Sample 1 Accuracy	Sample 2 Accuracy	Sample 3 Accuracy	Sample 4 Accuracy	Sample 5 Accuracy
TH01_0129_S01	PHF5A	Down	2.96716860753	3.17804169655	7.1068792142398545	80.17111958525298	74.38423645320196	87.88598574821853	75.1131221719457	87.88598574821853	86.34615384615385	77.12609970674487	74.38423645320196
