Sample	Gene	Type	Expression	Threshold	Percent difference	Mean Accuracy	Minimum Accuracy	Maximum Accuracy	Sample 1 Accuracy	Sample 2 Accuracy	Sample 3 Accuracy	Sample 4 Accuracy	Sample 5 Accuracy
TH01_0129_S01	CIAPIN1	Down	2.80735492206	3.31646203995	18.13476144001144	99.27180169812486	98.86104783599089	99.57627118644068	99.31506849315068	99.32432432432432	99.57627118644068	99.28229665071771	98.86104783599089
