Sample	Gene	Type	Expression	Threshold	Percent difference	Mean Accuracy	Minimum Accuracy	Maximum Accuracy	Sample 1 Accuracy	Sample 2 Accuracy	Sample 3 Accuracy	Sample 4 Accuracy	Sample 5 Accuracy
TH01_0129_S01	TBRG4	Down	3.32337006906	3.47458100319	4.549927663420558	99.20210443863874	98.66666666666667	99.82486865148861	99.03846153846155	99.79879275653923	99.82486865148861	98.66666666666667	98.68173258003766
