Sample	Gene	Type	Expression	Threshold	Percent difference	Mean Accuracy	Minimum Accuracy	Maximum Accuracy	Sample 1 Accuracy	Sample 2 Accuracy	Sample 3 Accuracy	Sample 4 Accuracy	Sample 5 Accuracy
TH01_0129_S01	EMC8	Down	2.50589092973	2.74332809448	9.475159590269264	92.67453718214472	89.29384965831434	96.1864406779661	89.95433789954338	93.91891891891892	96.1864406779661	94.01913875598086	89.29384965831434
