Sample	Gene	Type	Expression	Threshold	Percent difference	Mean Accuracy	Minimum Accuracy	Maximum Accuracy	Sample 1 Accuracy	Sample 2 Accuracy	Sample 3 Accuracy	Sample 4 Accuracy	Sample 5 Accuracy
TH01_0129_S01	RUVBL2	Down	4.38335869539	4.64654350281	6.004181398542465	99.66960626462556	99.2094861660079	100	100	100	99.800796812749	99.2094861660079	99.33774834437085
