Sample	Gene	Type	Expression	Threshold	Percent difference	Mean Accuracy	Minimum Accuracy	Maximum Accuracy	Sample 1 Accuracy	Sample 2 Accuracy	Sample 3 Accuracy	Sample 4 Accuracy	Sample 5 Accuracy
TH01_0129_S01	MKRN1	Down	4.02059109477	4.04570436478	0.6246163665503524	48.86983369373912	36.27049180327869	58.08383233532935	43.31337325349301	58.08383233532935	57.88497217068645	48.796498905908095	36.27049180327869
