Sample	Gene	Type	Expression	Threshold	Percent difference	Mean Accuracy	Minimum Accuracy	Maximum Accuracy	Sample 1 Accuracy	Sample 2 Accuracy	Sample 3 Accuracy	Sample 4 Accuracy	Sample 5 Accuracy
TH03_0112_S02	ANKRD34A	Up	2.18903382439	1.72952437401	20.991427599710473	99.85161206021655	99.71910112359551	100	99.77334542157752	99.94239631336406	100	99.71910112359551	99.82321744254567
