Sample	Gene	Type	Expression	Threshold	Percent difference	Mean Accuracy	Minimum Accuracy	Maximum Accuracy	Sample 1 Accuracy	Sample 2 Accuracy	Sample 3 Accuracy	Sample 4 Accuracy	Sample 5 Accuracy
TH03_0112_S02	ZBBX	Up	1.5993177937	1.05582380295	33.98286399932024	99.85189221319595	99.51456310679612	100	99.51456310679612	99.74489795918367	100	100	100
