Sample	Gene	Type	Expression	Threshold	Percent difference	Mean Accuracy	Minimum Accuracy	Maximum Accuracy	Sample 1 Accuracy	Sample 2 Accuracy	Sample 3 Accuracy	Sample 4 Accuracy	Sample 5 Accuracy
TH03_0112_S02	GATA4	Up	2.2110121934900002	1.94560039043	12.004085904250825	97.71895961702192	96.40522875816994	99.12790697674419	97.54601226993866	98.51190476190477	99.12790697674419	97.00374531835206	96.40522875816994
