Sample	Gene	Type	Expression	Threshold	Percent difference	Mean Accuracy	Minimum Accuracy	Maximum Accuracy	Sample 1 Accuracy	Sample 2 Accuracy	Sample 3 Accuracy	Sample 4 Accuracy	Sample 5 Accuracy
TH03_0112_S02	ZCCHC16	Up	0.163498732283	0.0362440273166	77.83222731423677	92.97390209774105	89.90990990990991	96.30996309963099	89.90990990990991	95.07874015748031	96.30996309963099	92.29074889867842	91.28014842300557
