Sample	Gene	Type	Expression	Threshold	Percent difference	Mean Accuracy	Minimum Accuracy	Maximum Accuracy	Sample 1 Accuracy	Sample 2 Accuracy	Sample 3 Accuracy	Sample 4 Accuracy	Sample 5 Accuracy
TH03_0112_S02	RPS29	Down	9.72241479149	9.73652935028	0.1451754434747493	51.96839820924999	28.8135593220339	65.95744680851064	47.82608695652174	62.244897959183675	65.95744680851064	55.00000000000001	28.8135593220339
