Sample	Gene	Type	Expression	Threshold	Percent difference	Mean Accuracy	Minimum Accuracy	Maximum Accuracy	Sample 1 Accuracy	Sample 2 Accuracy	Sample 3 Accuracy	Sample 4 Accuracy	Sample 5 Accuracy
TH03_0112_S02	RP11-800A3.7	Up	1.07038932789	0.88221269846000006	17.58020418616676	98.90347344020023	98.63013698630137	99.57627118644068	98.63013698630137	98.87387387387388	99.57627118644068	98.80382775119617	98.63325740318906
