Sample	Gene	Type	Expression	Threshold	Percent difference	Mean Accuracy	Minimum Accuracy	Maximum Accuracy	Sample 1 Accuracy	Sample 2 Accuracy	Sample 3 Accuracy	Sample 4 Accuracy	Sample 5 Accuracy
TH03_0112_S02	FGFRL1	Up	7.47476049958	7.45801115036	0.22407874099700595	90.1748328153214	85.45454545454545	97.82608695652173	85.45454545454545	97.82608695652173	90.27777777777779	89.08045977011494	88.23529411764706
