Sample	Gene	Type	Expression	Threshold	Percent difference	Mean Accuracy	Minimum Accuracy	Maximum Accuracy	Sample 1 Accuracy	Sample 2 Accuracy	Sample 3 Accuracy	Sample 4 Accuracy	Sample 5 Accuracy
TH03_0112_S02	RP4-561L24.3	Up	1.73118324157	1.05663478374	38.96459032368265	99.9071080650028	99.76076555023924	100	100	99.77477477477478	100	99.76076555023924	100
