Sample	Gene	Type	Expression	Threshold	Percent difference	Mean Accuracy	Minimum Accuracy	Maximum Accuracy	Sample 1 Accuracy	Sample 2 Accuracy	Sample 3 Accuracy	Sample 4 Accuracy	Sample 5 Accuracy
TH03_0112_S02	FAM101A	Up	5.97200330381	5.09709310532	14.650196156653628	99.95833333333333	99.79166666666667	100	100	100	99.79166666666667	100	100
