Sample	Gene	Type	Expression	Threshold	Percent difference	Mean Accuracy	Minimum Accuracy	Maximum Accuracy	Sample 1 Accuracy	Sample 2 Accuracy	Sample 3 Accuracy	Sample 4 Accuracy	Sample 5 Accuracy
TH03_0140_S01	IL12RB2	Up	2.86987140618	2.75876712799	3.871402668103781	76.85928968486085	69.6078431372549	83.33333333333334	72.39263803680981	83.33333333333334	82.55813953488372	76.40449438202246	69.6078431372549
