Sample	Gene	Type	Expression	Threshold	Percent difference	Mean Accuracy	Minimum Accuracy	Maximum Accuracy	Sample 1 Accuracy	Sample 2 Accuracy	Sample 3 Accuracy	Sample 4 Accuracy	Sample 5 Accuracy
TH03_0140_S01	RP11-54O7.1	Up	0.941106310946	0.783382773399	16.759375185621302	72.34809100021715	64.59627329192547	82.53664754620777	68.39139344262296	77.39183424741012	82.53664754620777	68.82430647291942	64.59627329192547
