Sample	Gene	Type	Expression	Threshold	Percent difference	Mean Accuracy	Minimum Accuracy	Maximum Accuracy	Sample 1 Accuracy	Sample 2 Accuracy	Sample 3 Accuracy	Sample 4 Accuracy	Sample 5 Accuracy
TH03_0140_S01	IZUMO2	Up	0.422233000683	0.106960088015	74.66799424915096	85.60915816149772	80.44382801664355	93.81698268755152	81.06666666666666	88.9763779527559	93.81698268755152	83.74193548387096	80.44382801664355
