Sample	Gene	Type	Expression	Threshold	Percent difference	Mean Accuracy	Minimum Accuracy	Maximum Accuracy	Sample 1 Accuracy	Sample 2 Accuracy	Sample 3 Accuracy	Sample 4 Accuracy	Sample 5 Accuracy
TH03_0140_S01	TXNDC2	Up	0.411426245726	0.32233402133	21.654482503610936	65.41350262961309	55.416191562143666	78.79161528976573	59.05707196029777	71.67325428194994	78.79161528976573	62.129380053908356	55.416191562143666
