Sample	Gene	Type	Expression	Threshold	Percent difference	Mean Accuracy	Minimum Accuracy	Maximum Accuracy	Sample 1 Accuracy	Sample 2 Accuracy	Sample 3 Accuracy	Sample 4 Accuracy	Sample 5 Accuracy
TH03_0140_S01	FAM101A	Up	5.18428029442	5.09709310532	1.6817607102347847	99.39704120519987	98.62258953168043	100	99.52380952380952	100	99.375	98.62258953168043	99.46380697050938
