Sample	Gene	Type	Expression	Threshold	Percent difference	Mean Accuracy	Minimum Accuracy	Maximum Accuracy	Sample 1 Accuracy	Sample 2 Accuracy	Sample 3 Accuracy	Sample 4 Accuracy	Sample 5 Accuracy
TH03_0140_S01	RP11-556E13.1	Up	1.95233356637	1.58088183403	19.026038313250197	92.18340373372176	87.93565683646113	96.31782945736434	87.93565683646113	95.52000000000001	96.31782945736434	93.03944315545245	88.10408921933085
