Sample	Gene	Type	Expression	Threshold	Percent difference	Mean Accuracy	Minimum Accuracy	Maximum Accuracy	Sample 1 Accuracy	Sample 2 Accuracy	Sample 3 Accuracy	Sample 4 Accuracy	Sample 5 Accuracy
TH03_0140_S01	NSMCE2	Up	6.23591848756	6.09173822403	2.3120934601314054	99.82125088841507	99.40476190476191	100	100	100	100	99.70149253731343	99.40476190476191
