Sample	Gene	Type	Expression	Threshold	Percent difference	Mean Accuracy	Minimum Accuracy	Maximum Accuracy	Sample 1 Accuracy	Sample 2 Accuracy	Sample 3 Accuracy	Sample 4 Accuracy	Sample 5 Accuracy
TH03_0140_S01	GPR88	Up	0.6322682155	0.55422270298	12.34373492241443	64.97567098058124	56.57820440429136	75.52581261950286	61.065573770491795	70.81048141377208	75.52581261950286	60.898282694848085	56.57820440429136
