Sample	Gene	Type	Expression	Threshold	Percent difference	Mean Accuracy	Minimum Accuracy	Maximum Accuracy	Sample 1 Accuracy	Sample 2 Accuracy	Sample 3 Accuracy	Sample 4 Accuracy	Sample 5 Accuracy
TH03_0140_S01	RNASEH2B-AS1	Up	1.42760617278	1.29733109474	9.125421318844063	82.9405950951465	75.6	90.61757719714964	78.47896440129449	89.43089430894308	90.61757719714964	80.57553956834532	75.6
