Sample	Gene	Type	Expression	Threshold	Percent difference	Mean Accuracy	Minimum Accuracy	Maximum Accuracy	Sample 1 Accuracy	Sample 2 Accuracy	Sample 3 Accuracy	Sample 4 Accuracy	Sample 5 Accuracy
TH03_0140_S01	CLEC11A	Up	6.92100780045	6.78013420105	2.035449221583602	99.35119884305796	98.81656804733728	99.71098265895954	99.25373134328358	99.71098265895954	99.54128440366972	98.81656804733728	99.43342776203966
