Sample	Gene	Type	Expression	Threshold	Percent difference	Mean Accuracy	Minimum Accuracy	Maximum Accuracy	Sample 1 Accuracy	Sample 2 Accuracy	Sample 3 Accuracy	Sample 4 Accuracy	Sample 5 Accuracy
TH03_0140_S01	ZNF18	Up	4.06436554026	4.03146076202	0.8095919993922319	61.332778132137314	53.53319057815846	71.62162162162163	56.71641791044776	68.60000000000001	71.62162162162163	56.19266055045872	53.53319057815846
