Sample	Gene	Type	Expression	Threshold	Percent difference	Mean Accuracy	Minimum Accuracy	Maximum Accuracy	Sample 1 Accuracy	Sample 2 Accuracy	Sample 3 Accuracy	Sample 4 Accuracy	Sample 5 Accuracy
TH03_0140_S01	LINC00452	Up	0.214124805353	0.071774750948	66.47994573553764	91.25287222875971	88.88888888888889	96.56992084432717	89.39393939393939	88.88888888888889	96.56992084432717	91.64179104477613	89.769820971867
