Sample	Gene	Type	Expression	Threshold	Percent difference	Mean Accuracy	Minimum Accuracy	Maximum Accuracy	Sample 1 Accuracy	Sample 2 Accuracy	Sample 3 Accuracy	Sample 4 Accuracy	Sample 5 Accuracy
TH03_0140_S01	HAND1	Up	0.731183241572	0.106610842049	85.41940843449953	88.33509282703417	83.65800865800865	95.27027027027027	83.65800865800865	90.57239057239057	95.27027027027027	87.85276073619632	84.32203389830508
