Sample	Gene	Type	Expression	Threshold	Percent difference	Mean Accuracy	Minimum Accuracy	Maximum Accuracy	Sample 1 Accuracy	Sample 2 Accuracy	Sample 3 Accuracy	Sample 4 Accuracy	Sample 5 Accuracy
TH03_0140_S01	PITX2	Up	4.48800077083	4.32819890976	3.5606469167438815	98.02370096475344	97.11538461538461	99.29947460595446	97.11538461538461	99.19517102615694	99.29947460595446	97.33333333333334	97.17514124293785
