Sample	Gene	Type	Expression	Threshold	Percent difference	Mean Accuracy	Minimum Accuracy	Maximum Accuracy	Sample 1 Accuracy	Sample 2 Accuracy	Sample 3 Accuracy	Sample 4 Accuracy	Sample 5 Accuracy
TH03_0140_S01	LINC01505	Up	1.40053792958	0.141808778048	89.8746920698873	99.95934959349593	99.79674796747967	100	100	99.79674796747967	100	100	100
