Sample	Gene	Type	Expression	Threshold	Percent difference	Mean Accuracy	Minimum Accuracy	Maximum Accuracy	Sample 1 Accuracy	Sample 2 Accuracy	Sample 3 Accuracy	Sample 4 Accuracy	Sample 5 Accuracy
TH03_0140_S01	ATP5J	Up	9.05093696523	9.04368209839	0.0801559757610596	39.99270580188714	32.773109243697476	48.275862068965516	34.93150684931507	48.275862068965516	45	32.773109243697476	38.983050847457626
