Sample	Gene	Type	Expression	Threshold	Percent difference	Mean Accuracy	Minimum Accuracy	Maximum Accuracy	Sample 1 Accuracy	Sample 2 Accuracy	Sample 3 Accuracy	Sample 4 Accuracy	Sample 5 Accuracy
TH03_0140_S01	NBPF10	Up	4.06350294231	3.84643149376	5.3419783775670355	99.76032925916255	99.4517081400253	99.95625546806649	99.9474513925381	99.83029274501484	99.95625546806649	99.61593855016802	99.4517081400253
