Sample	Gene	Type	Expression	Threshold	Percent difference	Mean Accuracy	Minimum Accuracy	Maximum Accuracy	Sample 1 Accuracy	Sample 2 Accuracy	Sample 3 Accuracy	Sample 4 Accuracy	Sample 5 Accuracy
TH01_0124_S01	TPM3P7	Up	0.389566811763	0.106960088015	72.54383977655901	85.52161684165594	80.30513176144244	93.69332234130255	81.06666666666666	88.93006021306161	93.69332234130255	83.61290322580646	80.30513176144244
