Sample	Gene	Type	Expression	Threshold	Percent difference	Mean Accuracy	Minimum Accuracy	Maximum Accuracy	Sample 1 Accuracy	Sample 2 Accuracy	Sample 3 Accuracy	Sample 4 Accuracy	Sample 5 Accuracy
TH01_0124_S01	ISOC2	Down	2.61353165292	3.78376197815	44.7758236990375	99.90323297801388	99.75369458128078	100	100	99.7624703087886	100	100	99.75369458128078
