Sample	Gene	Type	Expression	Threshold	Percent difference	Mean Accuracy	Minimum Accuracy	Maximum Accuracy	Sample 1 Accuracy	Sample 2 Accuracy	Sample 3 Accuracy	Sample 4 Accuracy	Sample 5 Accuracy
TH01_0124_S01	NDUFAF3	Down	4.21334728173	4.35790061951	3.4308431779838022	97.19785686147337	95.15669515669516	99.38080495356037	95.15669515669516	99.38080495356037	99.06542056074767	96.36363636363636	96.02272727272727
