Sample	Gene	Type	Expression	Threshold	Percent difference	Mean Accuracy	Minimum Accuracy	Maximum Accuracy	Sample 1 Accuracy	Sample 2 Accuracy	Sample 3 Accuracy	Sample 4 Accuracy	Sample 5 Accuracy
TH01_0124_S01	ELP6	Down	2.68929916054	2.75957751274	2.6132589944321514	44.23726146944158	32.80542986425339	57.30769230769231	32.80542986425339	54.63182897862233	57.30769230769231	39.002932551319645	37.4384236453202
