Sample	Gene	Type	Expression	Threshold	Percent difference	Mean Accuracy	Minimum Accuracy	Maximum Accuracy	Sample 1 Accuracy	Sample 2 Accuracy	Sample 3 Accuracy	Sample 4 Accuracy	Sample 5 Accuracy
TH01_0124_S01	UBL4A	Down	3.17951105027	3.2448284626	2.054322545111254	92.31194854473983	88.0085653104925	96.33204633204633	92.11087420042644	95.19999999999999	96.33204633204633	89.90825688073394	88.0085653104925
