Sample	Gene	Type	Expression	Threshold	Percent difference	Mean Accuracy	Minimum Accuracy	Maximum Accuracy	Sample 1 Accuracy	Sample 2 Accuracy	Sample 3 Accuracy	Sample 4 Accuracy	Sample 5 Accuracy
TH01_0124_S01	RP13-20L14.10	Up	1.81147103053	1.40114533901	22.651518274622752	99.77073881904451	99.54337899543378	100	99.54337899543378	99.54954954954955	100	99.76076555023924	100
