Sample	Gene	Type	Expression	Threshold	Percent difference	Mean Accuracy	Minimum Accuracy	Maximum Accuracy	Sample 1 Accuracy	Sample 2 Accuracy	Sample 3 Accuracy	Sample 4 Accuracy	Sample 5 Accuracy
TH01_0124_S01	HCFC1R1	Down	2.86789646399	3.81682229042	33.08786904774777	99.21105045690432	98.56115107913669	99.8812351543943	99.02912621359224	98.98373983739837	99.8812351543943	98.56115107913669	99.6
