Sample	Gene	Type	Expression	Threshold	Percent difference	Mean Accuracy	Minimum Accuracy	Maximum Accuracy	Sample 1 Accuracy	Sample 2 Accuracy	Sample 3 Accuracy	Sample 4 Accuracy	Sample 5 Accuracy
TH01_0124_S01	MRPL57	Down	2.7591558338	3.002576828	8.822299604033336	94.95278391435421	92.17877094972067	98.01488833746899	95.54973821989529	95.32967032967034	98.01488833746899	93.69085173501577	92.17877094972067
