Sample	Gene	Type	Expression	Threshold	Percent difference	Mean Accuracy	Minimum Accuracy	Maximum Accuracy	Sample 1 Accuracy	Sample 2 Accuracy	Sample 3 Accuracy	Sample 4 Accuracy	Sample 5 Accuracy
TH01_0124_S01	YIPF1	Down	2.23572705984	2.95124268532	32.003710932908156	99.9071080650028	99.76076555023924	100	100	99.77477477477478	100	99.76076555023924	100
