Sample	Gene	Type	Expression	Threshold	Percent difference	Mean Accuracy	Minimum Accuracy	Maximum Accuracy	Sample 1 Accuracy	Sample 2 Accuracy	Sample 3 Accuracy	Sample 4 Accuracy	Sample 5 Accuracy
TH01_0124_S01	ARL1	Down	3.08915913191	3.32205748558	7.5392151626064345	99.88657519504977	99.62335216572504	100	100	100	100	99.80952380952381	99.62335216572504
