Sample	Gene	Type	Expression	Threshold	Percent difference	Mean Accuracy	Minimum Accuracy	Maximum Accuracy	Sample 1 Accuracy	Sample 2 Accuracy	Sample 3 Accuracy	Sample 4 Accuracy	Sample 5 Accuracy
TH01_0124_S01	EBF1	Up	4.76712507727	4.4790096283	6.043798815847221	99.84471187809062	99.45504087193461	100	100	100	100	99.45504087193461	99.76851851851852
