Sample	Gene	Type	Expression	Threshold	Percent difference	Mean Accuracy	Minimum Accuracy	Maximum Accuracy	Sample 1 Accuracy	Sample 2 Accuracy	Sample 3 Accuracy	Sample 4 Accuracy	Sample 5 Accuracy
TH01_0124_S01	GNPAT	Down	3.15380533608	3.26744484901	3.603250702570225	98.81588841324674	98.28693790149893	99.2	98.93390191897655	99.2	99.03474903474904	98.62385321100918	98.28693790149893
