Sample	Gene	Type	Expression	Threshold	Percent difference	Mean Accuracy	Minimum Accuracy	Maximum Accuracy	Sample 1 Accuracy	Sample 2 Accuracy	Sample 3 Accuracy	Sample 4 Accuracy	Sample 5 Accuracy
TH01_0124_S01	RP11-356I2.4	Up	4.62117275268	2.84167075157	38.50758446712464	99.96047430830039	99.80237154150198	100	100	100	100	99.80237154150198	100
