Sample	Gene	Type	Expression	Threshold	Percent difference	Mean Accuracy	Minimum Accuracy	Maximum Accuracy	Sample 1 Accuracy	Sample 2 Accuracy	Sample 3 Accuracy	Sample 4 Accuracy	Sample 5 Accuracy
TH01_0124_S01	GTF2IP7	Up	1.70929063572	0.666276276112	61.02030502078155	99.90325464009675	99.74937343358395	100	100	99.74937343358395	100	100	99.76689976689977
