Sample	Gene	Type	Expression	Threshold	Percent difference	Mean Accuracy	Minimum Accuracy	Maximum Accuracy	Sample 1 Accuracy	Sample 2 Accuracy	Sample 3 Accuracy	Sample 4 Accuracy	Sample 5 Accuracy
TH01_0124_S01	ZFYVE21	Down	2.99276843077	3.06119418144	2.2863697025965637	50.183072206754204	41.32420091324201	59.53389830508474	41.32420091324201	56.981981981981974	59.53389830508474	50.47846889952153	42.59681093394077
