Sample	Gene	Type	Expression	Threshold	Percent difference	Mean Accuracy	Minimum Accuracy	Maximum Accuracy	Sample 1 Accuracy	Sample 2 Accuracy	Sample 3 Accuracy	Sample 4 Accuracy	Sample 5 Accuracy
TH01_0124_S01	IMP4	Down	4.23649261838	4.50866556168	6.424487608432962	99.61168923668923	99.14772727272727	100	99.43019943019942	100	100	99.48051948051948	99.14772727272727
