Sample	Gene	Type	Expression	Threshold	Percent difference	Mean Accuracy	Minimum Accuracy	Maximum Accuracy	Sample 1 Accuracy	Sample 2 Accuracy	Sample 3 Accuracy	Sample 4 Accuracy	Sample 5 Accuracy
TH03_0003_S04	RIMBP3C	Up	0.963474123975	0.682779431343	29.13359950695296	83.16706919266822	77.01863354037268	90.6947100063735	80.89139344262296	86.71541742839733	90.6947100063735	80.51519154557464	77.01863354037268
