Sample	Gene	Type	Expression	Threshold	Percent difference	Mean Accuracy	Minimum Accuracy	Maximum Accuracy	Sample 1 Accuracy	Sample 2 Accuracy	Sample 3 Accuracy	Sample 4 Accuracy	Sample 5 Accuracy
TH03_0003_S04	RP11-169D4.2	Up	1.2750070475	1.11318171024	12.692113159476481	90.98716357700398	86.6	96.43705463182897	88.51132686084142	93.69918699186992	96.43705463182897	89.68824940047962	86.6
