Sample	Gene	Type	Expression	Threshold	Percent difference	Mean Accuracy	Minimum Accuracy	Maximum Accuracy	Sample 1 Accuracy	Sample 2 Accuracy	Sample 3 Accuracy	Sample 4 Accuracy	Sample 5 Accuracy
TH03_0003_S04	ABCE1	Up	6.7414669864	6.70129680634	0.5958670440875485	88.41755438247458	81.28587830080367	93.65079365079364	88.95582329317268	93.65079365079364	92.42250287026407	85.7727737973388	81.28587830080367
