Sample	Gene	Type	Expression	Threshold	Percent difference	Mean Accuracy	Minimum Accuracy	Maximum Accuracy	Sample 1 Accuracy	Sample 2 Accuracy	Sample 3 Accuracy	Sample 4 Accuracy	Sample 5 Accuracy
TH03_0003_S04	LRRN4CL	Up	3.08065766335	3.06935811043	0.36679028164759664	33.45207683987365	25.23148148148148	41.81818181818181	30.612244897959183	37.44588744588744	41.81818181818181	32.15258855585831	25.23148148148148
