Sample	Gene	Type	Expression	Threshold	Percent difference	Mean Accuracy	Minimum Accuracy	Maximum Accuracy	Sample 1 Accuracy	Sample 2 Accuracy	Sample 3 Accuracy	Sample 4 Accuracy	Sample 5 Accuracy
TH03_0003_S04	TP53TG3D	Up	2.89724042557	2.36578440666	18.343524901128703	97.90450706546254	96.30541871921181	99.03846153846155	96.83257918552036	98.812351543943	99.03846153846155	98.53372434017595	96.30541871921181
