Sample	Gene	Type	Expression	Threshold	Percent difference	Mean Accuracy	Minimum Accuracy	Maximum Accuracy	Sample 1 Accuracy	Sample 2 Accuracy	Sample 3 Accuracy	Sample 4 Accuracy	Sample 5 Accuracy
TH03_0003_S04	ZCCHC7	Up	5.3719072976	5.16955900192	3.766786812765796	99.903236914600555	99.72451790633609	100	100	100	99.79166666666667	99.72451790633609	100
