Sample	Gene	Type	Expression	Threshold	Percent difference	Mean Accuracy	Minimum Accuracy	Maximum Accuracy	Sample 1 Accuracy	Sample 2 Accuracy	Sample 3 Accuracy	Sample 4 Accuracy	Sample 5 Accuracy
TH03_0003_S04	CC2D1A	Down	2.49313492231	2.77959609032	11.489998613656306	98.58397605053179	97.40718915733648	99.35965848452508	98.5494106980961	99.07834101382488	99.35965848452508	98.5252808988764	97.40718915733648
