Sample	Gene	Type	Expression	Threshold	Percent difference	Mean Accuracy	Minimum Accuracy	Maximum Accuracy	Sample 1 Accuracy	Sample 2 Accuracy	Sample 3 Accuracy	Sample 4 Accuracy	Sample 5 Accuracy
TH03_0003_S04	RP11-175K6.1	Up	3.24640808725	2.84550452232	12.349142626415803	99.83805668016194	99.19028340080972	100	99.19028340080972	100	100	100	100
