Sample	Gene	Type	Expression	Threshold	Percent difference	Mean Accuracy	Minimum Accuracy	Maximum Accuracy	Sample 1 Accuracy	Sample 2 Accuracy	Sample 3 Accuracy	Sample 4 Accuracy	Sample 5 Accuracy
TH03_0003_S04	DNAJB4	Up	6.2201364474	6.13124132156	1.4291507363501266	97.65930400989778	96.65653495440729	99.26108374384236	97.41379310344827	98.27089337175792	99.26108374384236	96.69421487603306	96.65653495440729
