Sample	Gene	Type	Expression	Threshold	Percent difference	Mean Accuracy	Minimum Accuracy	Maximum Accuracy	Sample 1 Accuracy	Sample 2 Accuracy	Sample 3 Accuracy	Sample 4 Accuracy	Sample 5 Accuracy
TH03_0003_S04	CCNYL2	Up	0.526068811668	0.176311850548	66.48502122964291	87.15743039940406	81.00558659217877	94.99072356215214	81.00558659217877	90.13944223107569	94.99072356215214	86.04651162790698	83.60488798370672
