Sample	Gene	Type	Expression	Threshold	Percent difference	Mean Accuracy	Minimum Accuracy	Maximum Accuracy	Sample 1 Accuracy	Sample 2 Accuracy	Sample 3 Accuracy	Sample 4 Accuracy	Sample 5 Accuracy
TH03_0003_S04	NDEL1	Up	6.56635853269	6.29000282288	4.20866007291848	99.82426719770814	99.42528735632183	100	99.42528735632183	100	100	100	99.69604863221885
