Sample	Gene	Type	Expression	Threshold	Percent difference	Mean Accuracy	Minimum Accuracy	Maximum Accuracy	Sample 1 Accuracy	Sample 2 Accuracy	Sample 3 Accuracy	Sample 4 Accuracy	Sample 5 Accuracy
TH03_0003_S04	LINC00941	Up	1.68257329735	1.63608503342	2.762926524699858	45.8753119437638	34.841628959276015	58.84615384615385	34.841628959276015	56.057007125890735	58.84615384615385	40.469208211143695	39.16256157635468
