Sample	Gene	Type	Expression	Threshold	Percent difference	Mean Accuracy	Minimum Accuracy	Maximum Accuracy	Sample 1 Accuracy	Sample 2 Accuracy	Sample 3 Accuracy	Sample 4 Accuracy	Sample 5 Accuracy
TH03_0003_S04	ZFHX4-AS1	Up	1.9855004303	1.29032027721	35.01284323494009	99.9071080650028	99.76076555023924	100	100	99.77477477477478	100	99.76076555023924	100
