Sample	Gene	Type	Expression	Threshold	Percent difference	Mean Accuracy	Minimum Accuracy	Maximum Accuracy	Sample 1 Accuracy	Sample 2 Accuracy	Sample 3 Accuracy	Sample 4 Accuracy	Sample 5 Accuracy
TH03_0291_S01	MMD2	Up	0.613531652918	0.0362440273166	94.09255787468814	91.86840684064917	90.60092449922959	94.92307692307692	92.47467438494935	94.92307692307692	90.67669172932331	90.66666666666666	90.60092449922959
