Sample	Gene	Type	Expression	Threshold	Percent difference	Mean Accuracy	Minimum Accuracy	Maximum Accuracy	Sample 1 Accuracy	Sample 2 Accuracy	Sample 3 Accuracy	Sample 4 Accuracy	Sample 5 Accuracy
TH03_0291_S01	WWOX	Up	5.37330019661	5.33961582184	0.6268842896819974	81.52432880033676	74.12935323383084	91.61849710982659	74.12935323383084	91.61849710982659	86.46788990825688	77.2189349112426	78.18696883852692
