Sample	Gene	Type	Expression	Threshold	Percent difference	Mean Accuracy	Minimum Accuracy	Maximum Accuracy	Sample 1 Accuracy	Sample 2 Accuracy	Sample 3 Accuracy	Sample 4 Accuracy	Sample 5 Accuracy
TH03_0291_S01	FAM66D	Up	0.956056652412	0.687809228897	28.05769122972456	64.96429795164259	54.22636103151862	77.16428084526244	54.22636103151862	71.60686427457098	77.16428084526244	65.28925619834712	56.53472740851382
