Sample	Gene	Type	Expression	Threshold	Percent difference	Mean Accuracy	Minimum Accuracy	Maximum Accuracy	Sample 1 Accuracy	Sample 2 Accuracy	Sample 3 Accuracy	Sample 4 Accuracy	Sample 5 Accuracy
TH03_0291_S01	RP11-715J22.4	Up	2.00360223668	1.27571678162	36.32884021262212	99.44373955346734	99.04076738609112	100	99.19093851132686	99.1869918699187	100	99.04076738609112	99.8
