Sample	Gene	Type	Expression	Threshold	Percent difference	Mean Accuracy	Minimum Accuracy	Maximum Accuracy	Sample 1 Accuracy	Sample 2 Accuracy	Sample 3 Accuracy	Sample 4 Accuracy	Sample 5 Accuracy
TH03_0291_S01	FAM86B2	Up	2.36176835942	1.45177257061	38.530272673882195	99.85397189427003	99.50738916256158	100	100	99.7624703087886	100	100	99.50738916256158
