Sample	Gene	Type	Expression	Threshold	Percent difference	Mean Accuracy	Minimum Accuracy	Maximum Accuracy	Sample 1 Accuracy	Sample 2 Accuracy	Sample 3 Accuracy	Sample 4 Accuracy	Sample 5 Accuracy
TH03_0291_S01	RP11-61A14.4	Up	0.516015147004	0.439908593893	14.748899049354844	60.77956184670951	50.63938618925832	71.2401055408971	56.060606060606055	64.16666666666667	71.2401055408971	61.791044776119406	50.63938618925832
