Sample	Gene	Type	Expression	Threshold	Percent difference	Mean Accuracy	Minimum Accuracy	Maximum Accuracy	Sample 1 Accuracy	Sample 2 Accuracy	Sample 3 Accuracy	Sample 4 Accuracy	Sample 5 Accuracy
TH03_0291_S01	GRSF1	Up	7.44460081371	7.4006347656200004	0.5905763007337035	97.99198676530766	95.3125	100	98.50746268656717	97.72727272727273	98.4126984126984	95.3125	100
