Sample	Gene	Type	Expression	Threshold	Percent difference	Mean Accuracy	Minimum Accuracy	Maximum Accuracy	Sample 1 Accuracy	Sample 2 Accuracy	Sample 3 Accuracy	Sample 4 Accuracy	Sample 5 Accuracy
TH03_0291_S01	CADM3	Up	5.03077747199	4.9477314949	1.6507583082809127	99.38206590137524	98.96670493685419	100	99.19678714859438	100	99.77037887485649	98.97645854657114	98.96670493685419
