Sample	Gene	Type	Expression	Threshold	Percent difference	Mean Accuracy	Minimum Accuracy	Maximum Accuracy	Sample 1 Accuracy	Sample 2 Accuracy	Sample 3 Accuracy	Sample 4 Accuracy	Sample 5 Accuracy
TH03_0291_S01	DDIT4L	Up	4.07296327156	3.88164973259	4.697158462141598	99.39099820425238	98.09264305177112	100	99.77324263038548	99.78354978354979	100	98.09264305177112	99.30555555555556
