Sample	Gene	Type	Expression	Threshold	Percent difference	Mean Accuracy	Minimum Accuracy	Maximum Accuracy	Sample 1 Accuracy	Sample 2 Accuracy	Sample 3 Accuracy	Sample 4 Accuracy	Sample 5 Accuracy
TH03_0291_S01	CSPP1	Up	4.80271021929	4.50455856323	6.2079876246224295	99.87470284196881	99.78911851539435	99.95625546806649	99.9474513925381	99.87271955876113	99.95625546806649	99.80796927508402	99.78911851539435
