Sample	Gene	Type	Expression	Threshold	Percent difference	Mean Accuracy	Minimum Accuracy	Maximum Accuracy	Sample 1 Accuracy	Sample 2 Accuracy	Sample 3 Accuracy	Sample 4 Accuracy	Sample 5 Accuracy
TH01_0054_S01	MAP4	Down	3.95977015521	4.06041812897	2.5417630270174714	97.21617734342087	94.72796288485871	98.9501312335958	97.10982658959537	98.55748833262622	98.9501312335958	96.73547767642823	94.72796288485871
