Sample	Gene	Type	Expression	Threshold	Percent difference	Mean Accuracy	Minimum Accuracy	Maximum Accuracy	Sample 1 Accuracy	Sample 2 Accuracy	Sample 3 Accuracy	Sample 4 Accuracy	Sample 5 Accuracy
TH01_0054_S01	MIA-RAB4B	Up	0.495695162624	0.344080448151	30.586280824371176	66.63626184218488	56.73352435530086	78.59577368779823	56.73352435530086	72.93291731669267	78.59577368779823	66.66666666666666	58.252427184466015
