Sample	Gene	Type	Expression	Threshold	Percent difference	Mean Accuracy	Minimum Accuracy	Maximum Accuracy	Sample 1 Accuracy	Sample 2 Accuracy	Sample 3 Accuracy	Sample 4 Accuracy	Sample 5 Accuracy
TH01_0054_S01	HMBS	Up	6.49217365961	6.21565437317	4.259271253945651	99.89495684273383	99.70414201183432	100	100	100	99.77064220183486	99.70414201183432	100
