Sample	Gene	Type	Expression	Threshold	Percent difference	Mean Accuracy	Minimum Accuracy	Maximum Accuracy	Sample 1 Accuracy	Sample 2 Accuracy	Sample 3 Accuracy	Sample 4 Accuracy	Sample 5 Accuracy
TH01_0054_S01	DNAJB11	Down	5.037382222	5.07959222794	0.837935341806198	89.65697944590869	84.5771144278607	97.6878612716763	84.5771144278607	97.6878612716763	92.66055045871559	86.3905325443787	86.96883852691218
