Sample	Gene	Type	Expression	Threshold	Percent difference	Mean Accuracy	Minimum Accuracy	Maximum Accuracy	Sample 1 Accuracy	Sample 2 Accuracy	Sample 3 Accuracy	Sample 4 Accuracy	Sample 5 Accuracy
TH01_0054_S01	RP11-154J22.1	Up	0.941106310946	0.787510931492	16.320725689280085	72.12156885831452	64.42687747035573	82.2817080943276	68.13524590163934	77.26995734308349	82.2817080943276	68.49405548216644	64.42687747035573
