Sample	Gene	Type	Expression	Threshold	Percent difference	Mean Accuracy	Minimum Accuracy	Maximum Accuracy	Sample 1 Accuracy	Sample 2 Accuracy	Sample 3 Accuracy	Sample 4 Accuracy	Sample 5 Accuracy
TH01_0054_S01	RP11-539L10.2	Up	1.21412480535	1.05279684067	13.287593167449826	97.48047846231646	96.57534246575342	99.36440677966102	96.57534246575342	97.52252252252252	99.36440677966102	97.1291866028708	96.81093394077449
