Sample	Gene	Type	Expression	Threshold	Percent difference	Mean Accuracy	Minimum Accuracy	Maximum Accuracy	Sample 1 Accuracy	Sample 2 Accuracy	Sample 3 Accuracy	Sample 4 Accuracy	Sample 5 Accuracy
TH01_0054_S01	SLC2A14	Up	1.10433665981	0.985769927502	10.736466208447636	97.2017764200972	95.09803921568627	98.83720930232558	96.93251533742331	98.51190476190477	98.83720930232558	96.62921348314607	95.09803921568627
