Sample	Gene	Type	Expression	Threshold	Percent difference	Mean Accuracy	Minimum Accuracy	Maximum Accuracy	Sample 1 Accuracy	Sample 2 Accuracy	Sample 3 Accuracy	Sample 4 Accuracy	Sample 5 Accuracy
TH01_0054_S01	MDH1	Down	5.4876792789	5.51135492325	0.43143272678183325	68.97024858089699	61.53846153846154	80.92485549132948	63.43283582089553	80.92485549132948	74.08256880733946	61.53846153846154	64.87252124645893
