Sample	Gene	Type	Expression	Threshold	Percent difference	Mean Accuracy	Minimum Accuracy	Maximum Accuracy	Sample 1 Accuracy	Sample 2 Accuracy	Sample 3 Accuracy	Sample 4 Accuracy	Sample 5 Accuracy
TH01_0054_S01	DCK	Up	6.08427691053	6.00489997864	1.30462391927992	97.72079045900962	95.40229885057471	99.63099630996311	96.53465346534654	99.0521327014218	99.63099630996311	95.40229885057471	97.98387096774194
