Sample	Gene	Type	Expression	Threshold	Percent difference	Mean Accuracy	Minimum Accuracy	Maximum Accuracy	Sample 1 Accuracy	Sample 2 Accuracy	Sample 3 Accuracy	Sample 4 Accuracy	Sample 5 Accuracy
TH01_0054_S01	DIABLO	Down	4.39231742278	4.49288368225	2.289594530405071	89.18836867967391	84.0909090909091	95.7943925233645	85.75498575498575	93.80804953560371	95.7943925233645	86.49350649350649	84.0909090909091
