Sample	Gene	Type	Expression	Threshold	Percent difference	Mean Accuracy	Minimum Accuracy	Maximum Accuracy	Sample 1 Accuracy	Sample 2 Accuracy	Sample 3 Accuracy	Sample 4 Accuracy	Sample 5 Accuracy
TH01_0123_S01	RP11-79O8.1	Up	0.97085365434	0.728047251701	25.009578071173166	62.668512409420956	50.887978142076506	80.31102471535685	51.334951456310684	71.19845360824742	80.31102471535685	59.610154125113326	50.887978142076506
