Sample	Gene	Type	Expression	Threshold	Percent difference	Mean Accuracy	Minimum Accuracy	Maximum Accuracy	Sample 1 Accuracy	Sample 2 Accuracy	Sample 3 Accuracy	Sample 4 Accuracy	Sample 5 Accuracy
TH01_0123_S01	LAMTOR1	Down	5.23802251783	5.36546611786	2.4330479602977455	99.82125088841507	99.40476190476191	100	100	100	100	99.70149253731343	99.40476190476191
