Sample	Gene	Type	Expression	Threshold	Percent difference	Mean Accuracy	Minimum Accuracy	Maximum Accuracy	Sample 1 Accuracy	Sample 2 Accuracy	Sample 3 Accuracy	Sample 4 Accuracy	Sample 5 Accuracy
TH01_0123_S01	SUB1	Down	5.91743175539	5.99569511414	1.3225899678304278	97.27644171170725	94.04761904761905	99.74160206718346	96.11111111111111	98.57142857142858	99.74160206718346	97.91044776119404	94.04761904761905
