Sample	Gene	Type	Expression	Threshold	Percent difference	Mean Accuracy	Minimum Accuracy	Maximum Accuracy	Sample 1 Accuracy	Sample 2 Accuracy	Sample 3 Accuracy	Sample 4 Accuracy	Sample 5 Accuracy
TH01_0123_S01	RP11-85A1.3	Up	0.985500430305	0.889072656631	9.78465059057933	28.830193717171394	25.555555555555554	38.536359425660024	25.555555555555554	38.536359425660024	26.99917559769167	27.35483870967742	25.705039297272307
