Sample	Gene	Type	Expression	Threshold	Percent difference	Mean Accuracy	Minimum Accuracy	Maximum Accuracy	Sample 1 Accuracy	Sample 2 Accuracy	Sample 3 Accuracy	Sample 4 Accuracy	Sample 5 Accuracy
TH01_0123_S01	RP11-863H1.1	Up	0.400537929584	0.141808778048	64.59541841760577	83.81053737483128	77.76236708275543	92.95136026380874	78.44444444444446	88.28161185734136	92.95136026380874	81.61290322580645	77.76236708275543
