Sample	Gene	Type	Expression	Threshold	Percent difference	Mean Accuracy	Minimum Accuracy	Maximum Accuracy	Sample 1 Accuracy	Sample 2 Accuracy	Sample 3 Accuracy	Sample 4 Accuracy	Sample 5 Accuracy
TH01_0123_S01	H2AFZP3	Up	2.0285691522	1.7316480875	14.63697031861036	85.85752874098627	79.92565055762083	92.92635658914729	80.42895442359249	92.47999999999999	92.92635658914729	83.52668213457076	79.92565055762083
