Sample	Gene	Type	Expression	Threshold	Percent difference	Mean Accuracy	Minimum Accuracy	Maximum Accuracy	Sample 1 Accuracy	Sample 2 Accuracy	Sample 3 Accuracy	Sample 4 Accuracy	Sample 5 Accuracy
TH01_0123_S01	IL10RA	Up	6.5510545275	6.52554559708	0.38938662947955477	68.78118378658094	60.86956521739131	79.09604519774011	63.095238095238095	79.09604519774011	74.17840375586854	66.66666666666666	60.86956521739131
