Sample	Gene	Type	Expression	Threshold	Percent difference	Mean Accuracy	Minimum Accuracy	Maximum Accuracy	Sample 1 Accuracy	Sample 2 Accuracy	Sample 3 Accuracy	Sample 4 Accuracy	Sample 5 Accuracy
TH01_0123_S01	RP5-966M1.7	Up	0.62293035092	0.440215468407	29.331510696685452	68.5064130144921	58.00744878957169	79.12801484230056	58.00744878957169	74.60159362549801	79.12801484230056	69.18604651162791	61.608961303462316
