Sample	Gene	Type	Expression	Threshold	Percent difference	Mean Accuracy	Minimum Accuracy	Maximum Accuracy	Sample 1 Accuracy	Sample 2 Accuracy	Sample 3 Accuracy	Sample 4 Accuracy	Sample 5 Accuracy
TH01_0123_S01	CTA-305I2.1	Up	1.64616265716	0.244370207191	85.15516032828778	99.95934959349593	99.79674796747967	100	100	99.79674796747967	100	100	100
