Sample	Gene	Type	Expression	Threshold	Percent difference	Mean Accuracy	Minimum Accuracy	Maximum Accuracy	Sample 1 Accuracy	Sample 2 Accuracy	Sample 3 Accuracy	Sample 4 Accuracy	Sample 5 Accuracy
TH01_0123_S01	RP11-51F16.1	Up	3.7322691995	3.56946349144	4.362110538055792	99.34446400001937	98.80239520958084	99.81447124304268	98.80239520958084	99.8003992015968	99.81447124304268	99.12472647702407	99.18032786885246
