Sample	Gene	Type	Expression	Threshold	Percent difference	Mean Accuracy	Minimum Accuracy	Maximum Accuracy	Sample 1 Accuracy	Sample 2 Accuracy	Sample 3 Accuracy	Sample 4 Accuracy	Sample 5 Accuracy
TH01_0123_S01	CTB-31O20.4	Up	2.43562859405	2.072275877	14.9182317015671	98.73809386538728	97.79179810725552	100	98.95287958115183	98.9010989010989	100	97.79179810725552	98.04469273743017
