Sample	Gene	Type	Expression	Threshold	Percent difference	Mean Accuracy	Minimum Accuracy	Maximum Accuracy	Sample 1 Accuracy	Sample 2 Accuracy	Sample 3 Accuracy	Sample 4 Accuracy	Sample 5 Accuracy
TH01_0123_S01	TMEM59	Down	5.94860084749	6.03428602219	1.4404256882718012	97.95986733001658	95.23809523809523	100	97.22222222222221	99.42857142857143	100	97.91044776119404	95.23809523809523
