Sample	Gene	Type	Expression	Threshold	Percent difference	Mean Accuracy	Minimum Accuracy	Maximum Accuracy	Sample 1 Accuracy	Sample 2 Accuracy	Sample 3 Accuracy	Sample 4 Accuracy	Sample 5 Accuracy
TH01_0123_S01	SSB	Down	4.42894634477	4.67127513885	5.471477304441899	99.63008057292595	99.01185770750988	100	100	100	99.800796812749	99.01185770750988	99.33774834437085
