Sample	Gene	Type	Expression	Threshold	Percent difference	Mean Accuracy	Minimum Accuracy	Maximum Accuracy	Sample 1 Accuracy	Sample 2 Accuracy	Sample 3 Accuracy	Sample 4 Accuracy	Sample 5 Accuracy
TH01_0123_S01	RP11-495P10.10	Up	2.53106949273	1.06163859367	58.05573111606187	99.95495495495496	99.77477477477478	100	100	99.77477477477478	100	100	100
