Sample	Gene	Type	Expression	Threshold	Percent difference	Mean Accuracy	Minimum Accuracy	Maximum Accuracy	Sample 1 Accuracy	Sample 2 Accuracy	Sample 3 Accuracy	Sample 4 Accuracy	Sample 5 Accuracy
TH01_0123_S01	RP11-18I14.11	Up	1.464668267	1.18794322014	18.89335988870714	92.10905429134257	87.73234200743495	96.31782945736434	87.93565683646113	95.52000000000001	96.31782945736434	93.03944315545245	87.73234200743495
