Sample	Gene	Type	Expression	Threshold	Percent difference	Mean Accuracy	Minimum Accuracy	Maximum Accuracy	Sample 1 Accuracy	Sample 2 Accuracy	Sample 3 Accuracy	Sample 4 Accuracy	Sample 5 Accuracy
TH01_0123_S01	RP13-16H11.8	Up	0.20163386117	0.120062358677	40.4552598554992	83.4147340657219	80	86.90036900369003	80	86.61417322834646	86.90036900369003	83.03964757709251	80.51948051948052
