Sample	Gene	Type	Expression	Threshold	Percent difference	Mean Accuracy	Minimum Accuracy	Maximum Accuracy	Sample 1 Accuracy	Sample 2 Accuracy	Sample 3 Accuracy	Sample 4 Accuracy	Sample 5 Accuracy
TH01_0123_S01	SIRPB1	Up	4.62468581053	4.40174150467	4.820744910981307	99.50905160208681	99.20159680638723	99.81447124304268	99.20159680638723	99.8003992015968	99.81447124304268	99.34354485776805	99.38524590163934
