Sample	Gene	Type	Expression	Threshold	Percent difference	Mean Accuracy	Minimum Accuracy	Maximum Accuracy	Sample 1 Accuracy	Sample 2 Accuracy	Sample 3 Accuracy	Sample 4 Accuracy	Sample 5 Accuracy
TH02_0075_S01	SLC9A3R2	Down	1.95233356637	2.38515162468	22.169267883599648	99.10273129744472	97.9020979020979	99.79959919839679	98.84792626728111	99.74937343358395	99.79959919839679	99.21465968586386	97.9020979020979
