Sample	Gene	Type	Expression	Threshold	Percent difference	Mean Accuracy	Minimum Accuracy	Maximum Accuracy	Sample 1 Accuracy	Sample 2 Accuracy	Sample 3 Accuracy	Sample 4 Accuracy	Sample 5 Accuracy
TH02_0075_S01	GTPBP3	Down	1.35614381023	1.62756812572	20.01441981613785	99.63406455936342	99.31662870159454	100	99.54337899543378	99.54954954954955	100	99.76076555023924	99.31662870159454
