Sample	Gene	Type	Expression	Threshold	Percent difference	Mean Accuracy	Minimum Accuracy	Maximum Accuracy	Sample 1 Accuracy	Sample 2 Accuracy	Sample 3 Accuracy	Sample 4 Accuracy	Sample 5 Accuracy
TH02_0075_S01	RP11-296E7.1	Up	0.863938450424	0.344898492098	60.07834910823424	94.01146160451873	91.02202145680407	97.25940089228808	92.98155737704919	95.00304692260816	97.25940089228808	93.79128137384413	91.02202145680407
