Sample	Gene	Type	Expression	Threshold	Percent difference	Mean Accuracy	Minimum Accuracy	Maximum Accuracy	Sample 1 Accuracy	Sample 2 Accuracy	Sample 3 Accuracy	Sample 4 Accuracy	Sample 5 Accuracy
TH02_0075_S01	TNPO1P1	Up	0.378511623254	0.176311850548	53.41969976185222	82.45879701976423	75.20537714712472	90.86571233810497	75.4297994269341	87.597503900156	90.86571233810497	83.19559228650138	75.20537714712472
