Sample	Gene	Type	Expression	Threshold	Percent difference	Mean Accuracy	Minimum Accuracy	Maximum Accuracy	Sample 1 Accuracy	Sample 2 Accuracy	Sample 3 Accuracy	Sample 4 Accuracy	Sample 5 Accuracy
TH02_0075_S01	HELZ	Up	4.91552090075	4.87003469467	0.9253588174766881	75.89525975039672	67.56642766765079	82.67716535433071	73.41040462427746	82.56257955027577	82.67716535433071	73.25972155544888	67.56642766765079
