Sample	Gene	Type	Expression	Threshold	Percent difference	Mean Accuracy	Minimum Accuracy	Maximum Accuracy	Sample 1 Accuracy	Sample 2 Accuracy	Sample 3 Accuracy	Sample 4 Accuracy	Sample 5 Accuracy
TH02_0075_S01	TRMT2A	Down	2.68257329735	3.11678004265	16.186202469432406	97.65388706290697	95.8041958041958	99.24812030075188	96.31336405529954	99.24812030075188	98.99799599198397	97.90575916230367	95.8041958041958
