Sample	Gene	Type	Expression	Threshold	Percent difference	Mean Accuracy	Minimum Accuracy	Maximum Accuracy	Sample 1 Accuracy	Sample 2 Accuracy	Sample 3 Accuracy	Sample 4 Accuracy	Sample 5 Accuracy
TH02_0075_S01	RP11-320H14.1	Up	2.88557436437	0.210507676005	92.70482581893329	99.95934959349593	99.79674796747967	100	100	99.79674796747967	100	100	100
