Sample	Gene	Type	Expression	Threshold	Percent difference	Mean Accuracy	Minimum Accuracy	Maximum Accuracy	Sample 1 Accuracy	Sample 2 Accuracy	Sample 3 Accuracy	Sample 4 Accuracy	Sample 5 Accuracy
TH02_0075_S01	LINC00907	Up	0.422233000683	0.387328118086	8.266734845580102	40.355998889082926	30.90079817559863	50.801479654747226	35.98014888337469	47.03557312252965	50.801479654747226	37.06199460916442	30.90079817559863
