Sample	Gene	Type	Expression	Threshold	Percent difference	Mean Accuracy	Minimum Accuracy	Maximum Accuracy	Sample 1 Accuracy	Sample 2 Accuracy	Sample 3 Accuracy	Sample 4 Accuracy	Sample 5 Accuracy
TH02_0075_S01	RP4-742J24.2	Up	0.389566811763	0.366009682417	6.047006221960053	31.234006340302482	22.5635593220339	43.24324324324324	25.108225108225106	38.38383838383838	43.24324324324324	26.87116564417178	22.5635593220339
