Sample	Gene	Type	Expression	Threshold	Percent difference	Mean Accuracy	Minimum Accuracy	Maximum Accuracy	Sample 1 Accuracy	Sample 2 Accuracy	Sample 3 Accuracy	Sample 4 Accuracy	Sample 5 Accuracy
TH02_0075_S01	DTNA	Up	8.04067329264	8.02231884003	0.22827009557520964	89.87068965517241	81.25	100	93.10344827586206	100	81.25	86.11111111111111	88.88888888888889
