Sample	Gene	Type	Expression	Threshold	Percent difference	Mean Accuracy	Minimum Accuracy	Maximum Accuracy	Sample 1 Accuracy	Sample 2 Accuracy	Sample 3 Accuracy	Sample 4 Accuracy	Sample 5 Accuracy
TH02_0075_S01	HIST1H2AI	Up	3.99909803371	3.78361225128	5.388359590427242	93.44156826312081	89.40397350993378	97.26027397260275	89.40397350993378	97.26027397260275	95.55555555555556	94.07894736842105	90.9090909090909
