Sample	Gene	Type	Expression	Threshold	Percent difference	Mean Accuracy	Minimum Accuracy	Maximum Accuracy	Sample 1 Accuracy	Sample 2 Accuracy	Sample 3 Accuracy	Sample 4 Accuracy	Sample 5 Accuracy
TH02_0075_S01	SDCCAG3	Down	2.55090066465	2.88723397255	13.184884561004537	97.71295371453894	96.60056657223795	99.57173447537473	96.60194174757282	98.9795918367347	99.57173447537473	96.60056657223795	96.81093394077449
