Sample	Gene	Type	Expression	Threshold	Percent difference	Mean Accuracy	Minimum Accuracy	Maximum Accuracy	Sample 1 Accuracy	Sample 2 Accuracy	Sample 3 Accuracy	Sample 4 Accuracy	Sample 5 Accuracy
TH02_0075_S01	RP11-68L18.1	Up	0.53605290024	0.429519712925	19.873633230470954	76.3717034119159	69.05702992659515	85.65965583173997	72.3360655737705	81.29189518586229	85.65965583173997	73.51387054161162	69.05702992659515
