Sample	Gene	Type	Expression	Threshold	Percent difference	Mean Accuracy	Minimum Accuracy	Maximum Accuracy	Sample 1 Accuracy	Sample 2 Accuracy	Sample 3 Accuracy	Sample 4 Accuracy	Sample 5 Accuracy
TH02_0075_S01	LINC01468	Up	0.356143810225	0.244370207191	31.384401420141238	66.96484660613393	57.09169054441261	78.7321063394683	57.09169054441261	72.93291731669267	78.7321063394683	67.21763085399449	58.84988797610157
