Sample	Gene	Type	Expression	Threshold	Percent difference	Mean Accuracy	Minimum Accuracy	Maximum Accuracy	Sample 1 Accuracy	Sample 2 Accuracy	Sample 3 Accuracy	Sample 4 Accuracy	Sample 5 Accuracy
TH02_0075_S01	CDK10	Down	2.75702324651	2.83359599113	2.7773702930118627	57.51157852576433	48.17351598173516	66.73728813559322	48.17351598173516	63.738738738738746	66.73728813559322	57.655502392344495	51.252847380410024
