Sample	Gene	Type	Expression	Threshold	Percent difference	Mean Accuracy	Minimum Accuracy	Maximum Accuracy	Sample 1 Accuracy	Sample 2 Accuracy	Sample 3 Accuracy	Sample 4 Accuracy	Sample 5 Accuracy
TH02_0087_S02	TRPV5	Up	0.678071905113	0.106960088015	84.2258487324917	92.2693803838951	89.44444444444444	97.36147757255937	90.65656565656566	89.44444444444444	97.36147757255937	92.83582089552239	91.04859335038363
