Sample	Gene	Type	Expression	Threshold	Percent difference	Mean Accuracy	Minimum Accuracy	Maximum Accuracy	Sample 1 Accuracy	Sample 2 Accuracy	Sample 3 Accuracy	Sample 4 Accuracy	Sample 5 Accuracy
TH02_0087_S02	RP11-165E7.1	Up	1.0285691522	0.461326688528	55.14869490872136	99.95495495495496	99.77477477477478	100	100	99.77477477477478	100	100	100
