Sample	Gene	Type	Expression	Threshold	Percent difference	Mean Accuracy	Minimum Accuracy	Maximum Accuracy	Sample 1 Accuracy	Sample 2 Accuracy	Sample 3 Accuracy	Sample 4 Accuracy	Sample 5 Accuracy
TH02_0087_S02	RP11-109D9.4	Up	0.53605290024	0.409074544907	23.687653825984263	60.10358674741722	48.63896848137536	73.89229720518064	48.63896848137536	66.84867394695789	73.89229720518064	60.05509641873278	51.08289768483944
