Sample	Gene	Type	Expression	Threshold	Percent difference	Mean Accuracy	Minimum Accuracy	Maximum Accuracy	Sample 1 Accuracy	Sample 2 Accuracy	Sample 3 Accuracy	Sample 4 Accuracy	Sample 5 Accuracy
TH02_0087_S02	RP11-31F15.2	Up	1.02147972741	0.707529723644	30.734824719628257	99.94186046511628	99.70930232558139	100	100	100	99.70930232558139	100	100
