Sample	Gene	Type	Expression	Threshold	Percent difference	Mean Accuracy	Minimum Accuracy	Maximum Accuracy	Sample 1 Accuracy	Sample 2 Accuracy	Sample 3 Accuracy	Sample 4 Accuracy	Sample 5 Accuracy
TH01_0125_S01	NDUFB6	Down	3.69710657448	3.93721365929	6.49445938257193	98.75998331507782	95.95141700404858	100	95.95141700404858	99.0521327014218	100	99.1869918699187	99.609375
