Sample	Gene	Type	Expression	Threshold	Percent difference	Mean Accuracy	Minimum Accuracy	Maximum Accuracy	Sample 1 Accuracy	Sample 2 Accuracy	Sample 3 Accuracy	Sample 4 Accuracy	Sample 5 Accuracy
TH01_0125_S01	EIF4EBP1P1	Up	0.214124805353	0.0714228823781	66.6442744639724	81.9967943461936	74.4535519125683	91.97445154123855	76.09223300970875	87.5	91.97445154123855	79.9637352674524	74.4535519125683
