Sample	Gene	Type	Expression	Threshold	Percent difference	Mean Accuracy	Minimum Accuracy	Maximum Accuracy	Sample 1 Accuracy	Sample 2 Accuracy	Sample 3 Accuracy	Sample 4 Accuracy	Sample 5 Accuracy
TH01_0125_S01	MRPL43	Down	4.47313748777	4.77188539505	6.678710594002675	99.61168923668923	99.14772727272727	100	99.43019943019942	100	100	99.48051948051948	99.14772727272727
