Sample	Gene	Type	Expression	Threshold	Percent difference	Mean Accuracy	Minimum Accuracy	Maximum Accuracy	Sample 1 Accuracy	Sample 2 Accuracy	Sample 3 Accuracy	Sample 4 Accuracy	Sample 5 Accuracy
TH01_0125_S01	CALM2	Down	6.94427281761	6.94976902008	0.07914727163457616	16.702011693491237	11.3314447592068	26.011560693641616	14.17910447761194	26.011560693641616	19.26605504587156	12.721893491124261	11.3314447592068
