Sample	Gene	Type	Expression	Threshold	Percent difference	Mean Accuracy	Minimum Accuracy	Maximum Accuracy	Sample 1 Accuracy	Sample 2 Accuracy	Sample 3 Accuracy	Sample 4 Accuracy	Sample 5 Accuracy
TH01_0125_S01	RNF185	Down	2.42760617278	2.50847411156	3.3311803078583035	80.94329531674089	72.3629935179729	87.96082949308756	79.28377153218496	87.96082949308756	87.29989327641408	77.80898876404494	72.3629935179729
