Sample	Gene	Type	Expression	Threshold	Percent difference	Mean Accuracy	Minimum Accuracy	Maximum Accuracy	Sample 1 Accuracy	Sample 2 Accuracy	Sample 3 Accuracy	Sample 4 Accuracy	Sample 5 Accuracy
TH01_0125_S01	RP11-449H3.3	Up	2.10768786931	2.10728645325	0.01904532762392823	3.79547138806271	2.6517383618149677	4.8025613660619	3.6718041704442426	4.550691244239631	4.8025613660619	3.300561797752809	2.6517383618149677
