Sample	Gene	Type	Expression	Threshold	Percent difference	Mean Accuracy	Minimum Accuracy	Maximum Accuracy	Sample 1 Accuracy	Sample 2 Accuracy	Sample 3 Accuracy	Sample 4 Accuracy	Sample 5 Accuracy
TH01_0125_S01	SDHC	Down	4.9959367035	5.38855266571	7.858705694468569	99.88620176120176	99.71509971509973	100	99.71509971509973	100	100	100	99.7159090909091
