Sample	Gene	Type	Expression	Threshold	Percent difference	Mean Accuracy	Minimum Accuracy	Maximum Accuracy	Sample 1 Accuracy	Sample 2 Accuracy	Sample 3 Accuracy	Sample 4 Accuracy	Sample 5 Accuracy
TH01_0125_S01	PSMC5	Down	4.8262942455	5.51663684845	14.30378190458799	99.9206336708502	99.800796812749	100	100	100	99.800796812749	99.80237154150198	100
