Sample	Gene	Type	Expression	Threshold	Percent difference	Mean Accuracy	Minimum Accuracy	Maximum Accuracy	Sample 1 Accuracy	Sample 2 Accuracy	Sample 3 Accuracy	Sample 4 Accuracy	Sample 5 Accuracy
TH01_0125_S01	RBCK1	Down	4.30742852519	4.57445240021	6.199148133473024	99.83287447851599	99.77064220183486	100	99.7867803837953	99.8	99.8069498069498	99.77064220183486	100
