Sample	Gene	Type	Expression	Threshold	Percent difference	Mean Accuracy	Minimum Accuracy	Maximum Accuracy	Sample 1 Accuracy	Sample 2 Accuracy	Sample 3 Accuracy	Sample 4 Accuracy	Sample 5 Accuracy
TH01_0125_S01	HNRNPUL2	Down	3.33199177823	3.41485214233	2.486811781510957	97.08859228300912	94.51708140025306	98.86264216972879	97.00472937467157	98.51506151887993	98.86264216972879	96.54344695151225	94.51708140025306
