Sample	Gene	Type	Expression	Threshold	Percent difference	Mean Accuracy	Minimum Accuracy	Maximum Accuracy	Sample 1 Accuracy	Sample 2 Accuracy	Sample 3 Accuracy	Sample 4 Accuracy	Sample 5 Accuracy
TH01_0125_S01	PLD2	Down	1.52606881167	1.60049152374	4.876759914158651	82.69378743689882	77.93296089385476	88.33746898263027	80.89005235602095	86.81318681318682	88.33746898263027	79.49526813880126	77.93296089385476
