Sample	Gene	Type	Expression	Threshold	Percent difference	Mean Accuracy	Minimum Accuracy	Maximum Accuracy	Sample 1 Accuracy	Sample 2 Accuracy	Sample 3 Accuracy	Sample 4 Accuracy	Sample 5 Accuracy
TH03_0017_S01	STRAP	Down	4.72792045456	4.80659246445	1.6639875955214551	84.61836039872837	78.67298578199052	91.62995594713657	78.67298578199052	91.62995594713657	91.03585657370517	81.62055335968378	80.13245033112582
