Sample	Gene	Type	Expression	Threshold	Percent difference	Mean Accuracy	Minimum Accuracy	Maximum Accuracy	Sample 1 Accuracy	Sample 2 Accuracy	Sample 3 Accuracy	Sample 4 Accuracy	Sample 5 Accuracy
TH03_0017_S01	RP11-44N21.4	Up	0.321928094887	0.0362440273166	88.74157680170102	83.5825066032799	77.04918032786885	92.69647320188837	78.3373786407767	88.36984536082474	92.69647320188837	81.4596554850408	77.04918032786885
