Sample	Gene	Type	Expression	Threshold	Percent difference	Mean Accuracy	Minimum Accuracy	Maximum Accuracy	Sample 1 Accuracy	Sample 2 Accuracy	Sample 3 Accuracy	Sample 4 Accuracy	Sample 5 Accuracy
TH03_0017_S01	KIR2DL1	Up	0.286881147788	0.244370207191	14.818310971209172	52.47079020923949	39.19491525423729	69.93243243243244	44.48051948051948	60.1571268237935	69.93243243243244	48.58895705521473	39.19491525423729
