Sample	Gene	Type	Expression	Threshold	Percent difference	Mean Accuracy	Minimum Accuracy	Maximum Accuracy	Sample 1 Accuracy	Sample 2 Accuracy	Sample 3 Accuracy	Sample 4 Accuracy	Sample 5 Accuracy
TH03_0017_S01	VPS37B	Down	2.04264433741	2.24419021606	9.866910012613978	97.88195117853785	96.52327637006482	98.93276414087512	97.91477787851315	98.84792626728111	98.93276414087512	97.19101123595506	96.52327637006482
