Sample	Gene	Type	Expression	Threshold	Percent difference	Mean Accuracy	Minimum Accuracy	Maximum Accuracy	Sample 1 Accuracy	Sample 2 Accuracy	Sample 3 Accuracy	Sample 4 Accuracy	Sample 5 Accuracy
TH03_0017_S01	EPHA6	Up	1.56071495447	1.29371392727	17.107609972935155	99.01929740065735	98.10725552050474	100	99.21465968586386	99.45054945054946	100	98.10725552050474	98.32402234636871
