Sample	Gene	Type	Expression	Threshold	Percent difference	Mean Accuracy	Minimum Accuracy	Maximum Accuracy	Sample 1 Accuracy	Sample 2 Accuracy	Sample 3 Accuracy	Sample 4 Accuracy	Sample 5 Accuracy
TH03_0017_S01	DNASE2	Down	3.12101540096	3.19430994987	2.348419968945204	94.15299478849641	91.01796407185628	97.03153988868274	91.01796407185628	96.8063872255489	97.03153988868274	94.31072210065645	91.59836065573771
