Sample	Gene	Type	Expression	Threshold	Percent difference	Mean Accuracy	Minimum Accuracy	Maximum Accuracy	Sample 1 Accuracy	Sample 2 Accuracy	Sample 3 Accuracy	Sample 4 Accuracy	Sample 5 Accuracy
TH03_0017_S01	ARAF	Down	3.9126498649	4.10636615753	4.95102550237909	99.58607751315893	99.34354485776805	100	99.40119760479041	99.8003992015968	100	99.34354485776805	99.38524590163934
