Sample	Gene	Type	Expression	Threshold	Percent difference	Mean Accuracy	Minimum Accuracy	Maximum Accuracy	Sample 1 Accuracy	Sample 2 Accuracy	Sample 3 Accuracy	Sample 4 Accuracy	Sample 5 Accuracy
TH03_0017_S01	LIN28B	Up	0.704871964456	0.071774750948	89.81733498176598	95.58873936995293	93.67588932806325	98.08795411089865	94.77459016393442	96.16087751371116	98.08795411089865	95.2443857331572	93.67588932806325
