Sample	Gene	Type	Expression	Threshold	Percent difference	Mean Accuracy	Minimum Accuracy	Maximum Accuracy	Sample 1 Accuracy	Sample 2 Accuracy	Sample 3 Accuracy	Sample 4 Accuracy	Sample 5 Accuracy
TH03_0017_S01	LRRC3B	Up	0.659924558402	0.6579002738	0.30674485079048663	18.114205262674986	14.194915254237289	24.324324324324326	14.285714285714285	21.32435465768799	24.324324324324326	16.441717791411044	14.194915254237289
