Sample	Gene	Type	Expression	Threshold	Percent difference	Mean Accuracy	Minimum Accuracy	Maximum Accuracy	Sample 1 Accuracy	Sample 2 Accuracy	Sample 3 Accuracy	Sample 4 Accuracy	Sample 5 Accuracy
TH03_0017_S01	VRK3	Down	3.14404636962	3.16473484039	0.6580205358898894	48.14916063856914	38.26923076923077	62.521891418563925	38.26923076923077	57.947686116700204	62.521891418563925	40.95238095238095	41.05461393596987
