Sample	Gene	Type	Expression	Threshold	Percent difference	Mean Accuracy	Minimum Accuracy	Maximum Accuracy	Sample 1 Accuracy	Sample 2 Accuracy	Sample 3 Accuracy	Sample 4 Accuracy	Sample 5 Accuracy
TH03_0017_S01	HNRNPL	Down	6.33664044641	6.38869047165	0.8214135815373497	88.84928513787241	83.08457711442786	97.6878612716763	83.08457711442786	97.6878612716763	92.43119266055045	85.20710059171599	85.8356940509915
