Sample	Gene	Type	Expression	Threshold	Percent difference	Mean Accuracy	Minimum Accuracy	Maximum Accuracy	Sample 1 Accuracy	Sample 2 Accuracy	Sample 3 Accuracy	Sample 4 Accuracy	Sample 5 Accuracy
TH03_0017_S01	SLC4A1	Up	0.731183241572	0.311149060726	57.44581617365186	88.70468276572991	86.74884437596302	92.15384615384615	87.26483357452966	92.15384615384615	89.02255639097744	88.33333333333333	86.74884437596302
