Sample	Gene	Type	Expression	Threshold	Percent difference	Mean Accuracy	Minimum Accuracy	Maximum Accuracy	Sample 1 Accuracy	Sample 2 Accuracy	Sample 3 Accuracy	Sample 4 Accuracy	Sample 5 Accuracy
TH03_0017_S01	SLC45A2	Up	0.713695814843	0.614835441113	13.851892034948737	52.819046453363214	41.04903078677309	65.22811344019729	48.26302729528536	59.42028985507246	65.22811344019729	50.13477088948787	41.04903078677309
