Sample	Gene	Type	Expression	Threshold	Percent difference	Mean Accuracy	Minimum Accuracy	Maximum Accuracy	Sample 1 Accuracy	Sample 2 Accuracy	Sample 3 Accuracy	Sample 4 Accuracy	Sample 5 Accuracy
TH03_0017_S01	IARS	Down	2.92979099772	3.04294776917	3.8622813551567305	84.84407795960115	76.60577489687684	90.8410138248848	83.81686310063463	90.8410138248848	90.0213447171825	82.93539325842697	76.60577489687684
