Sample	Gene	Type	Expression	Threshold	Percent difference	Mean Accuracy	Minimum Accuracy	Maximum Accuracy	Sample 1 Accuracy	Sample 2 Accuracy	Sample 3 Accuracy	Sample 4 Accuracy	Sample 5 Accuracy
TH03_0017_S01	SFT2D1	Down	3.54966917073	3.71593308449	4.6839270299042335	98.7364158859486	97.72079772079772	100	97.72079772079772	100	99.53271028037383	98.7012987012987	97.72727272727273
