Sample	Gene	Type	Expression	Threshold	Percent difference	Mean Accuracy	Minimum Accuracy	Maximum Accuracy	Sample 1 Accuracy	Sample 2 Accuracy	Sample 3 Accuracy	Sample 4 Accuracy	Sample 5 Accuracy
TH03_0017_S01	FETUB	Up	0.344828496997	0.344080448151	0.216933592355204	16.093686377659246	12.80148423005566	20.617529880478088	12.849162011173185	20.617529880478088	12.80148423005566	17.906976744186046	16.293279022403258
