Sample	Gene	Type	Expression	Threshold	Percent difference	Mean Accuracy	Minimum Accuracy	Maximum Accuracy	Sample 1 Accuracy	Sample 2 Accuracy	Sample 3 Accuracy	Sample 4 Accuracy	Sample 5 Accuracy
TH03_0017_S01	SRSF7	Down	4.45088131527	4.71327400208	5.895297318079192	99.61746017172133	99.23809523809524	100	99.61538461538461	99.79879275653923	100	99.23809523809524	99.43502824858757
