Sample	Gene	Type	Expression	Threshold	Percent difference	Mean Accuracy	Minimum Accuracy	Maximum Accuracy	Sample 1 Accuracy	Sample 2 Accuracy	Sample 3 Accuracy	Sample 4 Accuracy	Sample 5 Accuracy
TH03_0017_S01	SLC34A1	Up	0.411426245726	0.176311850548	57.146182972143336	84.97498600693059	77.74674115456239	93.87755102040816	77.74674115456239	88.64541832669323	93.87755102040816	83.95348837209302	80.65173116089613
