Sample	Gene	Type	Expression	Threshold	Percent difference	Mean Accuracy	Minimum Accuracy	Maximum Accuracy	Sample 1 Accuracy	Sample 2 Accuracy	Sample 3 Accuracy	Sample 4 Accuracy	Sample 5 Accuracy
TH03_0017_S01	PRKRA	Down	3.30451104181	3.37825465202	2.2316042911331206	93.3269007762267	90.01996007984032	96.84601113172542	90.01996007984032	96.6067864271457	96.84601113172542	92.99781181619255	90.1639344262295
