Sample	Gene	Type	Expression	Threshold	Percent difference	Mean Accuracy	Minimum Accuracy	Maximum Accuracy	Sample 1 Accuracy	Sample 2 Accuracy	Sample 3 Accuracy	Sample 4 Accuracy	Sample 5 Accuracy
TH03_0017_S01	PPHLN1	Down	3.6287735952	3.65615558624	0.7545797587432781	56.983226774282436	45.28688524590164	67.86427145708582	51.09780439121756	67.86427145708582	65.3061224489796	55.36105032822757	45.28688524590164
