Sample	Gene	Type	Expression	Threshold	Percent difference	Mean Accuracy	Minimum Accuracy	Maximum Accuracy	Sample 1 Accuracy	Sample 2 Accuracy	Sample 3 Accuracy	Sample 4 Accuracy	Sample 5 Accuracy
TH03_0017_S01	RBM3	Down	4.88996019966	5.0599527359	3.4763582789859777	98.65734804913235	97.40518962075848	99.62894248608535	97.40518962075848	99.60079840319361	99.62894248608535	98.90590809628009	97.74590163934425
