Sample	Gene	Type	Expression	Threshold	Percent difference	Mean Accuracy	Minimum Accuracy	Maximum Accuracy	Sample 1 Accuracy	Sample 2 Accuracy	Sample 3 Accuracy	Sample 4 Accuracy	Sample 5 Accuracy
TH03_0017_S01	LRRC31	Up	1.40053792958	1.2394862175	11.499275291194495	97.40470776508236	95.53072625698324	99.50372208436724	97.38219895287958	98.07692307692307	99.50372208436724	96.52996845425868	95.53072625698324
