Sample	Gene	Type	Expression	Threshold	Percent difference	Mean Accuracy	Minimum Accuracy	Maximum Accuracy	Sample 1 Accuracy	Sample 2 Accuracy	Sample 3 Accuracy	Sample 4 Accuracy	Sample 5 Accuracy
TH03_0017_S01	KATNA1	Down	1.83995958749	1.99559175968	8.458456003498807	90.48749269422876	85.61643835616438	95.12711864406779	85.61643835616438	92.11711711711712	95.12711864406779	92.10526315789474	87.47152619589977
