Sample	Gene	Type	Expression	Threshold	Percent difference	Mean Accuracy	Minimum Accuracy	Maximum Accuracy	Sample 1 Accuracy	Sample 2 Accuracy	Sample 3 Accuracy	Sample 4 Accuracy	Sample 5 Accuracy
TH03_0017_S01	HNRNPM	Down	5.10643207782	5.1237783432	0.3396944307815987	59.48371769112514	50.455927051671736	69.45244956772333	55.172413793103445	69.45244956772333	67.24137931034483	55.09641873278237	50.455927051671736
