Sample	Gene	Type	Expression	Threshold	Percent difference	Mean Accuracy	Minimum Accuracy	Maximum Accuracy	Sample 1 Accuracy	Sample 2 Accuracy	Sample 3 Accuracy	Sample 4 Accuracy	Sample 5 Accuracy
TH03_0017_S01	MUM1	Down	1.94110631095	2.15677022934	11.110360992255586	97.2333943397024	95.25139664804469	99.50372208436724	97.12041884816755	98.07692307692307	99.50372208436724	96.21451104100946	95.25139664804469
