Sample	Gene	Type	Expression	Threshold	Percent difference	Mean Accuracy	Minimum Accuracy	Maximum Accuracy	Sample 1 Accuracy	Sample 2 Accuracy	Sample 3 Accuracy	Sample 4 Accuracy	Sample 5 Accuracy
TH03_0017_S01	THAP11	Down	2.71589337055	2.77752637863	2.269345650618046	54.18498901139125	46.64804469273743	63.46153846153846	47.38219895287958	63.46153846153846	63.27543424317618	50.1577287066246	46.64804469273743
