Sample	Gene	Type	Expression	Threshold	Percent difference	Mean Accuracy	Minimum Accuracy	Maximum Accuracy	Sample 1 Accuracy	Sample 2 Accuracy	Sample 3 Accuracy	Sample 4 Accuracy	Sample 5 Accuracy
TH03_0017_S01	MKS1	Down	1.54596836911	1.67647981644	8.442051592888312	92.86700379269523	89.52164009111617	97.85867237687366	89.56310679611651	96.1734693877551	97.85867237687366	91.21813031161473	89.52164009111617
