Sample	Gene	Type	Expression	Threshold	Percent difference	Mean Accuracy	Minimum Accuracy	Maximum Accuracy	Sample 1 Accuracy	Sample 2 Accuracy	Sample 3 Accuracy	Sample 4 Accuracy	Sample 5 Accuracy
TH03_0017_S01	RP11-389G6.3	Up	0.555816155062	0.244370207191	56.03398624429312	86.87024806549495	81.29988597491447	95.43773119605426	82.75434243176178	91.43610013175231	95.43773119605426	83.42318059299191	81.29988597491447
