Sample	Gene	Type	Expression	Threshold	Percent difference	Mean Accuracy	Minimum Accuracy	Maximum Accuracy	Sample 1 Accuracy	Sample 2 Accuracy	Sample 3 Accuracy	Sample 4 Accuracy	Sample 5 Accuracy
TH03_0017_S01	ATP13A2	Down	2.68481873755	2.73198127747	1.7566377670262237	41.07734930575207	31.435079726651484	50.96359743040685	33.980582524271846	48.214285714285715	50.96359743040685	40.79320113314447	31.435079726651484
