Sample	Gene	Type	Expression	Threshold	Percent difference	Mean Accuracy	Minimum Accuracy	Maximum Accuracy	Sample 1 Accuracy	Sample 2 Accuracy	Sample 3 Accuracy	Sample 4 Accuracy	Sample 5 Accuracy
TH03_0017_S01	FCAMR	Up	0.704871964456	0.597287535667	15.262974584615602	55.393501594434845	43.671607753705814	68.3107274969174	50.37220843672456	62.1870882740448	68.3107274969174	52.42587601078167	43.671607753705814
