Sample	Gene	Type	Expression	Threshold	Percent difference	Mean Accuracy	Minimum Accuracy	Maximum Accuracy	Sample 1 Accuracy	Sample 2 Accuracy	Sample 3 Accuracy	Sample 4 Accuracy	Sample 5 Accuracy
TH03_0017_S01	ACTG1	Down	9.19359927979	9.24831390381	0.5951382299234876	98.97640220985397	97.70114942528735	100	100	98.55072463768117	100	97.70114942528735	98.63013698630137
