Sample	Gene	Type	Expression	Threshold	Percent difference	Mean Accuracy	Minimum Accuracy	Maximum Accuracy	Sample 1 Accuracy	Sample 2 Accuracy	Sample 3 Accuracy	Sample 4 Accuracy	Sample 5 Accuracy
TH03_0017_S01	SYT15	Up	2.84799690655	2.26732182503	20.38889439045835	99.82689475780508	99.64887640449437	99.94663820704376	99.77334542157752	99.94239631336406	99.94663820704376	99.64887640449437	99.82321744254567
