Sample	Gene	Type	Expression	Threshold	Percent difference	Mean Accuracy	Minimum Accuracy	Maximum Accuracy	Sample 1 Accuracy	Sample 2 Accuracy	Sample 3 Accuracy	Sample 4 Accuracy	Sample 5 Accuracy
TH03_0017_S01	CCT8P1	Up	2.40326772234	2.24360132217	6.643720909068626	85.29597444953271	78.99543378995433	91.94915254237289	78.99543378995433	88.73873873873875	91.94915254237289	86.8421052631579	79.95444191343964
