Sample	Gene	Type	Expression	Threshold	Percent difference	Mean Accuracy	Minimum Accuracy	Maximum Accuracy	Sample 1 Accuracy	Sample 2 Accuracy	Sample 3 Accuracy	Sample 4 Accuracy	Sample 5 Accuracy
TH03_0017_S01	CCZ1	Down	3.87184364851	4.05939865112	4.844074803541643	99.39245232051205	98.85714285714286	99.82486865148861	99.42307692307692	99.79879275653923	99.82486865148861	98.85714285714286	99.05838041431262
