Sample	Gene	Type	Expression	Threshold	Percent difference	Mean Accuracy	Minimum Accuracy	Maximum Accuracy	Sample 1 Accuracy	Sample 2 Accuracy	Sample 3 Accuracy	Sample 4 Accuracy	Sample 5 Accuracy
TH03_0017_S01	DNMT1	Down	2.10097764772	2.3740029335	12.995154235757303	99.04206531921781	98.17324690630525	99.57310565635005	99.09338168631007	99.42396313364056	99.57310565635005	98.94662921348315	98.17324690630525
