Sample	Gene	Type	Expression	Threshold	Percent difference	Mean Accuracy	Minimum Accuracy	Maximum Accuracy	Sample 1 Accuracy	Sample 2 Accuracy	Sample 3 Accuracy	Sample 4 Accuracy	Sample 5 Accuracy
TH03_0017_S01	TMEM80	Down	1.62293035092	1.72149682045	6.073364114123887	80.30459904961519	70.86247086247086	89.17835671342685	75.34562211981567	84.46115288220551	89.17835671342685	81.67539267015707	70.86247086247086
