Sample	Gene	Type	Expression	Threshold	Percent difference	Mean Accuracy	Minimum Accuracy	Maximum Accuracy	Sample 1 Accuracy	Sample 2 Accuracy	Sample 3 Accuracy	Sample 4 Accuracy	Sample 5 Accuracy
TH03_0017_S01	POLD3	Down	1.14404636962	1.1544457674	0.9090014230327116	36.059644963348	28.93341190335887	43.169690501600854	33.68087035358114	42.28110599078341	43.169690501600854	32.23314606741573	28.93341190335887
