Sample	Gene	Type	Expression	Threshold	Percent difference	Mean Accuracy	Minimum Accuracy	Maximum Accuracy	Sample 1 Accuracy	Sample 2 Accuracy	Sample 3 Accuracy	Sample 4 Accuracy	Sample 5 Accuracy
TH03_0017_S01	WDR11	Down	2.15055967658	2.38429069519	10.868380968701995	98.40474575290264	97.34826163818504	99.2529348986126	98.36808703535812	99.02073732718894	99.2529348986126	98.03370786516854	97.34826163818504
