Sample	Gene	Type	Expression	Threshold	Percent difference	Mean Accuracy	Minimum Accuracy	Maximum Accuracy	Sample 1 Accuracy	Sample 2 Accuracy	Sample 3 Accuracy	Sample 4 Accuracy	Sample 5 Accuracy
TH03_0017_S01	AC107983.4	Up	0.18903382439	0.141633793712	25.074893782082043	61.16554285497396	45.6575682382134	78.13333333333333	45.6575682382134	69.17808219178082	78.13333333333333	60.391198044009776	52.467532467532465
