Sample	Gene	Type	Expression	Threshold	Percent difference	Mean Accuracy	Minimum Accuracy	Maximum Accuracy	Sample 1 Accuracy	Sample 2 Accuracy	Sample 3 Accuracy	Sample 4 Accuracy	Sample 5 Accuracy
TH03_0017_S01	CYP17A1	Up	2.70265754339	1.27620542049	52.77961043894489	99.65392297445979	99.25650557620817	100	99.46380697050938	99.83999999999999	99.70930232558139	100	99.25650557620817
