Sample	Gene	Type	Expression	Threshold	Percent difference	Mean Accuracy	Minimum Accuracy	Maximum Accuracy	Sample 1 Accuracy	Sample 2 Accuracy	Sample 3 Accuracy	Sample 4 Accuracy	Sample 5 Accuracy
TH03_0017_S01	SNUPN	Down	2.66675659188	2.71937966347	1.9732986411370144	44.316407890552604	36.3013698630137	52.96610169491526	36.3013698630137	50.67567567567568	52.96610169491526	44.73684210526316	36.90205011389522
