Sample	Gene	Type	Expression	Threshold	Percent difference	Mean Accuracy	Minimum Accuracy	Maximum Accuracy	Sample 1 Accuracy	Sample 2 Accuracy	Sample 3 Accuracy	Sample 4 Accuracy	Sample 5 Accuracy
TH03_0017_S01	OTUB1	Down	4.81044310385	4.8779425621	1.4031858769097116	78.5422936141514	71.1864406779661	87.91593695271453	73.46153846153847	84.90945674044266	87.91593695271453	75.23809523809524	71.1864406779661
