Sample	Gene	Type	Expression	Threshold	Percent difference	Mean Accuracy	Minimum Accuracy	Maximum Accuracy	Sample 1 Accuracy	Sample 2 Accuracy	Sample 3 Accuracy	Sample 4 Accuracy	Sample 5 Accuracy
TH03_0017_S01	DBNL	Down	4.32409051604	4.61294221878	6.680056804281007	99.91525271729382	99.78118161925602	100	100	100	100	99.78118161925602	99.79508196721312
