Sample	Gene	Type	Expression	Threshold	Percent difference	Mean Accuracy	Minimum Accuracy	Maximum Accuracy	Sample 1 Accuracy	Sample 2 Accuracy	Sample 3 Accuracy	Sample 4 Accuracy	Sample 5 Accuracy
TH03_0017_S01	C6	Up	1.46988597627	1.3924831152	5.265909214701033	91.23527925658117	85.15026517383617	95.44930875576037	90.79782411604714	95.44930875576037	94.61045891141943	90.1685393258427	85.15026517383617
