Sample	Gene	Type	Expression	Threshold	Percent difference	Mean Accuracy	Minimum Accuracy	Maximum Accuracy	Sample 1 Accuracy	Sample 2 Accuracy	Sample 3 Accuracy	Sample 4 Accuracy	Sample 5 Accuracy
TH03_0017_S01	RP11-745O10.4	Up	1.14404636962	0.946536004543	17.264192284671466	97.48976086241407	95.56650246305419	98.84615384615385	95.92760180995475	98.57482185273159	98.84615384615385	98.53372434017595	95.56650246305419
