Sample	Gene	Type	Expression	Threshold	Percent difference	Mean Accuracy	Minimum Accuracy	Maximum Accuracy	Sample 1 Accuracy	Sample 2 Accuracy	Sample 3 Accuracy	Sample 4 Accuracy	Sample 5 Accuracy
TH03_0017_S01	TMEM252	Up	1.87184364851	0.717490196228	61.669330833313616	99.90325464009675	99.74937343358395	100	100	99.74937343358395	100	100	99.76689976689977
