Sample	Gene	Type	Expression	Threshold	Percent difference	Mean Accuracy	Minimum Accuracy	Maximum Accuracy	Sample 1 Accuracy	Sample 2 Accuracy	Sample 3 Accuracy	Sample 4 Accuracy	Sample 5 Accuracy
TH03_0017_S01	EXOC1	Down	2.22958792274	2.28949642181	2.6869762999243787	74.13072301109628	64.17206835592222	82.55069370330843	71.57751586582049	81.5668202764977	82.55069370330843	70.78651685393258	64.17206835592222
