Sample	Gene	Type	Expression	Threshold	Percent difference	Mean Accuracy	Minimum Accuracy	Maximum Accuracy	Sample 1 Accuracy	Sample 2 Accuracy	Sample 3 Accuracy	Sample 4 Accuracy	Sample 5 Accuracy
TH03_0017_S01	GPN1	Down	3.18903382439	3.3728351593	5.763542973557443	99.87426911073645	99.59016393442623	100	100	100	100	99.78118161925602	99.59016393442623
