Sample	Gene	Type	Expression	Threshold	Percent difference	Mean Accuracy	Minimum Accuracy	Maximum Accuracy	Sample 1 Accuracy	Sample 2 Accuracy	Sample 3 Accuracy	Sample 4 Accuracy	Sample 5 Accuracy
TH03_0017_S01	FAM53B	Down	1.03562390973	1.14981591702	11.0263973453231	98.44759542158792	97.34826163818504	99.30629669156885	98.4587488667271	99.02073732718894	99.30629669156885	98.10393258426966	97.34826163818504
