Sample	Gene	Type	Expression	Threshold	Percent difference	Mean Accuracy	Minimum Accuracy	Maximum Accuracy	Sample 1 Accuracy	Sample 2 Accuracy	Sample 3 Accuracy	Sample 4 Accuracy	Sample 5 Accuracy
TH03_0017_S01	PARP6	Down	2.77610398807	2.9034974575	4.588930024864314	69.31770476668075	58.04195804195804	80.7615230460922	64.0552995391705	76.19047619047619	80.7615230460922	67.5392670157068	58.04195804195804
