Sample	Gene	Type	Expression	Threshold	Percent difference	Mean Accuracy	Minimum Accuracy	Maximum Accuracy	Sample 1 Accuracy	Sample 2 Accuracy	Sample 3 Accuracy	Sample 4 Accuracy	Sample 5 Accuracy
TH03_0017_S01	SEC24C	Down	3.27052894238	3.3423397541	2.1956941212005523	95.85667019296076	92.4926191480388	98.16272965879264	95.5333683657383	97.75137887144676	98.16272965879264	95.34325492078733	92.4926191480388
