Sample	Gene	Type	Expression	Threshold	Percent difference	Mean Accuracy	Minimum Accuracy	Maximum Accuracy	Sample 1 Accuracy	Sample 2 Accuracy	Sample 3 Accuracy	Sample 4 Accuracy	Sample 5 Accuracy
TH03_0017_S01	FBXW9	Down	0.757023246507	1.15023648739	51.942029877858445	83.87738463358892	77.59740259740259	93.58108108108108	77.59740259740259	86.75645342312009	93.58108108108108	83.8036809815951	77.64830508474576
