Sample	Gene	Type	Expression	Threshold	Percent difference	Mean Accuracy	Minimum Accuracy	Maximum Accuracy	Sample 1 Accuracy	Sample 2 Accuracy	Sample 3 Accuracy	Sample 4 Accuracy	Sample 5 Accuracy
TH03_0017_S01	TMEM106C	Down	3.42357817098	3.45372867584	0.8806723069907102	58.920758054433314	51.65562913907284	68.28193832599119	52.60663507109005	68.28193832599119	65.5378486055777	56.52173913043478	51.65562913907284
