Sample	Gene	Type	Expression	Threshold	Percent difference	Mean Accuracy	Minimum Accuracy	Maximum Accuracy	Sample 1 Accuracy	Sample 2 Accuracy	Sample 3 Accuracy	Sample 4 Accuracy	Sample 5 Accuracy
TH03_0017_S01	HAUS4	Down	2.92599941856	3.10486674309	6.113033495339099	80.40134440951844	71.0955710955711	89.17835671342685	75.34562211981567	84.71177944862156	89.17835671342685	81.67539267015707	71.0955710955711
