Sample	Gene	Type	Expression	Threshold	Percent difference	Mean Accuracy	Minimum Accuracy	Maximum Accuracy	Sample 1 Accuracy	Sample 2 Accuracy	Sample 3 Accuracy	Sample 4 Accuracy	Sample 5 Accuracy
TH03_0017_S01	NDOR1	Down	0.963474123975	1.04286587238	8.240153671948537	41.56051006376835	35.130970724191066	50.30769230769231	39.218523878437054	50.30769230769231	44.81203007518797	38.333333333333336	35.130970724191066
