Sample	Gene	Type	Expression	Threshold	Percent difference	Mean Accuracy	Minimum Accuracy	Maximum Accuracy	Sample 1 Accuracy	Sample 2 Accuracy	Sample 3 Accuracy	Sample 4 Accuracy	Sample 5 Accuracy
TH03_0017_S01	RP5-849H19.3	Up	2.98002530024	0.141458824277	95.2530998892658	99.94897959183673	99.74489795918367	100	100	99.74489795918367	100	100	100
