Sample	Gene	Type	Expression	Threshold	Percent difference	Mean Accuracy	Minimum Accuracy	Maximum Accuracy	Sample 1 Accuracy	Sample 2 Accuracy	Sample 3 Accuracy	Sample 4 Accuracy	Sample 5 Accuracy
TH03_0017_S01	SEC61G	Down	5.58976348698	5.82154655457	4.146563054588675	99.44565035899149	98.11320754716981	100	100	100	100	99.11504424778761	98.11320754716981
