Sample	Gene	Type	Expression	Threshold	Percent difference	Mean Accuracy	Minimum Accuracy	Maximum Accuracy	Sample 1 Accuracy	Sample 2 Accuracy	Sample 3 Accuracy	Sample 4 Accuracy	Sample 5 Accuracy
TH03_0017_S01	CEP89	Down	1.64616265716	1.70373606682	3.497431399599773	82.2117532711822	73.60047142015321	88.99769585253456	81.00634632819583	88.99769585253456	88.10032017075774	79.35393258426966	73.60047142015321
