Sample	Gene	Type	Expression	Threshold	Percent difference	Mean Accuracy	Minimum Accuracy	Maximum Accuracy	Sample 1 Accuracy	Sample 2 Accuracy	Sample 3 Accuracy	Sample 4 Accuracy	Sample 5 Accuracy
TH03_0017_S01	PTCHD4	Up	2.55336050334	1.87198746204	26.685344290738005	99.93020673842517	99.85955056179775	100	99.909338168631	100	100	99.85955056179775	99.88214496169712
