Sample	Gene	Type	Expression	Threshold	Percent difference	Mean Accuracy	Minimum Accuracy	Maximum Accuracy	Sample 1 Accuracy	Sample 2 Accuracy	Sample 3 Accuracy	Sample 4 Accuracy	Sample 5 Accuracy
TH03_0017_S01	CTBP2	Down	2.18586654531	2.44608068466	11.904392786847666	98.77069650938886	97.93753682969947	99.46638207043756	98.73073436083409	99.19354838709677	99.46638207043756	98.5252808988764	97.93753682969947
