Sample	Gene	Type	Expression	Threshold	Percent difference	Mean Accuracy	Minimum Accuracy	Maximum Accuracy	Sample 1 Accuracy	Sample 2 Accuracy	Sample 3 Accuracy	Sample 4 Accuracy	Sample 5 Accuracy
TH03_0017_S01	ABTB1	Down	2.07038932789	2.1980099678	6.164088956160831	86.31316600057308	81.77676537585421	93.79014989293361	82.03883495145631	89.54081632653062	93.79014989293361	84.41926345609065	81.77676537585421
