Sample	Gene	Type	Expression	Threshold	Percent difference	Mean Accuracy	Minimum Accuracy	Maximum Accuracy	Sample 1 Accuracy	Sample 2 Accuracy	Sample 3 Accuracy	Sample 4 Accuracy	Sample 5 Accuracy
TH03_0017_S01	PFKP	Down	1.95605665241	2.20025897026	12.484419484943118	98.12036480812803	97.05882352941177	99.12790697674419	97.85276073619632	98.80952380952381	99.12790697674419	97.75280898876404	97.05882352941177
