Sample	Gene	Type	Expression	Threshold	Percent difference	Mean Accuracy	Minimum Accuracy	Maximum Accuracy	Sample 1 Accuracy	Sample 2 Accuracy	Sample 3 Accuracy	Sample 4 Accuracy	Sample 5 Accuracy
TH03_0017_S01	ZBED5	Down	1.85996954822	2.4139187336	29.782701867895213	99.83848428715349	99.57264957264957	100	100	100	100	99.57264957264957	99.61977186311786
