Sample	Gene	Type	Expression	Threshold	Percent difference	Mean Accuracy	Minimum Accuracy	Maximum Accuracy	Sample 1 Accuracy	Sample 2 Accuracy	Sample 3 Accuracy	Sample 4 Accuracy	Sample 5 Accuracy
TH03_0017_S01	ARMCX6	Down	2.92789645373	2.9703066349	1.4484863737572287	25.845777157629488	18.099547511312217	34.42307692307692	18.099547511312217	33.729216152019006	34.42307692307692	22.28739002932551	20.689655172413794
