Sample	Gene	Type	Expression	Threshold	Percent difference	Mean Accuracy	Minimum Accuracy	Maximum Accuracy	Sample 1 Accuracy	Sample 2 Accuracy	Sample 3 Accuracy	Sample 4 Accuracy	Sample 5 Accuracy
TH03_0017_S01	ARID3C	Up	0.66902676551	0.289402633905	56.742742021032896	84.93469908942748	77.74674115456239	93.87755102040816	77.74674115456239	88.54581673306772	93.87755102040816	83.95348837209302	80.5498981670061
