Sample	Gene	Type	Expression	Threshold	Percent difference	Mean Accuracy	Minimum Accuracy	Maximum Accuracy	Sample 1 Accuracy	Sample 2 Accuracy	Sample 3 Accuracy	Sample 4 Accuracy	Sample 5 Accuracy
TH03_0017_S01	MIA2	Up	0.887525270742	0.472911119461	46.71575728028218	84.53728051288364	81.8018018018018	87.4538745387454	81.8018018018018	87.20472440944881	87.4538745387454	83.48017621145375	82.74582560296847
