Sample	Gene	Type	Expression	Threshold	Percent difference	Mean Accuracy	Minimum Accuracy	Maximum Accuracy	Sample 1 Accuracy	Sample 2 Accuracy	Sample 3 Accuracy	Sample 4 Accuracy	Sample 5 Accuracy
TH03_0017_S01	RP11-177F15.1	Up	0.50589092973	0.0362440273166	92.83560443830375	92.49484397503034	89.72222222222223	97.36147757255937	90.9090909090909	89.72222222222223	97.36147757255937	93.43283582089552	91.04859335038363
