Sample	Gene	Type	Expression	Threshold	Percent difference	Mean Accuracy	Minimum Accuracy	Maximum Accuracy	Sample 1 Accuracy	Sample 2 Accuracy	Sample 3 Accuracy	Sample 4 Accuracy	Sample 5 Accuracy
TH01_0061_S01	TAF11	Down	2.41142624573	3.00606846809	24.659357648319315	99.81640091950113	99.54954954954955	100	99.77168949771689	99.54954954954955	100	99.76076555023924	100
