Sample	Gene	Type	Expression	Threshold	Percent difference	Mean Accuracy	Minimum Accuracy	Maximum Accuracy	Sample 1 Accuracy	Sample 2 Accuracy	Sample 3 Accuracy	Sample 4 Accuracy	Sample 5 Accuracy
TH01_0061_S01	IAH1	Down	2.9909548604	4.05830812454	35.68603720075052	99.76624927206466	99.26108374384236	100	100	99.7624703087886	99.8076923076923	100	99.26108374384236
