Sample	Gene	Type	Expression	Threshold	Percent difference	Mean Accuracy	Minimum Accuracy	Maximum Accuracy	Sample 1 Accuracy	Sample 2 Accuracy	Sample 3 Accuracy	Sample 4 Accuracy	Sample 5 Accuracy
TH01_0061_S01	WDR59	Down	2.44095219803	2.54163718224	4.124824086733815	74.5421970725809	66.74259681093395	82.86937901498929	66.99029126213593	81.88775510204081	82.86937901498929	74.22096317280453	66.74259681093395
