Sample	Gene	Type	Expression	Threshold	Percent difference	Mean Accuracy	Minimum Accuracy	Maximum Accuracy	Sample 1 Accuracy	Sample 2 Accuracy	Sample 3 Accuracy	Sample 4 Accuracy	Sample 5 Accuracy
TH01_0061_S01	CD99L2	Down	1.13750352375	1.18276333809	3.978872451383036	85.5513041228872	77.4896876841485	91.30184331797236	84.85947416137806	91.30184331797236	90.60832443970116	83.49719101123596	77.4896876841485
