Sample	Gene	Type	Expression	Threshold	Percent difference	Mean Accuracy	Minimum Accuracy	Maximum Accuracy	Sample 1 Accuracy	Sample 2 Accuracy	Sample 3 Accuracy	Sample 4 Accuracy	Sample 5 Accuracy
TH01_0061_S01	ACADM	Down	2.24792751344	2.53125596046	12.603985018468084	95.11485049790632	89.97668997668997	98.79759519038076	93.77880184331798	97.99498746867168	98.79759519038076	95.02617801047121	89.97668997668997
