Sample	Gene	Type	Expression	Threshold	Percent difference	Mean Accuracy	Minimum Accuracy	Maximum Accuracy	Sample 1 Accuracy	Sample 2 Accuracy	Sample 3 Accuracy	Sample 4 Accuracy	Sample 5 Accuracy
TH01_0061_S01	SUPT7L	Down	2.44625622989	2.88358306885	17.87739295730543	99.62768289342526	99.30313588850174	100	99.30313588850174	100	99.64285714285714	99.57264957264957	99.61977186311786
