Sample	Gene	Type	Expression	Threshold	Percent difference	Mean Accuracy	Minimum Accuracy	Maximum Accuracy	Sample 1 Accuracy	Sample 2 Accuracy	Sample 3 Accuracy	Sample 4 Accuracy	Sample 5 Accuracy
TH01_0061_S01	KIAA0368	Down	2.61588707392	3.28047657013	25.405893963690435	99.9069004972677	99.82321744254567	100	99.909338168631	99.94239631336406	100	99.85955056179775	99.82321744254567
