Sample	Gene	Type	Expression	Threshold	Percent difference	Mean Accuracy	Minimum Accuracy	Maximum Accuracy	Sample 1 Accuracy	Sample 2 Accuracy	Sample 3 Accuracy	Sample 4 Accuracy	Sample 5 Accuracy
TH01_0061_S01	ZNF777	Down	0.956056652412	1.67561125755	75.2627580512789	95.20640789224267	92.82891022021457	97.96048438495856	94.4672131147541	95.79524680073126	97.96048438495856	94.98018494055482	92.82891022021457
