Sample	Gene	Type	Expression	Threshold	Percent difference	Mean Accuracy	Minimum Accuracy	Maximum Accuracy	Sample 1 Accuracy	Sample 2 Accuracy	Sample 3 Accuracy	Sample 4 Accuracy	Sample 5 Accuracy
TH01_0061_S01	LINC01249	Up	0.214124805353	0.0362440273166	83.07341026797472	87.03569041796139	81.73352435530086	92.84253578732107	81.73352435530086	91.34165366614666	92.84253578732107	86.9605142332415	82.30022404779686
