Sample	Gene	Type	Expression	Threshold	Percent difference	Mean Accuracy	Minimum Accuracy	Maximum Accuracy	Sample 1 Accuracy	Sample 2 Accuracy	Sample 3 Accuracy	Sample 4 Accuracy	Sample 5 Accuracy
TH01_0061_S01	RFWD2	Down	3.19061486021	3.33528971672	4.5343879737486645	99.62596741173996	99.57173447537473	99.77064220183486	99.57356076759062	99.6	99.61389961389962	99.77064220183486	99.57173447537473
