Sample	Gene	Type	Expression	Threshold	Percent difference	Mean Accuracy	Minimum Accuracy	Maximum Accuracy	Sample 1 Accuracy	Sample 2 Accuracy	Sample 3 Accuracy	Sample 4 Accuracy	Sample 5 Accuracy
TH01_0061_S01	SMG6	Down	1.89141918685	2.17771220207	15.13641276404713	99.4604225479264	99.0571596935769	99.76958525345621	99.41069809610154	99.76958525345621	99.6264674493063	99.43820224719101	99.0571596935769
