Sample	Gene	Type	Expression	Threshold	Percent difference	Mean Accuracy	Minimum Accuracy	Maximum Accuracy	Sample 1 Accuracy	Sample 2 Accuracy	Sample 3 Accuracy	Sample 4 Accuracy	Sample 5 Accuracy
TH01_0061_S01	VPS37B	Down	2.14730669878	2.24302434921	4.457567728186311	82.18253643650101	76.04562737642586	88.21428571428571	78.04878048780488	87.4074074074074	88.21428571428571	81.19658119658119	76.04562737642586
