Sample	Gene	Type	Expression	Threshold	Percent difference	Mean Accuracy	Minimum Accuracy	Maximum Accuracy	Sample 1 Accuracy	Sample 2 Accuracy	Sample 3 Accuracy	Sample 4 Accuracy	Sample 5 Accuracy
TH01_0061_S01	PAK4	Down	2.57531233069	2.66590881348	3.517883314981321	74.1103183776328	66.66666666666666	80.52325581395348	68.09815950920245	80.35714285714286	80.52325581395348	74.90636704119851	66.66666666666666
