Sample	Gene	Type	Expression	Threshold	Percent difference	Mean Accuracy	Minimum Accuracy	Maximum Accuracy	Sample 1 Accuracy	Sample 2 Accuracy	Sample 3 Accuracy	Sample 4 Accuracy	Sample 5 Accuracy
TH01_0061_S01	RPS26	Down	6.26341005876	6.29071092606	0.4358786514674569	65.17660365410694	55.41125541125541	76.66666666666667	55.41125541125541	76.66666666666667	70.85201793721974	59.48275862068966	63.4703196347032
