Sample	Gene	Type	Expression	Threshold	Percent difference	Mean Accuracy	Minimum Accuracy	Maximum Accuracy	Sample 1 Accuracy	Sample 2 Accuracy	Sample 3 Accuracy	Sample 4 Accuracy	Sample 5 Accuracy
TH01_0061_S01	ESRRA	Down	2.28392177231	2.43987321854	6.828230639102315	88.58455605637275	84.96583143507974	95.28907922912205	85.19417475728154	91.07142857142857	95.28907922912205	86.40226628895185	84.96583143507974
