Sample	Gene	Type	Expression	Threshold	Percent difference	Mean Accuracy	Minimum Accuracy	Maximum Accuracy	Sample 1 Accuracy	Sample 2 Accuracy	Sample 3 Accuracy	Sample 4 Accuracy	Sample 5 Accuracy
TH01_0061_S01	SPRYD7	Down	0.68706068834	0.945332527161	37.590833416041875	87.825446287633	82.77809147374364	94.13639260675589	85.65573770491804	90.49360146252286	94.13639260675589	86.06340819022456	82.77809147374364
