Sample	Gene	Type	Expression	Threshold	Percent difference	Mean Accuracy	Minimum Accuracy	Maximum Accuracy	Sample 1 Accuracy	Sample 2 Accuracy	Sample 3 Accuracy	Sample 4 Accuracy	Sample 5 Accuracy
TH01_0061_S01	MRPS25	Down	2.66902676551	3.01248526573	12.86830483149433	97.29916818520938	96.34703196347031	99.36440677966102	96.34703196347031	97.07207207207207	99.36440677966102	97.1291866028708	96.58314350797266
