Sample	Gene	Type	Expression	Threshold	Percent difference	Mean Accuracy	Minimum Accuracy	Maximum Accuracy	Sample 1 Accuracy	Sample 2 Accuracy	Sample 3 Accuracy	Sample 4 Accuracy	Sample 5 Accuracy
TH01_0061_S01	CYTH2	Down	3.80219321694	3.88915777206	2.2872208264573346	93.77727583862129	90.41916167664671	97.03153988868274	90.41916167664671	96.6067864271457	97.03153988868274	93.43544857768052	91.39344262295081
