Sample	Gene	Type	Expression	Threshold	Percent difference	Mean Accuracy	Minimum Accuracy	Maximum Accuracy	Sample 1 Accuracy	Sample 2 Accuracy	Sample 3 Accuracy	Sample 4 Accuracy	Sample 5 Accuracy
TH01_0061_S01	WDSUB1	Down	0.933572638261	1.05669605732	13.188413414551913	48.40989504185754	35.91101694915254	64.75225225225225	40.25974025974026	56.34118967452301	64.75225225225225	44.785276073619634	35.91101694915254
