Sample	Gene	Type	Expression	Threshold	Percent difference	Mean Accuracy	Minimum Accuracy	Maximum Accuracy	Sample 1 Accuracy	Sample 2 Accuracy	Sample 3 Accuracy	Sample 4 Accuracy	Sample 5 Accuracy
TH01_0061_S01	SFSWAP	Down	2.07382023329	2.72083735466	31.19928675512743	99.83848428715349	99.57264957264957	100	100	100	100	99.57264957264957	99.61977186311786
