Sample	Gene	Type	Expression	Threshold	Percent difference	Mean Accuracy	Minimum Accuracy	Maximum Accuracy	Sample 1 Accuracy	Sample 2 Accuracy	Sample 3 Accuracy	Sample 4 Accuracy	Sample 5 Accuracy
TH01_0061_S01	PRPF8	Down	4.64385618977	4.90106344223	5.538656710054982	99.79407029669946	99.61593855016802	99.95625546806649	99.9474513925381	99.83029274501484	99.95625546806649	99.61593855016802	99.62041332770983
