Sample	Gene	Type	Expression	Threshold	Percent difference	Mean Accuracy	Minimum Accuracy	Maximum Accuracy	Sample 1 Accuracy	Sample 2 Accuracy	Sample 3 Accuracy	Sample 4 Accuracy	Sample 5 Accuracy
TH01_0061_S01	RP11-701H24.5	Up	2.42492208821	1.8281532526	24.609814827102998	74.74887516205293	64.44444444444444	85.1063829787234	65.9090909090909	85.1063829787234	84.0909090909091	74.19354838709677	64.44444444444444
