Sample	Gene	Type	Expression	Threshold	Percent difference	Mean Accuracy	Minimum Accuracy	Maximum Accuracy	Sample 1 Accuracy	Sample 2 Accuracy	Sample 3 Accuracy	Sample 4 Accuracy	Sample 5 Accuracy
TH01_0061_S01	AMPD2	Down	2.39231742278	2.46033215523	2.8430479919743785	66.28679387665755	57.03422053231939	76.07142857142857	59.58188153310105	75.92592592592592	76.07142857142857	62.82051282051282	57.03422053231939
