Sample	Gene	Type	Expression	Threshold	Percent difference	Mean Accuracy	Minimum Accuracy	Maximum Accuracy	Sample 1 Accuracy	Sample 2 Accuracy	Sample 3 Accuracy	Sample 4 Accuracy	Sample 5 Accuracy
TH01_0061_S01	ATXN2	Down	2.90496571868	2.91281867027	0.27032854603076745	6.174913819121965	4.337899543378995	7.657657657657657	4.337899543378995	7.657657657657657	7.203389830508475	5.980861244019139	5.694760820045558
