Sample	Gene	Type	Expression	Threshold	Percent difference	Mean Accuracy	Minimum Accuracy	Maximum Accuracy	Sample 1 Accuracy	Sample 2 Accuracy	Sample 3 Accuracy	Sample 4 Accuracy	Sample 5 Accuracy
TH01_0061_S01	RPL15	Down	8.62757036176	8.65718078613	0.3432069879284061	91.37732942710842	85.21739130434783	98.14814814814815	86.86131386861314	98	98.14814814814815	85.21739130434783	88.65979381443299
