Sample	Gene	Type	Expression	Threshold	Percent difference	Mean Accuracy	Minimum Accuracy	Maximum Accuracy	Sample 1 Accuracy	Sample 2 Accuracy	Sample 3 Accuracy	Sample 4 Accuracy	Sample 5 Accuracy
TH01_0061_S01	SLC17A4	Up	0.411426245726	0.071774750948	82.55464941927883	95.47317452312477	93.39356295878035	98.08795411089865	94.67213114754098	96.09993906154783	98.08795411089865	95.112285336856	93.39356295878035
