Sample	Gene	Type	Expression	Threshold	Percent difference	Mean Accuracy	Minimum Accuracy	Maximum Accuracy	Sample 1 Accuracy	Sample 2 Accuracy	Sample 3 Accuracy	Sample 4 Accuracy	Sample 5 Accuracy
TH01_0061_S01	ZNF676	Up	1.67355642399	0.725209057331	56.666590565139295	99.92395437262357	99.61977186311786	100	100	100	100	100	99.61977186311786
