Sample	Gene	Type	Expression	Threshold	Percent difference	Mean Accuracy	Minimum Accuracy	Maximum Accuracy	Sample 1 Accuracy	Sample 2 Accuracy	Sample 3 Accuracy	Sample 4 Accuracy	Sample 5 Accuracy
TH01_0061_S01	MCRS1	Down	3.92979099772	4.00912761688	2.0188508550716713	89.48507567279366	86.25235404896422	94.39579684763572	86.53846153846155	93.7625754527163	94.39579684763572	86.47619047619047	86.25235404896422
