Sample	Gene	Type	Expression	Threshold	Percent difference	Mean Accuracy	Minimum Accuracy	Maximum Accuracy	Sample 1 Accuracy	Sample 2 Accuracy	Sample 3 Accuracy	Sample 4 Accuracy	Sample 5 Accuracy
TH01_0061_S01	PDCD2L	Down	1.28688114779	1.39082956314	8.077545896799707	84.11100962873756	77.83251231527095	90.26128266033254	79.86425339366517	90.26128266033254	90.1923076923077	82.40469208211144	77.83251231527095
