Sample	Gene	Type	Expression	Threshold	Percent difference	Mean Accuracy	Minimum Accuracy	Maximum Accuracy	Sample 1 Accuracy	Sample 2 Accuracy	Sample 3 Accuracy	Sample 4 Accuracy	Sample 5 Accuracy
TH01_0061_S01	TMEM120A	Down	2.49313492231	3.64080953598	46.03339367636906	99.90323297801388	99.75369458128078	100	100	99.7624703087886	100	100	99.75369458128078
