Sample	Gene	Type	Expression	Threshold	Percent difference	Mean Accuracy	Minimum Accuracy	Maximum Accuracy	Sample 1 Accuracy	Sample 2 Accuracy	Sample 3 Accuracy	Sample 4 Accuracy	Sample 5 Accuracy
TH01_0061_S01	NOP9	Down	1.49057013045	1.57301807404	5.5313025469730155	92.2283794748372	86.97701826753094	95.85253456221197	91.74977334542159	95.85253456221197	95.41088580576307	91.15168539325843	86.97701826753094
