Sample	Gene	Type	Expression	Threshold	Percent difference	Mean Accuracy	Minimum Accuracy	Maximum Accuracy	Sample 1 Accuracy	Sample 2 Accuracy	Sample 3 Accuracy	Sample 4 Accuracy	Sample 5 Accuracy
TH01_0061_S01	RPL13AP5	Down	4.24640808725	4.70739364624	10.855893958334493	99.04698532086721	98.48484848484848	100	98.67549668874173	98.63013698630137	99.44444444444444	100	98.48484848484848
