Sample	Gene	Type	Expression	Threshold	Percent difference	Mean Accuracy	Minimum Accuracy	Maximum Accuracy	Sample 1 Accuracy	Sample 2 Accuracy	Sample 3 Accuracy	Sample 4 Accuracy	Sample 5 Accuracy
TH01_0061_S01	GTF3C5	Down	3.26753579807	3.49335718155	6.911060733087713	99.91525271729382	99.78118161925602	100	100	100	100	99.78118161925602	99.79508196721312
