Sample	Gene	Type	Expression	Threshold	Percent difference	Mean Accuracy	Minimum Accuracy	Maximum Accuracy	Sample 1 Accuracy	Sample 2 Accuracy	Sample 3 Accuracy	Sample 4 Accuracy	Sample 5 Accuracy
TH01_0061_S01	TMEM259	Down	4.13093086983	4.7212758064300004	14.2908452163058	99.96190476190476	99.80952380952381	100	100	100	100	99.80952380952381	100
