Sample	Gene	Type	Expression	Threshold	Percent difference	Mean Accuracy	Minimum Accuracy	Maximum Accuracy	Sample 1 Accuracy	Sample 2 Accuracy	Sample 3 Accuracy	Sample 4 Accuracy	Sample 5 Accuracy
TH01_0061_S01	CES2	Down	1.55090066465	1.70952653885	10.22798415240849	96.79836306044226	94.77351916376307	99.62962962962963	94.77351916376307	99.62962962962963	97.14285714285714	97.00854700854701	95.43726235741445
