Sample	Gene	Type	Expression	Threshold	Percent difference	Mean Accuracy	Minimum Accuracy	Maximum Accuracy	Sample 1 Accuracy	Sample 2 Accuracy	Sample 3 Accuracy	Sample 4 Accuracy	Sample 5 Accuracy
TH01_0061_S01	RPA3	Down	2.93734439215	3.02371764183	2.940521714472119	40.33376585561112	32.13429256594724	51.66270783847982	35.275080906148865	49.796747967479675	51.66270783847982	32.13429256594724	32.800000000000004
