Sample	Gene	Type	Expression	Threshold	Percent difference	Mean Accuracy	Minimum Accuracy	Maximum Accuracy	Sample 1 Accuracy	Sample 2 Accuracy	Sample 3 Accuracy	Sample 4 Accuracy	Sample 5 Accuracy
TH01_0061_S01	LTBP4	Down	1.46988597627	1.8783301115	27.787470717046535	99.86144596454618	99.76076555023924	100	99.77168949771689	99.77477477477478	100	99.76076555023924	100
