Sample	Gene	Type	Expression	Threshold	Percent difference	Mean Accuracy	Minimum Accuracy	Maximum Accuracy	Sample 1 Accuracy	Sample 2 Accuracy	Sample 3 Accuracy	Sample 4 Accuracy	Sample 5 Accuracy
TH01_0061_S01	PSMD1	Down	3.82781902462	4.04464292526	5.664424029595404	99.72471588051896	99.18032786885246	100	100	99.75	100	99.69325153374233	99.18032786885246
