Sample	Gene	Type	Expression	Threshold	Percent difference	Mean Accuracy	Minimum Accuracy	Maximum Accuracy	Sample 1 Accuracy	Sample 2 Accuracy	Sample 3 Accuracy	Sample 4 Accuracy	Sample 5 Accuracy
TH01_0061_S01	MFSD10	Down	3.56071495447	3.65988945961	2.7852413464183607	95.63695922934932	93.26923076923077	98.59154929577466	93.26923076923077	98.59154929577466	98.24868651488616	94.66666666666667	93.40866290018832
