Sample	Gene	Type	Expression	Threshold	Percent difference	Mean Accuracy	Minimum Accuracy	Maximum Accuracy	Sample 1 Accuracy	Sample 2 Accuracy	Sample 3 Accuracy	Sample 4 Accuracy	Sample 5 Accuracy
TH01_0061_S01	STOML2	Down	4.69599381311	4.8434586525	3.140226441063782	96.77004239590555	95.0592885375494	99.11894273127754	95.260663507109	99.11894273127754	98.60557768924303	95.0592885375494	95.80573951434879
