Sample	Gene	Type	Expression	Threshold	Percent difference	Mean Accuracy	Minimum Accuracy	Maximum Accuracy	Sample 1 Accuracy	Sample 2 Accuracy	Sample 3 Accuracy	Sample 4 Accuracy	Sample 5 Accuracy
TH01_0061_S01	COPS3	Down	3.41683974191	3.70785021782	8.516948346758754	99.92423997847726	99.80952380952381	100	100	100	100	99.80952380952381	99.81167608286252
