Sample	Gene	Type	Expression	Threshold	Percent difference	Mean Accuracy	Minimum Accuracy	Maximum Accuracy	Sample 1 Accuracy	Sample 2 Accuracy	Sample 3 Accuracy	Sample 4 Accuracy	Sample 5 Accuracy
TH01_0061_S01	PKD1	Down	1.91838623445	1.95120882988	1.7109482355835564	57.993781010597196	46.72952268709487	68.08964781216649	54.57842248413418	65.7258064516129	68.08964781216649	54.84550561797753	46.72952268709487
