Sample	Gene	Type	Expression	Threshold	Percent difference	Mean Accuracy	Minimum Accuracy	Maximum Accuracy	Sample 1 Accuracy	Sample 2 Accuracy	Sample 3 Accuracy	Sample 4 Accuracy	Sample 5 Accuracy
TH01_0061_S01	TMEM128	Down	1.37851162325	2.29196023941	66.26339602465153	99.90325464009675	99.74937343358395	100	100	99.74937343358395	100	100	99.76689976689977
