Sample	Gene	Type	Expression	Threshold	Percent difference	Mean Accuracy	Minimum Accuracy	Maximum Accuracy	Sample 1 Accuracy	Sample 2 Accuracy	Sample 3 Accuracy	Sample 4 Accuracy	Sample 5 Accuracy
TH01_0061_S01	C14orf119	Down	3.62760683813	3.73331904411	2.9141031731678364	95.92923626979076	94.07582938388626	98.60557768924303	94.07582938388626	98.23788546255507	98.60557768924303	94.46640316205533	94.26048565121413
