Sample	Gene	Type	Expression	Threshold	Percent difference	Mean Accuracy	Minimum Accuracy	Maximum Accuracy	Sample 1 Accuracy	Sample 2 Accuracy	Sample 3 Accuracy	Sample 4 Accuracy	Sample 5 Accuracy
TH03_0146_S01	FAM103A1	Down	2.53605290024	2.77157497406	9.286954298063389	92.35125396926514	89.06605922551253	96.1864406779661	89.26940639269407	93.69369369369369	96.1864406779661	93.54066985645933	89.06605922551253
