Sample	Gene	Type	Expression	Threshold	Percent difference	Mean Accuracy	Minimum Accuracy	Maximum Accuracy	Sample 1 Accuracy	Sample 2 Accuracy	Sample 3 Accuracy	Sample 4 Accuracy	Sample 5 Accuracy
TH03_0146_S01	AHSP	Up	2.08406426479	0.833834350109	59.98998859120973	99.70754227740885	99.25650557620817	100	99.73190348525469	99.83999999999999	99.70930232558139	100	99.25650557620817
