Sample	Gene	Type	Expression	Threshold	Percent difference	Mean Accuracy	Minimum Accuracy	Maximum Accuracy	Sample 1 Accuracy	Sample 2 Accuracy	Sample 3 Accuracy	Sample 4 Accuracy	Sample 5 Accuracy
TH03_0146_S01	DDX31	Down	1.33913738492	1.44337308407	7.783794278600268	93.10115241544344	89.89547038327527	96.66666666666667	89.89547038327527	96.66666666666667	95.71428571428572	92.73504273504274	90.49429657794677
