Sample	Gene	Type	Expression	Threshold	Percent difference	Mean Accuracy	Minimum Accuracy	Maximum Accuracy	Sample 1 Accuracy	Sample 2 Accuracy	Sample 3 Accuracy	Sample 4 Accuracy	Sample 5 Accuracy
TH03_0146_S01	KANSL2	Down	2.75274859141	2.79537820816	1.5486200549889018	36.891151681724146	28.473804100227788	45.82441113490364	31.06796116504854	43.11224489795919	45.82441113490364	35.977337110481585	28.473804100227788
