Sample	Gene	Type	Expression	Threshold	Percent difference	Mean Accuracy	Minimum Accuracy	Maximum Accuracy	Sample 1 Accuracy	Sample 2 Accuracy	Sample 3 Accuracy	Sample 4 Accuracy	Sample 5 Accuracy
TH03_0146_S01	METTL18	Down	1.17632277264	1.21253633499	3.078539597488749	50.04649573599556	40.27149321266968	61.346153846153854	40.27149321266968	59.857482185273156	61.346153846153854	45.16129032258064	43.5960591133005
