Sample	Gene	Type	Expression	Threshold	Percent difference	Mean Accuracy	Minimum Accuracy	Maximum Accuracy	Sample 1 Accuracy	Sample 2 Accuracy	Sample 3 Accuracy	Sample 4 Accuracy	Sample 5 Accuracy
TH03_0146_S01	MYOZ3	Up	2.07382023329	1.99294269085	3.899930241865391	68.47574947899363	57.534246575342465	77.25225225225225	57.534246575342465	77.25225225225225	76.48305084745762	69.377990430622	61.731207289293856
