Sample	Gene	Type	Expression	Threshold	Percent difference	Mean Accuracy	Minimum Accuracy	Maximum Accuracy	Sample 1 Accuracy	Sample 2 Accuracy	Sample 3 Accuracy	Sample 4 Accuracy	Sample 5 Accuracy
TH03_0146_S01	SNRPA	Up	8.0204244152	7.96915912628	0.6391842409591779	98.60887006300082	97.26027397260275	100	97.26027397260275	100	100	97.47899159663865	98.30508474576271
