Sample	Gene	Type	Expression	Threshold	Percent difference	Mean Accuracy	Minimum Accuracy	Maximum Accuracy	Sample 1 Accuracy	Sample 2 Accuracy	Sample 3 Accuracy	Sample 4 Accuracy	Sample 5 Accuracy
TH03_0146_S01	PIGB	Down	1.40053792958	1.53388154507	9.520885702109316	90.86979529616464	85.78088578088578	96.59318637274549	88.94009216589862	92.98245614035088	96.59318637274549	90.0523560209424	85.78088578088578
