Sample	Gene	Type	Expression	Threshold	Percent difference	Mean Accuracy	Minimum Accuracy	Maximum Accuracy	Sample 1 Accuracy	Sample 2 Accuracy	Sample 3 Accuracy	Sample 4 Accuracy	Sample 5 Accuracy
TH03_0146_S01	RP11-134O21.1	Up	2.39780296186	1.13570904732	52.63543062608368	99.65392297445979	99.25650557620817	100	99.46380697050938	99.83999999999999	99.70930232558139	100	99.25650557620817
