Sample	Gene	Type	Expression	Threshold	Percent difference	Mean Accuracy	Minimum Accuracy	Maximum Accuracy	Sample 1 Accuracy	Sample 2 Accuracy	Sample 3 Accuracy	Sample 4 Accuracy	Sample 5 Accuracy
TH03_0146_S01	AC015987.1	Up	1.22650852981	0.653314113617	46.733830402450955	99.76536223069851	99.39024390243902	100	99.67637540453075	99.39024390243902	100	99.76019184652279	100
