Sample	Gene	Type	Expression	Threshold	Percent difference	Mean Accuracy	Minimum Accuracy	Maximum Accuracy	Sample 1 Accuracy	Sample 2 Accuracy	Sample 3 Accuracy	Sample 4 Accuracy	Sample 5 Accuracy
TH03_0146_S01	DECR1	Down	4.23419472295	4.28992557526	1.3162090068255483	64.41165874744762	53.84615384615385	74.64788732394366	53.84615384615385	66.35071090047393	74.64788732394366	66.66666666666666	60.546875
