Sample	Gene	Type	Expression	Threshold	Percent difference	Mean Accuracy	Minimum Accuracy	Maximum Accuracy	Sample 1 Accuracy	Sample 2 Accuracy	Sample 3 Accuracy	Sample 4 Accuracy	Sample 5 Accuracy
TH03_0146_S01	PIK3R6	Up	2.87970576628	2.4461107254	15.056921646551316	99.44637760410617	99.0571596935769	99.76958525345621	99.41069809610154	99.76958525345621	99.6264674493063	99.3679775280899	99.0571596935769
