Sample	Gene	Type	Expression	Threshold	Percent difference	Mean Accuracy	Minimum Accuracy	Maximum Accuracy	Sample 1 Accuracy	Sample 2 Accuracy	Sample 3 Accuracy	Sample 4 Accuracy	Sample 5 Accuracy
TH03_0146_S01	STK17A	Down	0.847996906555	0.902879714966	6.4720529033486836	49.05554376968068	41.219649915302085	58.572339069471	44.51844262295082	56.18525289457648	58.572339069471	44.78203434610304	41.219649915302085
