Sample	Gene	Type	Expression	Threshold	Percent difference	Mean Accuracy	Minimum Accuracy	Maximum Accuracy	Sample 1 Accuracy	Sample 2 Accuracy	Sample 3 Accuracy	Sample 4 Accuracy	Sample 5 Accuracy
TH03_0146_S01	PLA2G12AP1	Up	1.53106949273	1.11969268322	26.868591625876327	97.45415454725288	95.84450402144772	99.03999999999999	95.84450402144772	99.03999999999999	98.93410852713178	96.98375870069606	96.46840148698885
