Sample	Gene	Type	Expression	Threshold	Percent difference	Mean Accuracy	Minimum Accuracy	Maximum Accuracy	Sample 1 Accuracy	Sample 2 Accuracy	Sample 3 Accuracy	Sample 4 Accuracy	Sample 5 Accuracy
TH03_0146_S01	AARD	Up	2.04264433741	1.84988701344	9.4366562225125	95.65937126892965	93.69085173501577	98.51116625310173	95.81151832460732	96.42857142857143	98.51116625310173	93.69085173501577	93.85474860335195
