Sample	Gene	Type	Expression	Threshold	Percent difference	Mean Accuracy	Minimum Accuracy	Maximum Accuracy	Sample 1 Accuracy	Sample 2 Accuracy	Sample 3 Accuracy	Sample 4 Accuracy	Sample 5 Accuracy
TH03_0146_S01	OTUD6B-AS1	Down	1.69599381311	1.70219302177	0.3655207119318623	9.488567687834019	4.748603351955307	14.835164835164836	6.282722513089005	14.835164835164836	11.166253101736972	10.410094637223976	4.748603351955307
