Sample	Gene	Type	Expression	Threshold	Percent difference	Mean Accuracy	Minimum Accuracy	Maximum Accuracy	Sample 1 Accuracy	Sample 2 Accuracy	Sample 3 Accuracy	Sample 4 Accuracy	Sample 5 Accuracy
TH03_0146_S01	RP11-433J8.1	Up	0.2750070475	0.244026988745	11.265187214884007	62.078838564562105	54.037267080745345	72.46653919694073	58.09426229508197	68.06825106642292	72.46653919694073	57.72787318361955	54.037267080745345
