Sample	Gene	Type	Expression	Threshold	Percent difference	Mean Accuracy	Minimum Accuracy	Maximum Accuracy	Sample 1 Accuracy	Sample 2 Accuracy	Sample 3 Accuracy	Sample 4 Accuracy	Sample 5 Accuracy
TH03_0146_S01	GAR1	Down	2.16349873228	2.80102920532	29.467568597469874	99.47645013006873	98.27586206896551	100	99.77375565610859	99.5249406175772	99.8076923076923	100	98.27586206896551
