Sample	Gene	Type	Expression	Threshold	Percent difference	Mean Accuracy	Minimum Accuracy	Maximum Accuracy	Sample 1 Accuracy	Sample 2 Accuracy	Sample 3 Accuracy	Sample 4 Accuracy	Sample 5 Accuracy
TH03_0146_S01	HERC2P10	Up	0.333423733725	0.222623795271	33.23096925829076	80.80990353218517	76.3963963963964	84.84251968503938	76.3963963963964	84.84251968503938	84.13284132841329	81.4977973568282	77.1799628942486
