Sample	Gene	Type	Expression	Threshold	Percent difference	Mean Accuracy	Minimum Accuracy	Maximum Accuracy	Sample 1 Accuracy	Sample 2 Accuracy	Sample 3 Accuracy	Sample 4 Accuracy	Sample 5 Accuracy
TH03_0146_S01	RP11-713H12.1	Up	1.748461233	0.360239803791	79.39675201303133	99.88305081364174	99.70930232558139	100	99.86595174262735	99.83999999999999	99.70930232558139	100	100
