Sample	Gene	Type	Expression	Threshold	Percent difference	Mean Accuracy	Minimum Accuracy	Maximum Accuracy	Sample 1 Accuracy	Sample 2 Accuracy	Sample 3 Accuracy	Sample 4 Accuracy	Sample 5 Accuracy
TH03_0146_S01	RP11-108O10.8	Up	0.565597175854	0.106960088015	81.08899892339454	92.10737710107645	89.44444444444444	97.36147757255937	90.65656565656566	89.44444444444444	97.36147757255937	92.53731343283582	90.53708439897699
