Sample	Gene	Type	Expression	Threshold	Percent difference	Mean Accuracy	Minimum Accuracy	Maximum Accuracy	Sample 1 Accuracy	Sample 2 Accuracy	Sample 3 Accuracy	Sample 4 Accuracy	Sample 5 Accuracy
TH03_0146_S01	IER3IP1	Down	2.266036894	2.30474495888	1.7081833478744863	57.96821532944978	46.72952268709487	68.08964781216649	54.57842248413418	65.66820276497695	68.08964781216649	54.7752808988764	46.72952268709487
