Sample	Gene	Type	Expression	Threshold	Percent difference	Mean Accuracy	Minimum Accuracy	Maximum Accuracy	Sample 1 Accuracy	Sample 2 Accuracy	Sample 3 Accuracy	Sample 4 Accuracy	Sample 5 Accuracy
TH03_0146_S01	TP53TG3	Up	0.799087306074	0.535611569881	32.97208379988966	69.81400581404226	58.810888252149	86.70756646216769	58.810888252149	74.49297971918877	86.70756646216769	69.23783287419651	59.820761762509335
