Sample	Gene	Type	Expression	Threshold	Percent difference	Mean Accuracy	Minimum Accuracy	Maximum Accuracy	Sample 1 Accuracy	Sample 2 Accuracy	Sample 3 Accuracy	Sample 4 Accuracy	Sample 5 Accuracy
TH03_0146_S01	UBLCP1	Down	2.2110121934900002	2.42068123817	9.482943843427874	96.35255729306321	93.79084967320262	98.54651162790698	95.70552147239265	98.21428571428571	98.54651162790698	95.50561797752809	93.79084967320262
