Sample	Gene	Type	Expression	Threshold	Percent difference	Mean Accuracy	Minimum Accuracy	Maximum Accuracy	Sample 1 Accuracy	Sample 2 Accuracy	Sample 3 Accuracy	Sample 4 Accuracy	Sample 5 Accuracy
TH03_0146_S01	CTB-79E8.3	Up	4.76871365703	4.21774768829	11.553764984982276	73.50967659791189	60.78431372549019	80.95238095238095	66.66666666666666	80.35714285714286	78.78787878787878	80.95238095238095	60.78431372549019
