Sample	Gene	Type	Expression	Threshold	Percent difference	Mean Accuracy	Minimum Accuracy	Maximum Accuracy	Sample 1 Accuracy	Sample 2 Accuracy	Sample 3 Accuracy	Sample 4 Accuracy	Sample 5 Accuracy
TH03_0146_S01	C19orf52	Down	2.51349074559	2.55118060112	1.4995024587270949	29.57041178747536	21.91142191142191	38.07615230460922	25.34562211981567	36.340852130325814	38.07615230460922	26.17801047120419	21.91142191142191
