Sample	Gene	Type	Expression	Threshold	Percent difference	Mean Accuracy	Minimum Accuracy	Maximum Accuracy	Sample 1 Accuracy	Sample 2 Accuracy	Sample 3 Accuracy	Sample 4 Accuracy	Sample 5 Accuracy
TH03_0146_S01	RP11-315D16.2	Up	1.57531233069	0.918712258339	41.68062799733204	99.61998690510059	99.1869918699187	100	99.35275080906149	99.1869918699187	100	99.76019184652279	99.8
