Sample	Gene	Type	Expression	Threshold	Percent difference	Mean Accuracy	Minimum Accuracy	Maximum Accuracy	Sample 1 Accuracy	Sample 2 Accuracy	Sample 3 Accuracy	Sample 4 Accuracy	Sample 5 Accuracy
TH03_0146_S01	RP11-552M11.4	Up	3.97452931248	3.2308151722	18.71200541771681	99.73509933774835	98.67549668874173	100	98.67549668874173	100	100	100	100
