Sample	Gene	Type	Expression	Threshold	Percent difference	Mean Accuracy	Minimum Accuracy	Maximum Accuracy	Sample 1 Accuracy	Sample 2 Accuracy	Sample 3 Accuracy	Sample 4 Accuracy	Sample 5 Accuracy
TH03_0146_S01	UHMK1	Down	1.32768736418	1.75113999844	31.8940019830294	99.9533178653823	99.88214496169712	100	99.95466908431551	100	100	99.92977528089888	99.88214496169712
