Sample	Gene	Type	Expression	Threshold	Percent difference	Mean Accuracy	Minimum Accuracy	Maximum Accuracy	Sample 1 Accuracy	Sample 2 Accuracy	Sample 3 Accuracy	Sample 4 Accuracy	Sample 5 Accuracy
TH03_0146_S01	SS18L2	Down	2.9221978484	3.08713889122	5.644417365864205	64.6434068361996	55.800000000000004	74.70308788598575	61.326860841423944	72.15447154471545	74.70308788598575	59.2326139088729	55.800000000000004
