Sample	Gene	Type	Expression	Threshold	Percent difference	Mean Accuracy	Minimum Accuracy	Maximum Accuracy	Sample 1 Accuracy	Sample 2 Accuracy	Sample 3 Accuracy	Sample 4 Accuracy	Sample 5 Accuracy
TH03_0146_S01	RP11-311C24.1	Down	0.855989697308	1.75083518028	104.53928193133602	97.53337608483878	95.23809523809523	99.77477477477478	95.23809523809523	97.8675645342312	99.77477477477478	98.28220858895705	96.5042372881356
