Sample	Gene	Type	Expression	Threshold	Percent difference	Mean Accuracy	Minimum Accuracy	Maximum Accuracy	Sample 1 Accuracy	Sample 2 Accuracy	Sample 3 Accuracy	Sample 4 Accuracy	Sample 5 Accuracy
TH03_0146_S01	CICP8	Up	0.0426443374085	0.0358882322907	15.842912631240358	62.09081638665547	51.91815856777494	72.55936675461741	56.81818181818182	65.27777777777779	72.55936675461741	63.88059701492538	51.91815856777494
