Sample	Gene	Type	Expression	Threshold	Percent difference	Mean Accuracy	Minimum Accuracy	Maximum Accuracy	Sample 1 Accuracy	Sample 2 Accuracy	Sample 3 Accuracy	Sample 4 Accuracy	Sample 5 Accuracy
TH03_0146_S01	TMEM233	Up	2.85798099513	1.75243246555	38.68285098689792	99.83848428715349	99.57264957264957	100	100	100	100	99.57264957264957	99.61977186311786
