Sample	Gene	Type	Expression	Threshold	Percent difference	Mean Accuracy	Minimum Accuracy	Maximum Accuracy	Sample 1 Accuracy	Sample 2 Accuracy	Sample 3 Accuracy	Sample 4 Accuracy	Sample 5 Accuracy
TH03_0146_S01	ARHGAP19-SLIT1	Up	0.250961573533	0.210507676005	16.11955844813053	57.08519378424628	45.38198403648803	71.39334155363748	51.240694789081886	63.63636363636363	71.39334155363748	53.77358490566038	45.38198403648803
