Sample	Gene	Type	Expression	Threshold	Percent difference	Mean Accuracy	Minimum Accuracy	Maximum Accuracy	Sample 1 Accuracy	Sample 2 Accuracy	Sample 3 Accuracy	Sample 4 Accuracy	Sample 5 Accuracy
TH03_0146_S01	SPG21	Down	4.50207595605	4.7823972702	6.226490110041289	99.7727199354318	99.42857142857143	100	100	100	100	99.42857142857143	99.43502824858757
