Sample	Gene	Type	Expression	Threshold	Percent difference	Mean Accuracy	Minimum Accuracy	Maximum Accuracy	Sample 1 Accuracy	Sample 2 Accuracy	Sample 3 Accuracy	Sample 4 Accuracy	Sample 5 Accuracy
TH03_0146_S01	SIRT7	Down	1.81557542886	2.02224254608	11.383009151526501	96.54632557497435	94.76082004555809	99.14346895074947	95.14563106796116	98.21428571428571	99.14346895074947	95.46742209631728	94.76082004555809
