Sample	Gene	Type	Expression	Threshold	Percent difference	Mean Accuracy	Minimum Accuracy	Maximum Accuracy	Sample 1 Accuracy	Sample 2 Accuracy	Sample 3 Accuracy	Sample 4 Accuracy	Sample 5 Accuracy
TH03_0146_S01	ARL5C	Up	0.263034405834	0.244370207191	7.095725208959512	28.11432978318178	22.851002865329512	35.33541341653666	22.851002865329512	35.33541341653666	31.22017723244717	27.640036730945823	23.52501867064974
