Sample	Gene	Type	Expression	Threshold	Percent difference	Mean Accuracy	Minimum Accuracy	Maximum Accuracy	Sample 1 Accuracy	Sample 2 Accuracy	Sample 3 Accuracy	Sample 4 Accuracy	Sample 5 Accuracy
TH03_0146_S01	PANK2	Down	2.72465027173	2.85634613037	4.833495880422871	76.17557234705598	67.12328767123287	83.6864406779661	67.12328767123287	83.55855855855856	83.6864406779661	77.03349282296651	69.4760820045558
