Sample	Gene	Type	Expression	Threshold	Percent difference	Mean Accuracy	Minimum Accuracy	Maximum Accuracy	Sample 1 Accuracy	Sample 2 Accuracy	Sample 3 Accuracy	Sample 4 Accuracy	Sample 5 Accuracy
TH03_0146_S01	KCNN1	Up	1.97819562968	1.89230501652	4.341866490418549	79.33689316312766	74.30167597765363	85.11166253101737	76.70157068062828	82.96703296703298	85.11166253101737	77.60252365930599	74.30167597765363
