Sample	Gene	Type	Expression	Threshold	Percent difference	Mean Accuracy	Minimum Accuracy	Maximum Accuracy	Sample 1 Accuracy	Sample 2 Accuracy	Sample 3 Accuracy	Sample 4 Accuracy	Sample 5 Accuracy
TH03_0146_S01	RNF114	Down	3.92124588859	4.07821321487	4.002996260365657	98.59830443083459	97.88461538461539	99.59758551307847	97.88461538461539	99.59758551307847	99.29947460595446	97.90476190476191	98.30508474576271
