Sample	Gene	Type	Expression	Threshold	Percent difference	Mean Accuracy	Minimum Accuracy	Maximum Accuracy	Sample 1 Accuracy	Sample 2 Accuracy	Sample 3 Accuracy	Sample 4 Accuracy	Sample 5 Accuracy
TH03_0146_S01	SPRR2D	Up	1.516015147	1.21384310722	19.931993448611635	96.94851026290853	95.6	98.93111638954869	96.76375404530745	97.76422764227642	98.93111638954869	95.68345323741008	95.6
