Sample	Gene	Type	Expression	Threshold	Percent difference	Mean Accuracy	Minimum Accuracy	Maximum Accuracy	Sample 1 Accuracy	Sample 2 Accuracy	Sample 3 Accuracy	Sample 4 Accuracy	Sample 5 Accuracy
TH03_0146_S01	WNK4	Up	4.37364821133	4.29360342026	1.8301607080021325	93.41697836967253	88.65457612821595	96.8941382327209	93.16868102995271	96.09673313534154	96.8941382327209	92.27076332213154	88.65457612821595
