Sample	Gene	Type	Expression	Threshold	Percent difference	Mean Accuracy	Minimum Accuracy	Maximum Accuracy	Sample 1 Accuracy	Sample 2 Accuracy	Sample 3 Accuracy	Sample 4 Accuracy	Sample 5 Accuracy
TH03_0146_S01	AP001059.6	Up	1.3840498068	1.29032027721	6.772121142569855	30.605724367906934	25.37878787878788	43.262411347517734	27.27272727272727	43.262411347517734	25.37878787878788	28.225806451612907	28.888888888888886
