Sample	Gene	Type	Expression	Threshold	Percent difference	Mean Accuracy	Minimum Accuracy	Maximum Accuracy	Sample 1 Accuracy	Sample 2 Accuracy	Sample 3 Accuracy	Sample 4 Accuracy	Sample 5 Accuracy
TH03_0146_S01	AC004019.10	Up	0.124328135002	0.071774750948	42.269904598146354	74.95227359240323	65.4727793696275	89.16155419222905	65.4727793696275	79.25117004680187	89.16155419222905	74.93112947658402	65.94473487677371
