Sample	Gene	Type	Expression	Threshold	Percent difference	Mean Accuracy	Minimum Accuracy	Maximum Accuracy	Sample 1 Accuracy	Sample 2 Accuracy	Sample 3 Accuracy	Sample 4 Accuracy	Sample 5 Accuracy
TH03_0146_S01	C14orf79	Down	0.50589092973	0.754635572433	49.16961899984209	84.44357807558886	81.51001540832048	88	82.05499276411	88	87.81954887218045	82.83333333333334	81.51001540832048
