Sample	Gene	Type	Expression	Threshold	Percent difference	Mean Accuracy	Minimum Accuracy	Maximum Accuracy	Sample 1 Accuracy	Sample 2 Accuracy	Sample 3 Accuracy	Sample 4 Accuracy	Sample 5 Accuracy
TH03_0146_S01	TRADD	Down	1.55090066465	1.55752360821	0.4270385403113133	10.741501709479056	5.582524271844661	15.203426124197003	5.582524271844661	12.244897959183673	15.203426124197003	10.198300283286118	10.478359908883828
