Sample	Gene	Type	Expression	Threshold	Percent difference	Mean Accuracy	Minimum Accuracy	Maximum Accuracy	Sample 1 Accuracy	Sample 2 Accuracy	Sample 3 Accuracy	Sample 4 Accuracy	Sample 5 Accuracy
TH03_0146_S01	MFSD5	Down	3.05137210172	3.11828231812	2.192791117225058	91.52320580330333	88.70056497175142	96.14711033274956	88.84615384615384	94.96981891348088	96.14711033274956	88.95238095238095	88.70056497175142
