Sample	Gene	Type	Expression	Threshold	Percent difference	Mean Accuracy	Minimum Accuracy	Maximum Accuracy	Sample 1 Accuracy	Sample 2 Accuracy	Sample 3 Accuracy	Sample 4 Accuracy	Sample 5 Accuracy
TH03_0146_S01	CDK9	Down	3.72027846523	3.72460865974	0.11639436538072008	9.861157844792755	8.60655737704918	11.377245508982035	10.179640718562874	11.377245508982035	10.38961038961039	8.752735229759299	8.60655737704918
