Sample	Gene	Type	Expression	Threshold	Percent difference	Mean Accuracy	Minimum Accuracy	Maximum Accuracy	Sample 1 Accuracy	Sample 2 Accuracy	Sample 3 Accuracy	Sample 4 Accuracy	Sample 5 Accuracy
TH03_0146_S01	PRR18	Up	1.0071955014	0.896965801716	10.944220812223733	97.44768365133756	95.81749049429658	99.62962962962963	97.21254355400697	99.62962962962963	97.14285714285714	97.43589743589743	95.81749049429658
