Sample	Gene	Type	Expression	Threshold	Percent difference	Mean Accuracy	Minimum Accuracy	Maximum Accuracy	Sample 1 Accuracy	Sample 2 Accuracy	Sample 3 Accuracy	Sample 4 Accuracy	Sample 5 Accuracy
TH03_0146_S01	RBPJ	Up	6.7194572746	6.61768531799	1.5145859620940567	99.25400794629921	97.96610169491525	100	99.29078014184397	100	99.70760233918129	97.96610169491525	99.30555555555556
