Sample	Gene	Type	Expression	Threshold	Percent difference	Mean Accuracy	Minimum Accuracy	Maximum Accuracy	Sample 1 Accuracy	Sample 2 Accuracy	Sample 3 Accuracy	Sample 4 Accuracy	Sample 5 Accuracy
TH03_0146_S01	RP11-848P1.5	Up	2.12101540096	1.8353767395	13.467071541805698	83.79733915343326	77.69516728624535	91.47286821705426	78.28418230563003	90.56	91.47286821705426	80.97447795823666	77.69516728624535
