Sample	Gene	Type	Expression	Threshold	Percent difference	Mean Accuracy	Minimum Accuracy	Maximum Accuracy	Sample 1 Accuracy	Sample 2 Accuracy	Sample 3 Accuracy	Sample 4 Accuracy	Sample 5 Accuracy
TH03_0146_S01	NAP1L6	Up	0.575312330687	0.409074544907	28.895223848494577	72.4206964158506	63.740022805017105	83.35388409371147	66.37717121588089	77.33860342555995	83.35388409371147	71.29380053908356	63.740022805017105
