Sample	Gene	Type	Expression	Threshold	Percent difference	Mean Accuracy	Minimum Accuracy	Maximum Accuracy	Sample 1 Accuracy	Sample 2 Accuracy	Sample 3 Accuracy	Sample 4 Accuracy	Sample 5 Accuracy
TH03_0146_S01	PURG	Up	1.03562390973	0.875647366047	15.447359044144493	98.72526491919128	97.49430523917995	99.78586723768737	98.30097087378641	99.74489795918367	99.78586723768737	98.30028328611898	97.49430523917995
