Sample	Gene	Type	Expression	Threshold	Percent difference	Mean Accuracy	Minimum Accuracy	Maximum Accuracy	Sample 1 Accuracy	Sample 2 Accuracy	Sample 3 Accuracy	Sample 4 Accuracy	Sample 5 Accuracy
TH03_0146_S01	BEND4	Up	0.495695162624	0.376716196537	24.00244647480032	79.04338128763996	72.2755505364201	87.50796685787125	75.51229508196722	83.30286410725168	87.50796685787125	76.61822985468957	72.2755505364201
