Sample	Gene	Type	Expression	Threshold	Percent difference	Mean Accuracy	Minimum Accuracy	Maximum Accuracy	Sample 1 Accuracy	Sample 2 Accuracy	Sample 3 Accuracy	Sample 4 Accuracy	Sample 5 Accuracy
TH03_0146_S01	RP11-675F6.3	Up	0.613531652918	0.597287535667	2.647641270624243	6.846198021944901	4.22104970841433	10.14819587628866	7.91868932038835	10.14819587628866	4.22104970841433	4.805077062556664	7.137978142076502
