Sample	Gene	Type	Expression	Threshold	Percent difference	Mean Accuracy	Minimum Accuracy	Maximum Accuracy	Sample 1 Accuracy	Sample 2 Accuracy	Sample 3 Accuracy	Sample 4 Accuracy	Sample 5 Accuracy
TH03_0146_S01	EEF1A1P11	Up	3.13093086983	2.74271512032	12.39937148567827	99.87648356047492	99.77924944812362	100	100	100	99.800796812749	99.80237154150198	99.77924944812362
