Sample	Gene	Type	Expression	Threshold	Percent difference	Mean Accuracy	Minimum Accuracy	Maximum Accuracy	Sample 1 Accuracy	Sample 2 Accuracy	Sample 3 Accuracy	Sample 4 Accuracy	Sample 5 Accuracy
TH03_0146_S01	UBR4	Down	4.66448284036	4.67572116852	0.2409340658895592	21.34074523465857	14.714714714714713	28.999999999999996	14.714714714714713	28.999999999999996	28.497409326424872	18.098159509202453	16.39344262295082
