Sample	Gene	Type	Expression	Threshold	Percent difference	Mean Accuracy	Minimum Accuracy	Maximum Accuracy	Sample 1 Accuracy	Sample 2 Accuracy	Sample 3 Accuracy	Sample 4 Accuracy	Sample 5 Accuracy
TH03_0146_S01	NIT2	Down	3.19219416528	3.23747444153	1.4184687367232263	79.08469298904879	73.06843267108167	87.66519823788546	73.93364928909952	87.66519823788546	85.65737051792829	75.09881422924902	73.06843267108167
