Sample	Gene	Type	Expression	Threshold	Percent difference	Mean Accuracy	Minimum Accuracy	Maximum Accuracy	Sample 1 Accuracy	Sample 2 Accuracy	Sample 3 Accuracy	Sample 4 Accuracy	Sample 5 Accuracy
TH03_0146_S01	PAX1	Up	0.400537929584	0.277918636799	30.613653221894065	76.53720163530578	71.0997442455243	83.37730870712402	72.22222222222221	77.77777777777779	83.37730870712402	78.2089552238806	71.0997442455243
