Sample	Gene	Type	Expression	Threshold	Percent difference	Mean Accuracy	Minimum Accuracy	Maximum Accuracy	Sample 1 Accuracy	Sample 2 Accuracy	Sample 3 Accuracy	Sample 4 Accuracy	Sample 5 Accuracy
TH03_0146_S01	CD47	Down	2.78450398293	3.14832925797	13.066071274107644	99.06180386094596	98.17324690630525	99.6264674493063	99.13871260199456	99.42396313364056	99.6264674493063	98.94662921348315	98.17324690630525
