Sample	Gene	Type	Expression	Threshold	Percent difference	Mean Accuracy	Minimum Accuracy	Maximum Accuracy	Sample 1 Accuracy	Sample 2 Accuracy	Sample 3 Accuracy	Sample 4 Accuracy	Sample 5 Accuracy
TH03_0146_S01	RP11-807G9.2	Up	1.30451104181	0.746955513954	42.74057558626684	99.30020192654509	98.51301115241635	99.76798143851508	98.92761394101876	99.68	99.6124031007752	99.76798143851508	98.51301115241635
