Sample	Gene	Type	Expression	Threshold	Percent difference	Mean Accuracy	Minimum Accuracy	Maximum Accuracy	Sample 1 Accuracy	Sample 2 Accuracy	Sample 3 Accuracy	Sample 4 Accuracy	Sample 5 Accuracy
TH03_0146_S01	SLC26A5	Up	0.613531652918	0.409074544907	33.32462262355781	78.12584544321666	68.4150513112885	92.47842170160297	72.58064516129032	81.81818181818183	92.47842170160297	75.33692722371967	68.4150513112885
