Sample	Gene	Type	Expression	Threshold	Percent difference	Mean Accuracy	Minimum Accuracy	Maximum Accuracy	Sample 1 Accuracy	Sample 2 Accuracy	Sample 3 Accuracy	Sample 4 Accuracy	Sample 5 Accuracy
TH03_0146_S01	AC131097.4	Up	1.8196681835	1.51045393944	16.992891718601612	90.0727912042903	84.71849865951742	94.86434108527132	84.71849865951742	94.56	94.86434108527132	90.71925754060325	85.50185873605948
