Sample	Gene	Type	Expression	Threshold	Percent difference	Mean Accuracy	Minimum Accuracy	Maximum Accuracy	Sample 1 Accuracy	Sample 2 Accuracy	Sample 3 Accuracy	Sample 4 Accuracy	Sample 5 Accuracy
TH03_0146_S01	RP3-423B22.5	Up	3.26303440583	2.63458299637	19.259723658970877	82.77608012902131	76.19047619047619	89.28571428571429	76.19047619047619	89.28571428571429	83.83838383838383	88.09523809523809	76.47058823529412
