Sample	Gene	Type	Expression	Threshold	Percent difference	Mean Accuracy	Minimum Accuracy	Maximum Accuracy	Sample 1 Accuracy	Sample 2 Accuracy	Sample 3 Accuracy	Sample 4 Accuracy	Sample 5 Accuracy
TH03_0018_S01	UNC13C	Up	0.62293035092	0.344080448151	44.76421840052732	84.31090803855648	81.26126126126127	87.4538745387454	81.26126126126127	87.20472440944881	87.4538745387454	83.25991189427313	82.3747680890538
