Sample	Gene	Type	Expression	Threshold	Percent difference	Mean Accuracy	Minimum Accuracy	Maximum Accuracy	Sample 1 Accuracy	Sample 2 Accuracy	Sample 3 Accuracy	Sample 4 Accuracy	Sample 5 Accuracy
TH03_0018_S01	LINC00602	Up	1.13093086983	0.071774750948	93.6534802557128	99.94897959183673	99.74489795918367	100	100	99.74489795918367	100	100	100
