Sample	Gene	Type	Expression	Threshold	Percent difference	Mean Accuracy	Minimum Accuracy	Maximum Accuracy	Sample 1 Accuracy	Sample 2 Accuracy	Sample 3 Accuracy	Sample 4 Accuracy	Sample 5 Accuracy
TH03_0018_S01	RNA5-8S5	Down	5.26040209303	5.71341133118	8.611684622934707	93.64672364672364	90	100	92.5925925925926	90	100	92.3076923076923	93.33333333333333
