Sample	Gene	Type	Expression	Threshold	Percent difference	Mean Accuracy	Minimum Accuracy	Maximum Accuracy	Sample 1 Accuracy	Sample 2 Accuracy	Sample 3 Accuracy	Sample 4 Accuracy	Sample 5 Accuracy
TH03_0018_S01	RP4-647C14.2	Up	1.85199883711	1.58032500744	14.669222476075666	99.3769187613372	98.99823217442545	99.6264674493063	99.36536718041704	99.59677419354838	99.6264674493063	99.29775280898876	98.99823217442545
