Sample	Gene	Type	Expression	Threshold	Percent difference	Mean Accuracy	Minimum Accuracy	Maximum Accuracy	Sample 1 Accuracy	Sample 2 Accuracy	Sample 3 Accuracy	Sample 4 Accuracy	Sample 5 Accuracy
TH03_0018_S01	MAT2A	Down	4.27575204883	4.33572912216	1.4027257110573492	82.34312929476417	73.37962962962963	89.77272727272727	80.95238095238095	87.22943722943724	89.77272727272727	80.38147138964578	73.37962962962963
