Sample	Gene	Type	Expression	Threshold	Percent difference	Mean Accuracy	Minimum Accuracy	Maximum Accuracy	Sample 1 Accuracy	Sample 2 Accuracy	Sample 3 Accuracy	Sample 4 Accuracy	Sample 5 Accuracy
TH03_0018_S01	FLJ26850	Up	0.925999418556	0.461326688528	50.18067190070258	83.69847441017417	77.27272727272727	93.46846846846847	77.27272727272727	86.75645342312009	93.46846846846847	83.55828220858895	77.4364406779661
