Sample	Gene	Type	Expression	Threshold	Percent difference	Mean Accuracy	Minimum Accuracy	Maximum Accuracy	Sample 1 Accuracy	Sample 2 Accuracy	Sample 3 Accuracy	Sample 4 Accuracy	Sample 5 Accuracy
TH03_0018_S01	RP11-618G20.1	Up	1.8196681835	1.18794322014	34.71649222029715	99.32341546322496	98.8009592326139	100	99.02912621359224	99.1869918699187	100	98.8009592326139	99.6
