Sample	Gene	Type	Expression	Threshold	Percent difference	Mean Accuracy	Minimum Accuracy	Maximum Accuracy	Sample 1 Accuracy	Sample 2 Accuracy	Sample 3 Accuracy	Sample 4 Accuracy	Sample 5 Accuracy
TH03_0018_S01	C12orf66	Down	0.757023246507	0.844159066677	11.51032290911218	54.28255481329178	45.26854219948849	64.37994722955145	48.484848484848484	58.05555555555556	64.37994722955145	55.223880597014926	45.26854219948849
