Sample	Gene	Type	Expression	Threshold	Percent difference	Mean Accuracy	Minimum Accuracy	Maximum Accuracy	Sample 1 Accuracy	Sample 2 Accuracy	Sample 3 Accuracy	Sample 4 Accuracy	Sample 5 Accuracy
TH03_0014_S01	AC005786.6	Up	0.356143810225	0.141808778048	60.18215844930456	83.03024569117609	76.88395746648173	92.53915910964551	77.2	87.81843446039834	92.53915910964551	80.70967741935485	76.88395746648173
