Sample	Gene	Type	Expression	Threshold	Percent difference	Mean Accuracy	Minimum Accuracy	Maximum Accuracy	Sample 1 Accuracy	Sample 2 Accuracy	Sample 3 Accuracy	Sample 4 Accuracy	Sample 5 Accuracy
TH03_0014_S01	CTD-2373J6.2	Up	0.748461233004	0.504391551018	32.609528887208995	67.26314242123574	56.48907103825137	83.03249097472924	57.0995145631068	76.09536082474226	83.03249097472924	63.59927470534905	56.48907103825137
