Sample	Gene	Type	Expression	Threshold	Percent difference	Mean Accuracy	Minimum Accuracy	Maximum Accuracy	Sample 1 Accuracy	Sample 2 Accuracy	Sample 3 Accuracy	Sample 4 Accuracy	Sample 5 Accuracy
TH03_0014_S01	CEP19	Up	3.76447355099	3.73789668083	0.7059916825026084	56.13359378236211	48.60813704496788	66.98841698841699	50.95948827292111	64.8	66.98841698841699	49.31192660550459	48.60813704496788
