Sample	Gene	Type	Expression	Threshold	Percent difference	Mean Accuracy	Minimum Accuracy	Maximum Accuracy	Sample 1 Accuracy	Sample 2 Accuracy	Sample 3 Accuracy	Sample 4 Accuracy	Sample 5 Accuracy
TH03_0014_S01	CYP2F1	Up	0.713695814843	0.344080448151	51.788921695345614	82.16617063338767	74.92836676217765	90.7293796864349	74.92836676217765	87.3634945397816	90.7293796864349	82.82828282828282	74.98132935026139
