Sample	Gene	Type	Expression	Threshold	Percent difference	Mean Accuracy	Minimum Accuracy	Maximum Accuracy	Sample 1 Accuracy	Sample 2 Accuracy	Sample 3 Accuracy	Sample 4 Accuracy	Sample 5 Accuracy
TH03_0014_S01	CMAS	Up	6.80774130648	6.70696878433	1.480263682376983	98.25369580668088	96.13095238095238	100	97.5	99.42857142857143	100	98.2089552238806	96.13095238095238
