Sample	Gene	Type	Expression	Threshold	Percent difference	Mean Accuracy	Minimum Accuracy	Maximum Accuracy	Sample 1 Accuracy	Sample 2 Accuracy	Sample 3 Accuracy	Sample 4 Accuracy	Sample 5 Accuracy
TH03_0014_S01	RP11-996F15.5	Up	2.21723071622	1.93178725243	12.873872876731227	82.5538801529552	76.13941018766755	90.31007751937985	76.13941018766755	89.60000000000001	90.31007751937985	79.58236658932715	77.13754646840148
