Sample	Gene	Type	Expression	Threshold	Percent difference	Mean Accuracy	Minimum Accuracy	Maximum Accuracy	Sample 1 Accuracy	Sample 2 Accuracy	Sample 3 Accuracy	Sample 4 Accuracy	Sample 5 Accuracy
TH03_0014_S01	SNAP29	Up	6.03716255013	5.83235359192	3.392470494364773	99.903236914600555	99.72451790633609	100	100	100	99.79166666666667	99.72451790633609	100
