Sample	Gene	Type	Expression	Threshold	Percent difference	Mean Accuracy	Minimum Accuracy	Maximum Accuracy	Sample 1 Accuracy	Sample 2 Accuracy	Sample 3 Accuracy	Sample 4 Accuracy	Sample 5 Accuracy
TH03_0014_S01	RP11-572B2.1	Up	0.475084882949	0.141808778048	70.15085448146682	85.80534189884705	80.15759312320917	92.3653715064758	80.15759312320917	90.17160686427457	92.3653715064758	85.67493112947659	80.6572068707991
