Sample	Gene	Type	Expression	Threshold	Percent difference	Mean Accuracy	Minimum Accuracy	Maximum Accuracy	Sample 1 Accuracy	Sample 2 Accuracy	Sample 3 Accuracy	Sample 4 Accuracy	Sample 5 Accuracy
TH03_0014_S01	RP5-1063M23.2	Up	0.903038270113	0.311149060726	65.54419994990191	90.56419859574468	88.05555555555556	96.04221635883906	88.88888888888889	88.05555555555556	96.04221635883906	91.34328358208955	88.49104859335038
