Sample	Gene	Type	Expression	Threshold	Percent difference	Mean Accuracy	Minimum Accuracy	Maximum Accuracy	Sample 1 Accuracy	Sample 2 Accuracy	Sample 3 Accuracy	Sample 4 Accuracy	Sample 5 Accuracy
TH03_0014_S01	CUX1	Down	3.23112515788	3.38588070869	4.7895251111701755	99.63432978136737	99.11429776465627	99.95625546806649	99.8949027850762	99.83029274501484	99.95625546806649	99.37590014402305	99.11429776465627
