Sample	Gene	Type	Expression	Threshold	Percent difference	Mean Accuracy	Minimum Accuracy	Maximum Accuracy	Sample 1 Accuracy	Sample 2 Accuracy	Sample 3 Accuracy	Sample 4 Accuracy	Sample 5 Accuracy
TH03_0014_S01	CBX8	Up	4.71424551767	4.63566303253	1.6669154129850927	86.98358784793194	81.01851851851852	92.27272727272727	85.4875283446712	91.12554112554112	92.27272727272727	85.01362397820164	81.01851851851852
