Sample	Gene	Type	Expression	Threshold	Percent difference	Mean Accuracy	Minimum Accuracy	Maximum Accuracy	Sample 1 Accuracy	Sample 2 Accuracy	Sample 3 Accuracy	Sample 4 Accuracy	Sample 5 Accuracy
TH03_0014_S01	MYCNOS	Up	1.76128527336	1.4866143465	15.594914180824945	87.8876629440284	81.97026022304833	93.8953488372093	82.57372654155496	93.76	93.8953488372093	87.23897911832947	81.97026022304833
