Sample	Gene	Type	Expression	Threshold	Percent difference	Mean Accuracy	Minimum Accuracy	Maximum Accuracy	Sample 1 Accuracy	Sample 2 Accuracy	Sample 3 Accuracy	Sample 4 Accuracy	Sample 5 Accuracy
TH03_0014_S01	NDUFB2	Down	5.94696474116	6.04987096786	1.730399139375535	93.93225508466784	90.2654867256637	96.82539682539682	94	94.23076923076923	96.82539682539682	90.2654867256637	94.33962264150944
