Sample	Gene	Type	Expression	Threshold	Percent difference	Mean Accuracy	Minimum Accuracy	Maximum Accuracy	Sample 1 Accuracy	Sample 2 Accuracy	Sample 3 Accuracy	Sample 4 Accuracy	Sample 5 Accuracy
TH03_0014_S01	RIMBP3	Up	1.54101915313	1.04681587219	32.06989867297963	99.9533178653823	99.88214496169712	100	99.95466908431551	100	100	99.92977528089888	99.88214496169712
