Sample	Gene	Type	Expression	Threshold	Percent difference	Mean Accuracy	Minimum Accuracy	Maximum Accuracy	Sample 1 Accuracy	Sample 2 Accuracy	Sample 3 Accuracy	Sample 4 Accuracy	Sample 5 Accuracy
TH03_0014_S01	LINC01433	Up	1.02147972741	0.244370207191	76.07684218945688	99.92698713394901	99.79674796747967	100	99.83818770226537	99.79674796747967	100	100	100
