Sample	Gene	Type	Expression	Threshold	Percent difference	Mean Accuracy	Minimum Accuracy	Maximum Accuracy	Sample 1 Accuracy	Sample 2 Accuracy	Sample 3 Accuracy	Sample 4 Accuracy	Sample 5 Accuracy
TH03_0014_S01	RBM43	Up	4.33485426933	4.25105190277	1.933222234318689	94.30541771293807	90.04639392661325	97.46281714785651	93.79926431949553	96.98769622401358	97.46281714785651	93.23091694671147	90.04639392661325
