Sample	Gene	Type	Expression	Threshold	Percent difference	Mean Accuracy	Minimum Accuracy	Maximum Accuracy	Sample 1 Accuracy	Sample 2 Accuracy	Sample 3 Accuracy	Sample 4 Accuracy	Sample 5 Accuracy
TH03_0014_S01	STARD13-AS	Up	1.0071955014	0.769867837429	23.563217234500648	97.7316765788745	96.88249400479616	99.7624703087886	97.24919093851133	97.76422764227642	99.7624703087886	96.88249400479616	97
