Sample	Gene	Type	Expression	Threshold	Percent difference	Mean Accuracy	Minimum Accuracy	Maximum Accuracy	Sample 1 Accuracy	Sample 2 Accuracy	Sample 3 Accuracy	Sample 4 Accuracy	Sample 5 Accuracy
TH03_0014_S01	NHLH1	Up	0.678071905113	0.582022130489	14.16513114608301	60.757957390733395	52.25225225225225	68.63468634686348	52.25225225225225	68.50393700787401	68.63468634686348	61.89427312775331	52.50463821892394
