Sample	Gene	Type	Expression	Threshold	Percent difference	Mean Accuracy	Minimum Accuracy	Maximum Accuracy	Sample 1 Accuracy	Sample 2 Accuracy	Sample 3 Accuracy	Sample 4 Accuracy	Sample 5 Accuracy
TH03_0014_S01	RP11-465L10.10	Up	2.06004738367	1.21407687664	41.06558488586282	99.85189221319595	99.51456310679612	100	99.51456310679612	99.74489795918367	100	100	100
