Sample	Gene	Type	Expression	Threshold	Percent difference	Mean Accuracy	Minimum Accuracy	Maximum Accuracy	Sample 1 Accuracy	Sample 2 Accuracy	Sample 3 Accuracy	Sample 4 Accuracy	Sample 5 Accuracy
TH03_0014_S01	LAMTOR4	Down	5.58616424593	5.6123290062	0.4683850871206237	58.636395459237335	48.67256637168141	68.25396825396825	60	61.53846153846154	68.25396825396825	48.67256637168141	54.71698113207547
