Sample	Gene	Type	Expression	Threshold	Percent difference	Mean Accuracy	Minimum Accuracy	Maximum Accuracy	Sample 1 Accuracy	Sample 2 Accuracy	Sample 3 Accuracy	Sample 4 Accuracy	Sample 5 Accuracy
TH03_0014_S01	SMIM18	Up	0.20163386117	0.176311850548	12.558411803983018	37.910402960692274	32.08888888888889	48.263084761463645	32.08888888888889	48.263084761463645	40.024732069249794	36.25806451612903	32.91724456773
