Sample	Gene	Type	Expression	Threshold	Percent difference	Mean Accuracy	Minimum Accuracy	Maximum Accuracy	Sample 1 Accuracy	Sample 2 Accuracy	Sample 3 Accuracy	Sample 4 Accuracy	Sample 5 Accuracy
TH03_0014_S01	ANKRD30BL	Up	0.790772037862	0.141808778048	82.0670469796319	88.71963667369589	83.42644320297951	95.54730983302412	83.42644320297951	90.5378486055777	95.54730983302412	88.13953488372093	85.94704684317719
