Sample	Gene	Type	Expression	Threshold	Percent difference	Mean Accuracy	Minimum Accuracy	Maximum Accuracy	Sample 1 Accuracy	Sample 2 Accuracy	Sample 3 Accuracy	Sample 4 Accuracy	Sample 5 Accuracy
TH03_0014_S01	LSM5	Down	3.73660487531	3.96372246742	6.078180586090403	99.75328206670044	99.40711462450594	100	100	100	99.800796812749	99.40711462450594	99.55849889624724
