Sample	Gene	Type	Expression	Threshold	Percent difference	Mean Accuracy	Minimum Accuracy	Maximum Accuracy	Sample 1 Accuracy	Sample 2 Accuracy	Sample 3 Accuracy	Sample 4 Accuracy	Sample 5 Accuracy
TH03_0014_S01	CH17-478G19.2	Up	1.28688114779	0.918712258339	28.609393344775274	98.08408587996885	96.64879356568365	99.52	96.64879356568365	99.52	99.12790697674419	97.91183294663574	97.21189591078067
