Sample	Gene	Type	Expression	Threshold	Percent difference	Mean Accuracy	Minimum Accuracy	Maximum Accuracy	Sample 1 Accuracy	Sample 2 Accuracy	Sample 3 Accuracy	Sample 4 Accuracy	Sample 5 Accuracy
TH03_0014_S01	LHCGR	Up	0.263034405834	0.106960088015	59.33608469361149	84.97261148206523	79.004329004329	94.14414414414415	79.004329004329	87.42985409652077	94.14414414414415	85.15337423312883	79.13135593220339
