Sample	Gene	Type	Expression	Threshold	Percent difference	Mean Accuracy	Minimum Accuracy	Maximum Accuracy	Sample 1 Accuracy	Sample 2 Accuracy	Sample 3 Accuracy	Sample 4 Accuracy	Sample 5 Accuracy
TH03_0014_S01	RP11-761N21.1	Up	0.411426245726	0.148695841432	63.85844535279651	81.582209736109	73.87295081967213	91.80783115801167	75.51577669902912	87.11340206185567	91.80783115801167	79.60108794197642	73.87295081967213
