Sample	Gene	Type	Expression	Threshold	Percent difference	Mean Accuracy	Minimum Accuracy	Maximum Accuracy	Sample 1 Accuracy	Sample 2 Accuracy	Sample 3 Accuracy	Sample 4 Accuracy	Sample 5 Accuracy
TH03_0014_S01	TNPO1	Up	6.82896155232	6.76732063293	0.9026397193444299	95.28962686718972	92.0780711825488	98.1630309988519	94.97991967871486	97.77777777777777	98.1630309988519	93.44933469805528	92.0780711825488
