Sample	Gene	Type	Expression	Threshold	Percent difference	Mean Accuracy	Minimum Accuracy	Maximum Accuracy	Sample 1 Accuracy	Sample 2 Accuracy	Sample 3 Accuracy	Sample 4 Accuracy	Sample 5 Accuracy
TH03_0014_S01	AC087380.14	Up	0.286881147788	0.277918636799	3.1241198866170046	21.50899488399023	16.945996275605214	26.89243027888446	16.945996275605214	26.89243027888446	19.851576994434136	23.488372093023255	20.366598778004075
