Sample	Gene	Type	Expression	Threshold	Percent difference	Mean Accuracy	Minimum Accuracy	Maximum Accuracy	Sample 1 Accuracy	Sample 2 Accuracy	Sample 3 Accuracy	Sample 4 Accuracy	Sample 5 Accuracy
TH03_0014_S01	PAPPA-AS2	Up	0.150559676575	0.141808778048	5.812245832396447	33.93250724253516	25.42759407069555	44.14303329223181	30.272952853598017	40.843214756258234	44.14303329223181	28.975741239892184	25.42759407069555
