Sample	Gene	Type	Expression	Threshold	Percent difference	Mean Accuracy	Minimum Accuracy	Maximum Accuracy	Sample 1 Accuracy	Sample 2 Accuracy	Sample 3 Accuracy	Sample 4 Accuracy	Sample 5 Accuracy
TH03_0014_S01	TRIM6	Up	4.58014548442	4.42369270325	3.415891082547387	97.88762123075085	96.29629629629629	99.31818181818181	97.95918367346938	99.13419913419914	99.31818181818181	96.73024523160763	96.29629629629629
