Sample	Gene	Type	Expression	Threshold	Percent difference	Mean Accuracy	Minimum Accuracy	Maximum Accuracy	Sample 1 Accuracy	Sample 2 Accuracy	Sample 3 Accuracy	Sample 4 Accuracy	Sample 5 Accuracy
TH03_0014_S01	SLC16A11	Up	4.35684807924	3.23605799675	25.724791457165246	99.96047430830039	99.80237154150198	100	100	100	100	99.80237154150198	100
