Sample	Gene	Type	Expression	Threshold	Percent difference	Mean Accuracy	Minimum Accuracy	Maximum Accuracy	Sample 1 Accuracy	Sample 2 Accuracy	Sample 3 Accuracy	Sample 4 Accuracy	Sample 5 Accuracy
TH03_0014_S01	C20orf85	Up	1.09761079663	0.244370207191	77.73616951096955	99.92698713394901	99.79674796747967	100	99.83818770226537	99.79674796747967	100	100	100
