Sample	Gene	Type	Expression	Threshold	Percent difference	Mean Accuracy	Minimum Accuracy	Maximum Accuracy	Sample 1 Accuracy	Sample 2 Accuracy	Sample 3 Accuracy	Sample 4 Accuracy	Sample 5 Accuracy
TH03_0014_S01	MEGF10	Up	2.10433665981	2.0144340992	4.272251789697823	78.31586298878236	73.46368715083798	84.11910669975185	74.60732984293193	82.41758241758241	84.11910669975185	76.97160883280758	73.46368715083798
