Sample	Gene	Type	Expression	Threshold	Percent difference	Mean Accuracy	Minimum Accuracy	Maximum Accuracy	Sample 1 Accuracy	Sample 2 Accuracy	Sample 3 Accuracy	Sample 4 Accuracy	Sample 5 Accuracy
TH03_0014_S01	PPP1R12A	Up	6.82527683005	6.76577425003	0.8717973131584216	92.939214387244	89.00709219858156	98.12734082397003	89.00709219858156	98.12734082397003	96.78362573099415	90.84745762711864	89.93055555555556
