Sample	Gene	Type	Expression	Threshold	Percent difference	Mean Accuracy	Minimum Accuracy	Maximum Accuracy	Sample 1 Accuracy	Sample 2 Accuracy	Sample 3 Accuracy	Sample 4 Accuracy	Sample 5 Accuracy
TH03_0014_S01	LIFR-AS1	Up	3.12928301694	2.83632063866	9.361964919570491	99.97236166812418	99.90398463754201	100	100	100	100	99.90398463754201	99.95782370307887
