Sample	Gene	Type	Expression	Threshold	Percent difference	Mean Accuracy	Minimum Accuracy	Maximum Accuracy	Sample 1 Accuracy	Sample 2 Accuracy	Sample 3 Accuracy	Sample 4 Accuracy	Sample 5 Accuracy
TH03_0014_S01	FOXO4	Up	5.64789009106	5.5740404129	1.3075622395148283	98.42521093999005	96.94915254237289	99.625468164794	97.87234042553192	99.625468164794	99.41520467836257	96.94915254237289	98.26388888888889
