Sample	Gene	Type	Expression	Threshold	Percent difference	Mean Accuracy	Minimum Accuracy	Maximum Accuracy	Sample 1 Accuracy	Sample 2 Accuracy	Sample 3 Accuracy	Sample 4 Accuracy	Sample 5 Accuracy
TH03_0014_S01	SLC13A1	Up	0.0426443374085	0.0240839701146	43.52363859263643	84.33586523760306	78.00511508951406	92.0844327176781	82.07070707070707	84.44444444444444	92.0844327176781	85.07462686567165	78.00511508951406
