Sample	Gene	Type	Expression	Threshold	Percent difference	Mean Accuracy	Minimum Accuracy	Maximum Accuracy	Sample 1 Accuracy	Sample 2 Accuracy	Sample 3 Accuracy	Sample 4 Accuracy	Sample 5 Accuracy
TH01_0133_S01	IDH1	Down	2.10433665981	2.64209222794	25.554635738682325	99.81640091950113	99.54954954954955	100	99.77168949771689	99.54954954954955	100	99.76076555023924	100
