Sample	Gene	Type	Expression	Threshold	Percent difference	Mean Accuracy	Minimum Accuracy	Maximum Accuracy	Sample 1 Accuracy	Sample 2 Accuracy	Sample 3 Accuracy	Sample 4 Accuracy	Sample 5 Accuracy
TH01_0133_S01	MRPL53	Down	4.09169983414	4.48699331284	9.660862104345531	99.50287247737697	98.78542510121457	100	98.78542510121457	99.52606635071089	100	99.59349593495935	99.609375
