Sample	Gene	Type	Expression	Threshold	Percent difference	Mean Accuracy	Minimum Accuracy	Maximum Accuracy	Sample 1 Accuracy	Sample 2 Accuracy	Sample 3 Accuracy	Sample 4 Accuracy	Sample 5 Accuracy
TH01_0133_S01	BMI1	Down	2.16349873228	2.33079361916	7.73260850047722	91.27687268399913	87.24373576309794	96.78800856531049	88.10679611650485	93.87755102040816	96.78800856531049	90.36827195467421	87.24373576309794
