Sample	Gene	Type	Expression	Threshold	Percent difference	Mean Accuracy	Minimum Accuracy	Maximum Accuracy	Sample 1 Accuracy	Sample 2 Accuracy	Sample 3 Accuracy	Sample 4 Accuracy	Sample 5 Accuracy
TH01_0133_S01	OR6L2P	Up	0.454175893186	0.277918636799	38.808148788032845	72.12124074528316	61.532951289398284	87.32106339468302	61.532951289398284	76.91107644305772	87.32106339468302	71.80899908172636	63.032113517550414
