Sample	Gene	Type	Expression	Threshold	Percent difference	Mean Accuracy	Minimum Accuracy	Maximum Accuracy	Sample 1 Accuracy	Sample 2 Accuracy	Sample 3 Accuracy	Sample 4 Accuracy	Sample 5 Accuracy
TH01_0133_S01	CHMP1A	Down	3.9221978484	4.15201282501	5.8593417643056735	99.61746017172133	99.23809523809524	100	99.61538461538461	99.79879275653923	100	99.23809523809524	99.43502824858757
