Sample	Gene	Type	Expression	Threshold	Percent difference	Mean Accuracy	Minimum Accuracy	Maximum Accuracy	Sample 1 Accuracy	Sample 2 Accuracy	Sample 3 Accuracy	Sample 4 Accuracy	Sample 5 Accuracy
TH01_0133_S01	HNRNPDL	Down	5.31251996747	5.42223548889	2.0652255820555583	99.59651975695115	99.17355371900827	100	99.76190476190476	100	99.58333333333333	99.17355371900827	99.46380697050938
