Sample	Gene	Type	Expression	Threshold	Percent difference	Mean Accuracy	Minimum Accuracy	Maximum Accuracy	Sample 1 Accuracy	Sample 2 Accuracy	Sample 3 Accuracy	Sample 4 Accuracy	Sample 5 Accuracy
TH01_0133_S01	RPL24P4	Down	1.07724299893	1.50872576237	40.05435763969516	99.2294422366226	98.51301115241635	99.76798143851508	98.92761394101876	99.52	99.4186046511628	99.76798143851508	98.51301115241635
