Sample	Gene	Type	Expression	Threshold	Percent difference	Mean Accuracy	Minimum Accuracy	Maximum Accuracy	Sample 1 Accuracy	Sample 2 Accuracy	Sample 3 Accuracy	Sample 4 Accuracy	Sample 5 Accuracy
TH01_0133_S01	UBE2Z	Down	3.66789212523	3.91888713837	6.843031489762293	99.84471187809062	99.45504087193461	100	100	100	100	99.45504087193461	99.76851851851852
