Sample	Gene	Type	Expression	Threshold	Percent difference	Mean Accuracy	Minimum Accuracy	Maximum Accuracy	Sample 1 Accuracy	Sample 2 Accuracy	Sample 3 Accuracy	Sample 4 Accuracy	Sample 5 Accuracy
TH01_0133_S01	MED7	Down	1.52606881167	1.8164908886	19.03073273689321	99.5429483862427	98.86104783599089	100	99.54337899543378	99.54954954954955	100	99.76076555023924	98.86104783599089
