Sample	Gene	Type	Expression	Threshold	Percent difference	Mean Accuracy	Minimum Accuracy	Maximum Accuracy	Sample 1 Accuracy	Sample 2 Accuracy	Sample 3 Accuracy	Sample 4 Accuracy	Sample 5 Accuracy
TH01_0133_S01	SRSF3	Down	5.79753183957	5.9326338768	2.3303371325688103	99.82125088841507	99.40476190476191	100	100	100	100	99.70149253731343	99.40476190476191
