Sample	Gene	Type	Expression	Threshold	Percent difference	Mean Accuracy	Minimum Accuracy	Maximum Accuracy	Sample 1 Accuracy	Sample 2 Accuracy	Sample 3 Accuracy	Sample 4 Accuracy	Sample 5 Accuracy
TH01_0133_S01	RPA2	Down	3.22342254993	3.2360701561	0.3923657532976706	31.054959725016026	25.333333333333336	40.80560420315236	25.384615384615383	36.820925553319924	40.80560420315236	25.333333333333336	26.93032015065913
