Sample	Gene	Type	Expression	Threshold	Percent difference	Mean Accuracy	Minimum Accuracy	Maximum Accuracy	Sample 1 Accuracy	Sample 2 Accuracy	Sample 3 Accuracy	Sample 4 Accuracy	Sample 5 Accuracy
TH01_0133_S01	PET100	Down	3.93545974781	4.3448843956	10.403476951271994	99.04698532086721	98.48484848484848	100	98.67549668874173	98.63013698630137	99.44444444444444	100	98.48484848484848
