Sample	Gene	Type	Expression	Threshold	Percent difference	Mean Accuracy	Minimum Accuracy	Maximum Accuracy	Sample 1 Accuracy	Sample 2 Accuracy	Sample 3 Accuracy	Sample 4 Accuracy	Sample 5 Accuracy
TH01_0133_S01	ACY1	Down	1.85199883711	2.07786560059	12.195837219447704	92.53715858023067	87.93103448275862	96.67458432304038	90.72398190045249	96.67458432304038	96.15384615384616	91.20234604105572	87.93103448275862
