Sample	Gene	Type	Expression	Threshold	Percent difference	Mean Accuracy	Minimum Accuracy	Maximum Accuracy	Sample 1 Accuracy	Sample 2 Accuracy	Sample 3 Accuracy	Sample 4 Accuracy	Sample 5 Accuracy
TH01_0133_S01	C19orf43	Down	5.63807383718	5.79411029816	2.767549086551946	99.88077469793888	99.70149253731343	100	100	100	100	99.70149253731343	99.70238095238095
