Sample	Gene	Type	Expression	Threshold	Percent difference	Mean Accuracy	Minimum Accuracy	Maximum Accuracy	Sample 1 Accuracy	Sample 2 Accuracy	Sample 3 Accuracy	Sample 4 Accuracy	Sample 5 Accuracy
TH01_0133_S01	IFNGR2	Down	3.6322682155	3.7417242527	3.0134348761172918	96.39583679481929	94.23076923076923	98.99396378269618	94.23076923076923	98.99396378269618	98.59894921190893	95.42857142857143	94.72693032015066
