Sample	Gene	Type	Expression	Threshold	Percent difference	Mean Accuracy	Minimum Accuracy	Maximum Accuracy	Sample 1 Accuracy	Sample 2 Accuracy	Sample 3 Accuracy	Sample 4 Accuracy	Sample 5 Accuracy
TH01_0133_S01	STX18	Down	2.48284828307	2.91923594475	17.576090518926673	99.1067999544299	98.58356940509914	99.78586723768737	98.7864077669903	99.74489795918367	99.78586723768737	98.58356940509914	98.63325740318906
