Sample	Gene	Type	Expression	Threshold	Percent difference	Mean Accuracy	Minimum Accuracy	Maximum Accuracy	Sample 1 Accuracy	Sample 2 Accuracy	Sample 3 Accuracy	Sample 4 Accuracy	Sample 5 Accuracy
TH01_0133_S01	ACO1	Down	1.45417589319	1.55320084095	6.809695321160274	95.2394997394402	91.75014731879789	97.35023041474655	95.19492293744334	97.35023041474655	96.95837780149414	94.9438202247191	91.75014731879789
