Sample	Gene	Type	Expression	Threshold	Percent difference	Mean Accuracy	Minimum Accuracy	Maximum Accuracy	Sample 1 Accuracy	Sample 2 Accuracy	Sample 3 Accuracy	Sample 4 Accuracy	Sample 5 Accuracy
TH01_0133_S01	RBCK1	Down	4.45877569908	4.57445240021	2.5943601772537708	95.84119772868723	92.61477045908184	98.7012987012987	92.61477045908184	98.00399201596807	98.7012987012987	95.62363238512035	94.26229508196722
