Sample	Gene	Type	Expression	Threshold	Percent difference	Mean Accuracy	Minimum Accuracy	Maximum Accuracy	Sample 1 Accuracy	Sample 2 Accuracy	Sample 3 Accuracy	Sample 4 Accuracy	Sample 5 Accuracy
TH01_0133_S01	CCDC141	Up	1.23878685959	1.05617046356	14.741550946903034	99.38843949866438	98.99823217442545	99.65437788018433	99.36536718041704	99.65437788018433	99.6264674493063	99.29775280898876	98.99823217442545
