Sample	Gene	Type	Expression	Threshold	Percent difference	Mean Accuracy	Minimum Accuracy	Maximum Accuracy	Sample 1 Accuracy	Sample 2 Accuracy	Sample 3 Accuracy	Sample 4 Accuracy	Sample 5 Accuracy
TH01_0133_S01	GPA33	Up	1.40053792958	0.854536175728	38.98514580149483	99.83848428715349	99.57264957264957	100	100	100	100	99.57264957264957	99.61977186311786
