Sample	Gene	Type	Expression	Threshold	Percent difference	Mean Accuracy	Minimum Accuracy	Maximum Accuracy	Sample 1 Accuracy	Sample 2 Accuracy	Sample 3 Accuracy	Sample 4 Accuracy	Sample 5 Accuracy
TH01_0133_S01	YES1	Down	1.35614381023	1.47521984577	8.780487337829229	93.48263410955025	90.20501138952164	98.28693790149893	91.01941747572816	96.68367346938776	98.28693790149893	91.21813031161473	90.20501138952164
