Sample	Gene	Type	Expression	Threshold	Percent difference	Mean Accuracy	Minimum Accuracy	Maximum Accuracy	Sample 1 Accuracy	Sample 2 Accuracy	Sample 3 Accuracy	Sample 4 Accuracy	Sample 5 Accuracy
TH01_0133_S01	ACO2	Down	3.97911075502	4.0876789093	2.72845268614431	96.935066649811	95.50321199143468	98.2	96.80170575692964	98.2	98.06949806949807	96.10091743119266	95.50321199143468
