Sample	Gene	Type	Expression	Threshold	Percent difference	Mean Accuracy	Minimum Accuracy	Maximum Accuracy	Sample 1 Accuracy	Sample 2 Accuracy	Sample 3 Accuracy	Sample 4 Accuracy	Sample 5 Accuracy
TH01_0133_S01	WDR46	Down	3.53356334821	3.57337403297	1.1266441503069944	70.00792180623597	62.913907284768214	78.8546255506608	63.98104265402843	78.8546255506608	77.68924302788844	66.600790513834	62.913907284768214
