Sample	Gene	Type	Expression	Threshold	Percent difference	Mean Accuracy	Minimum Accuracy	Maximum Accuracy	Sample 1 Accuracy	Sample 2 Accuracy	Sample 3 Accuracy	Sample 4 Accuracy	Sample 5 Accuracy
TH01_0133_S01	TMEM53	Down	1.31034012061	1.50822365284	15.101692233759852	96.82976467968687	94.4055944055944	98.79759519038076	95.85253456221197	98.49624060150376	98.79759519038076	96.59685863874346	94.4055944055944
