Sample	Gene	Type	Expression	Threshold	Percent difference	Mean Accuracy	Minimum Accuracy	Maximum Accuracy	Sample 1 Accuracy	Sample 2 Accuracy	Sample 3 Accuracy	Sample 4 Accuracy	Sample 5 Accuracy
TH01_0133_S01	UBA5	Down	1.6599245584	2.59836673737	56.535230726061656	99.90043590251635	99.74489795918367	100	99.75728155339806	99.74489795918367	100	100	100
