Sample	Gene	Type	Expression	Threshold	Percent difference	Mean Accuracy	Minimum Accuracy	Maximum Accuracy	Sample 1 Accuracy	Sample 2 Accuracy	Sample 3 Accuracy	Sample 4 Accuracy	Sample 5 Accuracy
TH01_0133_S01	TBC1D9B	Down	3.73335434061	3.94816994667	5.753957070812117	99.83014388795951	99.70476592155208	99.95625546806649	99.9474513925381	99.83029274501484	99.95625546806649	99.71195391262602	99.70476592155208
