Sample	Gene	Type	Expression	Threshold	Percent difference	Mean Accuracy	Minimum Accuracy	Maximum Accuracy	Sample 1 Accuracy	Sample 2 Accuracy	Sample 3 Accuracy	Sample 4 Accuracy	Sample 5 Accuracy
TH01_0133_S01	AP5S1	Down	1.68257329735	1.72512805462	2.5291473088882617	58.47097523886277	50.83798882681564	67.85714285714286	51.57068062827225	67.85714285714286	66.25310173697271	55.83596214511041	50.83798882681564
