Sample	Gene	Type	Expression	Threshold	Percent difference	Mean Accuracy	Minimum Accuracy	Maximum Accuracy	Sample 1 Accuracy	Sample 2 Accuracy	Sample 3 Accuracy	Sample 4 Accuracy	Sample 5 Accuracy
TH01_0133_S01	XRCC4	Down	0.847996906555	1.06681525707	25.804144900003557	65.95621424112855	54.283054003724395	77.36549165120594	54.283054003724395	72.31075697211156	77.36549165120594	66.86046511627907	58.96130346232179
