Sample	Gene	Type	Expression	Threshold	Percent difference	Mean Accuracy	Minimum Accuracy	Maximum Accuracy	Sample 1 Accuracy	Sample 2 Accuracy	Sample 3 Accuracy	Sample 4 Accuracy	Sample 5 Accuracy
TH01_0133_S01	PPAP2A	Down	1.41142624573	1.57311141491	11.455445842044359	91.60915421776511	86.20689655172413	95.96199524940617	89.59276018099548	95.96199524940617	95.96153846153847	90.32258064516128	86.20689655172413
