Sample	Gene	Type	Expression	Threshold	Percent difference	Mean Accuracy	Minimum Accuracy	Maximum Accuracy	Sample 1 Accuracy	Sample 2 Accuracy	Sample 3 Accuracy	Sample 4 Accuracy	Sample 5 Accuracy
TH01_0133_S01	IFT52	Down	2.31903981556	2.82968711853	22.019772991551207	99.05664834813597	97.9020979020979	99.79959919839679	98.61751152073732	99.74937343358395	99.79959919839679	99.21465968586386	97.9020979020979
