Sample	Gene	Type	Expression	Threshold	Percent difference	Mean Accuracy	Minimum Accuracy	Maximum Accuracy	Sample 1 Accuracy	Sample 2 Accuracy	Sample 3 Accuracy	Sample 4 Accuracy	Sample 5 Accuracy
TH01_0133_S01	CXCL16	Down	1.71369581484	1.73716318607	1.3694012103420476	33.5952420676804	25.512528473804103	43.683083511777305	27.427184466019416	38.775510204081634	43.683083511777305	32.577903682719544	25.512528473804103
