Sample	Gene	Type	Expression	Threshold	Percent difference	Mean Accuracy	Minimum Accuracy	Maximum Accuracy	Sample 1 Accuracy	Sample 2 Accuracy	Sample 3 Accuracy	Sample 4 Accuracy	Sample 5 Accuracy
TH01_0133_S01	MAGT1	Down	2.86393845042	2.87782883644	0.48500993511096163	14.511712380141175	9.815950920245399	18.75	9.815950920245399	18.75	17.151162790697676	15.730337078651685	11.11111111111111
