Sample	Gene	Type	Expression	Threshold	Percent difference	Mean Accuracy	Minimum Accuracy	Maximum Accuracy	Sample 1 Accuracy	Sample 2 Accuracy	Sample 3 Accuracy	Sample 4 Accuracy	Sample 5 Accuracy
TH01_0133_S01	PAQR9	Up	0.773996325111	0.344080448151	55.544950668641114	88.3080556881781	86.13251155624036	92	86.68596237337192	92	88.7218045112782	88	86.13251155624036
