Sample	Gene	Type	Expression	Threshold	Percent difference	Mean Accuracy	Minimum Accuracy	Maximum Accuracy	Sample 1 Accuracy	Sample 2 Accuracy	Sample 3 Accuracy	Sample 4 Accuracy	Sample 5 Accuracy
TH01_0133_S01	ATP5SL	Down	2.68032435684	3.73666095734	39.41077496103421	99.80427857253429	99.53379953379954	100	100	99.74937343358395	100	99.73821989528795	99.53379953379954
