Sample	Gene	Type	Expression	Threshold	Percent difference	Mean Accuracy	Minimum Accuracy	Maximum Accuracy	Sample 1 Accuracy	Sample 2 Accuracy	Sample 3 Accuracy	Sample 4 Accuracy	Sample 5 Accuracy
TH01_0133_S01	AARSD1	Down	2.83390207667	3.42008042336	20.684495470598403	97.1319394625417	95.8	99.1686460807601	96.76375404530745	97.76422764227642	99.1686460807601	96.1630695443645	95.8
