Sample	Gene	Type	Expression	Threshold	Percent difference	Mean Accuracy	Minimum Accuracy	Maximum Accuracy	Sample 1 Accuracy	Sample 2 Accuracy	Sample 3 Accuracy	Sample 4 Accuracy	Sample 5 Accuracy
TH01_0133_S01	KDM5C-IT1	Up	0.432959407276	0.141808778048	67.2466342883732	84.50617450243324	78.77947295423023	93.48722176422093	79.5111111111111	88.55951829550717	93.48722176422093	82.19354838709677	78.77947295423023
