Sample	Gene	Type	Expression	Threshold	Percent difference	Mean Accuracy	Minimum Accuracy	Maximum Accuracy	Sample 1 Accuracy	Sample 2 Accuracy	Sample 3 Accuracy	Sample 4 Accuracy	Sample 5 Accuracy
TH01_0133_S01	TWSG1	Down	1.13093086983	1.30742681026	15.606253674597331	98.77082300575164	97.72209567198178	99.78586723768737	98.30097087378641	99.74489795918367	99.78586723768737	98.30028328611898	97.72209567198178
