Sample	Gene	Type	Expression	Threshold	Percent difference	Mean Accuracy	Minimum Accuracy	Maximum Accuracy	Sample 1 Accuracy	Sample 2 Accuracy	Sample 3 Accuracy	Sample 4 Accuracy	Sample 5 Accuracy
TH01_0133_S01	MED10	Down	2.70487196446	3.28490185738	21.44389459246722	98.84989192171221	97.29064039408867	99.61538461538461	98.64253393665159	99.2874109263658	99.61538461538461	99.41348973607037	97.29064039408867
