Sample	Gene	Type	Expression	Threshold	Percent difference	Mean Accuracy	Minimum Accuracy	Maximum Accuracy	Sample 1 Accuracy	Sample 2 Accuracy	Sample 3 Accuracy	Sample 4 Accuracy	Sample 5 Accuracy
TH01_0133_S01	OSBPL9	Down	3.03210084317	3.25808191299	7.45295362880284	99.91525271729382	99.78118161925602	100	100	100	100	99.78118161925602	99.79508196721312
