Sample	Gene	Type	Expression	Threshold	Percent difference	Mean Accuracy	Minimum Accuracy	Maximum Accuracy	Sample 1 Accuracy	Sample 2 Accuracy	Sample 3 Accuracy	Sample 4 Accuracy	Sample 5 Accuracy
TH01_0133_S01	AC093484.4	Up	0.815575428863	0.376716196537	53.809766306694286	78.62367403682654	69.91120218579235	90.69702860316579	71.32888349514563	85.1159793814433	90.69702860316579	76.06527651858568	69.91120218579235
