Sample	Gene	Type	Expression	Threshold	Percent difference	Mean Accuracy	Minimum Accuracy	Maximum Accuracy	Sample 1 Accuracy	Sample 2 Accuracy	Sample 3 Accuracy	Sample 4 Accuracy	Sample 5 Accuracy
TH01_0133_S01	TM2D3	Down	2.63691458036	3.34812188148	26.97119225693324	99.43319630617354	98.6013986013986	99.79959919839679	99.53917050691244	99.74937343358395	99.79959919839679	99.47643979057592	98.6013986013986
