Sample	Gene	Type	Expression	Threshold	Percent difference	Mean Accuracy	Minimum Accuracy	Maximum Accuracy	Sample 1 Accuracy	Sample 2 Accuracy	Sample 3 Accuracy	Sample 4 Accuracy	Sample 5 Accuracy
TH01_0133_S01	ADAM15	Down	2.94673086014	3.32715892792	12.910173539293822	97.52227344393455	96.35535307517085	99.57173447537473	96.35922330097088	98.72448979591837	99.57173447537473	96.60056657223795	96.35535307517085
