Sample	Gene	Type	Expression	Threshold	Percent difference	Mean Accuracy	Minimum Accuracy	Maximum Accuracy	Sample 1 Accuracy	Sample 2 Accuracy	Sample 3 Accuracy	Sample 4 Accuracy	Sample 5 Accuracy
TH01_0133_S01	AC007256.5	Up	0.378511623254	0.154565423727	59.16494653500271	89.98973916134621	87.62626262626263	94.9868073878628	87.62626262626263	88.05555555555556	94.9868073878628	91.04477611940298	88.23529411764706
