Sample	Gene	Type	Expression	Threshold	Percent difference	Mean Accuracy	Minimum Accuracy	Maximum Accuracy	Sample 1 Accuracy	Sample 2 Accuracy	Sample 3 Accuracy	Sample 4 Accuracy	Sample 5 Accuracy
TH01_0133_S01	SPRYD3	Down	2.344828497	2.45308685303	4.616898684424334	82.19689726534222	76.68711656441718	88.69047619047619	76.68711656441718	88.69047619047619	87.20930232558139	81.27340823970037	77.12418300653596
