Sample	Gene	Type	Expression	Threshold	Percent difference	Mean Accuracy	Minimum Accuracy	Maximum Accuracy	Sample 1 Accuracy	Sample 2 Accuracy	Sample 3 Accuracy	Sample 4 Accuracy	Sample 5 Accuracy
TH01_0133_S01	FLYWCH2	Down	2.51853513898	2.79137849808	10.83341482424187	90.57425771501235	83.74384236453201	95.57692307692308	88.91402714932126	95.48693586698337	95.57692307692308	89.14956011730204	83.74384236453201
