Sample	Gene	Type	Expression	Threshold	Percent difference	Mean Accuracy	Minimum Accuracy	Maximum Accuracy	Sample 1 Accuracy	Sample 2 Accuracy	Sample 3 Accuracy	Sample 4 Accuracy	Sample 5 Accuracy
TH01_0133_S01	CMPK1	Down	3.69376571222	3.78707242012	2.5260591810497246	95.3947348601563	92.61477045908184	98.14471243042672	92.61477045908184	97.80439121756487	98.14471243042672	94.9671772428884	93.44262295081968
