Sample	Gene	Type	Expression	Threshold	Percent difference	Mean Accuracy	Minimum Accuracy	Maximum Accuracy	Sample 1 Accuracy	Sample 2 Accuracy	Sample 3 Accuracy	Sample 4 Accuracy	Sample 5 Accuracy
TH01_0133_S01	RP11-1094M14.7	Up	0.411426245726	0.244026988745	40.68754940162079	73.84599932222767	63.825214899713465	87.73006134969326	63.825214899713465	78.70514820592824	87.73006134969326	73.92102846648301	65.0485436893204
