Sample	Gene	Type	Expression	Threshold	Percent difference	Mean Accuracy	Minimum Accuracy	Maximum Accuracy	Sample 1 Accuracy	Sample 2 Accuracy	Sample 3 Accuracy	Sample 4 Accuracy	Sample 5 Accuracy
TH01_0133_S01	AC239868.1	Up	5.66249036391	5.58166360855	1.4274064972392804	44.00407000407	18.51851851851852	60	18.51851851851852	60	57.14285714285714	57.692307692307686	26.666666666666668
