Sample	Gene	Type	Expression	Threshold	Percent difference	Mean Accuracy	Minimum Accuracy	Maximum Accuracy	Sample 1 Accuracy	Sample 2 Accuracy	Sample 3 Accuracy	Sample 4 Accuracy	Sample 5 Accuracy
TH01_0133_S01	SLFN12L	Up	2.464668267	2.03144288063	17.577431907188192	99.44451121866923	99.01960784313727	100	99.38650306748467	99.10714285714286	99.70930232558139	100	99.01960784313727
