Sample	Gene	Type	Expression	Threshold	Percent difference	Mean Accuracy	Minimum Accuracy	Maximum Accuracy	Sample 1 Accuracy	Sample 2 Accuracy	Sample 3 Accuracy	Sample 4 Accuracy	Sample 5 Accuracy
TH01_0133_S01	SC5D	Down	1.21412480535	1.5931302309	31.21634809534616	99.79523498939993	99.51456310679612	100	99.51456310679612	99.74489795918367	100	99.71671388101983	100
