Sample	Gene	Type	Expression	Threshold	Percent difference	Mean Accuracy	Minimum Accuracy	Maximum Accuracy	Sample 1 Accuracy	Sample 2 Accuracy	Sample 3 Accuracy	Sample 4 Accuracy	Sample 5 Accuracy
TH01_0133_S01	ALAS1	Down	2.47767732757	3.32349181175	34.13739451736997	99.85189221319595	99.51456310679612	100	99.51456310679612	99.74489795918367	100	100	100
