Sample	Gene	Type	Expression	Threshold	Percent difference	Mean Accuracy	Minimum Accuracy	Maximum Accuracy	Sample 1 Accuracy	Sample 2 Accuracy	Sample 3 Accuracy	Sample 4 Accuracy	Sample 5 Accuracy
TH01_0133_S01	RNF26	Down	2.61588707392	2.76423311234	5.670964924250262	87.97096737349914	83.27526132404182	93.21428571428572	83.27526132404182	92.96296296296296	93.21428571428572	86.75213675213675	83.65019011406845
