Sample	Gene	Type	Expression	Threshold	Percent difference	Mean Accuracy	Minimum Accuracy	Maximum Accuracy	Sample 1 Accuracy	Sample 2 Accuracy	Sample 3 Accuracy	Sample 4 Accuracy	Sample 5 Accuracy
TH01_0133_S01	SLC25A23	Down	1.54101915313	1.95486319065	26.85521699580643	99.82098696234094	99.69325153374233	100	99.69325153374233	99.70238095238095	99.70930232558139	100	100
