Sample	Gene	Type	Expression	Threshold	Percent difference	Mean Accuracy	Minimum Accuracy	Maximum Accuracy	Sample 1 Accuracy	Sample 2 Accuracy	Sample 3 Accuracy	Sample 4 Accuracy	Sample 5 Accuracy
TH01_0133_S01	NOL11	Down	3.124328135	3.15411782265	0.9534749988736416	63.133601795235954	56.5121412803532	72.24669603524228	57.10900473933649	72.24669603524228	69.7211155378486	60.079051383399204	56.5121412803532
