Sample	Gene	Type	Expression	Threshold	Percent difference	Mean Accuracy	Minimum Accuracy	Maximum Accuracy	Sample 1 Accuracy	Sample 2 Accuracy	Sample 3 Accuracy	Sample 4 Accuracy	Sample 5 Accuracy
TH01_0133_S01	SET	Down	5.49505552837	5.51398229599	0.3444326908487904	60.047077119423655	50.75987841945289	70.60518731988472	55.45977011494253	70.60518731988472	67.48768472906403	55.9228650137741	50.75987841945289
