Sample	Gene	Type	Expression	Threshold	Percent difference	Mean Accuracy	Minimum Accuracy	Maximum Accuracy	Sample 1 Accuracy	Sample 2 Accuracy	Sample 3 Accuracy	Sample 4 Accuracy	Sample 5 Accuracy
TH01_0133_S01	ZNF277	Down	1.7782085764	2.50207543373	40.7076462759771	99.80427857253429	99.53379953379954	100	100	99.74937343358395	100	99.73821989528795	99.53379953379954
