Sample	Gene	Type	Expression	Threshold	Percent difference	Mean Accuracy	Minimum Accuracy	Maximum Accuracy	Sample 1 Accuracy	Sample 2 Accuracy	Sample 3 Accuracy	Sample 4 Accuracy	Sample 5 Accuracy
TH01_0133_S01	B4GALT4	Down	1.76128527336	1.89335167408	7.498296994674651	88.52090753625052	83.10502283105022	94.91525423728814	83.10502283105022	90.31531531531532	94.91525423728814	90.66985645933015	83.5990888382688
