Sample	Gene	Type	Expression	Threshold	Percent difference	Mean Accuracy	Minimum Accuracy	Maximum Accuracy	Sample 1 Accuracy	Sample 2 Accuracy	Sample 3 Accuracy	Sample 4 Accuracy	Sample 5 Accuracy
TH01_0133_S01	TMIGD2	Up	2.26903314646	1.97398996353	13.003035384930689	93.58717850730353	89.65517241379311	96.92307692307692	92.3076923076923	96.67458432304038	96.92307692307692	92.37536656891496	89.65517241379311
