Sample	Gene	Type	Expression	Threshold	Percent difference	Mean Accuracy	Minimum Accuracy	Maximum Accuracy	Sample 1 Accuracy	Sample 2 Accuracy	Sample 3 Accuracy	Sample 4 Accuracy	Sample 5 Accuracy
TH01_0133_S01	RP11-34F20.7	Up	0.757023246507	0.687212228775	9.221779919456479	49.149371739317054	41.1873840445269	58.07086614173228	42.16216216216216	58.07086614173228	56.08856088560885	48.23788546255506	41.1873840445269
