Sample	Gene	Type	Expression	Threshold	Percent difference	Mean Accuracy	Minimum Accuracy	Maximum Accuracy	Sample 1 Accuracy	Sample 2 Accuracy	Sample 3 Accuracy	Sample 4 Accuracy	Sample 5 Accuracy
TH01_0133_S01	RP11-830F9.6	Up	1.14404636962	0.682779431343	40.31890232125922	99.85189221319595	99.51456310679612	100	99.51456310679612	99.74489795918367	100	100	100
