Sample	Gene	Type	Expression	Threshold	Percent difference	Mean Accuracy	Minimum Accuracy	Maximum Accuracy	Sample 1 Accuracy	Sample 2 Accuracy	Sample 3 Accuracy	Sample 4 Accuracy	Sample 5 Accuracy
TH01_0133_S01	RP11-403I13.10	Up	1.42760617278	0.746955513954	47.67776098225733	99.58993860179567	99.07063197026022	100	99.32975871313673	99.83999999999999	99.70930232558139	100	99.07063197026022
