Sample	Gene	Type	Expression	Threshold	Percent difference	Mean Accuracy	Minimum Accuracy	Maximum Accuracy	Sample 1 Accuracy	Sample 2 Accuracy	Sample 3 Accuracy	Sample 4 Accuracy	Sample 5 Accuracy
TH01_0133_S01	PLEKHJ1	Down	3.39506279952	3.47607946396	2.386308272455361	92.99258697305147	89.1832229580574	97.41035856573706	90.52132701421802	97.13656387665198	97.41035856573706	90.71146245059289	89.1832229580574
