Sample	Gene	Type	Expression	Threshold	Percent difference	Mean Accuracy	Minimum Accuracy	Maximum Accuracy	Sample 1 Accuracy	Sample 2 Accuracy	Sample 3 Accuracy	Sample 4 Accuracy	Sample 5 Accuracy
TH01_0120_S01	ADI1	Down	3.39643353125	3.42660284042	0.8882643776896423	66.61359681075524	59.25925925925925	75.68181818181819	60.997732426303855	74.45887445887446	75.68181818181819	62.67029972752044	59.25925925925925
