Sample	Gene	Type	Expression	Threshold	Percent difference	Mean Accuracy	Minimum Accuracy	Maximum Accuracy	Sample 1 Accuracy	Sample 2 Accuracy	Sample 3 Accuracy	Sample 4 Accuracy	Sample 5 Accuracy
TH01_0120_S01	AGGF1P2	Up	1.53106949273	1.21407687664	20.703999236819794	99.59169263258758	99.05362776025235	100	99.73821989528795	99.72527472527473	100	99.05362776025235	99.4413407821229
