Sample	Gene	Type	Expression	Threshold	Percent difference	Mean Accuracy	Minimum Accuracy	Maximum Accuracy	Sample 1 Accuracy	Sample 2 Accuracy	Sample 3 Accuracy	Sample 4 Accuracy	Sample 5 Accuracy
TH01_0120_S01	CHMP1A	Down	3.96347412397	4.15201282501	4.756905057100526	99.46806799552944	99.18032786885246	99.81447124304268	99.20159680638723	99.8003992015968	99.81447124304268	99.34354485776805	99.18032786885246
