Sample	Gene	Type	Expression	Threshold	Percent difference	Mean Accuracy	Minimum Accuracy	Maximum Accuracy	Sample 1 Accuracy	Sample 2 Accuracy	Sample 3 Accuracy	Sample 4 Accuracy	Sample 5 Accuracy
TH01_0120_S01	TXN2	Down	4.64154602909	4.78646183014	3.1221450814398626	95.17868745568681	91.76136363636364	98.76160990712074	93.44729344729345	98.76160990712074	97.89719626168224	94.02597402597402	91.76136363636364
