Sample	Gene	Type	Expression	Threshold	Percent difference	Mean Accuracy	Minimum Accuracy	Maximum Accuracy	Sample 1 Accuracy	Sample 2 Accuracy	Sample 3 Accuracy	Sample 4 Accuracy	Sample 5 Accuracy
TH01_0120_S01	RP11-181K12.1	Up	0.422233000683	0.141808778048	66.41456782899216	92.38948296780254	89.1891891891892	96.12546125461255	89.1891891891892	94.68503937007874	96.12546125461255	91.40969162995594	90.53803339517626
