Sample	Gene	Type	Expression	Threshold	Percent difference	Mean Accuracy	Minimum Accuracy	Maximum Accuracy	Sample 1 Accuracy	Sample 2 Accuracy	Sample 3 Accuracy	Sample 4 Accuracy	Sample 5 Accuracy
TH01_0120_S01	CTD-3035K23.3	Up	0.918386234446	0.720043897629	21.596832506602894	65.39069761250933	55.30216647662486	78.79161528976573	59.05707196029777	71.67325428194994	78.79161528976573	62.129380053908356	55.30216647662486
