Sample	Gene	Type	Expression	Threshold	Percent difference	Mean Accuracy	Minimum Accuracy	Maximum Accuracy	Sample 1 Accuracy	Sample 2 Accuracy	Sample 3 Accuracy	Sample 4 Accuracy	Sample 5 Accuracy
TH01_0120_S01	MAN1B1	Down	3.69041709553	3.77634143829	2.328309796312056	94.2431257092604	91.20370370370371	97.27272727272728	94.10430839002267	96.53679653679653	97.27272727272728	92.09809264305177	91.20370370370371
