Sample	Gene	Type	Expression	Threshold	Percent difference	Mean Accuracy	Minimum Accuracy	Maximum Accuracy	Sample 1 Accuracy	Sample 2 Accuracy	Sample 3 Accuracy	Sample 4 Accuracy	Sample 5 Accuracy
TH01_0120_S01	HARS	Down	3.96624587322	4.0456943512	2.0031153014601046	91.1677301622291	87.09016393442623	95.40918163672654	87.82435129740519	95.40918163672654	95.36178107606679	90.15317286652079	87.09016393442623
