Sample	Gene	Type	Expression	Threshold	Percent difference	Mean Accuracy	Minimum Accuracy	Maximum Accuracy	Sample 1 Accuracy	Sample 2 Accuracy	Sample 3 Accuracy	Sample 4 Accuracy	Sample 5 Accuracy
TH01_0120_S01	RN7SL487P	Up	0.807354922058	0.441114872694	45.36295492327344	76.80888765203319	67.1448087431694	90.05831713412941	68.9623786407767	83.76288659793815	90.05831713412941	74.1160471441523	67.1448087431694
