Sample	Gene	Type	Expression	Threshold	Percent difference	Mean Accuracy	Minimum Accuracy	Maximum Accuracy	Sample 1 Accuracy	Sample 2 Accuracy	Sample 3 Accuracy	Sample 4 Accuracy	Sample 5 Accuracy
TH01_0120_S01	RP11-102M11.2	Up	0.310340120612	0.141808778048	54.30536736006004	93.53771121756003	90.17504234895539	97.06819630337795	92.41803278688525	94.6983546617916	97.06819630337795	93.32892998678997	90.17504234895539
