Sample	Gene	Type	Expression	Threshold	Percent difference	Mean Accuracy	Minimum Accuracy	Maximum Accuracy	Sample 1 Accuracy	Sample 2 Accuracy	Sample 3 Accuracy	Sample 4 Accuracy	Sample 5 Accuracy
TH01_0120_S01	ATF5	Down	2.26002565596	2.49150943756	10.242528928357315	95.42474589146019	92.48291571753985	99.14346895074947	93.20388349514563	97.95918367346938	99.14346895074947	94.3342776203966	92.48291571753985
