Sample	Gene	Type	Expression	Threshold	Percent difference	Mean Accuracy	Minimum Accuracy	Maximum Accuracy	Sample 1 Accuracy	Sample 2 Accuracy	Sample 3 Accuracy	Sample 4 Accuracy	Sample 5 Accuracy
TH01_0120_S01	CTC-260E6.3	Up	0.454175893186	0.387328118086	14.718477158941512	61.49369357080558	52.69016697588126	69.88188976377953	53.153153153153156	69.88188976377953	69.18819188191881	62.55506607929515	52.69016697588126
