Sample	Gene	Type	Expression	Threshold	Percent difference	Mean Accuracy	Minimum Accuracy	Maximum Accuracy	Sample 1 Accuracy	Sample 2 Accuracy	Sample 3 Accuracy	Sample 4 Accuracy	Sample 5 Accuracy
TH01_0120_S01	ATP6AP2	Down	4.24336442569	4.51797628403	6.471559611459635	99.91525271729382	99.78118161925602	100	100	100	100	99.78118161925602	99.79508196721312
