Sample	Gene	Type	Expression	Threshold	Percent difference	Mean Accuracy	Minimum Accuracy	Maximum Accuracy	Sample 1 Accuracy	Sample 2 Accuracy	Sample 3 Accuracy	Sample 4 Accuracy	Sample 5 Accuracy
TH01_0120_S01	RP11-182N22.9	Up	0.59454854955	0.188761264086	68.25132880588657	94.93501860076152	92.03839638622247	97.83301465901847	94.2110655737705	95.61243144424132	97.83301465901847	94.98018494055482	92.03839638622247
