Sample	Gene	Type	Expression	Threshold	Percent difference	Mean Accuracy	Minimum Accuracy	Maximum Accuracy	Sample 1 Accuracy	Sample 2 Accuracy	Sample 3 Accuracy	Sample 4 Accuracy	Sample 5 Accuracy
TH01_0120_S01	C10orf12	Up	2.78450398293	2.72538924217	2.122989987530796	66.13644097289622	55.27401296405421	75.6136606189968	63.14596554850408	74.07834101382488	75.6136606189968	62.57022471910112	55.27401296405421
