Sample	Gene	Type	Expression	Threshold	Percent difference	Mean Accuracy	Minimum Accuracy	Maximum Accuracy	Sample 1 Accuracy	Sample 2 Accuracy	Sample 3 Accuracy	Sample 4 Accuracy	Sample 5 Accuracy
TH01_0120_S01	ERAL1	Down	3.60288440872	3.7876868248	5.129290732523253	99.43011710393955	98.85714285714286	99.82486865148861	99.42307692307692	99.79879275653923	99.82486865148861	98.85714285714286	99.2467043314501
