Sample	Gene	Type	Expression	Threshold	Percent difference	Mean Accuracy	Minimum Accuracy	Maximum Accuracy	Sample 1 Accuracy	Sample 2 Accuracy	Sample 3 Accuracy	Sample 4 Accuracy	Sample 5 Accuracy
TH01_0120_S01	TMUB1	Down	3.71369581484	3.75130081177	1.0126030457241546	59.35705690587277	49.14772727272727	71.26168224299066	50.712250712250714	69.04024767801857	71.26168224299066	56.62337662337662	49.14772727272727
