Sample	Gene	Type	Expression	Threshold	Percent difference	Mean Accuracy	Minimum Accuracy	Maximum Accuracy	Sample 1 Accuracy	Sample 2 Accuracy	Sample 3 Accuracy	Sample 4 Accuracy	Sample 5 Accuracy
TH01_0120_S01	CTD-2555A7.3	Up	0.799087306074	0.222623795271	72.14024130044386	90.93787677758871	89.6764252696456	94.46153846153847	90.15918958031838	94.46153846153847	90.22556390977444	90.16666666666666	89.6764252696456
