Sample	Gene	Type	Expression	Threshold	Percent difference	Mean Accuracy	Minimum Accuracy	Maximum Accuracy	Sample 1 Accuracy	Sample 2 Accuracy	Sample 3 Accuracy	Sample 4 Accuracy	Sample 5 Accuracy
TH01_0120_S01	SAT1	Down	5.34020617991	5.49771165848	2.949426918431351	99.88077469793888	99.70149253731343	100	100	100	100	99.70149253731343	99.70238095238095
