Sample	Gene	Type	Expression	Threshold	Percent difference	Mean Accuracy	Minimum Accuracy	Maximum Accuracy	Sample 1 Accuracy	Sample 2 Accuracy	Sample 3 Accuracy	Sample 4 Accuracy	Sample 5 Accuracy
TH01_0120_S01	RFNG	Down	2.92979099772	3.31462526321	13.135212231503296	97.43543341727141	96.57534246575342	99.36440677966102	96.57534246575342	97.2972972972973	99.36440677966102	97.1291866028708	96.81093394077449
