Sample	Gene	Type	Expression	Threshold	Percent difference	Mean Accuracy	Minimum Accuracy	Maximum Accuracy	Sample 1 Accuracy	Sample 2 Accuracy	Sample 3 Accuracy	Sample 4 Accuracy	Sample 5 Accuracy
TH01_0120_S01	OS9	Down	5.65878273401	5.78970336914	2.313582996271447	99.8612814040149	99.64539007092199	100	99.64539007092199	100	100	99.66101694915255	100
