Sample	Gene	Type	Expression	Threshold	Percent difference	Mean Accuracy	Minimum Accuracy	Maximum Accuracy	Sample 1 Accuracy	Sample 2 Accuracy	Sample 3 Accuracy	Sample 4 Accuracy	Sample 5 Accuracy
TH01_0120_S01	COL6A2	Down	0.863938450424	1.28816986084	49.10435577995141	85.50000359280169	79.53964194373401	92.34828496042216	84.34343434343434	85	92.34828496042216	86.26865671641791	79.53964194373401
