Sample	Gene	Type	Expression	Threshold	Percent difference	Mean Accuracy	Minimum Accuracy	Maximum Accuracy	Sample 1 Accuracy	Sample 2 Accuracy	Sample 3 Accuracy	Sample 4 Accuracy	Sample 5 Accuracy
TH01_0120_S01	OTUD4P1	Up	0.722466024471	0.120062358677	83.38159102154161	95.48446757789608	93.45002823263692	98.08795411089865	94.67213114754098	96.09993906154783	98.08795411089865	95.112285336856	93.45002823263692
