Sample	Gene	Type	Expression	Threshold	Percent difference	Mean Accuracy	Minimum Accuracy	Maximum Accuracy	Sample 1 Accuracy	Sample 2 Accuracy	Sample 3 Accuracy	Sample 4 Accuracy	Sample 5 Accuracy
TH01_0120_S01	RP11-737O24.1	Up	0.286881147788	0.176311850548	38.54184845973522	69.4606635616872	58.64071038251366	85.50402665926131	59.890776699029125	77.67396907216495	85.50402665926131	65.5938349954669	58.64071038251366
