Sample	Gene	Type	Expression	Threshold	Percent difference	Mean Accuracy	Minimum Accuracy	Maximum Accuracy	Sample 1 Accuracy	Sample 2 Accuracy	Sample 3 Accuracy	Sample 4 Accuracy	Sample 5 Accuracy
TH01_0120_S01	YWHAB	Down	5.28540221886	5.32834148407	0.8124124415125732	91.45067351197565	85.02415458937197	96.61016949152543	91.07142857142857	96.61016949152543	94.83568075117371	89.7119341563786	85.02415458937197
