Sample	Gene	Type	Expression	Threshold	Percent difference	Mean Accuracy	Minimum Accuracy	Maximum Accuracy	Sample 1 Accuracy	Sample 2 Accuracy	Sample 3 Accuracy	Sample 4 Accuracy	Sample 5 Accuracy
TH01_0120_S01	LSM10	Down	3.55090066465	3.71360325813	4.582009153332291	96.89338067678618	92.3076923076923	99.29577464788733	92.3076923076923	97.6303317535545	99.29577464788733	97.96747967479675	97.265625
