Sample	Gene	Type	Expression	Threshold	Percent difference	Mean Accuracy	Minimum Accuracy	Maximum Accuracy	Sample 1 Accuracy	Sample 2 Accuracy	Sample 3 Accuracy	Sample 4 Accuracy	Sample 5 Accuracy
TH01_0120_S01	P2RY10	Up	3.39780296186	3.35917472839	1.1368591382018898	70.29849810909336	62.913907284768214	79.51541850220264	63.98104265402843	79.51541850220264	77.88844621513944	67.19367588932806	62.913907284768214
