Sample	Gene	Type	Expression	Threshold	Percent difference	Mean Accuracy	Minimum Accuracy	Maximum Accuracy	Sample 1 Accuracy	Sample 2 Accuracy	Sample 3 Accuracy	Sample 4 Accuracy	Sample 5 Accuracy
TH01_0120_S01	RP11-4B16.1	Up	0.941106310946	0.141808778048	84.93169407126238	91.77787740883592	90.44684129429892	94.76923076923077	92.32995658465991	94.76923076923077	90.67669172932331	90.66666666666666	90.44684129429892
