Sample	Gene	Type	Expression	Threshold	Percent difference	Mean Accuracy	Minimum Accuracy	Maximum Accuracy	Sample 1 Accuracy	Sample 2 Accuracy	Sample 3 Accuracy	Sample 4 Accuracy	Sample 5 Accuracy
TH01_0120_S01	BTBD6P1	Up	0.464668267003	0.141808778048	69.48171671746967	87.37930125857869	81.28491620111731	95.08348794063079	81.28491620111731	90.33864541832669	95.08348794063079	86.27906976744187	83.91038696537679
