Sample	Gene	Type	Expression	Threshold	Percent difference	Mean Accuracy	Minimum Accuracy	Maximum Accuracy	Sample 1 Accuracy	Sample 2 Accuracy	Sample 3 Accuracy	Sample 4 Accuracy	Sample 5 Accuracy
TH01_0120_S01	VOPP1	Down	2.7355221773	2.88289403915	5.387339319451547	87.13515299089815	82.12927756653993	92.5	82.92682926829268	92.22222222222223	92.5	85.8974358974359	82.12927756653993
