Sample	Gene	Type	Expression	Threshold	Percent difference	Mean Accuracy	Minimum Accuracy	Maximum Accuracy	Sample 1 Accuracy	Sample 2 Accuracy	Sample 3 Accuracy	Sample 4 Accuracy	Sample 5 Accuracy
TH01_0120_S01	PPP1R13B	Down	0.422233000683	0.886245906353	109.89498805621949	98.97047282486379	98.51576994434137	99.44649446494465	98.55855855855856	99.21259842519686	99.44649446494465	99.11894273127754	98.51576994434137
