Sample	Gene	Type	Expression	Threshold	Percent difference	Mean Accuracy	Minimum Accuracy	Maximum Accuracy	Sample 1 Accuracy	Sample 2 Accuracy	Sample 3 Accuracy	Sample 4 Accuracy	Sample 5 Accuracy
TH01_0120_S01	SLC10A1	Up	0.895302621333	0.141808778048	84.16079941362582	90.21833518484797	86.54503990877993	96.17755856966707	87.22084367245657	93.41238471673255	96.17755856966707	87.73584905660378	86.54503990877993
