Sample	Gene	Type	Expression	Threshold	Percent difference	Mean Accuracy	Minimum Accuracy	Maximum Accuracy	Sample 1 Accuracy	Sample 2 Accuracy	Sample 3 Accuracy	Sample 4 Accuracy	Sample 5 Accuracy
TH01_0120_S01	RP11-52A20.2	Up	0.748461233004	0.175973325968	76.48865188892697	89.77593390447439	85.86088939566704	96.05425400739827	86.35235732009926	93.2806324110672	96.05425400739827	87.33153638814017	85.86088939566704
