Sample	Gene	Type	Expression	Threshold	Percent difference	Mean Accuracy	Minimum Accuracy	Maximum Accuracy	Sample 1 Accuracy	Sample 2 Accuracy	Sample 3 Accuracy	Sample 4 Accuracy	Sample 5 Accuracy
TH01_0120_S01	PDIA6	Down	5.05701696537	5.10674905777	0.983427438360621	95.40934886419781	92.90780141843972	98.87640449438202	92.90780141843972	98.87640449438202	97.953216374269	93.55932203389831	93.75
