Sample	Gene	Type	Expression	Threshold	Percent difference	Mean Accuracy	Minimum Accuracy	Maximum Accuracy	Sample 1 Accuracy	Sample 2 Accuracy	Sample 3 Accuracy	Sample 4 Accuracy	Sample 5 Accuracy
TH01_0120_S01	MARCH9	Down	1.29278174923	1.99834215641	54.57691583287296	99.90043590251635	99.74489795918367	100	99.75728155339806	99.74489795918367	100	100	100
