Sample	Gene	Type	Expression	Threshold	Percent difference	Mean Accuracy	Minimum Accuracy	Maximum Accuracy	Sample 1 Accuracy	Sample 2 Accuracy	Sample 3 Accuracy	Sample 4 Accuracy	Sample 5 Accuracy
TH01_0120_S01	C21orf62	Up	1.22032995488	0.605942666531	50.345997481428306	99.92395437262357	99.61977186311786	100	100	100	100	100	99.61977186311786
