Sample	Gene	Type	Expression	Threshold	Percent difference	Mean Accuracy	Minimum Accuracy	Maximum Accuracy	Sample 1 Accuracy	Sample 2 Accuracy	Sample 3 Accuracy	Sample 4 Accuracy	Sample 5 Accuracy
TH01_0120_S01	PTPRVP	Up	0.516015147004	0.366009682417	29.069973131202907	83.15682329102887	77.01863354037268	90.6947100063735	80.84016393442623	86.71541742839733	90.6947100063735	80.51519154557464	77.01863354037268
