Sample	Gene	Type	Expression	Threshold	Percent difference	Mean Accuracy	Minimum Accuracy	Maximum Accuracy	Sample 1 Accuracy	Sample 2 Accuracy	Sample 3 Accuracy	Sample 4 Accuracy	Sample 5 Accuracy
TH01_0120_S01	FAM156B	Down	0.454175893186	0.709455966949	56.20731474148375	86.87024806549495	81.29988597491447	95.43773119605426	82.75434243176178	91.43610013175231	95.43773119605426	83.42318059299191	81.29988597491447
