Sample	Gene	Type	Expression	Threshold	Percent difference	Mean Accuracy	Minimum Accuracy	Maximum Accuracy	Sample 1 Accuracy	Sample 2 Accuracy	Sample 3 Accuracy	Sample 4 Accuracy	Sample 5 Accuracy
TH01_0120_S01	RP11-227G15.12	Up	0.53605290024	0.154565423727	71.1660129703993	91.45715782882368	88.88888888888889	96.83377308707124	90.15151515151516	88.88888888888889	96.83377308707124	91.64179104477613	89.769820971867
