Sample	Gene	Type	Expression	Threshold	Percent difference	Mean Accuracy	Minimum Accuracy	Maximum Accuracy	Sample 1 Accuracy	Sample 2 Accuracy	Sample 3 Accuracy	Sample 4 Accuracy	Sample 5 Accuracy
TH01_0120_S01	RP11-867G2.4	Up	0.678071905113	0.441114872694	34.945708653053735	68.09935578894522	57.479508196721305	83.56012218828104	58.37378640776699	76.80412371134021	83.56012218828104	64.27923844061651	57.479508196721305
