Sample	Gene	Type	Expression	Threshold	Percent difference	Mean Accuracy	Minimum Accuracy	Maximum Accuracy	Sample 1 Accuracy	Sample 2 Accuracy	Sample 3 Accuracy	Sample 4 Accuracy	Sample 5 Accuracy
TH01_0120_S01	RP11-452L6.5	Up	3.64500988439	3.46924567223	4.822050357468766	99.6523665769974	99.1564740615774	99.95625546806649	99.8949027850762	99.83029274501484	99.95625546806649	99.42390782525204	99.1564740615774
