Sample	Gene	Type	Expression	Threshold	Percent difference	Mean Accuracy	Minimum Accuracy	Maximum Accuracy	Sample 1 Accuracy	Sample 2 Accuracy	Sample 3 Accuracy	Sample 4 Accuracy	Sample 5 Accuracy
TH03_0285_S01	ELANE	Up	1.31614574229	0.687809228897	47.74064856219792	99.76536223069851	99.39024390243902	100	99.67637540453075	99.39024390243902	100	99.76019184652279	100
