Sample	Gene	Type	Expression	Threshold	Percent difference	Mean Accuracy	Minimum Accuracy	Maximum Accuracy	Sample 1 Accuracy	Sample 2 Accuracy	Sample 3 Accuracy	Sample 4 Accuracy	Sample 5 Accuracy
TH03_0285_S01	RNF166	Up	6.83238371655	5.81736803055	14.855952594426741	99.95833333333333	99.79166666666667	100	100	100	99.79166666666667	100	100
