Sample	Gene	Type	Expression	Threshold	Percent difference	Mean Accuracy	Minimum Accuracy	Maximum Accuracy	Sample 1 Accuracy	Sample 2 Accuracy	Sample 3 Accuracy	Sample 4 Accuracy	Sample 5 Accuracy
TH03_0285_S01	WDR11	Up	5.90134963765	5.83981323242	1.0427513875369143	97.16561782331863	94.20289855072464	100	97.02380952380952	98.30508474576271	100	96.29629629629629	94.20289855072464
