Sample	Gene	Type	Expression	Threshold	Percent difference	Mean Accuracy	Minimum Accuracy	Maximum Accuracy	Sample 1 Accuracy	Sample 2 Accuracy	Sample 3 Accuracy	Sample 4 Accuracy	Sample 5 Accuracy
TH03_0285_S01	RP11-960L18.1	Up	2.22958792274	1.15440094471	48.223573830121666	99.80601263720257	99.59349593495935	100	99.67637540453075	99.59349593495935	100	99.76019184652279	100
