Sample	Gene	Type	Expression	Threshold	Percent difference	Mean Accuracy	Minimum Accuracy	Maximum Accuracy	Sample 1 Accuracy	Sample 2 Accuracy	Sample 3 Accuracy	Sample 4 Accuracy	Sample 5 Accuracy
TH03_0285_S01	LACTB	Up	5.54287709935	5.4889216423	0.9734196895025338	92.43287860168635	88.55721393034825	97.97687861271676	88.55721393034825	97.97687861271676	95.64220183486239	89.05325443786982	90.93484419263456
