Sample	Gene	Type	Expression	Threshold	Percent difference	Mean Accuracy	Minimum Accuracy	Maximum Accuracy	Sample 1 Accuracy	Sample 2 Accuracy	Sample 3 Accuracy	Sample 4 Accuracy	Sample 5 Accuracy
TH03_0285_S01	ADORA2A-AS1	Up	0.978195629682	0.798197925091	18.400992514096103	62.70571083209505	56.548536209553156	70.15384615384616	59.189580318379164	70.15384615384616	67.96992481203009	59.66666666666667	56.548536209553156
