Sample	Gene	Type	Expression	Threshold	Percent difference	Mean Accuracy	Minimum Accuracy	Maximum Accuracy	Sample 1 Accuracy	Sample 2 Accuracy	Sample 3 Accuracy	Sample 4 Accuracy	Sample 5 Accuracy
TH03_0285_S01	YES1	Down	0.731183241572	1.47521984577	101.75788528719096	99.59037365241082	99.12909836065575	100	99.12909836065575	100	100	99.66974900924703	99.15302089215132
