Sample	Gene	Type	Expression	Threshold	Percent difference	Mean Accuracy	Minimum Accuracy	Maximum Accuracy	Sample 1 Accuracy	Sample 2 Accuracy	Sample 3 Accuracy	Sample 4 Accuracy	Sample 5 Accuracy
TH03_0285_S01	FOLR2	Up	7.94982671076	7.93790435791	0.1499699714694828	63.90563752496374	50.43478260869565	82	57.66423357664233	82	76.85185185185185	50.43478260869565	52.57731958762887
