Sample	Gene	Type	Expression	Threshold	Percent difference	Mean Accuracy	Minimum Accuracy	Maximum Accuracy	Sample 1 Accuracy	Sample 2 Accuracy	Sample 3 Accuracy	Sample 4 Accuracy	Sample 5 Accuracy
TH03_0285_S01	RP11-61L14.6	Up	0.443606651476	0.277918636799	37.35020972424803	64.72743937138713	49.62779156327544	81.33333333333333	49.62779156327544	71.91780821917808	81.33333333333333	62.8361858190709	57.92207792207792
