Sample	Gene	Type	Expression	Threshold	Percent difference	Mean Accuracy	Minimum Accuracy	Maximum Accuracy	Sample 1 Accuracy	Sample 2 Accuracy	Sample 3 Accuracy	Sample 4 Accuracy	Sample 5 Accuracy
TH03_0285_S01	RP11-124N14.3	Up	3.32337006906	2.9074678421	12.51447230725154	99.83805668016194	99.19028340080972	100	99.19028340080972	100	100	100	100
