Sample	Gene	Type	Expression	Threshold	Percent difference	Mean Accuracy	Minimum Accuracy	Maximum Accuracy	Sample 1 Accuracy	Sample 2 Accuracy	Sample 3 Accuracy	Sample 4 Accuracy	Sample 5 Accuracy
TH03_0285_S01	HCST	Up	8.29466669386	8.23625183105	0.7042460531083305	97.76183818421457	95.65217391304348	98.9795918367347	95.65217391304348	98.9795918367347	97.87234042553192	98	98.30508474576271
