Sample	Gene	Type	Expression	Threshold	Percent difference	Mean Accuracy	Minimum Accuracy	Maximum Accuracy	Sample 1 Accuracy	Sample 2 Accuracy	Sample 3 Accuracy	Sample 4 Accuracy	Sample 5 Accuracy
TH03_0285_S01	URGCP	Down	2.32192809489	2.45925307274	5.914264879787579	88.81181855126954	83.97212543554006	93.92857142857143	83.97212543554006	93.33333333333333	93.92857142857143	88.03418803418803	84.79087452471484
