Sample	Gene	Type	Expression	Threshold	Percent difference	Mean Accuracy	Minimum Accuracy	Maximum Accuracy	Sample 1 Accuracy	Sample 2 Accuracy	Sample 3 Accuracy	Sample 4 Accuracy	Sample 5 Accuracy
TH03_0285_S01	PPM1F	Up	5.72137265948	5.63699579239	1.4747661463756017	99.1828807390834	98.27784156142366	100	99.19678714859438	100	99.77037887485649	98.66939611054248	98.27784156142366
