Sample	Gene	Type	Expression	Threshold	Percent difference	Mean Accuracy	Minimum Accuracy	Maximum Accuracy	Sample 1 Accuracy	Sample 2 Accuracy	Sample 3 Accuracy	Sample 4 Accuracy	Sample 5 Accuracy
TH03_0285_S01	A2M	Down	0.855989697308	2.6406288147	208.48838753603079	99.95605225545185	99.84631147540983	100	99.84631147540983	100	100	99.93394980184941	100
