Sample	Gene	Type	Expression	Threshold	Percent difference	Mean Accuracy	Minimum Accuracy	Maximum Accuracy	Sample 1 Accuracy	Sample 2 Accuracy	Sample 3 Accuracy	Sample 4 Accuracy	Sample 5 Accuracy
TH03_0285_S01	LRRC63	Up	0.678071905113	0.614835441113	9.325923036062326	42.480662526336744	32.953249714937286	53.144266337854496	38.21339950372209	49.143610013175234	53.144266337854496	38.94878706199461	32.953249714937286
