Sample	Gene	Type	Expression	Threshold	Percent difference	Mean Accuracy	Minimum Accuracy	Maximum Accuracy	Sample 1 Accuracy	Sample 2 Accuracy	Sample 3 Accuracy	Sample 4 Accuracy	Sample 5 Accuracy
TH03_0117_S01	C5orf64	Up	0.263034405834	0.210507676005	19.969528192501713	68.54298699623402	61.125319693094625	77.83641160949868	63.13131313131313	71.66666666666667	77.83641160949868	68.95522388059702	61.125319693094625
