Sample	Gene	Type	Expression	Threshold	Percent difference	Mean Accuracy	Minimum Accuracy	Maximum Accuracy	Sample 1 Accuracy	Sample 2 Accuracy	Sample 3 Accuracy	Sample 4 Accuracy	Sample 5 Accuracy
TH03_0117_S01	SLC13A5	Up	2.21723071622	1.09285521507	50.7108030267084	99.90043590251635	99.74489795918367	100	99.75728155339806	99.74489795918367	100	100	100
