Sample	Gene	Type	Expression	Threshold	Percent difference	Mean Accuracy	Minimum Accuracy	Maximum Accuracy	Sample 1 Accuracy	Sample 2 Accuracy	Sample 3 Accuracy	Sample 4 Accuracy	Sample 5 Accuracy
TH03_0117_S01	RP5-1119A7.17	Up	0.20163386117	0.0358882322907	82.20128698500586	90.12108848039931	86.43101482326112	96.17755856966707	86.848635235732	93.41238471673255	96.17755856966707	87.73584905660378	86.43101482326112
