Sample	Gene	Type	Expression	Threshold	Percent difference	Mean Accuracy	Minimum Accuracy	Maximum Accuracy	Sample 1 Accuracy	Sample 2 Accuracy	Sample 3 Accuracy	Sample 4 Accuracy	Sample 5 Accuracy
TH03_0117_S01	RP11-809C18.3	Up	0.604071323669	0.277918636799	53.99241349333028	84.09859190495044	77.92207792207793	93.58108108108108	77.92207792207793	86.86868686868688	93.58108108108108	84.04907975460122	78.07203389830508
