Sample	Gene	Type	Expression	Threshold	Percent difference	Mean Accuracy	Minimum Accuracy	Maximum Accuracy	Sample 1 Accuracy	Sample 2 Accuracy	Sample 3 Accuracy	Sample 4 Accuracy	Sample 5 Accuracy
TH03_0117_S01	GNG8	Up	2.017921908	1.67276573181	17.10453585055185	66.10647079349893	54.81481481481482	78.72340425531915	55.68181818181818	78.72340425531915	78.4090909090909	62.903225806451616	54.81481481481482
