Sample	Gene	Type	Expression	Threshold	Percent difference	Mean Accuracy	Minimum Accuracy	Maximum Accuracy	Sample 1 Accuracy	Sample 2 Accuracy	Sample 3 Accuracy	Sample 4 Accuracy	Sample 5 Accuracy
TH03_0117_S01	PNMA5	Up	0.344828496997	0.222623795271	35.439269895104744	72.44267941475009	62.71111111111111	86.19126133553175	62.71111111111111	79.75914775358962	86.19126133553175	69.61290322580645	63.938973647711514
