Sample	Gene	Type	Expression	Threshold	Percent difference	Mean Accuracy	Minimum Accuracy	Maximum Accuracy	Sample 1 Accuracy	Sample 2 Accuracy	Sample 3 Accuracy	Sample 4 Accuracy	Sample 5 Accuracy
TH03_0117_S01	FAM177B	Up	2.31903981556	1.37757611275	40.59713405923805	99.90323297801388	99.75369458128078	100	100	99.7624703087886	100	100	99.75369458128078
