Sample	Gene	Type	Expression	Threshold	Percent difference	Mean Accuracy	Minimum Accuracy	Maximum Accuracy	Sample 1 Accuracy	Sample 2 Accuracy	Sample 3 Accuracy	Sample 4 Accuracy	Sample 5 Accuracy
TH03_0117_S01	MYBPC2	Up	1.98185265329	1.14966714382	41.99028157257402	99.83848428715349	99.57264957264957	100	100	100	100	99.57264957264957	99.61977186311786
