Sample	Gene	Type	Expression	Threshold	Percent difference	Mean Accuracy	Minimum Accuracy	Maximum Accuracy	Sample 1 Accuracy	Sample 2 Accuracy	Sample 3 Accuracy	Sample 4 Accuracy	Sample 5 Accuracy
TH03_0117_S01	HAS2-AS1	Up	3.26303440583	2.98601651192	8.489579313508237	99.42190081745794	98.38056680161942	100	98.38056680161942	99.52606635071089	100	99.59349593495935	99.609375
