Sample	Gene	Type	Expression	Threshold	Percent difference	Mean Accuracy	Minimum Accuracy	Maximum Accuracy	Sample 1 Accuracy	Sample 2 Accuracy	Sample 3 Accuracy	Sample 4 Accuracy	Sample 5 Accuracy
TH03_0117_S01	G6PC	Up	0.238786859587	0.106610842049	55.35313700536473	93.54900427233135	90.231507622811975	97.06819630337795	92.41803278688525	94.6983546617916	97.06819630337795	93.32892998678997	90.231507622811975
