Sample	Gene	Type	Expression	Threshold	Percent difference	Mean Accuracy	Minimum Accuracy	Maximum Accuracy	Sample 1 Accuracy	Sample 2 Accuracy	Sample 3 Accuracy	Sample 4 Accuracy	Sample 5 Accuracy
TH03_0117_S01	CYP19A1	Up	1.59454854955	1.16373336315	27.018003717828538	99.3796831080826	98.0295566502463	100	99.77375565610859	99.2874109263658	99.8076923076923	100	98.0295566502463
