Sample	Gene	Type	Expression	Threshold	Percent difference	Mean Accuracy	Minimum Accuracy	Maximum Accuracy	Sample 1 Accuracy	Sample 2 Accuracy	Sample 3 Accuracy	Sample 4 Accuracy	Sample 5 Accuracy
TH03_0117_S01	ZFHX4-AS1	Up	1.62293035092	1.29032027721	20.494414533652126	98.9080840646016	97.9020979020979	99.79959919839679	98.38709677419355	99.49874686716792	99.79959919839679	98.95287958115183	97.9020979020979
