Sample	Gene	Type	Expression	Threshold	Percent difference	Mean Accuracy	Minimum Accuracy	Maximum Accuracy	Sample 1 Accuracy	Sample 2 Accuracy	Sample 3 Accuracy	Sample 4 Accuracy	Sample 5 Accuracy
TH03_0117_S01	RP11-438J1.1	Up	2.59454854955	2.24900770187	13.317956518482976	98.56496858568809	97.7124183006536	99.70930232558139	98.46625766871165	98.80952380952381	99.70930232558139	98.12734082397003	97.7124183006536
