Sample	Gene	Type	Expression	Threshold	Percent difference	Mean Accuracy	Minimum Accuracy	Maximum Accuracy	Sample 1 Accuracy	Sample 2 Accuracy	Sample 3 Accuracy	Sample 4 Accuracy	Sample 5 Accuracy
TH03_0117_S01	SFXN5	Up	5.25134038279	5.23958492279	0.2238563708139261	54.36049687199556	43.28358208955223	63.17460317460317	51.80722891566265	63.17460317460317	60.61997703788749	52.917093142272265	43.28358208955223
