Sample	Gene	Type	Expression	Threshold	Percent difference	Mean Accuracy	Minimum Accuracy	Maximum Accuracy	Sample 1 Accuracy	Sample 2 Accuracy	Sample 3 Accuracy	Sample 4 Accuracy	Sample 5 Accuracy
TH03_0117_S01	ECSCR	Up	5.39386233998	5.26706600189	2.3507522086755794	99.82125088841507	99.40476190476191	100	100	100	100	99.70149253731343	99.40476190476191
