Sample	Gene	Type	Expression	Threshold	Percent difference	Mean Accuracy	Minimum Accuracy	Maximum Accuracy	Sample 1 Accuracy	Sample 2 Accuracy	Sample 3 Accuracy	Sample 4 Accuracy	Sample 5 Accuracy
TH03_0117_S01	RP11-989E6.13	Up	1.10433665981	0.889115095139	19.48876393436297	99.58850647280306	99.08883826879271	100	99.54337899543378	99.54954954954955	100	99.76076555023924	99.08883826879271
