Sample	Gene	Type	Expression	Threshold	Percent difference	Mean Accuracy	Minimum Accuracy	Maximum Accuracy	Sample 1 Accuracy	Sample 2 Accuracy	Sample 3 Accuracy	Sample 4 Accuracy	Sample 5 Accuracy
TH03_0117_S01	SLC25A18	Up	2.28392177231	2.0508787632	10.203633589179189	96.44653615137372	94.1340782122905	99.25558312655087	96.59685863874346	96.97802197802197	99.25558312655087	95.26813880126183	94.1340782122905
