Sample	Gene	Type	Expression	Threshold	Percent difference	Mean Accuracy	Minimum Accuracy	Maximum Accuracy	Sample 1 Accuracy	Sample 2 Accuracy	Sample 3 Accuracy	Sample 4 Accuracy	Sample 5 Accuracy
TH03_0117_S01	HCFC1-AS1	Up	0.69599381311	0.535611569881	23.04363059095929	60.03642185125335	48.11893203883495	78.5615106914746	48.11893203883495	67.13917525773195	78.5615106914746	57.79691749773346	48.5655737704918
