Sample	Gene	Type	Expression	Threshold	Percent difference	Mean Accuracy	Minimum Accuracy	Maximum Accuracy	Sample 1 Accuracy	Sample 2 Accuracy	Sample 3 Accuracy	Sample 4 Accuracy	Sample 5 Accuracy
TH03_0117_S01	NAALAD2	Up	1.9107326619	1.67635130882	12.266569664797338	98.87309045897027	97.9964643488509	99.57310565635005	98.82139619220308	99.30875576036865	99.57310565635005	98.66573033707866	97.9964643488509
