Sample	Gene	Type	Expression	Threshold	Percent difference	Mean Accuracy	Minimum Accuracy	Maximum Accuracy	Sample 1 Accuracy	Sample 2 Accuracy	Sample 3 Accuracy	Sample 4 Accuracy	Sample 5 Accuracy
TH03_0117_S01	TCAF2P1	Up	0.83995958749	0.798197925091	4.971865673180047	37.16639027927989	29.87012987012987	45.47244094488189	31.53153153153153	45.47244094488189	41.51291512915129	37.44493392070485	29.87012987012987
