Sample	Gene	Type	Expression	Threshold	Percent difference	Mean Accuracy	Minimum Accuracy	Maximum Accuracy	Sample 1 Accuracy	Sample 2 Accuracy	Sample 3 Accuracy	Sample 4 Accuracy	Sample 5 Accuracy
TH03_0117_S01	NMT1	Up	7.33037912758	7.24687290192	1.139180173448519	99.52238059514879	98.38709677419355	100	100	100	98.38709677419355	99.2248062015504	100
