Sample	Gene	Type	Expression	Threshold	Percent difference	Mean Accuracy	Minimum Accuracy	Maximum Accuracy	Sample 1 Accuracy	Sample 2 Accuracy	Sample 3 Accuracy	Sample 4 Accuracy	Sample 5 Accuracy
TH03_0117_S01	RP11-124N2.1	Up	1.72246602447	1.68803334236	1.9990340372951585	20.321637976081327	14.209115281501342	26.25968992248062	14.209115281501342	26.08	26.25968992248062	17.40139211136891	17.657992565055764
