Sample	Gene	Type	Expression	Threshold	Percent difference	Mean Accuracy	Minimum Accuracy	Maximum Accuracy	Sample 1 Accuracy	Sample 2 Accuracy	Sample 3 Accuracy	Sample 4 Accuracy	Sample 5 Accuracy
TH03_0117_S01	SLC2A2	Up	0.163498732283	0.071774750948	56.100729378277336	89.83188181550932	87.62626262626263	94.9868073878628	87.62626262626263	87.77777777777777	94.9868073878628	91.04477611940298	87.7237851662404
