Sample	Gene	Type	Expression	Threshold	Percent difference	Mean Accuracy	Minimum Accuracy	Maximum Accuracy	Sample 1 Accuracy	Sample 2 Accuracy	Sample 3 Accuracy	Sample 4 Accuracy	Sample 5 Accuracy
TH03_0117_S01	COCH	Up	6.2815128018	6.00500154495	4.40198508822213	99.82426719770814	99.42528735632183	100	99.42528735632183	100	100	100	99.69604863221885
