Sample	Gene	Type	Expression	Threshold	Percent difference	Mean Accuracy	Minimum Accuracy	Maximum Accuracy	Sample 1 Accuracy	Sample 2 Accuracy	Sample 3 Accuracy	Sample 4 Accuracy	Sample 5 Accuracy
TH03_0117_S01	CHRM5	Up	0.344828496997	0.301015585661	12.705710727956799	42.27239103357283	33.810888252149	51.09204368174727	33.810888252149	51.09204368174727	48.875255623721884	41.1386593204775	36.445108289768484
