Sample	Gene	Type	Expression	Threshold	Percent difference	Mean Accuracy	Minimum Accuracy	Maximum Accuracy	Sample 1 Accuracy	Sample 2 Accuracy	Sample 3 Accuracy	Sample 4 Accuracy	Sample 5 Accuracy
TH03_0117_S01	LINC01114	Up	0.855989697308	0.210507676005	75.40768578558537	89.74897972657682	85.86088939566704	96.05425400739827	86.35235732009926	93.2806324110672	96.05425400739827	87.1967654986523	85.86088939566704
