Sample	Gene	Type	Expression	Threshold	Percent difference	Mean Accuracy	Minimum Accuracy	Maximum Accuracy	Sample 1 Accuracy	Sample 2 Accuracy	Sample 3 Accuracy	Sample 4 Accuracy	Sample 5 Accuracy
TH03_0117_S01	PCDHGA12	Up	3.08746284125	2.75902986526	10.637633321508392	99.98196320436998	99.951992318771	100	100	100	100	99.951992318771	99.95782370307887
