Sample	Gene	Type	Expression	Threshold	Percent difference	Mean Accuracy	Minimum Accuracy	Maximum Accuracy	Sample 1 Accuracy	Sample 2 Accuracy	Sample 3 Accuracy	Sample 4 Accuracy	Sample 5 Accuracy
TH03_0117_S01	CTD-2337I7.1	Up	0.250961573533	0.244370207191	2.626444458889759	20.16405513076291	16.294227188081937	25.298804780876495	16.294227188081937	25.298804780876495	18.367346938775512	21.511627906976745	19.34826883910387
