Sample	Gene	Type	Expression	Threshold	Percent difference	Mean Accuracy	Minimum Accuracy	Maximum Accuracy	Sample 1 Accuracy	Sample 2 Accuracy	Sample 3 Accuracy	Sample 4 Accuracy	Sample 5 Accuracy
TH03_0038_S01	LPAL2	Up	1.39506279952	1.30400574207	6.5270937968763905	77.34348382464519	70.93596059113301	85.74821852731591	71.71945701357465	85.74821852731591	85	73.31378299120234	70.93596059113301
