Sample	Gene	Type	Expression	Threshold	Percent difference	Mean Accuracy	Minimum Accuracy	Maximum Accuracy	Sample 1 Accuracy	Sample 2 Accuracy	Sample 3 Accuracy	Sample 4 Accuracy	Sample 5 Accuracy
TH03_0038_S01	MATK	Up	4.70487196446	4.70295858383	0.04066807012928311	3.356333417265494	2.1881838074398248	3.792415169660679	3.792415169660679	3.792415169660679	3.525046382189239	2.1881838074398248	3.483606557377049
