Sample	Gene	Type	Expression	Threshold	Percent difference	Mean Accuracy	Minimum Accuracy	Maximum Accuracy	Sample 1 Accuracy	Sample 2 Accuracy	Sample 3 Accuracy	Sample 4 Accuracy	Sample 5 Accuracy
TH03_0038_S01	LINC00488	Up	0.0840642647885	0.071774750948	14.61918910659552	61.4102706286293	52.69016697588126	69.68503937007874	53.153153153153156	69.68503937007874	69.18819188191881	62.33480176211453	52.69016697588126
