Sample	Gene	Type	Expression	Threshold	Percent difference	Mean Accuracy	Minimum Accuracy	Maximum Accuracy	Sample 1 Accuracy	Sample 2 Accuracy	Sample 3 Accuracy	Sample 4 Accuracy	Sample 5 Accuracy
TH03_0038_S01	KRT17P7	Up	0.0703893278914	0.0358882322907	49.01466832291669	84.44357807558886	81.51001540832048	88	82.05499276411	88	87.81954887218045	82.83333333333334	81.51001540832048
