Sample	Gene	Type	Expression	Threshold	Percent difference	Mean Accuracy	Minimum Accuracy	Maximum Accuracy	Sample 1 Accuracy	Sample 2 Accuracy	Sample 3 Accuracy	Sample 4 Accuracy	Sample 5 Accuracy
TH03_0038_S01	MAGEC2	Up	0.310340120612	0.071774750948	76.87222947311548	89.82540871270979	85.86088939566704	96.17755856966707	86.47642679900744	93.2806324110672	96.17755856966707	87.33153638814017	85.86088939566704
