Sample	Gene	Type	Expression	Threshold	Percent difference	Mean Accuracy	Minimum Accuracy	Maximum Accuracy	Sample 1 Accuracy	Sample 2 Accuracy	Sample 3 Accuracy	Sample 4 Accuracy	Sample 5 Accuracy
TH03_0038_S01	RP3-510O8.4	Up	0.464668267003	0.176311850548	62.056403876001774	83.25530932400649	77.11511789181692	92.74525968672712	77.55555555555556	87.95738767948123	92.74525968672712	80.90322580645162	77.11511789181692
