Sample	Gene	Type	Expression	Threshold	Percent difference	Mean Accuracy	Minimum Accuracy	Maximum Accuracy	Sample 1 Accuracy	Sample 2 Accuracy	Sample 3 Accuracy	Sample 4 Accuracy	Sample 5 Accuracy
TH03_0038_S01	AC073869.20	Up	0.356143810225	0.279904395342	21.406918411647936	64.86323989259272	54.846066134549595	78.54500616522812	58.188585607940446	71.14624505928853	78.54500616522812	61.59029649595688	54.846066134549595
