Sample	Gene	Type	Expression	Threshold	Percent difference	Mean Accuracy	Minimum Accuracy	Maximum Accuracy	Sample 1 Accuracy	Sample 2 Accuracy	Sample 3 Accuracy	Sample 4 Accuracy	Sample 5 Accuracy
TH03_0038_S01	CCT5P1	Up	0.17632277264	0.106960088015	39.33847204559249	78.27558462115323	70.23809523809523	90.65315315315316	70.23809523809523	82.26711560044893	90.65315315315316	77.66871165644172	70.55084745762711
