Sample	Gene	Type	Expression	Threshold	Percent difference	Mean Accuracy	Minimum Accuracy	Maximum Accuracy	Sample 1 Accuracy	Sample 2 Accuracy	Sample 3 Accuracy	Sample 4 Accuracy	Sample 5 Accuracy
TH03_0038_S01	HS3ST3A1	Up	3.41548827105	3.2665514946	4.3606291291468455	99.12518136171566	98.65384615384616	99.82486865148861	98.65384615384616	99.79879275653923	99.82486865148861	98.66666666666667	98.68173258003766
