Sample	Gene	Type	Expression	Threshold	Percent difference	Mean Accuracy	Minimum Accuracy	Maximum Accuracy	Sample 1 Accuracy	Sample 2 Accuracy	Sample 3 Accuracy	Sample 4 Accuracy	Sample 5 Accuracy
TH03_0038_S01	RP11-932O9.10	Up	1.92979099772	1.66678512096	13.62872337319093	92.01519918841961	88.6	96.91211401425178	89.64401294498381	94.51219512195121	96.91211401425178	90.40767386091127	88.6
