Sample	Gene	Type	Expression	Threshold	Percent difference	Mean Accuracy	Minimum Accuracy	Maximum Accuracy	Sample 1 Accuracy	Sample 2 Accuracy	Sample 3 Accuracy	Sample 4 Accuracy	Sample 5 Accuracy
TH03_0038_S01	NKILA	Up	3.29572302454	3.19422364235	3.0797303485224417	97.05699846338227	94.82288828337875	99.0909090909091	97.73242630385488	98.26839826839827	99.0909090909091	94.82288828337875	95.37037037037037
