Sample	Gene	Type	Expression	Threshold	Percent difference	Mean Accuracy	Minimum Accuracy	Maximum Accuracy	Sample 1 Accuracy	Sample 2 Accuracy	Sample 3 Accuracy	Sample 4 Accuracy	Sample 5 Accuracy
TH03_0038_S01	NPB	Up	2.91647664444	1.30470132828	55.26446848915126	99.88633672744494	99.59349593495935	100	99.83818770226537	99.59349593495935	100	100	100
