Sample	Gene	Type	Expression	Threshold	Percent difference	Mean Accuracy	Minimum Accuracy	Maximum Accuracy	Sample 1 Accuracy	Sample 2 Accuracy	Sample 3 Accuracy	Sample 4 Accuracy	Sample 5 Accuracy
TH03_0038_S01	ONECUT1	Up	0.378511623254	0.344080448151	9.096464411581625	38.749167651424074	28.389830508474578	52.02702702702703	31.926406926406926	46.801346801346796	52.02702702702703	34.60122699386503	28.389830508474578
