Sample	Gene	Type	Expression	Threshold	Percent difference	Mean Accuracy	Minimum Accuracy	Maximum Accuracy	Sample 1 Accuracy	Sample 2 Accuracy	Sample 3 Accuracy	Sample 4 Accuracy	Sample 5 Accuracy
TH03_0038_S01	RP11-374P20.4	Up	0.378511623254	0.366009682417	3.302921249689232	26.591495061620197	19.27023945267959	34.77188655980271	23.200992555831267	32.93807641633729	34.77188655980271	22.776280323450134	19.27023945267959
