Sample	Gene	Type	Expression	Threshold	Percent difference	Mean Accuracy	Minimum Accuracy	Maximum Accuracy	Sample 1 Accuracy	Sample 2 Accuracy	Sample 3 Accuracy	Sample 4 Accuracy	Sample 5 Accuracy
TH03_0038_S01	MRPS5	Up	6.71190783277	6.62504720688	1.294127214708082	97.5268141712207	96.69421487603306	98.91891891891892	96.9047619047619	98.91891891891892	98.33333333333333	96.69421487603306	96.7828418230563
