Sample	Gene	Type	Expression	Threshold	Percent difference	Mean Accuracy	Minimum Accuracy	Maximum Accuracy	Sample 1 Accuracy	Sample 2 Accuracy	Sample 3 Accuracy	Sample 4 Accuracy	Sample 5 Accuracy
TH03_0038_S01	ANKRD20A10P	Up	0.555816155062	0.106960088015	80.75621101674008	88.65739228703517	83.33333333333334	95.54730983302412	83.33333333333334	90.5378486055777	95.54730983302412	88.0232558139535	85.84521384928718
