Sample	Gene	Type	Expression	Threshold	Percent difference	Mean Accuracy	Minimum Accuracy	Maximum Accuracy	Sample 1 Accuracy	Sample 2 Accuracy	Sample 3 Accuracy	Sample 4 Accuracy	Sample 5 Accuracy
TH03_0038_S01	AC096559.1	Up	1.67355642399	0.6579002738	60.68849162363639	99.70754227740885	99.25650557620817	100	99.73190348525469	99.83999999999999	99.70930232558139	100	99.25650557620817
