Sample	Gene	Type	Expression	Threshold	Percent difference	Mean Accuracy	Minimum Accuracy	Maximum Accuracy	Sample 1 Accuracy	Sample 2 Accuracy	Sample 3 Accuracy	Sample 4 Accuracy	Sample 5 Accuracy
TH03_0038_S01	DND1	Up	1.03562390973	0.691053390503	33.27178099980656	99.9071080650028	99.76076555023924	100	100	99.77477477477478	100	99.76076555023924	100
