Sample	Gene	Type	Expression	Threshold	Percent difference	Mean Accuracy	Minimum Accuracy	Maximum Accuracy	Sample 1 Accuracy	Sample 2 Accuracy	Sample 3 Accuracy	Sample 4 Accuracy	Sample 5 Accuracy
TH03_0038_S01	RP11-80P20.3	Up	0.704871964456	0.632404923439	10.280880028038561	59.4338408346316	50.988142292490124	69.40726577437859	55.68647540983606	65.93540524070688	69.40726577437859	55.15191545574637	50.988142292490124
