Sample	Gene	Type	Expression	Threshold	Percent difference	Mean Accuracy	Minimum Accuracy	Maximum Accuracy	Sample 1 Accuracy	Sample 2 Accuracy	Sample 3 Accuracy	Sample 4 Accuracy	Sample 5 Accuracy
TH03_0038_S01	RP11-835E18.4	Up	1.58014548442	1.48649287224	5.9268347822020795	66.54191460924201	57.99999999999999	77.19714964370546	63.43042071197411	73.17073170731707	77.19714964370546	60.91127098321343	57.99999999999999
