Sample	Gene	Type	Expression	Threshold	Percent difference	Mean Accuracy	Minimum Accuracy	Maximum Accuracy	Sample 1 Accuracy	Sample 2 Accuracy	Sample 3 Accuracy	Sample 4 Accuracy	Sample 5 Accuracy
TH03_0038_S01	EPYC	Up	1.37851162325	1.29032027721	6.3975772530723285	84.19849312531085	76.9406392694064	91.3135593220339	76.9406392694064	88.28828828828829	91.3135593220339	85.4066985645933	79.04328018223235
