Sample	Gene	Type	Expression	Threshold	Percent difference	Mean Accuracy	Minimum Accuracy	Maximum Accuracy	Sample 1 Accuracy	Sample 2 Accuracy	Sample 3 Accuracy	Sample 4 Accuracy	Sample 5 Accuracy
TH03_0038_S01	SLC26A7	Up	1.18903382439	0.889115095139	25.2237340182366	99.9069004972677	99.82321744254567	100	99.909338168631	99.94239631336406	100	99.85955056179775	99.82321744254567
