Sample	Gene	Type	Expression	Threshold	Percent difference	Mean Accuracy	Minimum Accuracy	Maximum Accuracy	Sample 1 Accuracy	Sample 2 Accuracy	Sample 3 Accuracy	Sample 4 Accuracy	Sample 5 Accuracy
TH03_0038_S01	XXbac-B562F10.11	Up	1.89917563048	1.47864305973	22.142900530148133	99.77073881904451	99.54337899543378	100	99.54337899543378	99.54954954954955	100	99.76076555023924	100
