Sample	Gene	Type	Expression	Threshold	Percent difference	Mean Accuracy	Minimum Accuracy	Maximum Accuracy	Sample 1 Accuracy	Sample 2 Accuracy	Sample 3 Accuracy	Sample 4 Accuracy	Sample 5 Accuracy
TH03_0038_S01	CTNNA2	Up	1.80322703643	1.72967720032	4.078789560277045	86.14975134844664	78.07896287566294	91.93548387096774	85.49410698096102	91.93548387096774	91.46211312700106	83.77808988764045	78.07896287566294
