Sample	Gene	Type	Expression	Threshold	Percent difference	Mean Accuracy	Minimum Accuracy	Maximum Accuracy	Sample 1 Accuracy	Sample 2 Accuracy	Sample 3 Accuracy	Sample 4 Accuracy	Sample 5 Accuracy
TH03_0038_S01	ZNF548	Up	4.92552476975	4.78308296204	2.89191130627955	97.1938994650747	96.1456102783726	98.26254826254826	96.80170575692964	98.2	98.26254826254826	96.55963302752293	96.1456102783726
