Sample	Gene	Type	Expression	Threshold	Percent difference	Mean Accuracy	Minimum Accuracy	Maximum Accuracy	Sample 1 Accuracy	Sample 2 Accuracy	Sample 3 Accuracy	Sample 4 Accuracy	Sample 5 Accuracy
TH03_0038_S01	RP11-297C4.3	Up	1.11769504267	0.717490196228	35.806264782741884	98.87260440887242	98.25737265415549	99.52	98.25737265415549	99.52	99.4186046511628	98.83990719257541	98.3271375464684
