Sample	Gene	Type	Expression	Threshold	Percent difference	Mean Accuracy	Minimum Accuracy	Maximum Accuracy	Sample 1 Accuracy	Sample 2 Accuracy	Sample 3 Accuracy	Sample 4 Accuracy	Sample 5 Accuracy
TH03_0038_S01	PIN4	Up	6.15663931069	6.10254812241	0.8785830312664186	90.55643570629687	84.22619047619048	97.1576227390181	85.83333333333333	95.71428571428572	97.1576227390181	89.8507462686567	84.22619047619048
