Sample	Gene	Type	Expression	Threshold	Percent difference	Mean Accuracy	Minimum Accuracy	Maximum Accuracy	Sample 1 Accuracy	Sample 2 Accuracy	Sample 3 Accuracy	Sample 4 Accuracy	Sample 5 Accuracy
TH03_0038_S01	DGCR8	Up	5.44757919655	5.42551326752	0.40505935267492216	77.06467584652752	65.90126291618829	85.07936507936508	76.10441767068274	85.07936507936508	83.00803673938002	75.23029682702149	65.90126291618829
