Sample	Gene	Type	Expression	Threshold	Percent difference	Mean Accuracy	Minimum Accuracy	Maximum Accuracy	Sample 1 Accuracy	Sample 2 Accuracy	Sample 3 Accuracy	Sample 4 Accuracy	Sample 5 Accuracy
TH03_0038_S01	RP11-332K15.1	Up	0.18903382439	0.141808778048	24.98232604370789	62.65612779555383	50.853825136612016	80.2832546514857	51.334951456310684	71.19845360824742	80.2832546514857	59.610154125113326	50.853825136612016
