Sample	Gene	Type	Expression	Threshold	Percent difference	Mean Accuracy	Minimum Accuracy	Maximum Accuracy	Sample 1 Accuracy	Sample 2 Accuracy	Sample 3 Accuracy	Sample 4 Accuracy	Sample 5 Accuracy
TH03_0038_S01	CTD-2531D15.4	Up	0.298658315565	0.244370207191	18.177330261606173	52.73705745959768	41.262135922330096	69.81394057206332	41.262135922330096	58.4729381443299	69.81394057206332	52.67452402538532	41.46174863387978
