Sample	Gene	Type	Expression	Threshold	Percent difference	Mean Accuracy	Minimum Accuracy	Maximum Accuracy	Sample 1 Accuracy	Sample 2 Accuracy	Sample 3 Accuracy	Sample 4 Accuracy	Sample 5 Accuracy
TH03_0038_S01	AC011738.4	Up	0.879705766282	0.176311850548	79.95786121839728	92.05622620593579	89.44444444444444	97.36147757255937	90.65656565656566	89.44444444444444	97.36147757255937	92.53731343283582	90.28132992327366
