Sample	Gene	Type	Expression	Threshold	Percent difference	Mean Accuracy	Minimum Accuracy	Maximum Accuracy	Sample 1 Accuracy	Sample 2 Accuracy	Sample 3 Accuracy	Sample 4 Accuracy	Sample 5 Accuracy
TH03_0038_S01	TRAV12-3	Up	2.48800077083	2.35298585892	5.426642688095262	49.547792199959154	41.28686327077748	60.17441860465116	41.28686327077748	58.56	60.17441860465116	43.851508120649655	43.866171003717476
