Sample	Gene	Type	Expression	Threshold	Percent difference	Mean Accuracy	Minimum Accuracy	Maximum Accuracy	Sample 1 Accuracy	Sample 2 Accuracy	Sample 3 Accuracy	Sample 4 Accuracy	Sample 5 Accuracy
TH03_0038_S01	NTF3	Up	2.62760683813	2.4723045826	5.910406887223839	79.22352871117661	69.46386946386947	88.17635270541082	74.42396313364056	84.21052631578947	88.17635270541082	79.84293193717278	69.46386946386947
