Sample	Gene	Type	Expression	Threshold	Percent difference	Mean Accuracy	Minimum Accuracy	Maximum Accuracy	Sample 1 Accuracy	Sample 2 Accuracy	Sample 3 Accuracy	Sample 4 Accuracy	Sample 5 Accuracy
TH03_0038_S01	RP11-68I18.10	Up	1.15055967658	1.07872307301	6.243622563197407	83.83831103967155	76.25570776255708	90.88983050847457	76.25570776255708	88.06306306306307	90.88983050847457	85.16746411483254	78.81548974943053
