Sample	Gene	Type	Expression	Threshold	Percent difference	Mean Accuracy	Minimum Accuracy	Maximum Accuracy	Sample 1 Accuracy	Sample 2 Accuracy	Sample 3 Accuracy	Sample 4 Accuracy	Sample 5 Accuracy
TH03_0038_S01	CH17-472G23.1	Up	1.67807190511	0.862374007702	48.60923390255615	99.80601263720257	99.59349593495935	100	99.67637540453075	99.59349593495935	100	99.76019184652279	100
