Sample	Gene	Type	Expression	Threshold	Percent difference	Mean Accuracy	Minimum Accuracy	Maximum Accuracy	Sample 1 Accuracy	Sample 2 Accuracy	Sample 3 Accuracy	Sample 4 Accuracy	Sample 5 Accuracy
TH03_0038_S01	RP11-21K12.2	Up	1.344828497	1.07273507118	20.232574371154172	99.63406455936342	99.31662870159454	100	99.54337899543378	99.54954954954955	100	99.76076555023924	99.31662870159454
