Sample	Gene	Type	Expression	Threshold	Percent difference	Mean Accuracy	Minimum Accuracy	Maximum Accuracy	Sample 1 Accuracy	Sample 2 Accuracy	Sample 3 Accuracy	Sample 4 Accuracy	Sample 5 Accuracy
TH03_0038_S01	CCDC18	Up	4.49952702422	4.23551559448	5.867537372681228	99.87426911073645	99.59016393442623	100	100	100	100	99.78118161925602	99.59016393442623
