Sample	Gene	Type	Expression	Threshold	Percent difference	Mean Accuracy	Minimum Accuracy	Maximum Accuracy	Sample 1 Accuracy	Sample 2 Accuracy	Sample 3 Accuracy	Sample 4 Accuracy	Sample 5 Accuracy
TH03_0038_S01	RP4-555D20.1	Up	1.90303827011	0.946407556534	50.268600931535886	99.95495495495496	99.77477477477478	100	100	99.77477477477478	100	100	100
