Sample	Gene	Type	Expression	Threshold	Percent difference	Mean Accuracy	Minimum Accuracy	Maximum Accuracy	Sample 1 Accuracy	Sample 2 Accuracy	Sample 3 Accuracy	Sample 4 Accuracy	Sample 5 Accuracy
TH03_0038_S01	TUBA8	Up	4.03650333374	3.6967291832	8.417536725410901	99.92423997847726	99.80952380952381	100	100	100	100	99.80952380952381	99.81167608286252
