Sample	Gene	Type	Expression	Threshold	Percent difference	Mean Accuracy	Minimum Accuracy	Maximum Accuracy	Sample 1 Accuracy	Sample 2 Accuracy	Sample 3 Accuracy	Sample 4 Accuracy	Sample 5 Accuracy
TH03_0038_S01	CACNA2D4	Up	4.22804904788	3.99398112297	5.536074020412902	99.63008057292595	99.01185770750988	100	100	100	99.800796812749	99.01185770750988	99.33774834437085
