Sample	Gene	Type	Expression	Threshold	Percent difference	Mean Accuracy	Minimum Accuracy	Maximum Accuracy	Sample 1 Accuracy	Sample 2 Accuracy	Sample 3 Accuracy	Sample 4 Accuracy	Sample 5 Accuracy
TH03_0038_S01	KANK4	Up	2.516015147	2.49800038338	0.7160037824684883	29.636963848731277	23.806717737183263	36.07257203842049	27.470534904805078	35.483870967741936	36.07257203842049	25.35112359550562	23.806717737183263
