Sample	Gene	Type	Expression	Threshold	Percent difference	Mean Accuracy	Minimum Accuracy	Maximum Accuracy	Sample 1 Accuracy	Sample 2 Accuracy	Sample 3 Accuracy	Sample 4 Accuracy	Sample 5 Accuracy
TH03_0038_S01	CBX1P1	Up	0.678071905113	0.311149060726	54.11267472081042	78.67704504855716	69.97950819672131	90.69702860316579	71.35922330097088	85.14819587628865	90.69702860316579	76.20126926563917	69.97950819672131
