Sample	Gene	Type	Expression	Threshold	Percent difference	Mean Accuracy	Minimum Accuracy	Maximum Accuracy	Sample 1 Accuracy	Sample 2 Accuracy	Sample 3 Accuracy	Sample 4 Accuracy	Sample 5 Accuracy
TH03_0038_S01	ZNF80	Up	0.584962500721	0.429846256971	26.517297016272035	73.73705235617706	68.56702619414484	81.35338345864662	69.17510853835022	78.92307692307692	81.35338345864662	70.66666666666667	68.56702619414484
