Sample	Gene	Type	Expression	Threshold	Percent difference	Mean Accuracy	Minimum Accuracy	Maximum Accuracy	Sample 1 Accuracy	Sample 2 Accuracy	Sample 3 Accuracy	Sample 4 Accuracy	Sample 5 Accuracy
TH03_0038_S01	RP11-861E21.2	Up	2.01435529298	1.33999216557	33.4778640967731	99.85189221319595	99.51456310679612	100	99.51456310679612	99.74489795918367	100	100	100
