Sample	Gene	Type	Expression	Threshold	Percent difference	Mean Accuracy	Minimum Accuracy	Maximum Accuracy	Sample 1 Accuracy	Sample 2 Accuracy	Sample 3 Accuracy	Sample 4 Accuracy	Sample 5 Accuracy
TH03_0038_S01	GJA9	Up	0.855989697308	0.563512980938	34.168251941560676	76.15845683898785	67.16101694915254	90.2027027027027	67.64069264069265	80.69584736251403	90.2027027027027	75.0920245398773	67.16101694915254
