Sample	Gene	Type	Expression	Threshold	Percent difference	Mean Accuracy	Minimum Accuracy	Maximum Accuracy	Sample 1 Accuracy	Sample 2 Accuracy	Sample 3 Accuracy	Sample 4 Accuracy	Sample 5 Accuracy
TH03_0038_S01	CYP11A1	Up	2.43028527298	2.40477919579	1.0495095976417768	25.131848886234902	18.906605922551254	33.26271186440678	22.146118721461185	24.54954954954955	33.26271186440678	26.794258373205743	18.906605922551254
