Sample	Gene	Type	Expression	Threshold	Percent difference	Mean Accuracy	Minimum Accuracy	Maximum Accuracy	Sample 1 Accuracy	Sample 2 Accuracy	Sample 3 Accuracy	Sample 4 Accuracy	Sample 5 Accuracy
TH03_0038_S01	FIGNL2	Up	0.903038270113	0.826442122459	8.482048899701152	40.7537014039461	31.470923603192702	51.048088779284825	36.35235732009925	47.43083003952569	51.048088779284825	37.46630727762803	31.470923603192702
