Sample	Gene	Type	Expression	Threshold	Percent difference	Mean Accuracy	Minimum Accuracy	Maximum Accuracy	Sample 1 Accuracy	Sample 2 Accuracy	Sample 3 Accuracy	Sample 4 Accuracy	Sample 5 Accuracy
TH03_0038_S01	GUSBP3	Up	3.55213110825	3.17355704308	10.657660250511098	99.04698532086721	98.48484848484848	100	98.67549668874173	98.63013698630137	99.44444444444444	100	98.48484848484848
