Sample	Gene	Type	Expression	Threshold	Percent difference	Mean Accuracy	Minimum Accuracy	Maximum Accuracy	Sample 1 Accuracy	Sample 2 Accuracy	Sample 3 Accuracy	Sample 4 Accuracy	Sample 5 Accuracy
TH03_0038_S01	RP11-677O4.6	Up	3.4502214959	2.25773668289	34.56255821335137	91.30400645106528	85.71428571428571	98.21428571428571	85.71428571428571	98.21428571428571	91.91919191919192	90.47619047619048	90.19607843137256
