Sample	Gene	Type	Expression	Threshold	Percent difference	Mean Accuracy	Minimum Accuracy	Maximum Accuracy	Sample 1 Accuracy	Sample 2 Accuracy	Sample 3 Accuracy	Sample 4 Accuracy	Sample 5 Accuracy
TH03_0024_S01	TEC	Up	3.11935617704	3.02678155899	2.967747599052486	98.24666405358656	96.49936735554618	99.60629921259843	98.37099316868103	99.10903691132796	99.60629921259843	97.64762361977917	96.49936735554618
