Sample	Gene	Type	Expression	Threshold	Percent difference	Mean Accuracy	Minimum Accuracy	Maximum Accuracy	Sample 1 Accuracy	Sample 2 Accuracy	Sample 3 Accuracy	Sample 4 Accuracy	Sample 5 Accuracy
TH03_0024_S01	RP11-632K20.2	Up	1.04963076772	1.02715373039	2.1414232529429857	39.90617673721586	29.37062937062937	51.302605210420836	33.87096774193548	49.122807017543856	51.302605210420836	35.86387434554974	29.37062937062937
