Sample	Gene	Type	Expression	Threshold	Percent difference	Mean Accuracy	Minimum Accuracy	Maximum Accuracy	Sample 1 Accuracy	Sample 2 Accuracy	Sample 3 Accuracy	Sample 4 Accuracy	Sample 5 Accuracy
TH03_0024_S01	SIRPAP1	Up	0.53605290024	0.387328118086	27.74442262832892	70.24354271880354	58.79237288135594	87.27477477477478	62.01298701298701	76.87991021324355	87.27477477477478	66.25766871165644	58.79237288135594
