Sample	Gene	Type	Expression	Threshold	Percent difference	Mean Accuracy	Minimum Accuracy	Maximum Accuracy	Sample 1 Accuracy	Sample 2 Accuracy	Sample 3 Accuracy	Sample 4 Accuracy	Sample 5 Accuracy
TH03_0024_S01	LINC00189	Up	1.11103131239	0.674530863762	39.28786198554747	99.85397189427003	99.50738916256158	100	100	99.7624703087886	100	100	99.50738916256158
