Sample	Gene	Type	Expression	Threshold	Percent difference	Mean Accuracy	Minimum Accuracy	Maximum Accuracy	Sample 1 Accuracy	Sample 2 Accuracy	Sample 3 Accuracy	Sample 4 Accuracy	Sample 5 Accuracy
TH03_0024_S01	RP11-433J8.1	Up	0.495695162624	0.244026988745	50.77075445860222	84.29312529236654	76.72253258845437	93.69202226345084	76.72253258845437	88.14741035856574	93.69202226345084	83.37209302325581	79.53156822810591
