Sample	Gene	Type	Expression	Threshold	Percent difference	Mean Accuracy	Minimum Accuracy	Maximum Accuracy	Sample 1 Accuracy	Sample 2 Accuracy	Sample 3 Accuracy	Sample 4 Accuracy	Sample 5 Accuracy
TH03_0024_S01	RP4-673M15.1	Up	3.46336088582	2.04169297218	41.04879510133406	99.96047430830039	99.80237154150198	100	100	100	100	99.80237154150198	100
