Sample	Gene	Type	Expression	Threshold	Percent difference	Mean Accuracy	Minimum Accuracy	Maximum Accuracy	Sample 1 Accuracy	Sample 2 Accuracy	Sample 3 Accuracy	Sample 4 Accuracy	Sample 5 Accuracy
TH03_0024_S01	PKN2-AS1	Up	0.641546029088	0.632404923439	1.42485577566346	17.45871144721276	13.966480446927374	22.31075697211155	13.966480446927374	22.31075697211155	15.0278293135436	19.186046511627907	16.802443991853362
