Sample	Gene	Type	Expression	Threshold	Percent difference	Mean Accuracy	Minimum Accuracy	Maximum Accuracy	Sample 1 Accuracy	Sample 2 Accuracy	Sample 3 Accuracy	Sample 4 Accuracy	Sample 5 Accuracy
TH03_0024_S01	EIF4E1B	Up	0.659924558402	0.16460223496	75.05741635701776	85.66759554704763	80.53629218677763	93.81698268755152	81.15555555555557	89.0226956924502	93.81698268755152	83.80645161290322	80.53629218677763
