Sample	Gene	Type	Expression	Threshold	Percent difference	Mean Accuracy	Minimum Accuracy	Maximum Accuracy	Sample 1 Accuracy	Sample 2 Accuracy	Sample 3 Accuracy	Sample 4 Accuracy	Sample 5 Accuracy
TH03_0024_S01	AC022431.3	Up	0.66902676551	0.106679707766	84.05449329300332	83.48355156047185	76.94672131147541	92.64093307414608	78.24635922330097	88.30541237113401	92.64093307414608	81.2783318223028	76.94672131147541
