Sample	Gene	Type	Expression	Threshold	Percent difference	Mean Accuracy	Minimum Accuracy	Maximum Accuracy	Sample 1 Accuracy	Sample 2 Accuracy	Sample 3 Accuracy	Sample 4 Accuracy	Sample 5 Accuracy
TH03_0024_S01	RP11-77K12.10	Up	0.545968369105	0.409074544907	25.07358153777453	62.71544273634754	50.887978142076506	80.39433490697029	51.39563106796117	71.19845360824742	80.39433490697029	59.70081595648232	50.887978142076506
