Sample	Gene	Type	Expression	Threshold	Percent difference	Mean Accuracy	Minimum Accuracy	Maximum Accuracy	Sample 1 Accuracy	Sample 2 Accuracy	Sample 3 Accuracy	Sample 4 Accuracy	Sample 5 Accuracy
TH03_0024_S01	RP11-1260E13.4	Up	1.80735492206	1.73915207386	3.7736278230433773	71.43877868929697	63.32574031890661	79.87152034261243	64.32038834951457	78.57142857142857	79.87152034261243	71.10481586402267	63.32574031890661
