Sample	Gene	Type	Expression	Threshold	Percent difference	Mean Accuracy	Minimum Accuracy	Maximum Accuracy	Sample 1 Accuracy	Sample 2 Accuracy	Sample 3 Accuracy	Sample 4 Accuracy	Sample 5 Accuracy
TH03_0024_S01	MOB4	Up	6.24792751344	6.15396308899	1.5039294909851497	99.18621133612973	97.6271186440678	100	99.29078014184397	100	99.70760233918129	97.6271186440678	99.30555555555556
