Sample	Gene	Type	Expression	Threshold	Percent difference	Mean Accuracy	Minimum Accuracy	Maximum Accuracy	Sample 1 Accuracy	Sample 2 Accuracy	Sample 3 Accuracy	Sample 4 Accuracy	Sample 5 Accuracy
TH03_0024_S01	RP11-83N9.6	Up	1.37851162325	0.532791078091	61.35026581532308	99.90043590251635	99.74489795918367	100	99.75728155339806	99.74489795918367	100	100	100
