Sample	Gene	Type	Expression	Threshold	Percent difference	Mean Accuracy	Minimum Accuracy	Maximum Accuracy	Sample 1 Accuracy	Sample 2 Accuracy	Sample 3 Accuracy	Sample 4 Accuracy	Sample 5 Accuracy
TH03_0024_S01	SFTA1P	Up	3.31903981556	3.04761910439	8.177687712499019	99.42190081745794	98.38056680161942	100	98.38056680161942	99.52606635071089	100	99.59349593495935	99.609375
