Sample	Gene	Type	Expression	Threshold	Percent difference	Mean Accuracy	Minimum Accuracy	Maximum Accuracy	Sample 1 Accuracy	Sample 2 Accuracy	Sample 3 Accuracy	Sample 4 Accuracy	Sample 5 Accuracy
TH03_0024_S01	LL22NC03-80A10.11	Up	0.68706068834	0.071774750948	89.55336083608361	88.3567378486792	83.76623376623377	95.27027027027027	83.76623376623377	90.57239057239057	95.27027027027027	87.85276073619632	84.32203389830508
