Sample	Gene	Type	Expression	Threshold	Percent difference	Mean Accuracy	Minimum Accuracy	Maximum Accuracy	Sample 1 Accuracy	Sample 2 Accuracy	Sample 3 Accuracy	Sample 4 Accuracy	Sample 5 Accuracy
TH03_0024_S01	RP11-314N13.9	Up	0.985500430305	0.154565423727	84.31604705853208	95.4976776175262	93.45002823263692	98.08795411089865	94.67213114754098	96.09993906154783	98.08795411089865	95.17833553500661	93.45002823263692
