Sample	Gene	Type	Expression	Threshold	Percent difference	Mean Accuracy	Minimum Accuracy	Maximum Accuracy	Sample 1 Accuracy	Sample 2 Accuracy	Sample 3 Accuracy	Sample 4 Accuracy	Sample 5 Accuracy
TH03_0024_S01	ZFYVE27	Up	5.78267065868	5.70348882675	1.3692952029205554	98.34539329892642	96.1352657004831	100	98.21428571428571	99.43502824858757	100	97.94238683127571	96.1352657004831
