Sample	Gene	Type	Expression	Threshold	Percent difference	Mean Accuracy	Minimum Accuracy	Maximum Accuracy	Sample 1 Accuracy	Sample 2 Accuracy	Sample 3 Accuracy	Sample 4 Accuracy	Sample 5 Accuracy
TH03_0024_S01	BIN3	Up	6.26622434219	6.00420856476	4.181397969840761	99.89495684273383	99.70414201183432	100	100	100	99.77064220183486	99.70414201183432	100
