Sample	Gene	Type	Expression	Threshold	Percent difference	Mean Accuracy	Minimum Accuracy	Maximum Accuracy	Sample 1 Accuracy	Sample 2 Accuracy	Sample 3 Accuracy	Sample 4 Accuracy	Sample 5 Accuracy
TH03_0024_S01	FAM103A1	Up	6.12267271882	5.94871234894	2.8412488772309614	99.903236914600555	99.72451790633609	100	100	100	99.79166666666667	99.72451790633609	100
