Sample	Gene	Type	Expression	Threshold	Percent difference	Mean Accuracy	Minimum Accuracy	Maximum Accuracy	Sample 1 Accuracy	Sample 2 Accuracy	Sample 3 Accuracy	Sample 4 Accuracy	Sample 5 Accuracy
TH03_0024_S01	XRCC1	Up	6.7227392363	6.5403637886	2.7128145431440873	99.8496176116515	99.72451790633609	100	100	100	99.79166666666667	99.72451790633609	99.73190348525469
