Sample	Gene	Type	Expression	Threshold	Percent difference	Mean Accuracy	Minimum Accuracy	Maximum Accuracy	Sample 1 Accuracy	Sample 2 Accuracy	Sample 3 Accuracy	Sample 4 Accuracy	Sample 5 Accuracy
TH03_0024_S01	PSMA7	Up	9.58148306635	9.52646636963	0.574198131322873	97.75974824019333	93.91304347826087	99.33333333333333	98.54014598540147	99.33333333333333	99.07407407407408	93.91304347826087	97.9381443298969
