Sample	Gene	Type	Expression	Threshold	Percent difference	Mean Accuracy	Minimum Accuracy	Maximum Accuracy	Sample 1 Accuracy	Sample 2 Accuracy	Sample 3 Accuracy	Sample 4 Accuracy	Sample 5 Accuracy
TH03_0024_S01	CH17-302M23.1	Up	0.584962500721	0.235064908862	59.81538840998031	90.92258665945353	88.10810810810811	95.01845018450184	88.10810810810811	93.7007874015748	95.01845018450184	88.54625550660793	89.23933209647495
