Sample	Gene	Type	Expression	Threshold	Percent difference	Mean Accuracy	Minimum Accuracy	Maximum Accuracy	Sample 1 Accuracy	Sample 2 Accuracy	Sample 3 Accuracy	Sample 4 Accuracy	Sample 5 Accuracy
TH03_0024_S01	RP11-848P1.9	Up	4.64904056563	3.88582992554	16.41651926490721	99.5835841862332	98.67549668874173	100	98.67549668874173	100	100	100	99.24242424242425
