Sample	Gene	Type	Expression	Threshold	Percent difference	Mean Accuracy	Minimum Accuracy	Maximum Accuracy	Sample 1 Accuracy	Sample 2 Accuracy	Sample 3 Accuracy	Sample 4 Accuracy	Sample 5 Accuracy
TH03_0024_S01	WDR18	Up	6.88508622529	6.84131193161	0.6357842479765969	78.61838455626093	70.56277056277057	89.16666666666667	70.56277056277057	89.16666666666667	83.85650224215246	73.70689655172413	75.79908675799086
