Sample	Gene	Type	Expression	Threshold	Percent difference	Mean Accuracy	Minimum Accuracy	Maximum Accuracy	Sample 1 Accuracy	Sample 2 Accuracy	Sample 3 Accuracy	Sample 4 Accuracy	Sample 5 Accuracy
TH03_0024_S01	GOLGA6A	Up	0.555816155062	0.344080448151	38.09455788261163	77.53212615517215	69.48051948051948	90.65315315315316	69.48051948051948	81.59371492704825	90.65315315315316	76.44171779141105	69.49152542372882
