Sample	Gene	Type	Expression	Threshold	Percent difference	Mean Accuracy	Minimum Accuracy	Maximum Accuracy	Sample 1 Accuracy	Sample 2 Accuracy	Sample 3 Accuracy	Sample 4 Accuracy	Sample 5 Accuracy
TH03_0024_S01	C6orf201	Up	0.613531652918	0.333651334047	45.61791026426582	83.71772901900462	80.2773497688752	87.38461538461539	81.04196816208393	87.38461538461539	87.21804511278195	82.66666666666667	80.2773497688752
