Sample	Gene	Type	Expression	Threshold	Percent difference	Mean Accuracy	Minimum Accuracy	Maximum Accuracy	Sample 1 Accuracy	Sample 2 Accuracy	Sample 3 Accuracy	Sample 4 Accuracy	Sample 5 Accuracy
TH03_0024_S01	WDR64	Up	0.286881147788	0.233112975955	18.742316198739456	60.02890726528523	49.1448118586089	73.48951911220715	53.97022332506204	66.66666666666666	73.48951911220715	56.8733153638814	49.1448118586089
