Sample	Gene	Type	Expression	Threshold	Percent difference	Mean Accuracy	Minimum Accuracy	Maximum Accuracy	Sample 1 Accuracy	Sample 2 Accuracy	Sample 3 Accuracy	Sample 4 Accuracy	Sample 5 Accuracy
TH03_0024_S01	TBXA2R	Up	3.14077865578	3.12658834457	0.45180869985491	40.42177755422209	32.63888888888889	50.90909090909091	35.600907029478456	43.722943722943725	50.90909090909091	39.23705722070845	32.63888888888889
