Sample	Gene	Type	Expression	Threshold	Percent difference	Mean Accuracy	Minimum Accuracy	Maximum Accuracy	Sample 1 Accuracy	Sample 2 Accuracy	Sample 3 Accuracy	Sample 4 Accuracy	Sample 5 Accuracy
TH03_0024_S01	RP11-34F20.7	Up	0.823749360308	0.687212228775	16.57508194992087	64.11900978338114	55.287569573283854	71.95571955719558	56.03603603603604	71.45669291338582	71.95571955719558	65.85903083700441	55.287569573283854
