Sample	Gene	Type	Expression	Threshold	Percent difference	Mean Accuracy	Minimum Accuracy	Maximum Accuracy	Sample 1 Accuracy	Sample 2 Accuracy	Sample 3 Accuracy	Sample 4 Accuracy	Sample 5 Accuracy
TH03_0024_S01	RP11-93B14.6	Up	0.545968369105	0.268831819296	50.760550517479054	86.32324638573795	80.50171037628279	95.31442663378546	82.00992555831266	91.04084321475626	95.31442663378546	82.74932614555256	80.50171037628279
