Sample	Gene	Type	Expression	Threshold	Percent difference	Mean Accuracy	Minimum Accuracy	Maximum Accuracy	Sample 1 Accuracy	Sample 2 Accuracy	Sample 3 Accuracy	Sample 4 Accuracy	Sample 5 Accuracy
TH03_0024_S01	CXXC5	Down	1.88752527074	2.00200843811	6.065252166140106	88.67507805892389	84.91620111731844	93.05210918114145	87.17277486910994	91.48351648351648	93.05210918114145	86.75078864353313	84.91620111731844
