Sample	Gene	Type	Expression	Threshold	Percent difference	Mean Accuracy	Minimum Accuracy	Maximum Accuracy	Sample 1 Accuracy	Sample 2 Accuracy	Sample 3 Accuracy	Sample 4 Accuracy	Sample 5 Accuracy
TH03_0024_S01	C8orf17	Up	0.124328135002	0.0362440273166	70.84808895748581	91.45715782882368	88.88888888888889	96.83377308707124	90.15151515151516	88.88888888888889	96.83377308707124	91.64179104477613	89.769820971867
