Sample	Gene	Type	Expression	Threshold	Percent difference	Mean Accuracy	Minimum Accuracy	Maximum Accuracy	Sample 1 Accuracy	Sample 2 Accuracy	Sample 3 Accuracy	Sample 4 Accuracy	Sample 5 Accuracy
TH03_0024_S01	FHAD1	Up	3.40735275114	3.2748799324	3.887851608427634	99.02297582882078	97.80439121756487	99.81447124304268	97.80439121756487	99.60079840319361	99.81447124304268	99.12472647702407	98.77049180327869
