Sample	Gene	Type	Expression	Threshold	Percent difference	Mean Accuracy	Minimum Accuracy	Maximum Accuracy	Sample 1 Accuracy	Sample 2 Accuracy	Sample 3 Accuracy	Sample 4 Accuracy	Sample 5 Accuracy
TH03_0024_S01	CCDC38	Up	0.475084882949	0.387328118086	18.471807462756214	65.85599729517662	56.95732838589982	73.43173431734317	58.01801801801801	73.03149606299213	73.43173431734317	67.84140969162996	56.95732838589982
