Sample	Gene	Type	Expression	Threshold	Percent difference	Mean Accuracy	Minimum Accuracy	Maximum Accuracy	Sample 1 Accuracy	Sample 2 Accuracy	Sample 3 Accuracy	Sample 4 Accuracy	Sample 5 Accuracy
TH03_0024_S01	TUBB8P7	Up	0.68706068834	0.482645124197	29.75218457584675	72.89357573826126	64.42417331812999	83.60049321824907	66.87344913151365	77.60210803689066	83.60049321824907	71.96765498652292	64.42417331812999
