Sample	Gene	Type	Expression	Threshold	Percent difference	Mean Accuracy	Minimum Accuracy	Maximum Accuracy	Sample 1 Accuracy	Sample 2 Accuracy	Sample 3 Accuracy	Sample 4 Accuracy	Sample 5 Accuracy
TH03_0024_S01	ZNF511	Up	6.78946843694	6.76499700546	0.3604322150885428	56.51634919173858	46.320346320346324	67.91666666666667	46.320346320346324	67.91666666666667	65.02242152466367	51.724137931034484	51.598173515981735
