Sample	Gene	Type	Expression	Threshold	Percent difference	Mean Accuracy	Minimum Accuracy	Maximum Accuracy	Sample 1 Accuracy	Sample 2 Accuracy	Sample 3 Accuracy	Sample 4 Accuracy	Sample 5 Accuracy
TH03_0024_S01	RP5-844F9.1	Up	0.722466024471	0.244370207191	66.17554335929758	90.02716192102942	88.71201157742402	93.23076923076923	88.71201157742402	93.23076923076923	89.77443609022556	89.66666666666666	88.75192604006163
