Sample	Gene	Type	Expression	Threshold	Percent difference	Mean Accuracy	Minimum Accuracy	Maximum Accuracy	Sample 1 Accuracy	Sample 2 Accuracy	Sample 3 Accuracy	Sample 4 Accuracy	Sample 5 Accuracy
TH03_0024_S01	CTIF	Up	5.54132897705	5.53624916077	0.0916714438186022	24.91281415572699	19.63260619977038	27.936507936507937	25.502008032128515	27.936507936507937	27.439724454649827	24.053224155578302	19.63260619977038
