Sample	Gene	Type	Expression	Threshold	Percent difference	Mean Accuracy	Minimum Accuracy	Maximum Accuracy	Sample 1 Accuracy	Sample 2 Accuracy	Sample 3 Accuracy	Sample 4 Accuracy	Sample 5 Accuracy
TH03_0024_S01	PRDM7	Up	0.823749360308	0.141808778048	82.78496046479748	91.65835700674788	90.13867488443759	94.76923076923077	92.04052098408104	94.76923076923077	90.67669172932331	90.66666666666666	90.13867488443759
