Sample	Gene	Type	Expression	Threshold	Percent difference	Mean Accuracy	Minimum Accuracy	Maximum Accuracy	Sample 1 Accuracy	Sample 2 Accuracy	Sample 3 Accuracy	Sample 4 Accuracy	Sample 5 Accuracy
TH03_0024_S01	AP000295.9	Up	1.86789646399	1.43852698803	22.986792053925033	98.99366295797817	97.78325123152709	99.61538461538461	98.86877828054298	99.2874109263658	99.61538461538461	99.41348973607037	97.78325123152709
