Sample	Gene	Type	Expression	Threshold	Percent difference	Mean Accuracy	Minimum Accuracy	Maximum Accuracy	Sample 1 Accuracy	Sample 2 Accuracy	Sample 3 Accuracy	Sample 4 Accuracy	Sample 5 Accuracy
TH03_0024_S01	AC106782.20	Up	0.555816155062	0.376716196537	32.22287745576985	67.07914041965164	56.318306010928964	83.0047209108581	56.765776699029125	75.93427835051546	83.0047209108581	63.37262012692656	56.318306010928964
