Sample	Gene	Type	Expression	Threshold	Percent difference	Mean Accuracy	Minimum Accuracy	Maximum Accuracy	Sample 1 Accuracy	Sample 2 Accuracy	Sample 3 Accuracy	Sample 4 Accuracy	Sample 5 Accuracy
TH03_0024_S01	HAR1B	Up	2.38956681176	0.882359921932	63.07448205299977	99.92698713394901	99.79674796747967	100	99.83818770226537	99.79674796747967	100	100	100
