Sample	Gene	Type	Expression	Threshold	Percent difference	Mean Accuracy	Minimum Accuracy	Maximum Accuracy	Sample 1 Accuracy	Sample 2 Accuracy	Sample 3 Accuracy	Sample 4 Accuracy	Sample 5 Accuracy
TH03_0024_S01	MGAT4EP	Up	0.526068811668	0.277918636799	47.17066843065516	76.24833360609883	67.621776504298	89.63871847307429	67.621776504298	79.79719188767551	89.63871847307429	75.8494031221304	68.3345780433159
