Sample	Gene	Type	Expression	Threshold	Percent difference	Mean Accuracy	Minimum Accuracy	Maximum Accuracy	Sample 1 Accuracy	Sample 2 Accuracy	Sample 3 Accuracy	Sample 4 Accuracy	Sample 5 Accuracy
TH03_0024_S01	UBE3B	Up	5.5625477242	5.55234146118	0.18348180592855176	45.807890552567855	36.165327210103335	53.61653272101034	42.168674698795186	51.746031746031754	53.61653272101034	45.34288638689867	36.165327210103335
