Sample	Gene	Type	Expression	Threshold	Percent difference	Mean Accuracy	Minimum Accuracy	Maximum Accuracy	Sample 1 Accuracy	Sample 2 Accuracy	Sample 3 Accuracy	Sample 4 Accuracy	Sample 5 Accuracy
TH03_0024_S01	INPP5A	Up	5.47248777146	5.46778106689	0.08600667130855046	20.977865259798158	18.357487922705314	25.423728813559322	19.642857142857142	25.423728813559322	22.535211267605636	18.930041152263374	18.357487922705314
