Sample	Gene	Type	Expression	Threshold	Percent difference	Mean Accuracy	Minimum Accuracy	Maximum Accuracy	Sample 1 Accuracy	Sample 2 Accuracy	Sample 3 Accuracy	Sample 4 Accuracy	Sample 5 Accuracy
TH03_0024_S01	C1orf64	Up	0.378511623254	0.376716196537	0.474338595355415	26.127178765540588	21.46516393442623	31.992687385740403	21.46516393442623	31.992687385740403	28.170809432759718	26.81638044914135	22.190852625635234
