Sample	Gene	Type	Expression	Threshold	Percent difference	Mean Accuracy	Minimum Accuracy	Maximum Accuracy	Sample 1 Accuracy	Sample 2 Accuracy	Sample 3 Accuracy	Sample 4 Accuracy	Sample 5 Accuracy
TH03_0024_S01	NPIPA2	Up	1.64616265716	1.63555157185	0.6445951901440046	11.609510584042392	7.239819004524888	16.864608076009503	7.239819004524888	16.864608076009503	15	9.090909090909092	9.852216748768473
