Sample	Gene	Type	Expression	Threshold	Percent difference	Mean Accuracy	Minimum Accuracy	Maximum Accuracy	Sample 1 Accuracy	Sample 2 Accuracy	Sample 3 Accuracy	Sample 4 Accuracy	Sample 5 Accuracy
TH03_0024_S01	CICP9	Up	0.238786859587	0.071774750948	69.94191762807222	89.22694492592932	85.06271379703534	95.80764488286067	85.8560794044665	92.88537549407114	95.80764488286067	86.52291105121293	85.06271379703534
