Sample	Gene	Type	Expression	Threshold	Percent difference	Mean Accuracy	Minimum Accuracy	Maximum Accuracy	Sample 1 Accuracy	Sample 2 Accuracy	Sample 3 Accuracy	Sample 4 Accuracy	Sample 5 Accuracy
TH03_0024_S01	ARMT1	Up	5.8432301505	5.81320524216	0.5138409332966526	79.30133528743292	72.98387096774194	87.82287822878229	74.25742574257426	86.7298578199052	87.82287822878229	74.71264367816092	72.98387096774194
