Sample	Gene	Type	Expression	Threshold	Percent difference	Mean Accuracy	Minimum Accuracy	Maximum Accuracy	Sample 1 Accuracy	Sample 2 Accuracy	Sample 3 Accuracy	Sample 4 Accuracy	Sample 5 Accuracy
TH03_0024_S01	BCO2	Up	3.57167680997	3.39665818214	4.900180983381588	99.58268720799704	99.01185770750988	100	99.76303317535546	100	99.800796812749	99.01185770750988	99.33774834437085
