Sample	Gene	Type	Expression	Threshold	Percent difference	Mean Accuracy	Minimum Accuracy	Maximum Accuracy	Sample 1 Accuracy	Sample 2 Accuracy	Sample 3 Accuracy	Sample 4 Accuracy	Sample 5 Accuracy
TH03_0024_S01	LCMT1	Up	6.73809225962	6.62719678879	1.6457992345188532	98.73611545216089	97.33727810650888	99.71098265895954	98.50746268656717	99.71098265895954	99.54128440366972	97.33727810650888	98.58356940509914
