Sample	Gene	Type	Expression	Threshold	Percent difference	Mean Accuracy	Minimum Accuracy	Maximum Accuracy	Sample 1 Accuracy	Sample 2 Accuracy	Sample 3 Accuracy	Sample 4 Accuracy	Sample 5 Accuracy
TH03_0024_S01	RP13-766D20.4	Up	0.807354922058	0.717490196228	11.130758403123242	38.28722107689438	30.945558739255013	47.113884555382214	30.945558739255013	47.113884555382214	42.19495569188821	37.64921946740129	33.53248693054518
