Sample	Gene	Type	Expression	Threshold	Percent difference	Mean Accuracy	Minimum Accuracy	Maximum Accuracy	Sample 1 Accuracy	Sample 2 Accuracy	Sample 3 Accuracy	Sample 4 Accuracy	Sample 5 Accuracy
TH03_0024_S01	GDNF-AS1	Up	1.42223300068	0.952453970909	33.031087701268966	99.67095831897355	99.06759906759906	100	100	99.74937343358395	99.79959919839679	99.73821989528795	99.06759906759906
