Sample	Gene	Type	Expression	Threshold	Percent difference	Mean Accuracy	Minimum Accuracy	Maximum Accuracy	Sample 1 Accuracy	Sample 2 Accuracy	Sample 3 Accuracy	Sample 4 Accuracy	Sample 5 Accuracy
TH03_0024_S01	DDN	Up	1.44360665148	1.40152907372	2.9147536634623865	76.83669398027254	67.35415439010018	84.38940092165899	74.88667271078876	84.38940092165899	84.09818569903949	73.45505617977528	67.35415439010018
