Sample	Gene	Type	Expression	Threshold	Percent difference	Mean Accuracy	Minimum Accuracy	Maximum Accuracy	Sample 1 Accuracy	Sample 2 Accuracy	Sample 3 Accuracy	Sample 4 Accuracy	Sample 5 Accuracy
TH03_0024_S01	TMEM41A	Up	5.94134110549	5.8685760498	1.2247244249747453	97.30276399965652	95.01915708812261	98.8929889298893	96.03960396039604	98.5781990521327	98.8929889298893	95.01915708812261	97.98387096774194
