Sample	Gene	Type	Expression	Threshold	Percent difference	Mean Accuracy	Minimum Accuracy	Maximum Accuracy	Sample 1 Accuracy	Sample 2 Accuracy	Sample 3 Accuracy	Sample 4 Accuracy	Sample 5 Accuracy
TH03_0024_S01	RP11-344P13.6	Up	2.09761079663	1.55755960941	25.746014851164993	96.93349084822623	95.17426273458445	98.88	95.17426273458445	98.88	98.74031007751938	96.51972157772622	95.35315985130111
