Sample	Gene	Type	Expression	Threshold	Percent difference	Mean Accuracy	Minimum Accuracy	Maximum Accuracy	Sample 1 Accuracy	Sample 2 Accuracy	Sample 3 Accuracy	Sample 4 Accuracy	Sample 5 Accuracy
TH03_0024_S01	DNAJC25	Up	4.20867331963	4.06892061234	3.320588144443716	98.22786986640926	97.64453961456103	98.64864864864865	98.08102345415777	98.6	98.64864864864865	98.1651376146789	97.64453961456103
