Sample	Gene	Type	Expression	Threshold	Percent difference	Mean Accuracy	Minimum Accuracy	Maximum Accuracy	Sample 1 Accuracy	Sample 2 Accuracy	Sample 3 Accuracy	Sample 4 Accuracy	Sample 5 Accuracy
TH03_0024_S01	RP11-200A1.1	Up	1.28095631383	0.862374007702	32.67732877450428	82.98081304927564	74.81481481481481	90.0709219858156	75.56818181818183	90.0709219858156	89.77272727272727	84.67741935483872	74.81481481481481
