Sample	Gene	Type	Expression	Threshold	Percent difference	Mean Accuracy	Minimum Accuracy	Maximum Accuracy	Sample 1 Accuracy	Sample 2 Accuracy	Sample 3 Accuracy	Sample 4 Accuracy	Sample 5 Accuracy
TH03_0024_S01	C1orf43	Up	9.0937344603	8.9723405838	1.3349177615638903	99.68367091772943	99.19354838709677	100	100	100	99.19354838709677	99.2248062015504	100
