Sample	Gene	Type	Expression	Threshold	Percent difference	Mean Accuracy	Minimum Accuracy	Maximum Accuracy	Sample 1 Accuracy	Sample 2 Accuracy	Sample 3 Accuracy	Sample 4 Accuracy	Sample 5 Accuracy
TH03_0024_S01	RP11-522B15.3	Up	1.35049724708	0.997552573681	26.134423758517478	99.33443423930431	98.0295566502463	100	99.5475113122172	99.2874109263658	99.8076923076923	100	98.0295566502463
