Sample	Gene	Type	Expression	Threshold	Percent difference	Mean Accuracy	Minimum Accuracy	Maximum Accuracy	Sample 1 Accuracy	Sample 2 Accuracy	Sample 3 Accuracy	Sample 4 Accuracy	Sample 5 Accuracy
TH03_0024_S01	NUTM2B	Up	2.80322703643	2.32265853882	17.143402634344582	99.55799648227544	98.95470383275261	100	98.95470383275261	100	99.64285714285714	99.57264957264957	99.61977186311786
