Sample	Gene	Type	Expression	Threshold	Percent difference	Mean Accuracy	Minimum Accuracy	Maximum Accuracy	Sample 1 Accuracy	Sample 2 Accuracy	Sample 3 Accuracy	Sample 4 Accuracy	Sample 5 Accuracy
TH03_0024_S01	AC098617.1	Up	0.887525270742	0.441114872694	50.298330961865055	80.81890751578766	73.41655108645399	91.71475680131904	74	86.38258452987493	91.71475680131904	78.58064516129032	73.41655108645399
