Sample	Gene	Type	Expression	Threshold	Percent difference	Mean Accuracy	Minimum Accuracy	Maximum Accuracy	Sample 1 Accuracy	Sample 2 Accuracy	Sample 3 Accuracy	Sample 4 Accuracy	Sample 5 Accuracy
TH03_0024_S01	ARHGEF33	Up	2.85798099513	1.60667169094	43.78298198351323	99.90323297801388	99.75369458128078	100	100	99.7624703087886	100	100	99.75369458128078
