Sample	Gene	Type	Expression	Threshold	Percent difference	Mean Accuracy	Minimum Accuracy	Maximum Accuracy	Sample 1 Accuracy	Sample 2 Accuracy	Sample 3 Accuracy	Sample 4 Accuracy	Sample 5 Accuracy
TH03_0024_S01	TJAP1	Up	5.94556088599	5.84281587601	1.72809617040683	99.65624373923148	98.98305084745763	100	99.64539007092199	100	100	98.98305084745763	99.65277777777779
