Sample	Gene	Type	Expression	Threshold	Percent difference	Mean Accuracy	Minimum Accuracy	Maximum Accuracy	Sample 1 Accuracy	Sample 2 Accuracy	Sample 3 Accuracy	Sample 4 Accuracy	Sample 5 Accuracy
TH03_0024_S01	RALBP1	Up	6.81390942508	6.7616434097300004	0.767048871498409	93.24807844498069	87.94489092996555	96.67049368541906	93.97590361445783	96.34920634920636	96.67049368541906	91.29989764585466	87.94489092996555
