Sample	Gene	Type	Expression	Threshold	Percent difference	Mean Accuracy	Minimum Accuracy	Maximum Accuracy	Sample 1 Accuracy	Sample 2 Accuracy	Sample 3 Accuracy	Sample 4 Accuracy	Sample 5 Accuracy
TH03_0024_S01	OTOP2	Up	0.310340120612	0.071774750948	76.87222947311548	91.33075769328404	89.98459167950693	94.61538461538461	91.02749638205499	94.61538461538461	90.52631578947368	90.5	89.98459167950693
