Sample	Gene	Type	Expression	Threshold	Percent difference	Mean Accuracy	Minimum Accuracy	Maximum Accuracy	Sample 1 Accuracy	Sample 2 Accuracy	Sample 3 Accuracy	Sample 4 Accuracy	Sample 5 Accuracy
TH03_0024_S01	PHLPP1	Up	5.23572705984	5.15965080261	1.4530218317439427	99.13944779750047	98.1630309988519	100	99.19678714859438	100	99.77037887485649	98.56704196519959	98.1630309988519
