Sample	Gene	Type	Expression	Threshold	Percent difference	Mean Accuracy	Minimum Accuracy	Maximum Accuracy	Sample 1 Accuracy	Sample 2 Accuracy	Sample 3 Accuracy	Sample 4 Accuracy	Sample 5 Accuracy
TH03_0024_S01	SNCG	Up	9.92955431573	9.8819437027	0.479483887354117	96.76296269883021	93.83561643835617	99.42528735632183	93.83561643835617	99.42528735632183	99	96.63865546218487	94.91525423728814
