Sample	Gene	Type	Expression	Threshold	Percent difference	Mean Accuracy	Minimum Accuracy	Maximum Accuracy	Sample 1 Accuracy	Sample 2 Accuracy	Sample 3 Accuracy	Sample 4 Accuracy	Sample 5 Accuracy
TH01_0131_S01	FAM174A	Down	1.61353165292	1.65302693844	2.4477539965531965	42.24369407619096	30.995475113122172	55.00000000000001	30.995475113122172	52.01900237529691	55.00000000000001	37.24340175953079	35.960591133004925
