Sample	Gene	Type	Expression	Threshold	Percent difference	Mean Accuracy	Minimum Accuracy	Maximum Accuracy	Sample 1 Accuracy	Sample 2 Accuracy	Sample 3 Accuracy	Sample 4 Accuracy	Sample 5 Accuracy
TH01_0131_S01	MRPL14	Down	3.66334461937	3.81053352356	4.0178830954569795	98.07790778471603	96.29629629629629	99.69040247678018	96.29629629629629	99.69040247678018	99.53271028037383	97.14285714285714	97.72727272727273
