Sample	Gene	Type	Expression	Threshold	Percent difference	Mean Accuracy	Minimum Accuracy	Maximum Accuracy	Sample 1 Accuracy	Sample 2 Accuracy	Sample 3 Accuracy	Sample 4 Accuracy	Sample 5 Accuracy
TH01_0131_S01	LL22NC03-86G7.1	Up	0.863938450424	0.481066942215	44.31698901942562	88.99143694181024	84.35911914172783	94.51880178457617	86.93647540983606	91.16392443631932	94.51880178457617	87.97886393659181	84.35911914172783
