Sample	Gene	Type	Expression	Threshold	Percent difference	Mean Accuracy	Minimum Accuracy	Maximum Accuracy	Sample 1 Accuracy	Sample 2 Accuracy	Sample 3 Accuracy	Sample 4 Accuracy	Sample 5 Accuracy
TH01_0131_S01	RSF1-IT1	Up	0.17632277264	0.141808778048	19.574326149276004	54.413054259545355	44.19787332408692	70.85737840065953	44.4	62.15840666975452	70.85737840065953	50.45161290322581	44.19787332408692
