Sample	Gene	Type	Expression	Threshold	Percent difference	Mean Accuracy	Minimum Accuracy	Maximum Accuracy	Sample 1 Accuracy	Sample 2 Accuracy	Sample 3 Accuracy	Sample 4 Accuracy	Sample 5 Accuracy
TH01_0131_S01	RP4-569M23.5	Up	0.69599381311	0.333651334047	52.06116379740472	88.00574859334947	85.97842835130972	91.53846153846153	86.10709117221418	91.53846153846153	88.57142857142857	87.83333333333333	85.97842835130972
