Sample	Gene	Type	Expression	Threshold	Percent difference	Mean Accuracy	Minimum Accuracy	Maximum Accuracy	Sample 1 Accuracy	Sample 2 Accuracy	Sample 3 Accuracy	Sample 4 Accuracy	Sample 5 Accuracy
TH01_0131_S01	PTK2B	Up	6.9756760378	6.86127471924	1.6400033192493235	99.38206590137524	98.96670493685419	100	99.19678714859438	100	99.77037887485649	98.97645854657114	98.96670493685419
