Sample	Gene	Type	Expression	Threshold	Percent difference	Mean Accuracy	Minimum Accuracy	Maximum Accuracy	Sample 1 Accuracy	Sample 2 Accuracy	Sample 3 Accuracy	Sample 4 Accuracy	Sample 5 Accuracy
TH01_0131_S01	ANAPC15	Down	3.43829285158	3.62960767746	5.564238828350097	98.28689083401223	95.1417004048583	99.64788732394366	95.1417004048583	99.0521327014218	99.64788732394366	98.3739837398374	99.21875
