Sample	Gene	Type	Expression	Threshold	Percent difference	Mean Accuracy	Minimum Accuracy	Maximum Accuracy	Sample 1 Accuracy	Sample 2 Accuracy	Sample 3 Accuracy	Sample 4 Accuracy	Sample 5 Accuracy
TH01_0131_S01	SLC9C1	Up	0.310340120612	0.188974738121	39.10721638300064	82.24801839223194	78.5824345146379	86.61538461538461	78.72648335745296	86.61538461538461	86.31578947368422	81	78.5824345146379
