Sample	Gene	Type	Expression	Threshold	Percent difference	Mean Accuracy	Minimum Accuracy	Maximum Accuracy	Sample 1 Accuracy	Sample 2 Accuracy	Sample 3 Accuracy	Sample 4 Accuracy	Sample 5 Accuracy
TH03_0006_S01	IMP4	Up	7.38853397909	7.37138843536	0.2320560990654277	78.08810153664315	67.82608695652173	90.74074074074075	70.07299270072993	90.66666666666666	90.74074074074075	67.82608695652173	71.1340206185567
