Sample	Gene	Type	Expression	Threshold	Percent difference	Mean Accuracy	Minimum Accuracy	Maximum Accuracy	Sample 1 Accuracy	Sample 2 Accuracy	Sample 3 Accuracy	Sample 4 Accuracy	Sample 5 Accuracy
TH03_0006_S01	TDRD12	Up	1.03562390973	0.563512980938	45.58710207019894	99.83848428715349	99.57264957264957	100	100	100	100	99.57264957264957	99.61977186311786
