Sample	Gene	Type	Expression	Threshold	Percent difference	Mean Accuracy	Minimum Accuracy	Maximum Accuracy	Sample 1 Accuracy	Sample 2 Accuracy	Sample 3 Accuracy	Sample 4 Accuracy	Sample 5 Accuracy
TH03_0006_S01	AC053503.12	Up	0.18903382439	0.071774750948	62.03073646760705	87.6003285420792	82.78221208665907	95.80764488286067	83.74689826302729	91.56785243741766	95.80764488286067	84.09703504043127	82.78221208665907
