Sample	Gene	Type	Expression	Threshold	Percent difference	Mean Accuracy	Minimum Accuracy	Maximum Accuracy	Sample 1 Accuracy	Sample 2 Accuracy	Sample 3 Accuracy	Sample 4 Accuracy	Sample 5 Accuracy
TH03_0006_S01	RP4-568F9.6	Up	0.150559676575	0.0362440273166	75.92713524557463	92.97390209774105	89.90990990990991	96.30996309963099	89.90990990990991	95.07874015748031	96.30996309963099	92.29074889867842	91.28014842300557
