Sample	Gene	Type	Expression	Threshold	Percent difference	Mean Accuracy	Minimum Accuracy	Maximum Accuracy	Sample 1 Accuracy	Sample 2 Accuracy	Sample 3 Accuracy	Sample 4 Accuracy	Sample 5 Accuracy
TH03_0006_S01	PSMB8	Down	2.98732086593	3.64654636383	22.06744864331046	98.94440187423433	97.53694581280789	99.61538461538461	98.86877828054298	99.2874109263658	99.61538461538461	99.41348973607037	97.53694581280789
