Sample	Gene	Type	Expression	Threshold	Percent difference	Mean Accuracy	Minimum Accuracy	Maximum Accuracy	Sample 1 Accuracy	Sample 2 Accuracy	Sample 3 Accuracy	Sample 4 Accuracy	Sample 5 Accuracy
TH03_0006_S01	RP11-626H12.2	Up	1.51096191928	1.45046663284	4.003759834584513	38.595020645414614	30.96514745308311	47.189922480620154	30.96514745308311	46.56	47.189922480620154	34.80278422273782	33.457249070631974
