Sample	Gene	Type	Expression	Threshold	Percent difference	Mean Accuracy	Minimum Accuracy	Maximum Accuracy	Sample 1 Accuracy	Sample 2 Accuracy	Sample 3 Accuracy	Sample 4 Accuracy	Sample 5 Accuracy
TH03_0006_S01	GTF2IP9	Up	1.23878685959	1.18794322014	4.104308909672136	13.122603869858503	10.795454545454545	15.602836879432624	10.795454545454545	15.602836879432624	14.393939393939394	13.709677419354838	11.11111111111111
