Sample	Gene	Type	Expression	Threshold	Percent difference	Mean Accuracy	Minimum Accuracy	Maximum Accuracy	Sample 1 Accuracy	Sample 2 Accuracy	Sample 3 Accuracy	Sample 4 Accuracy	Sample 5 Accuracy
TH03_0006_S01	ZAP70	Up	5.96208624985	5.10216760635	14.423116464000065	99.95833333333333	99.79166666666667	100	100	100	99.79166666666667	100	100
