Sample	Gene	Type	Expression	Threshold	Percent difference	Mean Accuracy	Minimum Accuracy	Maximum Accuracy	Sample 1 Accuracy	Sample 2 Accuracy	Sample 3 Accuracy	Sample 4 Accuracy	Sample 5 Accuracy
TH03_0006_S01	CTD-2008P7.6	Up	0.17632277264	0	100	90.9815969277622	86.96461824953445	95.91836734693877	86.96461824953445	93.92430278884463	95.91836734693877	89.30232558139535	88.79837067209776
