Sample	Gene	Type	Expression	Threshold	Percent difference	Mean Accuracy	Minimum Accuracy	Maximum Accuracy	Sample 1 Accuracy	Sample 2 Accuracy	Sample 3 Accuracy	Sample 4 Accuracy	Sample 5 Accuracy
TH03_0006_S01	ENOSF1	Down	1.45417589319	1.91951870918	32.000449063227535	99.79523498939993	99.51456310679612	100	99.51456310679612	99.74489795918367	100	99.71671388101983	100
