Sample	Gene	Type	Expression	Threshold	Percent difference	Mean Accuracy	Minimum Accuracy	Maximum Accuracy	Sample 1 Accuracy	Sample 2 Accuracy	Sample 3 Accuracy	Sample 4 Accuracy	Sample 5 Accuracy
TH03_0006_S01	ZNRD1	Up	6.73470962023	6.71357727051	0.3137826411479122	51.960926719765055	42.42424242424242	63.74999999999999	42.42424242424242	63.74999999999999	59.64125560538116	47.41379310344828	46.57534246575342
