Sample	Gene	Type	Expression	Threshold	Percent difference	Mean Accuracy	Minimum Accuracy	Maximum Accuracy	Sample 1 Accuracy	Sample 2 Accuracy	Sample 3 Accuracy	Sample 4 Accuracy	Sample 5 Accuracy
TH03_0006_S01	DLX2	Up	1.14404636962	1.03957295418	9.131921416323474	96.23168379028786	93.79084967320262	98.54651162790698	95.39877300613497	97.91666666666666	98.54651162790698	95.50561797752809	93.79084967320262
