Sample	Gene	Type	Expression	Threshold	Percent difference	Mean Accuracy	Minimum Accuracy	Maximum Accuracy	Sample 1 Accuracy	Sample 2 Accuracy	Sample 3 Accuracy	Sample 4 Accuracy	Sample 5 Accuracy
TH03_0006_S01	PFAS	Up	5.54627713209	5.47179508209	1.3429197320317328	98.98618686023732	97.81859931113662	100	99.19678714859438	100	99.65556831228473	98.25997952917092	97.81859931113662
