Sample	Gene	Type	Expression	Threshold	Percent difference	Mean Accuracy	Minimum Accuracy	Maximum Accuracy	Sample 1 Accuracy	Sample 2 Accuracy	Sample 3 Accuracy	Sample 4 Accuracy	Sample 5 Accuracy
TH03_0006_S01	PARP9	Down	1.66448284036	1.82766854763	9.803988561077967	96.48937314879075	94.67680608365019	99.62962962962963	94.77351916376307	99.62962962962963	96.78571428571429	96.58119658119658	94.67680608365019
