Sample	Gene	Type	Expression	Threshold	Percent difference	Mean Accuracy	Minimum Accuracy	Maximum Accuracy	Sample 1 Accuracy	Sample 2 Accuracy	Sample 3 Accuracy	Sample 4 Accuracy	Sample 5 Accuracy
TH03_0006_S01	WDR46	Up	7.00685901276	6.96294784546	0.6266883238271911	98.88700513196481	97.27272727272728	100	97.27272727272728	100	99.21875	99.19354838709677	98.75
