Sample	Gene	Type	Expression	Threshold	Percent difference	Mean Accuracy	Minimum Accuracy	Maximum Accuracy	Sample 1 Accuracy	Sample 2 Accuracy	Sample 3 Accuracy	Sample 4 Accuracy	Sample 5 Accuracy
TH03_0006_S01	RP11-230G5.2	Up	1.26903314646	0.277918636799	78.09997023527234	99.92698713394901	99.79674796747967	100	99.83818770226537	99.79674796747967	100	100	100
