Sample	Gene	Type	Expression	Threshold	Percent difference	Mean Accuracy	Minimum Accuracy	Maximum Accuracy	Sample 1 Accuracy	Sample 2 Accuracy	Sample 3 Accuracy	Sample 4 Accuracy	Sample 5 Accuracy
TH03_0006_S01	CLCN5	Up	4.24107745818	4.03205108643	4.928614811003736	99.6523665769974	99.1564740615774	99.95625546806649	99.8949027850762	99.83029274501484	99.95625546806649	99.42390782525204	99.1564740615774
