Sample	Gene	Type	Expression	Threshold	Percent difference	Mean Accuracy	Minimum Accuracy	Maximum Accuracy	Sample 1 Accuracy	Sample 2 Accuracy	Sample 3 Accuracy	Sample 4 Accuracy	Sample 5 Accuracy
TH03_0006_S01	RP11-170M17.1	Up	0.613531652918	0.106610842049	82.62341616085311	86.28126098342233	81.2760055478502	94.02308326463314	82.13333333333334	89.39323761000463	94.02308326463314	84.58064516129032	81.2760055478502
