Sample	Gene	Type	Expression	Threshold	Percent difference	Mean Accuracy	Minimum Accuracy	Maximum Accuracy	Sample 1 Accuracy	Sample 2 Accuracy	Sample 3 Accuracy	Sample 4 Accuracy	Sample 5 Accuracy
TH03_0006_S01	RP11-543P15.1	Up	6.65463602853	6.5310716629	1.8568162871755927	47.76475376475376	26.666666666666668	65.38461538461539	29.629629629629626	60	57.14285714285714	65.38461538461539	26.666666666666668
