Sample	Gene	Type	Expression	Threshold	Percent difference	Mean Accuracy	Minimum Accuracy	Maximum Accuracy	Sample 1 Accuracy	Sample 2 Accuracy	Sample 3 Accuracy	Sample 4 Accuracy	Sample 5 Accuracy
TH03_0006_S01	DNAH2	Up	2.26903314646	2.0543088913	9.463248939091047	97.70911878245975	96.34649381261049	98.77267876200641	97.68812330009065	98.61751152073732	98.77267876200641	97.12078651685393	96.34649381261049
