Sample	Gene	Type	Expression	Threshold	Percent difference	Mean Accuracy	Minimum Accuracy	Maximum Accuracy	Sample 1 Accuracy	Sample 2 Accuracy	Sample 3 Accuracy	Sample 4 Accuracy	Sample 5 Accuracy
TH03_0006_S01	KCNE5	Up	2.13093086983	0.929519236088	56.379662557417696	99.90325464009675	99.74937343358395	100	100	99.74937343358395	100	100	99.76689976689977
