Sample	Gene	Type	Expression	Threshold	Percent difference	Mean Accuracy	Minimum Accuracy	Maximum Accuracy	Sample 1 Accuracy	Sample 2 Accuracy	Sample 3 Accuracy	Sample 4 Accuracy	Sample 5 Accuracy
TH03_0006_S01	KIAA2012	Up	0.422233000683	0.210507676005	50.14419155667965	93.3075076579759	89.6103896103896	96.94072657743786	92.21311475409836	94.57647775746496	96.94072657743786	93.19682959048878	89.6103896103896
