Sample	Gene	Type	Expression	Threshold	Percent difference	Mean Accuracy	Minimum Accuracy	Maximum Accuracy	Sample 1 Accuracy	Sample 2 Accuracy	Sample 3 Accuracy	Sample 4 Accuracy	Sample 5 Accuracy
TH03_0006_S01	AC005682.6	Up	1.71808758396	0.691053390503	59.77775539764981	99.90325464009675	99.74937343358395	100	100	99.74937343358395	100	100	99.76689976689977
