Sample	Gene	Type	Expression	Threshold	Percent difference	Mean Accuracy	Minimum Accuracy	Maximum Accuracy	Sample 1 Accuracy	Sample 2 Accuracy	Sample 3 Accuracy	Sample 4 Accuracy	Sample 5 Accuracy
TH03_0006_S01	DHX37	Up	4.94673086014	4.94249868393	0.08555501258622583	10.536888305753356	8.435259384226065	13.123359580052494	9.143457698370995	12.812897751378872	13.123359580052494	9.169467114738358	8.435259384226065
