Sample	Gene	Type	Expression	Threshold	Percent difference	Mean Accuracy	Minimum Accuracy	Maximum Accuracy	Sample 1 Accuracy	Sample 2 Accuracy	Sample 3 Accuracy	Sample 4 Accuracy	Sample 5 Accuracy
TH03_0006_S01	MIR143HG	Up	2.43028527298	2.03179073334	16.397027298419527	96.79341675063297	94.82758620689656	98.84615384615385	95.47511312217195	98.33729216152018	98.84615384615385	96.48093841642229	94.82758620689656
