Sample	Gene	Type	Expression	Threshold	Percent difference	Mean Accuracy	Minimum Accuracy	Maximum Accuracy	Sample 1 Accuracy	Sample 2 Accuracy	Sample 3 Accuracy	Sample 4 Accuracy	Sample 5 Accuracy
TH03_0006_S01	LDB3	Up	2.43028527298	2.21725201607	8.76577162683374	97.15840909109146	95.28579846788449	98.38709677419355	97.1441523118767	98.38709677419355	98.34578441835646	96.62921348314607	95.28579846788449
