Sample	Gene	Type	Expression	Threshold	Percent difference	Mean Accuracy	Minimum Accuracy	Maximum Accuracy	Sample 1 Accuracy	Sample 2 Accuracy	Sample 3 Accuracy	Sample 4 Accuracy	Sample 5 Accuracy
TH03_0006_S01	TEX35	Up	0.263034405834	0.141458824277	46.22041028112721	76.13197431907486	67.40687679083095	89.57055214723927	67.40687679083095	79.79719188767551	89.57055214723927	75.8494031221304	68.03584764749814
