Sample	Gene	Type	Expression	Threshold	Percent difference	Mean Accuracy	Minimum Accuracy	Maximum Accuracy	Sample 1 Accuracy	Sample 2 Accuracy	Sample 3 Accuracy	Sample 4 Accuracy	Sample 5 Accuracy
TH03_0006_S01	BX322557.10	Up	4.07467668629	3.97125387192	2.5381845562860263	91.88489907574281	88.06818181818183	96.26168224299066	90.02849002849003	95.97523219814241	96.26168224299066	89.0909090909091	88.06818181818183
