Sample	Gene	Type	Expression	Threshold	Percent difference	Mean Accuracy	Minimum Accuracy	Maximum Accuracy	Sample 1 Accuracy	Sample 2 Accuracy	Sample 3 Accuracy	Sample 4 Accuracy	Sample 5 Accuracy
TH03_0006_S01	AARS2	Up	4.62527048937	4.53027963638	2.05373616977238	95.15232143883868	91.5225643188528	97.76902887139107	94.85023646873357	97.2846839202376	97.76902887139107	94.33509361497839	91.5225643188528
