Sample	Gene	Type	Expression	Threshold	Percent difference	Mean Accuracy	Minimum Accuracy	Maximum Accuracy	Sample 1 Accuracy	Sample 2 Accuracy	Sample 3 Accuracy	Sample 4 Accuracy	Sample 5 Accuracy
TH03_0006_S01	RP11-496N12.6	Up	0.871843648509	0.627689063549	28.004400258870447	65.45029286573782	53.82222222222223	83.59439406430337	53.82222222222223	71.4682723483094	83.59439406430337	61.87096774193548	56.495607951918636
