Sample	Gene	Type	Expression	Threshold	Percent difference	Mean Accuracy	Minimum Accuracy	Maximum Accuracy	Sample 1 Accuracy	Sample 2 Accuracy	Sample 3 Accuracy	Sample 4 Accuracy	Sample 5 Accuracy
TH03_0006_S01	RP11-69L16.6	Up	0.400537929584	0.106960088015	73.2958903227744	86.35160464148822	81.16045845272207	92.50170415814588	81.16045845272207	90.87363494539782	92.50170415814588	86.04224058769513	81.1799850634802
