Sample	Gene	Type	Expression	Threshold	Percent difference	Mean Accuracy	Minimum Accuracy	Maximum Accuracy	Sample 1 Accuracy	Sample 2 Accuracy	Sample 3 Accuracy	Sample 4 Accuracy	Sample 5 Accuracy
TH03_0006_S01	RP11-81K13.1	Up	0.250961573533	0.210507676005	16.11955844813053	63.15822747911419	54.414414414414416	71.03321033210332	54.414414414414416	70.66929133858267	71.03321033210332	64.75770925110133	54.916512059369204
