Sample	Gene	Type	Expression	Threshold	Percent difference	Mean Accuracy	Minimum Accuracy	Maximum Accuracy	Sample 1 Accuracy	Sample 2 Accuracy	Sample 3 Accuracy	Sample 4 Accuracy	Sample 5 Accuracy
TH03_0006_S01	PYGM	Up	3.44625622989	3.40153646469	1.2976332059159565	80.49374590896377	73.77049180327869	88.25	77.77777777777779	88.25	87.8238341968912	74.84662576687117	73.77049180327869
