Sample	Gene	Type	Expression	Threshold	Percent difference	Mean Accuracy	Minimum Accuracy	Maximum Accuracy	Sample 1 Accuracy	Sample 2 Accuracy	Sample 3 Accuracy	Sample 4 Accuracy	Sample 5 Accuracy
TH03_0006_S01	RP11-1102P16.1	Up	0.855989697308	0.441114872694	48.46726846348021	79.4702454711895	71.75219602404069	91.34377576257214	72	84.90041685965724	91.34377576257214	77.35483870967742	71.75219602404069
