Sample	Gene	Type	Expression	Threshold	Percent difference	Mean Accuracy	Minimum Accuracy	Maximum Accuracy	Sample 1 Accuracy	Sample 2 Accuracy	Sample 3 Accuracy	Sample 4 Accuracy	Sample 5 Accuracy
TH03_0006_S01	LINC00337	Up	1.09761079663	0.976850748062	11.002082790982936	93.19522112623083	87.87878787878788	97.99599198396794	91.47465437788019	96.74185463659147	97.99599198396794	91.8848167539267	87.87878787878788
