Sample	Gene	Type	Expression	Threshold	Percent difference	Mean Accuracy	Minimum Accuracy	Maximum Accuracy	Sample 1 Accuracy	Sample 2 Accuracy	Sample 3 Accuracy	Sample 4 Accuracy	Sample 5 Accuracy
TH03_0006_S01	BUD13	Up	5.11727946005	5.00450372696	2.2038220497908383	99.8612814040149	99.64539007092199	100	99.64539007092199	100	100	99.66101694915255	100
