Sample	Gene	Type	Expression	Threshold	Percent difference	Mean Accuracy	Minimum Accuracy	Maximum Accuracy	Sample 1 Accuracy	Sample 2 Accuracy	Sample 3 Accuracy	Sample 4 Accuracy	Sample 5 Accuracy
TH03_0006_S01	MEN1	Up	6.25738784269	6.1793847084	1.2465766267169298	97.47135146752171	95.01915708812261	99.2619926199262	96.03960396039604	99.0521327014218	99.2619926199262	95.01915708812261	97.98387096774194
