Sample	Gene	Type	Expression	Threshold	Percent difference	Mean Accuracy	Minimum Accuracy	Maximum Accuracy	Sample 1 Accuracy	Sample 2 Accuracy	Sample 3 Accuracy	Sample 4 Accuracy	Sample 5 Accuracy
TH03_0006_S01	LSMEM2	Up	0.782408564927	0.533111453056	31.862778993767755	69.94222471438256	60.42830540037244	79.962894248608535	60.42830540037244	75.39840637450199	79.962894248608535	70.5813953488372	63.34012219959266
