Sample	Gene	Type	Expression	Threshold	Percent difference	Mean Accuracy	Minimum Accuracy	Maximum Accuracy	Sample 1 Accuracy	Sample 2 Accuracy	Sample 3 Accuracy	Sample 4 Accuracy	Sample 5 Accuracy
TH03_0006_S01	MS4A15	Up	1.92599941856	0.89061820507	53.75812700214193	99.95495495495496	99.77477477477478	100	100	99.77477477477478	100	100	100
