Sample	Gene	Type	Expression	Threshold	Percent difference	Mean Accuracy	Minimum Accuracy	Maximum Accuracy	Sample 1 Accuracy	Sample 2 Accuracy	Sample 3 Accuracy	Sample 4 Accuracy	Sample 5 Accuracy
TH03_0006_S01	KDM4D	Up	2.31324585179	1.96025037766	15.259747417545377	99.17753620412813	98.36601307189542	99.70930232558139	99.079754601227	99.10714285714286	99.70930232558139	99.625468164794	98.36601307189542
