Sample	Gene	Type	Expression	Threshold	Percent difference	Mean Accuracy	Minimum Accuracy	Maximum Accuracy	Sample 1 Accuracy	Sample 2 Accuracy	Sample 3 Accuracy	Sample 4 Accuracy	Sample 5 Accuracy
TH03_0006_S01	UTP14A	Up	5.52950864107	5.42063856125	1.9688924800908318	99.39928450155107	98.51485148514851	100	98.51485148514851	100	99.63099630996311	98.85057471264368	100
