Sample	Gene	Type	Expression	Threshold	Percent difference	Mean Accuracy	Minimum Accuracy	Maximum Accuracy	Sample 1 Accuracy	Sample 2 Accuracy	Sample 3 Accuracy	Sample 4 Accuracy	Sample 5 Accuracy
TH03_0006_S01	LINC01597	Up	0.879705766282	0.636153876781	27.685607942568225	82.45813239352636	76.00225861095427	90.31230082855322	80.02049180327869	86.16697135892748	90.31230082855322	79.7886393659181	76.00225861095427
