Sample	Gene	Type	Expression	Threshold	Percent difference	Mean Accuracy	Minimum Accuracy	Maximum Accuracy	Sample 1 Accuracy	Sample 2 Accuracy	Sample 3 Accuracy	Sample 4 Accuracy	Sample 5 Accuracy
TH03_0006_S01	DNAI2	Up	0.422233000683	0.311149060726	26.30868259404445	66.28220727484663	54.7486033519553	77.4582560296846	54.7486033519553	72.50996015936255	77.4582560296846	67.32558139534883	59.36863543788188
