Sample	Gene	Type	Expression	Threshold	Percent difference	Mean Accuracy	Minimum Accuracy	Maximum Accuracy	Sample 1 Accuracy	Sample 2 Accuracy	Sample 3 Accuracy	Sample 4 Accuracy	Sample 5 Accuracy
TH03_0006_S01	DNMT3B	Up	3.96624587322	3.92307591438	1.0884337537287498	80.86405896583582	73.3024040489245	86.72040729741197	79.1907514450867	86.72040729741197	86.61417322834646	78.4925588094095	73.3024040489245
