Sample	Gene	Type	Expression	Threshold	Percent difference	Mean Accuracy	Minimum Accuracy	Maximum Accuracy	Sample 1 Accuracy	Sample 2 Accuracy	Sample 3 Accuracy	Sample 4 Accuracy	Sample 5 Accuracy
TH03_0006_S01	FAM43B	Up	2.06004738367	1.74619269371	15.235314121797725	99.17753620412813	98.36601307189542	99.70930232558139	99.079754601227	99.10714285714286	99.70930232558139	99.625468164794	98.36601307189542
