Sample	Gene	Type	Expression	Threshold	Percent difference	Mean Accuracy	Minimum Accuracy	Maximum Accuracy	Sample 1 Accuracy	Sample 2 Accuracy	Sample 3 Accuracy	Sample 4 Accuracy	Sample 5 Accuracy
TH03_0006_S01	DLGAP1-AS1	Down	0.124328135002	0.261723399162	110.51019478237147	97.459545745658275	95.096921322691	99.50678175092479	97.51861042183623	98.81422924901186	99.50678175092479	96.3611859838275	95.096921322691
