Sample	Gene	Type	Expression	Threshold	Percent difference	Mean Accuracy	Minimum Accuracy	Maximum Accuracy	Sample 1 Accuracy	Sample 2 Accuracy	Sample 3 Accuracy	Sample 4 Accuracy	Sample 5 Accuracy
TH03_0006_S01	DUSP12	Up	6.02036885106	5.84194993973	2.96358770939069	99.88077469793888	99.70149253731343	100	100	100	100	99.70149253731343	99.70238095238095
