Sample	Gene	Type	Expression	Threshold	Percent difference	Mean Accuracy	Minimum Accuracy	Maximum Accuracy	Sample 1 Accuracy	Sample 2 Accuracy	Sample 3 Accuracy	Sample 4 Accuracy	Sample 5 Accuracy
TH03_0006_S01	LINC00908	Up	2.24488705912	1.42840445042	36.37076553063042	99.9071080650028	99.76076555023924	100	100	99.77477477477478	100	99.76076555023924	100
