Sample	Gene	Type	Expression	Threshold	Percent difference	Mean Accuracy	Minimum Accuracy	Maximum Accuracy	Sample 1 Accuracy	Sample 2 Accuracy	Sample 3 Accuracy	Sample 4 Accuracy	Sample 5 Accuracy
TH03_0006_S01	JPH2	Up	3.52982094653	3.41915082932	3.1352898315931506	98.51378894123825	96.83677773091523	99.73753280839895	98.79138202837625	99.36359779380568	99.73753280839895	97.83965434469515	96.83677773091523
