Sample	Gene	Type	Expression	Threshold	Percent difference	Mean Accuracy	Minimum Accuracy	Maximum Accuracy	Sample 1 Accuracy	Sample 2 Accuracy	Sample 3 Accuracy	Sample 4 Accuracy	Sample 5 Accuracy
TH03_0006_S01	HCN4	Up	0.6322682155	0.409074544907	35.3004729830516	87.32702096492648	81.98757763975155	93.75398342893563	85.24590163934425	90.31078610603291	93.75398342893563	85.33685601056803	81.98757763975155
