Sample	Gene	Type	Expression	Threshold	Percent difference	Mean Accuracy	Minimum Accuracy	Maximum Accuracy	Sample 1 Accuracy	Sample 2 Accuracy	Sample 3 Accuracy	Sample 4 Accuracy	Sample 5 Accuracy
TH03_0006_S01	DIS3L2	Up	5.24982454862	5.18733739853	1.1902712083287752	97.60971539291224	96.09929078014184	99.625468164794	96.09929078014184	99.625468164794	98.83040935672514	96.27118644067797	97.22222222222221
