Sample	Gene	Type	Expression	Threshold	Percent difference	Mean Accuracy	Minimum Accuracy	Maximum Accuracy	Sample 1 Accuracy	Sample 2 Accuracy	Sample 3 Accuracy	Sample 4 Accuracy	Sample 5 Accuracy
TH03_0006_S01	SH2B2	Up	4.82017896242	4.62551307678	4.038561372050529	99.14273630786269	98.20359281437125	99.81447124304268	98.20359281437125	99.8003992015968	99.81447124304268	99.12472647702407	98.77049180327869
