Sample	Gene	Type	Expression	Threshold	Percent difference	Mean Accuracy	Minimum Accuracy	Maximum Accuracy	Sample 1 Accuracy	Sample 2 Accuracy	Sample 3 Accuracy	Sample 4 Accuracy	Sample 5 Accuracy
TH03_0006_S01	RADIL	Up	3.9107326619	3.81685638428	2.4004780110535884	94.60786150256762	92.09809264305177	97.72727272727273	94.33106575963718	96.75324675324676	97.72727272727273	92.09809264305177	92.12962962962963
