Sample	Gene	Type	Expression	Threshold	Percent difference	Mean Accuracy	Minimum Accuracy	Maximum Accuracy	Sample 1 Accuracy	Sample 2 Accuracy	Sample 3 Accuracy	Sample 4 Accuracy	Sample 5 Accuracy
TH03_0006_S01	RP11-544L8__B.4	Up	0.226508529809	0.141808778048	37.39362567600515	81.17862755232377	76.98986975397975	86.01503759398497	76.98986975397975	85.53846153846155	86.01503759398497	80	77.34976887519261
