Sample	Gene	Type	Expression	Threshold	Percent difference	Mean Accuracy	Minimum Accuracy	Maximum Accuracy	Sample 1 Accuracy	Sample 2 Accuracy	Sample 3 Accuracy	Sample 4 Accuracy	Sample 5 Accuracy
TH03_0006_S01	AC138430.4	Up	0.2750070475	0.175973325968	36.011339502854014	87.6139948678739	82.43929983060417	94.0089228808158	85.45081967213115	90.37172455819622	94.0089228808158	85.79920739762218	82.43929983060417
