Sample	Gene	Type	Expression	Threshold	Percent difference	Mean Accuracy	Minimum Accuracy	Maximum Accuracy	Sample 1 Accuracy	Sample 2 Accuracy	Sample 3 Accuracy	Sample 4 Accuracy	Sample 5 Accuracy
TH03_0006_S01	LINC00315	Up	0.17632277264	0.120062358677	31.907627767326147	76.22249236765026	71.49460708782742	83.45864661654136	72.06946454413892	80.92307692307692	83.45864661654136	73.16666666666667	71.49460708782742
