Sample	Gene	Type	Expression	Threshold	Percent difference	Mean Accuracy	Minimum Accuracy	Maximum Accuracy	Sample 1 Accuracy	Sample 2 Accuracy	Sample 3 Accuracy	Sample 4 Accuracy	Sample 5 Accuracy
TH03_0006_S01	NDUFV3	Up	5.78083500174	5.77520370483	0.09741320948106755	21.57210520664437	17.28813559322034	28.08988764044944	20.212765957446805	28.08988764044944	24.561403508771928	17.28813559322034	17.708333333333336
