Sample	Gene	Type	Expression	Threshold	Percent difference	Mean Accuracy	Minimum Accuracy	Maximum Accuracy	Sample 1 Accuracy	Sample 2 Accuracy	Sample 3 Accuracy	Sample 4 Accuracy	Sample 5 Accuracy
TH03_0006_S01	POLR3K	Up	5.81531924578	5.80468845367	0.1828066811244142	35.123233763275266	27.363184079601986	50.57803468208093	27.363184079601986	50.57803468208093	38.07339449541284	29.289940828402365	30.31161473087819
