Sample	Gene	Type	Expression	Threshold	Percent difference	Mean Accuracy	Minimum Accuracy	Maximum Accuracy	Sample 1 Accuracy	Sample 2 Accuracy	Sample 3 Accuracy	Sample 4 Accuracy	Sample 5 Accuracy
TH03_0006_S01	TMIE	Up	2.17312743348	2.1070766449	3.039434667401341	63.06470477246975	53.53075170842825	73.44753747323341	56.067961165048544	69.38775510204081	73.44753747323341	62.889518413597735	53.53075170842825
