Sample	Gene	Type	Expression	Threshold	Percent difference	Mean Accuracy	Minimum Accuracy	Maximum Accuracy	Sample 1 Accuracy	Sample 2 Accuracy	Sample 3 Accuracy	Sample 4 Accuracy	Sample 5 Accuracy
TH03_0006_S01	RP1-199J3.7	Up	0.903038270113	0.8761895895	2.973149810100549	19.6092767438912	15.974212034383955	26.443057722308893	15.974212034383955	26.443057722308893	19.972733469665986	19.375573921028465	16.280806572068705
