Sample	Gene	Type	Expression	Threshold	Percent difference	Mean Accuracy	Minimum Accuracy	Maximum Accuracy	Sample 1 Accuracy	Sample 2 Accuracy	Sample 3 Accuracy	Sample 4 Accuracy	Sample 5 Accuracy
TH03_0006_S01	CCDC137	Up	6.23266075679	6.2081489563	0.39327987590687186	67.93750783873395	57.291666666666664	79.7752808988764	59.21985815602837	79.7752808988764	78.65497076023392	64.7457627118644	57.291666666666664
