Sample	Gene	Type	Expression	Threshold	Percent difference	Mean Accuracy	Minimum Accuracy	Maximum Accuracy	Sample 1 Accuracy	Sample 2 Accuracy	Sample 3 Accuracy	Sample 4 Accuracy	Sample 5 Accuracy
TH03_0006_S01	FAM225A	Up	2.83995958749	2.35468268394	17.087458064109114	99.71356368312931	99.50842696629213	99.88479262672811	99.68268359020853	99.88479262672811	99.78655282817502	99.50842696629213	99.70536240424278
