Sample	Gene	Type	Expression	Threshold	Percent difference	Mean Accuracy	Minimum Accuracy	Maximum Accuracy	Sample 1 Accuracy	Sample 2 Accuracy	Sample 3 Accuracy	Sample 4 Accuracy	Sample 5 Accuracy
TH03_0006_S01	AC139100.3	Up	2.13750352375	1.70914971828	20.03991107900039	98.71694209842164	97.66899766899768	99.79959919839679	97.92626728110599	99.49874686716792	99.79959919839679	98.69109947643979	97.66899766899768
