Sample	Gene	Type	Expression	Threshold	Percent difference	Mean Accuracy	Minimum Accuracy	Maximum Accuracy	Sample 1 Accuracy	Sample 2 Accuracy	Sample 3 Accuracy	Sample 4 Accuracy	Sample 5 Accuracy
TH03_0006_S01	AC092652.1	Up	2.16349873228	0.176311850548	91.8506145662404	99.95934959349593	99.79674796747967	100	100	99.79674796747967	100	100	100
