Sample	Gene	Type	Expression	Threshold	Percent difference	Mean Accuracy	Minimum Accuracy	Maximum Accuracy	Sample 1 Accuracy	Sample 2 Accuracy	Sample 3 Accuracy	Sample 4 Accuracy	Sample 5 Accuracy
TH03_0006_S01	FOXO3B	Up	2.59454854955	2.40402173996	7.343351105264335	90.143053176054	86.40776699029125	96.78800856531049	86.40776699029125	92.85714285714286	96.78800856531049	88.10198300283287	86.56036446469248
