Sample	Gene	Type	Expression	Threshold	Percent difference	Mean Accuracy	Minimum Accuracy	Maximum Accuracy	Sample 1 Accuracy	Sample 2 Accuracy	Sample 3 Accuracy	Sample 4 Accuracy	Sample 5 Accuracy
TH03_0006_S01	PTPRT	Up	1.55090066465	1.48870754242	4.010129316956319	85.74826039916198	77.54861520329995	91.47465437788019	85.22212148685404	91.47465437788019	90.92849519743864	83.56741573033707	77.54861520329995
