Sample	Gene	Type	Expression	Threshold	Percent difference	Mean Accuracy	Minimum Accuracy	Maximum Accuracy	Sample 1 Accuracy	Sample 2 Accuracy	Sample 3 Accuracy	Sample 4 Accuracy	Sample 5 Accuracy
TH03_0006_S01	RP11-346D14.1	Up	0.17632277264	0.106960088015	39.33847204559249	82.58018331015624	79.0990990990991	85.62992125984252	79.0990990990991	85.62992125984252	85.42435424354244	82.59911894273128	80.14842300556586
