Sample	Gene	Type	Expression	Threshold	Percent difference	Mean Accuracy	Minimum Accuracy	Maximum Accuracy	Sample 1 Accuracy	Sample 2 Accuracy	Sample 3 Accuracy	Sample 4 Accuracy	Sample 5 Accuracy
TH03_0006_S01	KTI12	Up	4.53791724903	4.45835065842	1.75337244474893	85.36291295138366	80.19047619047619	93.34500875656742	81.73076923076923	90.94567404426559	93.34500875656742	80.19047619047619	80.60263653483992
