Sample	Gene	Type	Expression	Threshold	Percent difference	Mean Accuracy	Minimum Accuracy	Maximum Accuracy	Sample 1 Accuracy	Sample 2 Accuracy	Sample 3 Accuracy	Sample 4 Accuracy	Sample 5 Accuracy
TH03_0006_S01	TEX19	Up	0.53605290024	0.311149060726	41.95553077192693	81.21146430418625	72.74800456100343	93.34155363748458	76.55086848635236	84.98023715415019	93.34155363748458	78.4366576819407	72.74800456100343
