Sample	Gene	Type	Expression	Threshold	Percent difference	Mean Accuracy	Minimum Accuracy	Maximum Accuracy	Sample 1 Accuracy	Sample 2 Accuracy	Sample 3 Accuracy	Sample 4 Accuracy	Sample 5 Accuracy
TH03_0296_S02	RP1-59D14.10	Up	0.516015147004	0.071774750948	86.09057285145089	76.890080440908	67.24565756823822	88	67.24565756823822	81.27853881278538	88	77.01711491442543	70.9090909090909
