Sample	Gene	Type	Expression	Threshold	Percent difference	Mean Accuracy	Minimum Accuracy	Maximum Accuracy	Sample 1 Accuracy	Sample 2 Accuracy	Sample 3 Accuracy	Sample 4 Accuracy	Sample 5 Accuracy
TH03_0296_S02	ZNF536	Up	1.23266075679	0.974200367928	20.967682100553166	99.85161206021655	99.71910112359551	100	99.77334542157752	99.94239631336406	100	99.71910112359551	99.82321744254567
