Sample	Gene	Type	Expression	Threshold	Percent difference	Mean Accuracy	Minimum Accuracy	Maximum Accuracy	Sample 1 Accuracy	Sample 2 Accuracy	Sample 3 Accuracy	Sample 4 Accuracy	Sample 5 Accuracy
TH03_0296_S02	CD1E	Up	3.29425313644	2.95705986023	10.235803450562846	99.87648356047492	99.77924944812362	100	100	100	99.800796812749	99.80237154150198	99.77924944812362
