Sample	Gene	Type	Expression	Threshold	Percent difference	Mean Accuracy	Minimum Accuracy	Maximum Accuracy	Sample 1 Accuracy	Sample 2 Accuracy	Sample 3 Accuracy	Sample 4 Accuracy	Sample 5 Accuracy
TH03_0296_S02	IQCH	Up	2.89530262133	2.55332541466	11.811449488927948	97.67503664326851	95.81005586592178	99.75186104218362	97.38219895287958	98.9010989010989	99.75186104218362	96.52996845425868	95.81005586592178
