Sample	Gene	Type	Expression	Threshold	Percent difference	Mean Accuracy	Minimum Accuracy	Maximum Accuracy	Sample 1 Accuracy	Sample 2 Accuracy	Sample 3 Accuracy	Sample 4 Accuracy	Sample 5 Accuracy
TH03_0296_S02	ADCY4	Up	4.96855160336	4.63168621063	6.779951575871602	99.84471187809062	99.45504087193461	100	100	100	100	99.45504087193461	99.76851851851852
