Sample	Gene	Type	Expression	Threshold	Percent difference	Mean Accuracy	Minimum Accuracy	Maximum Accuracy	Sample 1 Accuracy	Sample 2 Accuracy	Sample 3 Accuracy	Sample 4 Accuracy	Sample 5 Accuracy
TH03_0296_S02	KLHL41	Up	1.44890095115	1.40828156471	2.8034619211037266	57.55662357080937	48.17351598173516	66.73728813559322	48.17351598173516	63.96396396396396	66.73728813559322	57.655502392344495	51.252847380410024
