Sample	Gene	Type	Expression	Threshold	Percent difference	Mean Accuracy	Minimum Accuracy	Maximum Accuracy	Sample 1 Accuracy	Sample 2 Accuracy	Sample 3 Accuracy	Sample 4 Accuracy	Sample 5 Accuracy
TH03_0296_S02	RP11-12D24.6	Up	1.23266075679	1.18794322014	3.627724530344429	12.592300839555472	9.659090909090908	15.602836879432624	9.659090909090908	15.602836879432624	12.878787878787879	13.709677419354838	11.11111111111111
