Sample	Gene	Type	Expression	Threshold	Percent difference	Mean Accuracy	Minimum Accuracy	Maximum Accuracy	Sample 1 Accuracy	Sample 2 Accuracy	Sample 3 Accuracy	Sample 4 Accuracy	Sample 5 Accuracy
TH03_0296_S02	RP11-401P9.6	Up	0.545968369105	0.141808778048	74.0261916124435	92.78270132648227	89.72972972972974	96.12546125461255	89.72972972972974	95.07874015748031	96.12546125461255	92.07048458149781	90.9090909090909
