Sample	Gene	Type	Expression	Threshold	Percent difference	Mean Accuracy	Minimum Accuracy	Maximum Accuracy	Sample 1 Accuracy	Sample 2 Accuracy	Sample 3 Accuracy	Sample 4 Accuracy	Sample 5 Accuracy
TH03_0296_S02	MAP1LC3C	Up	2.35049724708	1.27595615387	45.71547975837419	99.90323297801388	99.75369458128078	100	100	99.7624703087886	100	100	99.75369458128078
