Sample	Gene	Type	Expression	Threshold	Percent difference	Mean Accuracy	Minimum Accuracy	Maximum Accuracy	Sample 1 Accuracy	Sample 2 Accuracy	Sample 3 Accuracy	Sample 4 Accuracy	Sample 5 Accuracy
TH03_0296_S02	CCDC175	Up	0.124328135002	0.106960088015	13.969522656091172	60.56589228650696	52.13358070500927	68.50393700787401	52.25225225225225	68.50393700787401	68.26568265682657	61.67400881057269	52.13358070500927
