Sample	Gene	Type	Expression	Threshold	Percent difference	Mean Accuracy	Minimum Accuracy	Maximum Accuracy	Sample 1 Accuracy	Sample 2 Accuracy	Sample 3 Accuracy	Sample 4 Accuracy	Sample 5 Accuracy
TH03_0296_S02	KCNA4	Up	0.815575428863	0.106960088015	86.88532240799432	92.38463743198797	89.72222222222223	97.36147757255937	90.65656565656566	89.72222222222223	97.36147757255937	93.13432835820895	91.04859335038363
