Sample	Gene	Type	Expression	Threshold	Percent difference	Mean Accuracy	Minimum Accuracy	Maximum Accuracy	Sample 1 Accuracy	Sample 2 Accuracy	Sample 3 Accuracy	Sample 4 Accuracy	Sample 5 Accuracy
TH03_0296_S02	GRAMD2	Up	4.31251996747	4.00782585144	7.065338093002578	99.82936068926213	99.4535519125683	100	100	100	100	99.69325153374233	99.4535519125683
