Sample	Gene	Type	Expression	Threshold	Percent difference	Mean Accuracy	Minimum Accuracy	Maximum Accuracy	Sample 1 Accuracy	Sample 2 Accuracy	Sample 3 Accuracy	Sample 4 Accuracy	Sample 5 Accuracy
TH03_0296_S02	SNX25	Up	5.30085587127	5.21307945251	1.6558914426581088	99.25568080157453	97.10144927536231	100	100	100	100	99.1769547325103	97.10144927536231
