Sample	Gene	Type	Expression	Threshold	Percent difference	Mean Accuracy	Minimum Accuracy	Maximum Accuracy	Sample 1 Accuracy	Sample 2 Accuracy	Sample 3 Accuracy	Sample 4 Accuracy	Sample 5 Accuracy
TH03_0296_S02	RP11-596D21.1	Up	0.432959407276	0.277918636799	35.80953961768654	71.21617902418842	60.53008595988538	87.18473074301295	60.53008595988538	75.74102964118565	87.18473074301295	70.33976124885216	62.28528752800597
