Sample	Gene	Type	Expression	Threshold	Percent difference	Mean Accuracy	Minimum Accuracy	Maximum Accuracy	Sample 1 Accuracy	Sample 2 Accuracy	Sample 3 Accuracy	Sample 4 Accuracy	Sample 5 Accuracy
TH03_0296_S02	MBIP	Up	6.19692173382	6.15103960037	0.7404020160460666	86.09065944882458	80.59701492537313	94.50867052023122	80.59701492537313	94.50867052023122	90.36697247706422	82.54437869822485	82.43626062322946
