Sample	Gene	Type	Expression	Threshold	Percent difference	Mean Accuracy	Minimum Accuracy	Maximum Accuracy	Sample 1 Accuracy	Sample 2 Accuracy	Sample 3 Accuracy	Sample 4 Accuracy	Sample 5 Accuracy
TH03_0296_S02	FAM227A	Up	2.06695024392	1.99214303493	3.61920705203465	83.08998616460231	74.5433117265763	89.86175115207374	82.00362647325477	89.86175115207374	88.63393810032018	80.40730337078652	74.5433117265763
