Sample	Gene	Type	Expression	Threshold	Percent difference	Mean Accuracy	Minimum Accuracy	Maximum Accuracy	Sample 1 Accuracy	Sample 2 Accuracy	Sample 3 Accuracy	Sample 4 Accuracy	Sample 5 Accuracy
TH03_0296_S02	KCNH6	Up	0.526068811668	0.504391551018	4.120613153489967	40.05318881140432	33.653303218520605	48.62970044614404	35.19467213114754	46.13040828762949	48.62970044614404	36.65785997357992	33.653303218520605
