Sample	Gene	Type	Expression	Threshold	Percent difference	Mean Accuracy	Minimum Accuracy	Maximum Accuracy	Sample 1 Accuracy	Sample 2 Accuracy	Sample 3 Accuracy	Sample 4 Accuracy	Sample 5 Accuracy
TH03_0157_S01	RBMXP4	Up	1.0071955014	0.682779431343	32.20984104933573	99.62022116633469	98.76847290640394	100	100	99.5249406175772	99.8076923076923	100	98.76847290640394
