Sample	Gene	Type	Expression	Threshold	Percent difference	Mean Accuracy	Minimum Accuracy	Maximum Accuracy	Sample 1 Accuracy	Sample 2 Accuracy	Sample 3 Accuracy	Sample 4 Accuracy	Sample 5 Accuracy
TH03_0157_S01	LINC01096	Up	1.63691458036	0.6579002738	59.808515258303174	99.90325464009675	99.74937343358395	100	100	99.74937343358395	100	100	99.76689976689977
