Sample	Gene	Type	Expression	Threshold	Percent difference	Mean Accuracy	Minimum Accuracy	Maximum Accuracy	Sample 1 Accuracy	Sample 2 Accuracy	Sample 3 Accuracy	Sample 4 Accuracy	Sample 5 Accuracy
TH03_0157_S01	RP11-1055B8.4	Up	4.82273014794	4.18705844879	13.180743679418242	99.96190476190476	99.80952380952381	100	100	100	100	99.80952380952381	100
