Sample	Gene	Type	Expression	Threshold	Percent difference	Mean Accuracy	Minimum Accuracy	Maximum Accuracy	Sample 1 Accuracy	Sample 2 Accuracy	Sample 3 Accuracy	Sample 4 Accuracy	Sample 5 Accuracy
TH03_0157_S01	RN7SKP150	Up	1.11769504267	1.00159060955	10.387845403934564	52.72256597085012	36.2962962962963	68.08510638297872	44.88636363636363	68.08510638297872	65.15151515151516	49.193548387096776	36.2962962962963
