Sample	Gene	Type	Expression	Threshold	Percent difference	Mean Accuracy	Minimum Accuracy	Maximum Accuracy	Sample 1 Accuracy	Sample 2 Accuracy	Sample 3 Accuracy	Sample 4 Accuracy	Sample 5 Accuracy
TH03_0157_S01	RP11-546J1.1	Up	1.68706068834	1.36628365517	19.013959330984807	96.43568924338032	94.48441247002398	98.93111638954869	96.60194174757282	97.5609756097561	98.93111638954869	94.48441247002398	94.6
