Sample	Gene	Type	Expression	Threshold	Percent difference	Mean Accuracy	Minimum Accuracy	Maximum Accuracy	Sample 1 Accuracy	Sample 2 Accuracy	Sample 3 Accuracy	Sample 4 Accuracy	Sample 5 Accuracy
TH03_0157_S01	AC145124.2	Up	3.49185309633	3.39227080345	2.8518465735188694	95.75864141108737	93.8388625592417	98.60557768924303	93.8388625592417	98.23788546255507	98.60557768924303	94.0711462450593	94.03973509933775
