Sample	Gene	Type	Expression	Threshold	Percent difference	Mean Accuracy	Minimum Accuracy	Maximum Accuracy	Sample 1 Accuracy	Sample 2 Accuracy	Sample 3 Accuracy	Sample 4 Accuracy	Sample 5 Accuracy
TH03_0157_S01	LINC01119	Up	1.52606881167	1.4551115036	4.649679459234244	65.29955879669836	56.10859728506787	74.61538461538461	56.10859728506787	74.58432304038006	74.61538461538461	61.58357771260997	59.60591133004927
