Sample	Gene	Type	Expression	Threshold	Percent difference	Mean Accuracy	Minimum Accuracy	Maximum Accuracy	Sample 1 Accuracy	Sample 2 Accuracy	Sample 3 Accuracy	Sample 4 Accuracy	Sample 5 Accuracy
TH03_0157_S01	XXyac-YR38GF2.1	Up	0.13750352375	0.071774750948	47.80151883344008	89.16993111629716	84.58498023715416	94.5825366475462	87.34631147540983	91.22486288848263	94.5825366475462	88.11096433289299	84.58498023715416
