Sample	Gene	Type	Expression	Threshold	Percent difference	Mean Accuracy	Minimum Accuracy	Maximum Accuracy	Sample 1 Accuracy	Sample 2 Accuracy	Sample 3 Accuracy	Sample 4 Accuracy	Sample 5 Accuracy
TH03_0157_S01	ZNF876P	Up	2.22958792274	1.80172348022	19.1902924372763	99.30013143790704	98.7864077669903	99.78586723768737	98.7864077669903	99.74489795918367	99.78586723768737	98.86685552407933	99.31662870159454
