Sample	Gene	Type	Expression	Threshold	Percent difference	Mean Accuracy	Minimum Accuracy	Maximum Accuracy	Sample 1 Accuracy	Sample 2 Accuracy	Sample 3 Accuracy	Sample 4 Accuracy	Sample 5 Accuracy
TH03_0157_S01	WRN	Up	4.32624970084	4.22826957703	2.264781984058295	96.28380014314375	92.95655841417123	98.51268591426073	96.21650026274303	98.00593975392448	98.51268591426073	95.72731637061929	92.95655841417123
