Sample	Gene	Type	Expression	Threshold	Percent difference	Mean Accuracy	Minimum Accuracy	Maximum Accuracy	Sample 1 Accuracy	Sample 2 Accuracy	Sample 3 Accuracy	Sample 4 Accuracy	Sample 5 Accuracy
TH03_0157_S01	RP1-228H13.5	Up	3.14241343787	3.03420948982	3.443339019175766	98.02556529726634	96.73024523160763	99.31818181818181	98.1859410430839	99.13419913419914	99.31818181818181	96.73024523160763	96.75925925925925
