Sample	Gene	Type	Expression	Threshold	Percent difference	Mean Accuracy	Minimum Accuracy	Maximum Accuracy	Sample 1 Accuracy	Sample 2 Accuracy	Sample 3 Accuracy	Sample 4 Accuracy	Sample 5 Accuracy
TH03_0157_S01	MYOZ1	Up	2.85996954822	2.84378957748	0.5657392663523381	13.598683518242316	9.567198177676538	16.101694915254235	12.557077625570775	13.73873873873874	16.101694915254235	16.028708133971293	9.567198177676538
