Sample	Gene	Type	Expression	Threshold	Percent difference	Mean Accuracy	Minimum Accuracy	Maximum Accuracy	Sample 1 Accuracy	Sample 2 Accuracy	Sample 3 Accuracy	Sample 4 Accuracy	Sample 5 Accuracy
TH03_0157_S01	RP11-483I13.5	Up	1.46988597627	1.41161453724	3.964350974887888	69.24015827960837	58.675799086758	77.92792792792793	58.675799086758	77.92792792792793	77.54237288135593	70.09569377990431	61.958997722095674
