Sample	Gene	Type	Expression	Threshold	Percent difference	Mean Accuracy	Minimum Accuracy	Maximum Accuracy	Sample 1 Accuracy	Sample 2 Accuracy	Sample 3 Accuracy	Sample 4 Accuracy	Sample 5 Accuracy
TH03_0157_S01	RP11-114N19.3	Up	1.09761079663	0.840748906136	23.401909974158816	95.85089136272249	93.43163538873995	98.35271317829456	93.43163538873995	97.92	98.35271317829456	96.05568445475639	93.49442379182156
