Sample	Gene	Type	Expression	Threshold	Percent difference	Mean Accuracy	Minimum Accuracy	Maximum Accuracy	Sample 1 Accuracy	Sample 2 Accuracy	Sample 3 Accuracy	Sample 4 Accuracy	Sample 5 Accuracy
TH03_0157_S01	AC138744.2	Up	1.0285691522	0.6579002738	36.03733182228717	85.77170122640267	77.77777777777779	92.04545454545455	79.54545454545455	90.78014184397163	92.04545454545455	88.70967741935483	77.77777777777779
