Sample	Gene	Type	Expression	Threshold	Percent difference	Mean Accuracy	Minimum Accuracy	Maximum Accuracy	Sample 1 Accuracy	Sample 2 Accuracy	Sample 3 Accuracy	Sample 4 Accuracy	Sample 5 Accuracy
TH03_0157_S01	XX-C2158C6.1	Up	1.06350294231	1.00159060955	5.82154785820547	51.83152998286779	43.83378016085791	63.08139534883721	43.83378016085791	60.160000000000004	63.08139534883721	46.17169373549884	45.91078066914498
