Sample	Gene	Type	Expression	Threshold	Percent difference	Mean Accuracy	Minimum Accuracy	Maximum Accuracy	Sample 1 Accuracy	Sample 2 Accuracy	Sample 3 Accuracy	Sample 4 Accuracy	Sample 5 Accuracy
TH03_0157_S01	DLX3	Up	3.71259578045	3.65423059464	1.5720856581624858	85.20182641630676	77.77777777777779	90.9090909090909	83.90022675736961	90.04329004329004	90.9090909090909	83.37874659400545	77.77777777777779
