Sample	Gene	Type	Expression	Threshold	Percent difference	Mean Accuracy	Minimum Accuracy	Maximum Accuracy	Sample 1 Accuracy	Sample 2 Accuracy	Sample 3 Accuracy	Sample 4 Accuracy	Sample 5 Accuracy
TH03_0157_S01	RP11-102M11.2	Up	0.20163386117	0.141808778048	29.670156974061392	83.36045425388212	77.4703557312253	90.82217973231359	81.09631147540983	86.89823278488727	90.82217973231359	80.51519154557464	77.4703557312253
