Sample	Gene	Type	Expression	Threshold	Percent difference	Mean Accuracy	Minimum Accuracy	Maximum Accuracy	Sample 1 Accuracy	Sample 2 Accuracy	Sample 3 Accuracy	Sample 4 Accuracy	Sample 5 Accuracy
TH03_0157_S01	CTD-3105H18.4	Up	0.59454854955	0.535611569881	9.912896047531872	44.333664882253984	34.43557582668187	54.13070283600493	40.074441687344915	51.38339920948617	54.13070283600493	41.64420485175202	34.43557582668187
