Sample	Gene	Type	Expression	Threshold	Percent difference	Mean Accuracy	Minimum Accuracy	Maximum Accuracy	Sample 1 Accuracy	Sample 2 Accuracy	Sample 3 Accuracy	Sample 4 Accuracy	Sample 5 Accuracy
TH03_0157_S01	LRRD1	Up	0.411426245726	0.256172209978	37.73556922068493	82.13088744001365	74.93606138107417	89.9736147757256	78.78787878787878	82.77777777777777	89.9736147757256	84.17910447761194	74.93606138107417
