Sample	Gene	Type	Expression	Threshold	Percent difference	Mean Accuracy	Minimum Accuracy	Maximum Accuracy	Sample 1 Accuracy	Sample 2 Accuracy	Sample 3 Accuracy	Sample 4 Accuracy	Sample 5 Accuracy
TH03_0157_S01	WEE2	Up	0.344828496997	0.188761264086	45.25937800098865	79.99071103167148	72.83549783549783	90.990990990991	72.83549783549783	82.71604938271605	90.990990990991	80	73.41101694915254
