Sample	Gene	Type	Expression	Threshold	Percent difference	Mean Accuracy	Minimum Accuracy	Maximum Accuracy	Sample 1 Accuracy	Sample 2 Accuracy	Sample 3 Accuracy	Sample 4 Accuracy	Sample 5 Accuracy
TH03_0157_S01	AC016909.1	Up	0.0703893278914	0.0358882322907	49.01466832291669	81.26308961310347	74.13419913419914	91.77927927927928	74.13419913419914	83.27721661054994	91.77927927927928	81.59509202453987	75.52966101694916
