Sample	Gene	Type	Expression	Threshold	Percent difference	Mean Accuracy	Minimum Accuracy	Maximum Accuracy	Sample 1 Accuracy	Sample 2 Accuracy	Sample 3 Accuracy	Sample 4 Accuracy	Sample 5 Accuracy
TH03_0157_S01	ZNF596	Up	3.91934008244	3.89073848724	0.7297553822426661	55.570206837100024	43.0327868852459	65.86826347305389	49.9001996007984	65.86826347305389	64.56400742115028	54.48577680525164	43.0327868852459
