Sample	Gene	Type	Expression	Threshold	Percent difference	Mean Accuracy	Minimum Accuracy	Maximum Accuracy	Sample 1 Accuracy	Sample 2 Accuracy	Sample 3 Accuracy	Sample 4 Accuracy	Sample 5 Accuracy
TH03_0157_S01	CTD-2349P21.10	Up	1.83592407425	1.34038150311	26.99145232040361	77.81671727570836	68.88888888888889	87.2340425531915	69.88636363636364	87.2340425531915	84.84848484848484	78.2258064516129	68.88888888888889
