Sample	Gene	Type	Expression	Threshold	Percent difference	Mean Accuracy	Minimum Accuracy	Maximum Accuracy	Sample 1 Accuracy	Sample 2 Accuracy	Sample 3 Accuracy	Sample 4 Accuracy	Sample 5 Accuracy
TH03_0157_S01	RP1-179N16.6	Up	2.04614178164	1.84505105019	9.827800461062086	88.8458760953467	82.26600985221675	94.53681710213777	86.87782805429865	94.53681710213777	94.03846153846153	86.51026392961877	82.26600985221675
