Sample	Gene	Type	Expression	Threshold	Percent difference	Mean Accuracy	Minimum Accuracy	Maximum Accuracy	Sample 1 Accuracy	Sample 2 Accuracy	Sample 3 Accuracy	Sample 4 Accuracy	Sample 5 Accuracy
TH03_0157_S01	SCNN1D	Up	4.26903314646	4.24118947983	0.6522241846046257	54.95534835462823	45.601851851851855	64.31818181818181	51.02040816326531	62.33766233766234	64.31818181818181	51.49863760217984	45.601851851851855
