Sample	Gene	Type	Expression	Threshold	Percent difference	Mean Accuracy	Minimum Accuracy	Maximum Accuracy	Sample 1 Accuracy	Sample 2 Accuracy	Sample 3 Accuracy	Sample 4 Accuracy	Sample 5 Accuracy
TH03_0157_S01	AC096574.5	Up	1.124328135	0.482645124197	57.07257435152595	99.90043590251635	99.74489795918367	100	99.75728155339806	99.74489795918367	100	100	100
