Sample	Gene	Type	Expression	Threshold	Percent difference	Mean Accuracy	Minimum Accuracy	Maximum Accuracy	Sample 1 Accuracy	Sample 2 Accuracy	Sample 3 Accuracy	Sample 4 Accuracy	Sample 5 Accuracy
TH03_0157_S01	AP001347.6	Up	2.33342373373	2.21326541901	5.149442554435925	74.09427764351891	64.1025641025641	84.5691382765531	69.81566820276498	78.94736842105263	84.5691382765531	73.03664921465969	64.1025641025641
