Sample	Gene	Type	Expression	Threshold	Percent difference	Mean Accuracy	Minimum Accuracy	Maximum Accuracy	Sample 1 Accuracy	Sample 2 Accuracy	Sample 3 Accuracy	Sample 4 Accuracy	Sample 5 Accuracy
TH03_0157_S01	LRRC43	Up	2.79077203786	2.61823892593	6.1822717724483365	75.58468121837385	69.95073891625616	84.08551068883611	70.13574660633483	84.08551068883611	83.07692307692308	70.67448680351906	69.95073891625616
