Sample	Gene	Type	Expression	Threshold	Percent difference	Mean Accuracy	Minimum Accuracy	Maximum Accuracy	Sample 1 Accuracy	Sample 2 Accuracy	Sample 3 Accuracy	Sample 4 Accuracy	Sample 5 Accuracy
TH03_0157_S01	RP1-153G14.4	Up	0.978195629682	0.772090137005	21.069966622525452	68.97305416793192	62.14833759590793	77.83641160949868	63.38383838383839	71.94444444444444	77.83641160949868	69.55223880597015	62.14833759590793
