Sample	Gene	Type	Expression	Threshold	Percent difference	Mean Accuracy	Minimum Accuracy	Maximum Accuracy	Sample 1 Accuracy	Sample 2 Accuracy	Sample 3 Accuracy	Sample 4 Accuracy	Sample 5 Accuracy
TH03_0157_S01	CYP51A1-AS1	Up	0.356143810225	0.268084198236	24.72585777452284	74.29536021469895	68.18181818181817	82.58575197889182	68.18181818181817	76.38888888888889	82.58575197889182	75.5223880597015	68.79795396419436
