Sample	Gene	Type	Expression	Threshold	Percent difference	Mean Accuracy	Minimum Accuracy	Maximum Accuracy	Sample 1 Accuracy	Sample 2 Accuracy	Sample 3 Accuracy	Sample 4 Accuracy	Sample 5 Accuracy
TH03_0157_S01	CTC-523E23.1	Up	1.464668267	1.40466690063	4.09658403352299	80.16350693110408	72.6235741444867	87.85714285714286	77.00348432055749	85.55555555555556	87.85714285714286	77.77777777777779	72.6235741444867
