Sample	Gene	Type	Expression	Threshold	Percent difference	Mean Accuracy	Minimum Accuracy	Maximum Accuracy	Sample 1 Accuracy	Sample 2 Accuracy	Sample 3 Accuracy	Sample 4 Accuracy	Sample 5 Accuracy
TH03_0157_S01	RP11-361L15.5	Up	1.50080205306	0.970738589764	35.31867924988831	99.83848428715349	99.57264957264957	100	100	100	100	99.57264957264957	99.61977186311786
