Sample	Gene	Type	Expression	Threshold	Percent difference	Mean Accuracy	Minimum Accuracy	Maximum Accuracy	Sample 1 Accuracy	Sample 2 Accuracy	Sample 3 Accuracy	Sample 4 Accuracy	Sample 5 Accuracy
TH03_0157_S01	CD7	Up	6.94204525992	6.81500577927	1.830000754726635	99.4107557450841	98.21428571428571	100	99.72222222222223	99.71428571428571	100	99.40298507462687	98.21428571428571
