Sample	Gene	Type	Expression	Threshold	Percent difference	Mean Accuracy	Minimum Accuracy	Maximum Accuracy	Sample 1 Accuracy	Sample 2 Accuracy	Sample 3 Accuracy	Sample 4 Accuracy	Sample 5 Accuracy
TH03_0157_S01	PRSS46	Up	0.879705766282	0.311149060726	64.63032610993965	84.91078254408723	78.86482449589246	91.75187457396046	78.93982808022922	89.78159126365055	91.75187457396046	85.2157943067034	78.86482449589246
