Sample	Gene	Type	Expression	Threshold	Percent difference	Mean Accuracy	Minimum Accuracy	Maximum Accuracy	Sample 1 Accuracy	Sample 2 Accuracy	Sample 3 Accuracy	Sample 4 Accuracy	Sample 5 Accuracy
TH03_0157_S01	CSPG4P12	Up	2.60644222813	1.76358938217	32.33729245419369	99.9533178653823	99.88214496169712	100	99.95466908431551	100	100	99.92977528089888	99.88214496169712
