Sample	Gene	Type	Expression	Threshold	Percent difference	Mean Accuracy	Minimum Accuracy	Maximum Accuracy	Sample 1 Accuracy	Sample 2 Accuracy	Sample 3 Accuracy	Sample 4 Accuracy	Sample 5 Accuracy
TH03_0157_S01	RP1-168L15.5	Up	0.495695162624	0.471435546875	4.8940594095330425	28.795337698538628	21.504237288135595	39.414414414414416	22.835497835497836	34.45566778900112	39.414414414414416	25.766871165644172	21.504237288135595
