Sample	Gene	Type	Expression	Threshold	Percent difference	Mean Accuracy	Minimum Accuracy	Maximum Accuracy	Sample 1 Accuracy	Sample 2 Accuracy	Sample 3 Accuracy	Sample 4 Accuracy	Sample 5 Accuracy
TH03_0157_S01	AHSA2	Up	7.28197637786	7.25383710861	0.3864235173236018	93.62515749176197	89.0625	95.83333333333334	92.53731343283582	95.45454545454545	95.23809523809523	89.0625	95.83333333333334
