Sample	Gene	Type	Expression	Threshold	Percent difference	Mean Accuracy	Minimum Accuracy	Maximum Accuracy	Sample 1 Accuracy	Sample 2 Accuracy	Sample 3 Accuracy	Sample 4 Accuracy	Sample 5 Accuracy
TH03_0157_S01	CTB-131B5.5	Up	1.28095631383	0.756586909294	40.93577578521471	99.9909338168631	99.95466908431551	100	99.95466908431551	100	100	100	100
