Sample	Gene	Type	Expression	Threshold	Percent difference	Mean Accuracy	Minimum Accuracy	Maximum Accuracy	Sample 1 Accuracy	Sample 2 Accuracy	Sample 3 Accuracy	Sample 4 Accuracy	Sample 5 Accuracy
TH03_0157_S01	SLC2A3P2	Up	0.286881147788	0.244026988745	14.937948824252631	51.12822435166811	40.4096834264432	59.46196660482374	40.4096834264432	57.27091633466136	59.46196660482374	53.48837209302325	45.010183299389
