Sample	Gene	Type	Expression	Threshold	Percent difference	Mean Accuracy	Minimum Accuracy	Maximum Accuracy	Sample 1 Accuracy	Sample 2 Accuracy	Sample 3 Accuracy	Sample 4 Accuracy	Sample 5 Accuracy
TH03_0286_S01	CNDP1	Up	2.28095631383	0.964658737183	57.708144985766	99.90043590251635	99.74489795918367	100	99.75728155339806	99.74489795918367	100	100	100
