Sample	Gene	Type	Expression	Threshold	Percent difference	Mean Accuracy	Minimum Accuracy	Maximum Accuracy	Sample 1 Accuracy	Sample 2 Accuracy	Sample 3 Accuracy	Sample 4 Accuracy	Sample 5 Accuracy
TH03_0286_S01	NPB	Up	2.34198574723	1.30470132828	44.29080835256386	99.72536223069851	99.39024390243902	100	99.67637540453075	99.39024390243902	100	99.76019184652279	99.8
