Sample	Gene	Type	Expression	Threshold	Percent difference	Mean Accuracy	Minimum Accuracy	Maximum Accuracy	Sample 1 Accuracy	Sample 2 Accuracy	Sample 3 Accuracy	Sample 4 Accuracy	Sample 5 Accuracy
TH03_0286_S01	ZCCHC9	Up	5.79649392943	5.61033296585	3.2116131897391114	99.8490852831008	99.54128440366972	100	100	100	99.54128440366972	99.70414201183432	100
