Sample	Gene	Type	Expression	Threshold	Percent difference	Mean Accuracy	Minimum Accuracy	Maximum Accuracy	Sample 1 Accuracy	Sample 2 Accuracy	Sample 3 Accuracy	Sample 4 Accuracy	Sample 5 Accuracy
TH03_0286_S01	TECTB	Up	0.163498732283	0.0714228823781	56.31594118144346	90.65704948877399	87.56756756756758	94.8339483394834	87.56756756756758	93.50393700787401	94.8339483394834	88.32599118942731	89.05380333951763
