Sample	Gene	Type	Expression	Threshold	Percent difference	Mean Accuracy	Minimum Accuracy	Maximum Accuracy	Sample 1 Accuracy	Sample 2 Accuracy	Sample 3 Accuracy	Sample 4 Accuracy	Sample 5 Accuracy
TH03_0286_S01	RP11-404O13.1	Up	0.464668267003	0.409074544907	11.964174453867123	34.85711740148997	29.51111111111111	44.5113478462251	29.51111111111111	44.5113478462251	35.65539983511954	33.35483870967742	31.252889505316688
