Sample	Gene	Type	Expression	Threshold	Percent difference	Mean Accuracy	Minimum Accuracy	Maximum Accuracy	Sample 1 Accuracy	Sample 2 Accuracy	Sample 3 Accuracy	Sample 4 Accuracy	Sample 5 Accuracy
TH03_0286_S01	AQP6	Up	1.09761079663	1.01846182346	7.2110235625425165	91.51132309174916	87.43016759776536	95.7816377171216	91.62303664921467	93.13186813186813	95.7816377171216	89.58990536277602	87.43016759776536
