Sample	Gene	Type	Expression	Threshold	Percent difference	Mean Accuracy	Minimum Accuracy	Maximum Accuracy	Sample 1 Accuracy	Sample 2 Accuracy	Sample 3 Accuracy	Sample 4 Accuracy	Sample 5 Accuracy
TH03_0286_S01	LINC00939	Up	0.863938450424	0.472911119461	45.261017236944745	89.08499976519164	84.58498023715416	94.5825366475462	86.98770491803278	91.22486288848263	94.5825366475462	88.0449141347424	84.58498023715416
