Sample	Gene	Type	Expression	Threshold	Percent difference	Mean Accuracy	Minimum Accuracy	Maximum Accuracy	Sample 1 Accuracy	Sample 2 Accuracy	Sample 3 Accuracy	Sample 4 Accuracy	Sample 5 Accuracy
TH03_0286_S01	DBNL	Down	4.33842441478	4.61294221878	6.3275921798886525	99.82936068926213	99.4535519125683	100	100	100	100	99.69325153374233	99.4535519125683
