Sample	Gene	Type	Expression	Threshold	Percent difference	Mean Accuracy	Minimum Accuracy	Maximum Accuracy	Sample 1 Accuracy	Sample 2 Accuracy	Sample 3 Accuracy	Sample 4 Accuracy	Sample 5 Accuracy
TH03_0286_S01	RP11-941H19.1	Up	0.333423733725	0.141808778048	57.46890106960397	82.0643259439396	75.08090614886731	92.25061830173125	75.91111111111111	87.4015748031496	92.25061830173125	79.6774193548387	75.08090614886731
