Sample	Gene	Type	Expression	Threshold	Percent difference	Mean Accuracy	Minimum Accuracy	Maximum Accuracy	Sample 1 Accuracy	Sample 2 Accuracy	Sample 3 Accuracy	Sample 4 Accuracy	Sample 5 Accuracy
TH03_0006_S03	AC007292.7	Up	1.7949356628	1.36513733864	23.945054581485017	73.90902966983955	63.70370370370371	84.39716312056737	64.77272727272727	84.39716312056737	84.0909090909091	72.58064516129032	63.70370370370371
