Sample	Gene	Type	Expression	Threshold	Percent difference	Mean Accuracy	Minimum Accuracy	Maximum Accuracy	Sample 1 Accuracy	Sample 2 Accuracy	Sample 3 Accuracy	Sample 4 Accuracy	Sample 5 Accuracy
TH03_0006_S03	AC096669.3	Up	0.831877241192	0.176311850548	78.80554463836971	88.1158270770416	83.33333333333334	95.04504504504504	83.33333333333334	90.57239057239057	95.04504504504504	87.73006134969326	83.89830508474576
