Sample	Gene	Type	Expression	Threshold	Percent difference	Mean Accuracy	Minimum Accuracy	Maximum Accuracy	Sample 1 Accuracy	Sample 2 Accuracy	Sample 3 Accuracy	Sample 4 Accuracy	Sample 5 Accuracy
TH03_0006_S03	LINC01451	Up	0.69599381311	0.644744336605	7.363495987988065	28.93063023219228	23.567335243553007	36.11544461778471	23.567335243553007	36.11544461778471	32.1745057941377	28.37465564738292	24.42120985810306
