Sample	Gene	Type	Expression	Threshold	Percent difference	Mean Accuracy	Minimum Accuracy	Maximum Accuracy	Sample 1 Accuracy	Sample 2 Accuracy	Sample 3 Accuracy	Sample 4 Accuracy	Sample 5 Accuracy
TH03_0006_S03	CH507-9B2.5	Down	0.422233000683	0.645196080208	52.80569713033729	88.0365178241187	85.97842835130972	91.6923076923077	86.10709117221418	91.6923076923077	88.57142857142857	87.83333333333333	85.97842835130972
