Sample	Gene	Type	Expression	Threshold	Percent difference	Mean Accuracy	Minimum Accuracy	Maximum Accuracy	Sample 1 Accuracy	Sample 2 Accuracy	Sample 3 Accuracy	Sample 4 Accuracy	Sample 5 Accuracy
TH03_0006_S03	AC007204.2	Up	0.69599381311	0.409074544907	41.224399240119844	75.38854948782755	66.62222222222223	89.1178895300907	66.62222222222223	81.88976377952756	89.1178895300907	72.3225806451613	66.99029126213593
