Sample	Gene	Type	Expression	Threshold	Percent difference	Mean Accuracy	Minimum Accuracy	Maximum Accuracy	Sample 1 Accuracy	Sample 2 Accuracy	Sample 3 Accuracy	Sample 4 Accuracy	Sample 5 Accuracy
TH03_0006_S03	RP11-456P18.2	Up	1.124328135	0.99404156208	11.587949181757335	91.81157628042403	86.69950738916256	95.96199524940617	89.81900452488688	95.96199524940617	95.96153846153847	90.6158357771261	86.69950738916256
