Sample	Gene	Type	Expression	Threshold	Percent difference	Mean Accuracy	Minimum Accuracy	Maximum Accuracy	Sample 1 Accuracy	Sample 2 Accuracy	Sample 3 Accuracy	Sample 4 Accuracy	Sample 5 Accuracy
TH03_0006_S03	LINC00689	Up	1.50080205306	0.754396378994	49.73378551449514	99.9909338168631	99.95466908431551	100	99.95466908431551	100	100	100	100
