Sample	Gene	Type	Expression	Threshold	Percent difference	Mean Accuracy	Minimum Accuracy	Maximum Accuracy	Sample 1 Accuracy	Sample 2 Accuracy	Sample 3 Accuracy	Sample 4 Accuracy	Sample 5 Accuracy
TH03_0006_S03	RP11-766F14.2	Up	0.704871964456	0.141808778048	79.88162599750382	95.45268271984608	93.39356295878035	98.08795411089865	94.56967213114754	96.09993906154783	98.08795411089865	95.112285336856	93.39356295878035
