Sample	Gene	Type	Expression	Threshold	Percent difference	Mean Accuracy	Minimum Accuracy	Maximum Accuracy	Sample 1 Accuracy	Sample 2 Accuracy	Sample 3 Accuracy	Sample 4 Accuracy	Sample 5 Accuracy
TH03_0006_S03	WASH4P	Up	2.29572302454	2.11929297447	7.685162721463394	87.2290010003138	81.11888111888112	94.18837675350701	82.94930875576037	90.97744360902256	94.18837675350701	86.91099476439791	81.11888111888112
