Sample	Gene	Type	Expression	Threshold	Percent difference	Mean Accuracy	Minimum Accuracy	Maximum Accuracy	Sample 1 Accuracy	Sample 2 Accuracy	Sample 3 Accuracy	Sample 4 Accuracy	Sample 5 Accuracy
TH03_0006_S03	NKX3-2	Up	1.39506279952	1.29731667042	7.006575555855369	91.62896526742395	86.7595818815331	95.55555555555556	86.7595818815331	95.55555555555556	94.64285714285714	91.45299145299145	89.73384030418251
