Sample	Gene	Type	Expression	Threshold	Percent difference	Mean Accuracy	Minimum Accuracy	Maximum Accuracy	Sample 1 Accuracy	Sample 2 Accuracy	Sample 3 Accuracy	Sample 4 Accuracy	Sample 5 Accuracy
TH03_0006_S03	RP11-114G11.5	Up	0.526068811668	0.175973325968	66.54937109652185	92.38948296780254	89.1891891891892	96.12546125461255	89.1891891891892	94.68503937007874	96.12546125461255	91.40969162995594	90.53803339517626
