Sample	Gene	Type	Expression	Threshold	Percent difference	Mean Accuracy	Minimum Accuracy	Maximum Accuracy	Sample 1 Accuracy	Sample 2 Accuracy	Sample 3 Accuracy	Sample 4 Accuracy	Sample 5 Accuracy
TH03_0006_S03	NRK	Up	1.44360665148	1.44091486931	0.18646230032538552	7.975116994815844	6.187389510901591	10.298826040554962	7.751586582048957	8.755760368663594	10.298826040554962	6.882022471910113	6.187389510901591
