Sample	Gene	Type	Expression	Threshold	Percent difference	Mean Accuracy	Minimum Accuracy	Maximum Accuracy	Sample 1 Accuracy	Sample 2 Accuracy	Sample 3 Accuracy	Sample 4 Accuracy	Sample 5 Accuracy
TH03_0006_S03	POLR3D	Up	5.71973105675	5.66837787628	0.8978250893352127	94.32057878140223	91.53225806451613	97.6303317535545	93.06930693069307	97.6303317535545	97.41697416974169	91.95402298850574	91.53225806451613
