Sample	Gene	Type	Expression	Threshold	Percent difference	Mean Accuracy	Minimum Accuracy	Maximum Accuracy	Sample 1 Accuracy	Sample 2 Accuracy	Sample 3 Accuracy	Sample 4 Accuracy	Sample 5 Accuracy
TH03_0006_S03	SNX21	Up	5.83693401132	5.71261167526	2.1299253309852912	99.14267037456034	98.5632183908046	100	98.5632183908046	99.13544668587896	100	98.62258953168043	99.3920972644377
