Sample	Gene	Type	Expression	Threshold	Percent difference	Mean Accuracy	Minimum Accuracy	Maximum Accuracy	Sample 1 Accuracy	Sample 2 Accuracy	Sample 3 Accuracy	Sample 4 Accuracy	Sample 5 Accuracy
TH03_0006_S03	RP11-92F20.1	Up	1.09085343045	0.627689063549	42.4588999743013	99.65234936464752	99.1869918699187	100	99.51456310679612	99.1869918699187	100	99.76019184652279	99.8
