Sample	Gene	Type	Expression	Threshold	Percent difference	Mean Accuracy	Minimum Accuracy	Maximum Accuracy	Sample 1 Accuracy	Sample 2 Accuracy	Sample 3 Accuracy	Sample 4 Accuracy	Sample 5 Accuracy
TH03_0006_S03	C20orf202	Up	1.08406426479	0.889072656631	17.98708937212066	99.13335167656729	98.63325740318906	99.57627118644068	99.31506849315068	99.09909909909909	99.57627118644068	99.04306220095694	98.63325740318906
