Sample	Gene	Type	Expression	Threshold	Percent difference	Mean Accuracy	Minimum Accuracy	Maximum Accuracy	Sample 1 Accuracy	Sample 2 Accuracy	Sample 3 Accuracy	Sample 4 Accuracy	Sample 5 Accuracy
TH03_0006_S03	PNMA6B	Up	0.871843648509	0.6579002738	24.539190607728724	61.856324398807274	51.146131805157594	74.71029311520108	51.146131805157594	68.7207488299532	74.71029311520108	61.15702479338842	53.547423450336076
