Sample	Gene	Type	Expression	Threshold	Percent difference	Mean Accuracy	Minimum Accuracy	Maximum Accuracy	Sample 1 Accuracy	Sample 2 Accuracy	Sample 3 Accuracy	Sample 4 Accuracy	Sample 5 Accuracy
TH03_0006_S03	RP11-308N19.1	Up	0.411426245726	0.277578264475	32.53267934203195	70.45275258141919	61.1731843575419	80.3339517625232	61.1731843575419	76.19521912350598	80.3339517625232	70.81395348837209	63.747454175152754
