Sample	Gene	Type	Expression	Threshold	Percent difference	Mean Accuracy	Minimum Accuracy	Maximum Accuracy	Sample 1 Accuracy	Sample 2 Accuracy	Sample 3 Accuracy	Sample 4 Accuracy	Sample 5 Accuracy
TH03_0006_S03	RP3-467D16.3	Up	0.555816155062	0.409074544907	26.401105620730164	63.37723446738828	52.57879656160458	75.86912065439672	52.57879656160458	70.20280811232449	75.86912065439672	63.26905417814509	54.966392830470504
