Sample	Gene	Type	Expression	Threshold	Percent difference	Mean Accuracy	Minimum Accuracy	Maximum Accuracy	Sample 1 Accuracy	Sample 2 Accuracy	Sample 3 Accuracy	Sample 4 Accuracy	Sample 5 Accuracy
TH03_0006_S03	AC011298.2	Up	0.411426245726	0.176311850548	57.146182972143336	93.67864899051646	90.40090344438171	97.06819630337795	92.57172131147541	94.7592931139549	97.06819630337795	93.59313077939234	90.40090344438171
