Sample	Gene	Type	Expression	Threshold	Percent difference	Mean Accuracy	Minimum Accuracy	Maximum Accuracy	Sample 1 Accuracy	Sample 2 Accuracy	Sample 3 Accuracy	Sample 4 Accuracy	Sample 5 Accuracy
TH03_0006_S03	MROH9	Up	0.0976107966264	0.071774750948	26.46843030826401	69.69907062665546	57.733050847457626	86.93693693693693	61.14718614718615	76.5432098765432	86.93693693693693	66.13496932515336	57.733050847457626
