Sample	Gene	Type	Expression	Threshold	Percent difference	Mean Accuracy	Minimum Accuracy	Maximum Accuracy	Sample 1 Accuracy	Sample 2 Accuracy	Sample 3 Accuracy	Sample 4 Accuracy	Sample 5 Accuracy
TH03_0006_S03	NONO	Up	9.4622159546	9.35481929779	1.1350053446813326	99.52238059514879	98.38709677419355	100	100	100	98.38709677419355	99.2248062015504	100
