Sample	Gene	Type	Expression	Threshold	Percent difference	Mean Accuracy	Minimum Accuracy	Maximum Accuracy	Sample 1 Accuracy	Sample 2 Accuracy	Sample 3 Accuracy	Sample 4 Accuracy	Sample 5 Accuracy
TH03_0006_S03	AC000067.1	Up	2.2110121934900002	0.717490196228	67.5492429060073	92.28563951110279	87.5	95.96774193548387	87.5	93.61702127659575	95.45454545454545	95.96774193548387	88.88888888888889
