Sample	Gene	Type	Expression	Threshold	Percent difference	Mean Accuracy	Minimum Accuracy	Maximum Accuracy	Sample 1 Accuracy	Sample 2 Accuracy	Sample 3 Accuracy	Sample 4 Accuracy	Sample 5 Accuracy
TH03_0006_S03	SMIM2	Up	1.22032995488	0.244370207191	79.97507098684389	92.54111984637036	88.06818181818183	95.96774193548387	88.06818181818183	94.32624113475178	95.45454545454545	95.96774193548387	88.88888888888889
