Sample	Gene	Type	Expression	Threshold	Percent difference	Mean Accuracy	Minimum Accuracy	Maximum Accuracy	Sample 1 Accuracy	Sample 2 Accuracy	Sample 3 Accuracy	Sample 4 Accuracy	Sample 5 Accuracy
TH03_0006_S03	RP11-297C4.3	Up	1.04963076772	0.717490196228	31.643562832430423	98.52227452488907	97.72117962466488	99.52	97.72117962466488	99.52	99.2248062015504	98.37587006960557	97.76951672862454
