Sample	Gene	Type	Expression	Threshold	Percent difference	Mean Accuracy	Minimum Accuracy	Maximum Accuracy	Sample 1 Accuracy	Sample 2 Accuracy	Sample 3 Accuracy	Sample 4 Accuracy	Sample 5 Accuracy
TH03_0006_S03	TMEM229A	Up	0.475084882949	0.210507676005	55.6905126725327	86.77286995760821	81.07183580387685	95.43773119605426	82.6302729528536	91.43610013175231	95.43773119605426	83.28840970350404	81.07183580387685
