Sample	Gene	Type	Expression	Threshold	Percent difference	Mean Accuracy	Minimum Accuracy	Maximum Accuracy	Sample 1 Accuracy	Sample 2 Accuracy	Sample 3 Accuracy	Sample 4 Accuracy	Sample 5 Accuracy
TH03_0006_S03	FKBP1A	Up	9.41163809211	9.36849021912	0.4584523179463473	94.9666567670754	90.29126213592234	99.16666666666667	93.28358208955224	99.16666666666667	95.96774193548387	96.12403100775194	90.29126213592234
