Sample	Gene	Type	Expression	Threshold	Percent difference	Mean Accuracy	Minimum Accuracy	Maximum Accuracy	Sample 1 Accuracy	Sample 2 Accuracy	Sample 3 Accuracy	Sample 4 Accuracy	Sample 5 Accuracy
TH03_0006_S03	C19orf70	Up	8.00438902843	7.94645404816	0.7237901614255158	99.01982896711041	97.47899159663865	100	99.31506849315068	100	100	97.47899159663865	98.30508474576271
