Sample	Gene	Type	Expression	Threshold	Percent difference	Mean Accuracy	Minimum Accuracy	Maximum Accuracy	Sample 1 Accuracy	Sample 2 Accuracy	Sample 3 Accuracy	Sample 4 Accuracy	Sample 5 Accuracy
TH03_0006_S03	SPATA22	Up	0.516015147004	0.409074544907	20.724314531831173	57.04617084727498	45.77363896848137	70.96114519427404	45.77363896848137	64.58658346333853	70.96114519427404	55.73921028466483	48.17027632561613
