Sample	Gene	Type	Expression	Threshold	Percent difference	Mean Accuracy	Minimum Accuracy	Maximum Accuracy	Sample 1 Accuracy	Sample 2 Accuracy	Sample 3 Accuracy	Sample 4 Accuracy	Sample 5 Accuracy
TH03_0006_S03	SPSB4	Up	2.59454854955	2.53921961784	2.1325070875854655	51.535598816269	43.19371727748691	62.08791208791209	43.19371727748691	62.08791208791209	61.53846153846154	47.003154574132495	43.85474860335196
