Sample	Gene	Type	Expression	Threshold	Percent difference	Mean Accuracy	Minimum Accuracy	Maximum Accuracy	Sample 1 Accuracy	Sample 2 Accuracy	Sample 3 Accuracy	Sample 4 Accuracy	Sample 5 Accuracy
TH03_0006_S03	GFY	Up	0.584962500721	0.141808778048	75.7576292714127	87.90567010308094	83.008658008658	94.93243243243244	83.008658008658	90.57239057239057	94.93243243243244	87.11656441717791	83.89830508474576
