Sample	Gene	Type	Expression	Threshold	Percent difference	Mean Accuracy	Minimum Accuracy	Maximum Accuracy	Sample 1 Accuracy	Sample 2 Accuracy	Sample 3 Accuracy	Sample 4 Accuracy	Sample 5 Accuracy
TH03_0006_S03	RP13-895J2.4	Up	0.475084882949	0.311149060726	34.506638309642526	76.22536959764439	67.37288135593221	90.2027027027027	67.64069264069265	80.69584736251403	90.2027027027027	75.21472392638037	67.37288135593221
