Sample	Gene	Type	Expression	Threshold	Percent difference	Mean Accuracy	Minimum Accuracy	Maximum Accuracy	Sample 1 Accuracy	Sample 2 Accuracy	Sample 3 Accuracy	Sample 4 Accuracy	Sample 5 Accuracy
TH03_0006_S03	ZCCHC3	Up	5.2735158897	5.19083595276	1.5678332761163534	99.318162130723735	98.77175025588537	100	99.19678714859438	100	99.77037887485649	98.77175025588537	98.85189437428244
