Sample	Gene	Type	Expression	Threshold	Percent difference	Mean Accuracy	Minimum Accuracy	Maximum Accuracy	Sample 1 Accuracy	Sample 2 Accuracy	Sample 3 Accuracy	Sample 4 Accuracy	Sample 5 Accuracy
TH03_0006_S03	AK3P3	Up	1.18269229752	1.09823596478	7.141023317484815	73.92528552410549	64.2	84.32304038004752	70.3883495145631	80.6910569105691	84.32304038004752	70.02398081534771	64.2
