Sample	Gene	Type	Expression	Threshold	Percent difference	Mean Accuracy	Minimum Accuracy	Maximum Accuracy	Sample 1 Accuracy	Sample 2 Accuracy	Sample 3 Accuracy	Sample 4 Accuracy	Sample 5 Accuracy
TH03_0006_S03	RP11-770E5.1	Up	0.150559676575	0.106960088015	28.958343662674675	75.23332961019658	70.57010785824345	82.70676691729322	71.05643994211289	80	82.70676691729322	71.83333333333334	70.57010785824345
