Sample	Gene	Type	Expression	Threshold	Percent difference	Mean Accuracy	Minimum Accuracy	Maximum Accuracy	Sample 1 Accuracy	Sample 2 Accuracy	Sample 3 Accuracy	Sample 4 Accuracy	Sample 5 Accuracy
TH03_0006_S03	SERBP1P6	Up	0.887525270742	0.311149060726	64.94194914969921	84.940655583669	78.93982808022922	91.75187457396046	78.93982808022922	89.78159126365055	91.75187457396046	85.2157943067034	79.01418969380134
