Sample	Gene	Type	Expression	Threshold	Percent difference	Mean Accuracy	Minimum Accuracy	Maximum Accuracy	Sample 1 Accuracy	Sample 2 Accuracy	Sample 3 Accuracy	Sample 4 Accuracy	Sample 5 Accuracy
TH03_0006_S03	TRIML2	Up	0.263034405834	0.210507676005	19.969528192501713	56.49662125007722	45.200573065902574	70.62031356509884	45.200573065902574	64.27457098283932	70.62031356509884	55.188246097337	47.199402539208364
