Sample	Gene	Type	Expression	Threshold	Percent difference	Mean Accuracy	Minimum Accuracy	Maximum Accuracy	Sample 1 Accuracy	Sample 2 Accuracy	Sample 3 Accuracy	Sample 4 Accuracy	Sample 5 Accuracy
TH03_0006_S03	ODF3L2	Up	1.10433665981	0.593724250793	46.23702423361101	99.90323297801388	99.75369458128078	100	100	99.7624703087886	100	100	99.75369458128078
