Sample	Gene	Type	Expression	Threshold	Percent difference	Mean Accuracy	Minimum Accuracy	Maximum Accuracy	Sample 1 Accuracy	Sample 2 Accuracy	Sample 3 Accuracy	Sample 4 Accuracy	Sample 5 Accuracy
TH03_0006_S03	NPIPA2	Up	2.84999925947	1.63555157185	42.61221063776153	99.90323297801388	99.75369458128078	100	100	99.7624703087886	100	100	99.75369458128078
