Sample	Gene	Type	Expression	Threshold	Percent difference	Mean Accuracy	Minimum Accuracy	Maximum Accuracy	Sample 1 Accuracy	Sample 2 Accuracy	Sample 3 Accuracy	Sample 4 Accuracy	Sample 5 Accuracy
TH03_0006_S03	C8orf37-AS1	Up	1.10433665981	0.946536004543	14.28918019385043	61.81774621067689	48.86363636363637	75.177304964539	48.86363636363637	75.177304964539	75	59.67741935483871	50.37037037037037
