Sample	Gene	Type	Expression	Threshold	Percent difference	Mean Accuracy	Minimum Accuracy	Maximum Accuracy	Sample 1 Accuracy	Sample 2 Accuracy	Sample 3 Accuracy	Sample 4 Accuracy	Sample 5 Accuracy
TH03_0006_S03	UGT2B4	Up	0.298658315565	0.210507676005	29.515548359414385	68.66511832402954	58.19366852886406	79.31354359925788	58.19366852886406	74.60159362549801	79.31354359925788	69.30232558139535	61.91446028513238
