Sample	Gene	Type	Expression	Threshold	Percent difference	Mean Accuracy	Minimum Accuracy	Maximum Accuracy	Sample 1 Accuracy	Sample 2 Accuracy	Sample 3 Accuracy	Sample 4 Accuracy	Sample 5 Accuracy
TH03_0006_S03	TPT1P6	Up	0.799087306074	0.441114872694	44.7976623654249	76.12911193034248	66.29098360655738	89.83615662316024	67.9004854368932	83.40850515463917	89.83615662316024	73.20942883046237	66.29098360655738
