Sample	Gene	Type	Expression	Threshold	Percent difference	Mean Accuracy	Minimum Accuracy	Maximum Accuracy	Sample 1 Accuracy	Sample 2 Accuracy	Sample 3 Accuracy	Sample 4 Accuracy	Sample 5 Accuracy
TH03_0006_S03	SETP10	Up	0.0426443374085	0.0358882322907	15.842912631240358	45.24584375957342	37.55555555555555	54.70125057897175	37.55555555555555	54.70125057897175	53.5449299258038	42.193548387096776	38.2339343504392
