Sample	Gene	Type	Expression	Threshold	Percent difference	Mean Accuracy	Minimum Accuracy	Maximum Accuracy	Sample 1 Accuracy	Sample 2 Accuracy	Sample 3 Accuracy	Sample 4 Accuracy	Sample 5 Accuracy
TH03_0006_S03	MIR181A1HG	Up	0.83995958749	0.344080448151	59.036071106802346	85.70400369409167	78.58472998137802	94.52690166975881	78.58472998137802	89.04382470119522	94.52690166975881	85	81.36456211812627
