Sample	Gene	Type	Expression	Threshold	Percent difference	Mean Accuracy	Minimum Accuracy	Maximum Accuracy	Sample 1 Accuracy	Sample 2 Accuracy	Sample 3 Accuracy	Sample 4 Accuracy	Sample 5 Accuracy
TH03_0006_S03	STXBP2	Down	3.05658352837	3.10303258896	1.5196398252780685	77.08385312023444	69.0340909090909	88.08411214953271	70.08547008547008	87.30650154798761	88.08411214953271	70.9090909090909	69.0340909090909
