Sample	Gene	Type	Expression	Threshold	Percent difference	Mean Accuracy	Minimum Accuracy	Maximum Accuracy	Sample 1 Accuracy	Sample 2 Accuracy	Sample 3 Accuracy	Sample 4 Accuracy	Sample 5 Accuracy
TH02_0077_S01	PSMC3	Down	5.12515513132	5.35505533218	4.485721797084197	99.89495684273383	99.70414201183432	100	100	100	99.77064220183486	99.70414201183432	100
