Sample	Gene	Type	Expression	Threshold	Percent difference	Mean Accuracy	Minimum Accuracy	Maximum Accuracy	Sample 1 Accuracy	Sample 2 Accuracy	Sample 3 Accuracy	Sample 4 Accuracy	Sample 5 Accuracy
TH02_0077_S01	RP11-61I13.3	Up	2.93357263826	1.99413824081	32.02356011907753	99.57497229755641	98.76847290640394	100	99.77375565610859	99.5249406175772	99.8076923076923	100	98.76847290640394
