Sample	Gene	Type	Expression	Threshold	Percent difference	Mean Accuracy	Minimum Accuracy	Maximum Accuracy	Sample 1 Accuracy	Sample 2 Accuracy	Sample 3 Accuracy	Sample 4 Accuracy	Sample 5 Accuracy
TH02_0077_S01	RP11-214K3.18	Up	1.53106949273	0.946536004543	38.178116079155714	86.68046629645806	79.54545454545455	93.56060606060606	79.54545454545455	90.78014184397163	93.56060606060606	89.51612903225806	80
