Sample	Gene	Type	Expression	Threshold	Percent difference	Mean Accuracy	Minimum Accuracy	Maximum Accuracy	Sample 1 Accuracy	Sample 2 Accuracy	Sample 3 Accuracy	Sample 4 Accuracy	Sample 5 Accuracy
TH02_0077_S01	RP11-563J2.2	Up	1.25701061821	0.572815001011	54.43037690272686	99.9909338168631	99.95466908431551	100	99.95466908431551	100	100	100	100
