Sample	Gene	Type	Expression	Threshold	Percent difference	Mean Accuracy	Minimum Accuracy	Maximum Accuracy	Sample 1 Accuracy	Sample 2 Accuracy	Sample 3 Accuracy	Sample 4 Accuracy	Sample 5 Accuracy
TH02_0077_S01	SCO2	Down	2.32481060342	2.87789034843	23.790314109733114	99.077373365218	97.78325123152709	99.8076923076923	99.09502262443439	99.2874109263658	99.8076923076923	99.41348973607037	97.78325123152709
