Sample	Gene	Type	Expression	Threshold	Percent difference	Mean Accuracy	Minimum Accuracy	Maximum Accuracy	Sample 1 Accuracy	Sample 2 Accuracy	Sample 3 Accuracy	Sample 4 Accuracy	Sample 5 Accuracy
TH02_0077_S01	IFRD2	Down	2.5631581304	3.52077651024	37.360877913941124	99.80471081052619	99.26108374384236	100	100	99.7624703087886	100	100	99.26108374384236
