Sample	Gene	Type	Expression	Threshold	Percent difference	Mean Accuracy	Minimum Accuracy	Maximum Accuracy	Sample 1 Accuracy	Sample 2 Accuracy	Sample 3 Accuracy	Sample 4 Accuracy	Sample 5 Accuracy
TH02_0077_S01	RP11-6O2.4	Up	0.604071323669	0.429846256971	28.84180391808606	76.40813582783895	70.50092764378478	82.08661417322834	70.8108108108108	82.08661417322834	81.54981549815497	77.09251101321586	70.50092764378478
