Sample	Gene	Type	Expression	Threshold	Percent difference	Mean Accuracy	Minimum Accuracy	Maximum Accuracy	Sample 1 Accuracy	Sample 2 Accuracy	Sample 3 Accuracy	Sample 4 Accuracy	Sample 5 Accuracy
TH02_0077_S01	MEA1	Down	4.43496176019	4.71576070786	6.331485204462514	99.61168923668923	99.14772727272727	100	99.43019943019942	100	100	99.48051948051948	99.14772727272727
