Sample	Gene	Type	Expression	Threshold	Percent difference	Mean Accuracy	Minimum Accuracy	Maximum Accuracy	Sample 1 Accuracy	Sample 2 Accuracy	Sample 3 Accuracy	Sample 4 Accuracy	Sample 5 Accuracy
TH02_0077_S01	RP11-422N16.3	Up	0.495695162624	0.176311850548	64.43139577665438	94.15239937747515	91.24788255223038	97.25940089228808	93.13524590163934	95.06398537477148	97.25940089228808	94.0554821664465	91.24788255223038
