Sample	Gene	Type	Expression	Threshold	Percent difference	Mean Accuracy	Minimum Accuracy	Maximum Accuracy	Sample 1 Accuracy	Sample 2 Accuracy	Sample 3 Accuracy	Sample 4 Accuracy	Sample 5 Accuracy
TH02_0077_S01	RP11-138A9.2	Up	0.68706068834	0.366009682417	46.72818738890271	89.12598337174902	84.58498023715416	94.5825366475462	87.19262295081968	91.22486288848263	94.5825366475462	88.0449141347424	84.58498023715416
