Sample	Gene	Type	Expression	Threshold	Percent difference	Mean Accuracy	Minimum Accuracy	Maximum Accuracy	Sample 1 Accuracy	Sample 2 Accuracy	Sample 3 Accuracy	Sample 4 Accuracy	Sample 5 Accuracy
TH02_0077_S01	EMC10	Down	4.41481206057	4.68525886536	6.125896212104714	99.82936068926213	99.4535519125683	100	100	100	100	99.69325153374233	99.4535519125683
