Sample	Gene	Type	Expression	Threshold	Percent difference	Mean Accuracy	Minimum Accuracy	Maximum Accuracy	Sample 1 Accuracy	Sample 2 Accuracy	Sample 3 Accuracy	Sample 4 Accuracy	Sample 5 Accuracy
TH02_0077_S01	KCNH1	Up	0.678071905113	0.644744336605	4.915049312129515	43.379901316815875	36.815358554488995	51.880178457616324	38.31967213114754	49.725776965265084	51.880178457616324	40.158520475561424	36.815358554488995
