Sample	Gene	Type	Expression	Threshold	Percent difference	Mean Accuracy	Minimum Accuracy	Maximum Accuracy	Sample 1 Accuracy	Sample 2 Accuracy	Sample 3 Accuracy	Sample 4 Accuracy	Sample 5 Accuracy
TH02_0077_S01	SPDYE10P	Up	1.44890095115	1.03171372414	28.793357246323588	99.70113321351917	99.27184466019418	100	99.27184466019418	99.74489795918367	100	99.71671388101983	99.77220956719817
