Sample	Gene	Type	Expression	Threshold	Percent difference	Mean Accuracy	Minimum Accuracy	Maximum Accuracy	Sample 1 Accuracy	Sample 2 Accuracy	Sample 3 Accuracy	Sample 4 Accuracy	Sample 5 Accuracy
TH02_0077_S01	LILRA1	Up	2.54349588343	1.99461340904	21.579845203044368	99.6999145753177	99.05362776025235	100	100	99.72527472527473	100	99.05362776025235	99.72067039106145
