Sample	Gene	Type	Expression	Threshold	Percent difference	Mean Accuracy	Minimum Accuracy	Maximum Accuracy	Sample 1 Accuracy	Sample 2 Accuracy	Sample 3 Accuracy	Sample 4 Accuracy	Sample 5 Accuracy
TH02_0077_S01	CLN3	Down	2.51727569321	2.60381865501	3.437961206769577	58.18348401813432	47.31934731934732	71.7434869739479	52.764976958525345	65.16290726817043	71.7434869739479	53.92670157068062	47.31934731934732
