Sample	Gene	Type	Expression	Threshold	Percent difference	Mean Accuracy	Minimum Accuracy	Maximum Accuracy	Sample 1 Accuracy	Sample 2 Accuracy	Sample 3 Accuracy	Sample 4 Accuracy	Sample 5 Accuracy
TH02_0077_S01	HNRNPA1P25	Up	0.263034405834	0.071774750948	72.71278990274116	86.35160464148822	81.16045845272207	92.50170415814588	81.16045845272207	90.87363494539782	92.50170415814588	86.04224058769513	81.1799850634802
