Sample	Gene	Type	Expression	Threshold	Percent difference	Mean Accuracy	Minimum Accuracy	Maximum Accuracy	Sample 1 Accuracy	Sample 2 Accuracy	Sample 3 Accuracy	Sample 4 Accuracy	Sample 5 Accuracy
TH02_0077_S01	CCER2	Up	1.80735492206	1.79373300076	0.7536937617362869	13.97502207963228	8.3710407239819	18.846153846153847	8.3710407239819	18.76484560570071	18.846153846153847	12.316715542521994	11.576354679802956
