Sample	Gene	Type	Expression	Threshold	Percent difference	Mean Accuracy	Minimum Accuracy	Maximum Accuracy	Sample 1 Accuracy	Sample 2 Accuracy	Sample 3 Accuracy	Sample 4 Accuracy	Sample 5 Accuracy
TH02_0077_S01	RP11-71L14.3	Up	0.50589092973	0.482645124197	4.595023189169769	34.83428326847149	28.28282828282828	42.21635883905013	28.28282828282828	38.05555555555556	42.21635883905013	36.71641791044776	28.9002557544757
