Sample	Gene	Type	Expression	Threshold	Percent difference	Mean Accuracy	Minimum Accuracy	Maximum Accuracy	Sample 1 Accuracy	Sample 2 Accuracy	Sample 3 Accuracy	Sample 4 Accuracy	Sample 5 Accuracy
TH02_0077_S01	C5orf64	Up	0.310340120612	0.210507676005	32.168720051447885	76.78218822298986	72.57318952234206	83.45864661654136	72.64833574529666	81.23076923076923	83.45864661654136	74	72.57318952234206
