Sample	Gene	Type	Expression	Threshold	Percent difference	Mean Accuracy	Minimum Accuracy	Maximum Accuracy	Sample 1 Accuracy	Sample 2 Accuracy	Sample 3 Accuracy	Sample 4 Accuracy	Sample 5 Accuracy
TH02_0077_S01	USP44	Up	2.30742852519	1.39583694935	39.506817476174575	99.83848428715349	99.57264957264957	100	100	100	100	99.57264957264957	99.61977186311786
