Sample	Gene	Type	Expression	Threshold	Percent difference	Mean Accuracy	Minimum Accuracy	Maximum Accuracy	Sample 1 Accuracy	Sample 2 Accuracy	Sample 3 Accuracy	Sample 4 Accuracy	Sample 5 Accuracy
TH02_0077_S01	RP4-621B10.8	Up	2.23878685959	0.661560535431	70.45004384418466	99.95337995337995	99.76689976689977	100	100	100	100	100	99.76689976689977
