Sample	Gene	Type	Expression	Threshold	Percent difference	Mean Accuracy	Minimum Accuracy	Maximum Accuracy	Sample 1 Accuracy	Sample 2 Accuracy	Sample 3 Accuracy	Sample 4 Accuracy	Sample 5 Accuracy
TH02_0077_S01	TMEM52B	Up	2.67355642399	1.83192014694	31.480026735098676	99.9071080650028	99.76076555023924	100	100	99.77477477477478	100	99.76076555023924	100
