Sample	Gene	Type	Expression	Threshold	Percent difference	Mean Accuracy	Minimum Accuracy	Maximum Accuracy	Sample 1 Accuracy	Sample 2 Accuracy	Sample 3 Accuracy	Sample 4 Accuracy	Sample 5 Accuracy
TH02_0077_S01	DCTN1-AS1	Up	0.613531652918	0.376716196537	38.59873492340435	75.8090260695537	67.97020484171323	83.36653386454184	67.97020484171323	83.36653386454184	81.81818181818183	75.11627906976744	70.77393075356414
