Sample	Gene	Type	Expression	Threshold	Percent difference	Mean Accuracy	Minimum Accuracy	Maximum Accuracy	Sample 1 Accuracy	Sample 2 Accuracy	Sample 3 Accuracy	Sample 4 Accuracy	Sample 5 Accuracy
TH02_0077_S01	PTPRD-AS1	Up	2.03210084317	1.99519729614	1.8160293153774665	41.42143458437947	34.01826484018265	50	34.01826484018265	46.62162162162162	50	41.38755980861244	35.079726651480634
