Sample	Gene	Type	Expression	Threshold	Percent difference	Mean Accuracy	Minimum Accuracy	Maximum Accuracy	Sample 1 Accuracy	Sample 2 Accuracy	Sample 3 Accuracy	Sample 4 Accuracy	Sample 5 Accuracy
TH02_0077_S01	NT5C	Down	3.3519109611	3.49434947968	4.249472024556866	95.97683134622811	91.09311740890689	98.94366197183099	91.09311740890689	96.2085308056872	98.94366197183099	97.15447154471545	96.484375
