Sample	Gene	Type	Expression	Threshold	Percent difference	Mean Accuracy	Minimum Accuracy	Maximum Accuracy	Sample 1 Accuracy	Sample 2 Accuracy	Sample 3 Accuracy	Sample 4 Accuracy	Sample 5 Accuracy
TH02_0077_S01	LINC01014	Up	0.575312330687	0.176311850548	69.35371603499962	82.38195236528739	75.10245901639344	92.11330186059428	76.57766990291263	87.78994845360825	92.11330186059428	80.32638259292838	75.10245901639344
