Sample	Gene	Type	Expression	Threshold	Percent difference	Mean Accuracy	Minimum Accuracy	Maximum Accuracy	Sample 1 Accuracy	Sample 2 Accuracy	Sample 3 Accuracy	Sample 4 Accuracy	Sample 5 Accuracy
TH02_0077_S01	RP11-478J18.2	Up	0.748461233004	0.244370207191	67.3503187051915	92.42551900383857	89.36936936936937	96.12546125461255	89.36936936936937	94.68503937007874	96.12546125461255	91.40969162995594	90.53803339517626
