Sample	Gene	Type	Expression	Threshold	Percent difference	Mean Accuracy	Minimum Accuracy	Maximum Accuracy	Sample 1 Accuracy	Sample 2 Accuracy	Sample 3 Accuracy	Sample 4 Accuracy	Sample 5 Accuracy
TH02_0077_S01	IMP3	Down	4.16269343221	4.31594467163	3.6815403756177494	97.79848101233117	95.72649572649573	99.38080495356037	95.72649572649573	99.38080495356037	99.29906542056075	97.14285714285714	97.44318181818183
