Sample	Gene	Type	Expression	Threshold	Percent difference	Mean Accuracy	Minimum Accuracy	Maximum Accuracy	Sample 1 Accuracy	Sample 2 Accuracy	Sample 3 Accuracy	Sample 4 Accuracy	Sample 5 Accuracy
TH02_0077_S01	PLIN3	Down	3.27202318906	3.30487990379	1.0041712063611339	68.28207240052399	59.221311475409834	76.64670658682635	63.27345309381237	76.64670658682635	76.62337662337663	65.64551422319475	59.221311475409834
