Sample	Gene	Type	Expression	Threshold	Percent difference	Mean Accuracy	Minimum Accuracy	Maximum Accuracy	Sample 1 Accuracy	Sample 2 Accuracy	Sample 3 Accuracy	Sample 4 Accuracy	Sample 5 Accuracy
TH02_0077_S01	RNF126	Down	3.16671544497	3.2304224968	2.011770648076142	89.29386688158486	85.90476190476191	94.39579684763572	86.15384615384616	93.7625754527163	94.39579684763572	85.90476190476191	86.25235404896422
