Sample	Gene	Type	Expression	Threshold	Percent difference	Mean Accuracy	Minimum Accuracy	Maximum Accuracy	Sample 1 Accuracy	Sample 2 Accuracy	Sample 3 Accuracy	Sample 4 Accuracy	Sample 5 Accuracy
TH02_0077_S01	MRPL34	Down	3.91838623445	4.32668304443	10.420024610904917	99.75675586715381	99.19028340080972	100	99.19028340080972	100	100	99.59349593495935	100
