Sample	Gene	Type	Expression	Threshold	Percent difference	Mean Accuracy	Minimum Accuracy	Maximum Accuracy	Sample 1 Accuracy	Sample 2 Accuracy	Sample 3 Accuracy	Sample 4 Accuracy	Sample 5 Accuracy
TH02_0077_S01	RP11-2E11.6	Up	0.250961573533	0.222623795271	11.291680181577183	54.00571411013067	45.45454545454545	62.79527559055118	46.666666666666664	62.79527559055118	61.80811808118081	53.30396475770925	45.45454545454545
