Sample	Gene	Type	Expression	Threshold	Percent difference	Mean Accuracy	Minimum Accuracy	Maximum Accuracy	Sample 1 Accuracy	Sample 2 Accuracy	Sample 3 Accuracy	Sample 4 Accuracy	Sample 5 Accuracy
TH02_0077_S01	AC000120.7	Up	1.31034012061	0.875285983086	33.20161923466635	99.9071080650028	99.76076555023924	100	100	99.77477477477478	100	99.76076555023924	100
