Sample	Gene	Type	Expression	Threshold	Percent difference	Mean Accuracy	Minimum Accuracy	Maximum Accuracy	Sample 1 Accuracy	Sample 2 Accuracy	Sample 3 Accuracy	Sample 4 Accuracy	Sample 5 Accuracy
TH02_0077_S01	RANGAP1	Down	2.5993177937	3.19852399826	23.052441144838216	99.76705571572491	99.57264957264957	100	100	100	99.64285714285714	99.57264957264957	99.61977186311786
