Sample	Gene	Type	Expression	Threshold	Percent difference	Mean Accuracy	Minimum Accuracy	Maximum Accuracy	Sample 1 Accuracy	Sample 2 Accuracy	Sample 3 Accuracy	Sample 4 Accuracy	Sample 5 Accuracy
TH02_0077_S01	MTFP1	Down	0.238786859587	1.34020340443	461.2550903127516	99.92244408814429	99.8567335243553	100	99.8567335243553	99.9219968798752	100	99.90817263544535	99.92531740104556
