Sample	Gene	Type	Expression	Threshold	Percent difference	Mean Accuracy	Minimum Accuracy	Maximum Accuracy	Sample 1 Accuracy	Sample 2 Accuracy	Sample 3 Accuracy	Sample 4 Accuracy	Sample 5 Accuracy
TH02_0077_S01	GPX1	Down	6.0744626207	6.15033149719	1.2489808766204349	96.76259428218818	93.75	99.74160206718346	94.72222222222221	98.28571428571429	99.74160206718346	97.31343283582089	93.75
