Sample	Gene	Type	Expression	Threshold	Percent difference	Mean Accuracy	Minimum Accuracy	Maximum Accuracy	Sample 1 Accuracy	Sample 2 Accuracy	Sample 3 Accuracy	Sample 4 Accuracy	Sample 5 Accuracy
TH02_0077_S01	RP11-91J19.2	Up	0.411426245726	0.301015585661	26.836076018964246	73.92363262099104	68.87519260400616	81.50375939849624	69.17510853835022	79.23076923076923	81.50375939849624	70.83333333333334	68.87519260400616
