Sample	Gene	Type	Expression	Threshold	Percent difference	Mean Accuracy	Minimum Accuracy	Maximum Accuracy	Sample 1 Accuracy	Sample 2 Accuracy	Sample 3 Accuracy	Sample 4 Accuracy	Sample 5 Accuracy
TH02_0077_S01	FRMPD2	Up	1.15055967658	0.952453970909	17.218203427732014	99.72423604172056	99.50842696629213	99.88479262672811	99.68268359020853	99.88479262672811	99.83991462113127	99.50842696629213	99.70536240424278
