Sample	Gene	Type	Expression	Threshold	Percent difference	Mean Accuracy	Minimum Accuracy	Maximum Accuracy	Sample 1 Accuracy	Sample 2 Accuracy	Sample 3 Accuracy	Sample 4 Accuracy	Sample 5 Accuracy
TH02_0077_S01	TEX264	Down	2.96716860753	3.80298566818	28.16884279945824	99.4792792554823	98.6013986013986	99.79959919839679	99.76958525345621	99.74937343358395	99.79959919839679	99.47643979057592	98.6013986013986
