Sample	Gene	Type	Expression	Threshold	Percent difference	Mean Accuracy	Minimum Accuracy	Maximum Accuracy	Sample 1 Accuracy	Sample 2 Accuracy	Sample 3 Accuracy	Sample 4 Accuracy	Sample 5 Accuracy
TH02_0077_S01	AC004237.1	Up	1.35049724708	0.687809228897	49.069927363113244	99.80601263720257	99.59349593495935	100	99.67637540453075	99.59349593495935	100	99.76019184652279	100
