Sample	Gene	Type	Expression	Threshold	Percent difference	Mean Accuracy	Minimum Accuracy	Maximum Accuracy	Sample 1 Accuracy	Sample 2 Accuracy	Sample 3 Accuracy	Sample 4 Accuracy	Sample 5 Accuracy
TH02_0077_S01	ZBTB37	Up	2.89917563048	2.65496039391	8.423609594482082	96.88632371366968	94.81437831467295	98.13233724653149	96.82683590208522	98.09907834101382	98.13233724653149	96.55898876404494	94.81437831467295
