Sample	Gene	Type	Expression	Threshold	Percent difference	Mean Accuracy	Minimum Accuracy	Maximum Accuracy	Sample 1 Accuracy	Sample 2 Accuracy	Sample 3 Accuracy	Sample 4 Accuracy	Sample 5 Accuracy
TH02_0077_S01	RP11-15A1.3	Up	3.23878685959	3.22627472878	0.3863215256956958	16.85666895900761	9.933774834437086	21.232876712328768	9.933774834437086	21.232876712328768	19.444444444444446	17.763157894736842	15.909090909090908
