Sample	Gene	Type	Expression	Threshold	Percent difference	Mean Accuracy	Minimum Accuracy	Maximum Accuracy	Sample 1 Accuracy	Sample 2 Accuracy	Sample 3 Accuracy	Sample 4 Accuracy	Sample 5 Accuracy
TH02_0077_S01	PROSER1	Up	6.03957710306	5.93750762939	1.69001027602224	98.79277267595693	97.33727810650888	99.71098265895954	98.50746268656717	99.71098265895954	99.54128440366972	97.33727810650888	98.86685552407933
