Sample	Gene	Type	Expression	Threshold	Percent difference	Mean Accuracy	Minimum Accuracy	Maximum Accuracy	Sample 1 Accuracy	Sample 2 Accuracy	Sample 3 Accuracy	Sample 4 Accuracy	Sample 5 Accuracy
TH02_0077_S01	RP11-358B23.6	Up	0.516015147004	0.176311850548	65.83203970432416	86.09897496758437	80.08658008658008	94.36936936936937	80.08658008658008	88.7766554433221	94.36936936936937	86.0122699386503	81.25
