Sample	Gene	Type	Expression	Threshold	Percent difference	Mean Accuracy	Minimum Accuracy	Maximum Accuracy	Sample 1 Accuracy	Sample 2 Accuracy	Sample 3 Accuracy	Sample 4 Accuracy	Sample 5 Accuracy
TH03_0112_S01	ADRA1D	Up	0.879705766282	0.805532932281	8.431550280099344	47.39214250272929	39.130434782608695	56.464379947229546	40.4040404040404	51.11111111111111	56.464379947229546	49.850746268656714	39.130434782608695
