Sample	Gene	Type	Expression	Threshold	Percent difference	Mean Accuracy	Minimum Accuracy	Maximum Accuracy	Sample 1 Accuracy	Sample 2 Accuracy	Sample 3 Accuracy	Sample 4 Accuracy	Sample 5 Accuracy
TH03_0112_S01	FRMD1	Up	0.356143810225	0.343758791685	3.4775330033605147	37.541012937930674	31.56408808582722	45.25175270873167	32.47950819672131	43.99756246191347	45.25175270873167	34.41215323645971	31.56408808582722
