Sample	Gene	Type	Expression	Threshold	Percent difference	Mean Accuracy	Minimum Accuracy	Maximum Accuracy	Sample 1 Accuracy	Sample 2 Accuracy	Sample 3 Accuracy	Sample 4 Accuracy	Sample 5 Accuracy
TH03_0112_S01	MGST2	Down	3.23266075679	3.29395151138	1.895984738307678	77.30537125717773	67.61133603238866	86.26760563380282	67.61133603238866	81.99052132701422	86.26760563380282	76.82926829268293	73.828125
