Sample	Gene	Type	Expression	Threshold	Percent difference	Mean Accuracy	Minimum Accuracy	Maximum Accuracy	Sample 1 Accuracy	Sample 2 Accuracy	Sample 3 Accuracy	Sample 4 Accuracy	Sample 5 Accuracy
TH03_0112_S01	PARP4P1	Up	0.17632277264	0.141808778048	19.574326149276004	64.88650269154057	59.01386748844376	71.6923076923077	60.781476121562946	71.6923076923077	71.2781954887218	61.66666666666667	59.01386748844376
