Sample	Gene	Type	Expression	Threshold	Percent difference	Mean Accuracy	Minimum Accuracy	Maximum Accuracy	Sample 1 Accuracy	Sample 2 Accuracy	Sample 3 Accuracy	Sample 4 Accuracy	Sample 5 Accuracy
TH03_0112_S01	CGB5	Up	1.25096157353	0.376716196537	69.88586983739467	99.92698713394901	99.79674796747967	100	99.83818770226537	99.79674796747967	100	100	100
