Sample	Gene	Type	Expression	Threshold	Percent difference	Mean Accuracy	Minimum Accuracy	Maximum Accuracy	Sample 1 Accuracy	Sample 2 Accuracy	Sample 3 Accuracy	Sample 4 Accuracy	Sample 5 Accuracy
TH03_0112_S01	CCDC23	Up	6.56102057783	6.49150466919	1.0595288921192725	93.17490129869947	88.74458874458875	98.33333333333333	88.74458874458875	98.33333333333333	97.30941704035875	88.79310344827587	92.69406392694064
