Sample	Gene	Type	Expression	Threshold	Percent difference	Mean Accuracy	Minimum Accuracy	Maximum Accuracy	Sample 1 Accuracy	Sample 2 Accuracy	Sample 3 Accuracy	Sample 4 Accuracy	Sample 5 Accuracy
TH03_0112_S01	MUC5AC	Up	0.310340120612	0.106960088015	65.53456001625845	94.48881655247493	91.41727837380012	97.51434034416826	93.4938524590164	95.36867763558806	97.51434034416826	94.64993394980185	91.41727837380012
