Sample	Gene	Type	Expression	Threshold	Percent difference	Mean Accuracy	Minimum Accuracy	Maximum Accuracy	Sample 1 Accuracy	Sample 2 Accuracy	Sample 3 Accuracy	Sample 4 Accuracy	Sample 5 Accuracy
TH03_0112_S01	WNT3A	Up	0.704871964456	0.472911119461	32.90822400264149	79.07099109533843	72.63427109974424	87.59894459102902	73.98989898989899	80.83333333333333	87.59894459102902	80.29850746268656	72.63427109974424
