Sample	Gene	Type	Expression	Threshold	Percent difference	Mean Accuracy	Minimum Accuracy	Maximum Accuracy	Sample 1 Accuracy	Sample 2 Accuracy	Sample 3 Accuracy	Sample 4 Accuracy	Sample 5 Accuracy
TH03_0112_S01	RP11-54O7.18	Up	0.545968369105	0.504391551018	7.615243014014969	22.449665629570102	19.64863615349052	29.643353404353867	20.4	29.643353404353867	21.846661170651277	20.70967741935484	19.64863615349052
