Sample	Gene	Type	Expression	Threshold	Percent difference	Mean Accuracy	Minimum Accuracy	Maximum Accuracy	Sample 1 Accuracy	Sample 2 Accuracy	Sample 3 Accuracy	Sample 4 Accuracy	Sample 5 Accuracy
TH03_0112_S01	CYP39A1	Up	5.19888699096	5.04300165176	2.9984367706214585	99.59327235344324	99.13793103448276	100	99.13793103448276	99.71181556195965	100	99.72451790633609	99.3920972644377
