Sample	Gene	Type	Expression	Threshold	Percent difference	Mean Accuracy	Minimum Accuracy	Maximum Accuracy	Sample 1 Accuracy	Sample 2 Accuracy	Sample 3 Accuracy	Sample 4 Accuracy	Sample 5 Accuracy
TH03_0112_S01	USP27X-AS1	Up	2.08406426479	2.02549958229	2.8101188379572806	63.10889159919283	54.7486033519553	72.52747252747253	56.282722513089	72.52747252747253	70.47146401985111	61.51419558359621	54.7486033519553
