Sample	Gene	Type	Expression	Threshold	Percent difference	Mean Accuracy	Minimum Accuracy	Maximum Accuracy	Sample 1 Accuracy	Sample 2 Accuracy	Sample 3 Accuracy	Sample 4 Accuracy	Sample 5 Accuracy
TH03_0112_S01	LINC01013	Up	1.37851162325	0.970738589764	29.580674301797195	98.92127652847425	98.2200647249191	99.8812351543943	98.2200647249191	98.98373983739837	99.8812351543943	98.32134292565947	99.2
