Sample	Gene	Type	Expression	Threshold	Percent difference	Mean Accuracy	Minimum Accuracy	Maximum Accuracy	Sample 1 Accuracy	Sample 2 Accuracy	Sample 3 Accuracy	Sample 4 Accuracy	Sample 5 Accuracy
TH03_0112_S01	TP53TG3D	Up	4.04439411936	2.36578440666	41.504602745432464	99.96047430830039	99.80237154150198	100	100	100	100	99.80237154150198	100
