Sample	Gene	Type	Expression	Threshold	Percent difference	Mean Accuracy	Minimum Accuracy	Maximum Accuracy	Sample 1 Accuracy	Sample 2 Accuracy	Sample 3 Accuracy	Sample 4 Accuracy	Sample 5 Accuracy
TH03_0112_S01	ELK1	Up	6.10517519227	5.99298477173	1.8376281925873124	99.24201098777031	98.46743295019157	100	98.51485148514851	100	99.63099630996311	98.46743295019157	99.59677419354838
