Sample	Gene	Type	Expression	Threshold	Percent difference	Mean Accuracy	Minimum Accuracy	Maximum Accuracy	Sample 1 Accuracy	Sample 2 Accuracy	Sample 3 Accuracy	Sample 4 Accuracy	Sample 5 Accuracy
TH03_0112_S01	FAM103A2P	Up	6.16410241248	5.88702917099	4.494948703789063	99.44565035899149	98.11320754716981	100	100	100	100	99.11504424778761	98.11320754716981
