Sample	Gene	Type	Expression	Threshold	Percent difference	Mean Accuracy	Minimum Accuracy	Maximum Accuracy	Sample 1 Accuracy	Sample 2 Accuracy	Sample 3 Accuracy	Sample 4 Accuracy	Sample 5 Accuracy
TH03_0112_S01	CTB-59C6.3	Up	3.49057013045	3.30492854118	5.318374429740152	93.04736305312612	89.40397350993378	97.26027397260275	89.40397350993378	97.26027397260275	95	93.42105263157895	90.15151515151516
