Sample	Gene	Type	Expression	Threshold	Percent difference	Mean Accuracy	Minimum Accuracy	Maximum Accuracy	Sample 1 Accuracy	Sample 2 Accuracy	Sample 3 Accuracy	Sample 4 Accuracy	Sample 5 Accuracy
TH03_0112_S01	PRR4	Up	4.98913900737	4.94518852234	0.8809232407651243	47.177296308308016	38.46153846153847	54.22535211267606	38.46153846153847	48.34123222748815	54.22535211267606	48.3739837398374	46.484375
