Sample	Gene	Type	Expression	Threshold	Percent difference	Mean Accuracy	Minimum Accuracy	Maximum Accuracy	Sample 1 Accuracy	Sample 2 Accuracy	Sample 3 Accuracy	Sample 4 Accuracy	Sample 5 Accuracy
TH03_0112_S01	RP11-61A14.4	Up	0.641546029088	0.439908593893	31.42992490837187	76.7029637339037	71.0997442455243	83.37730870712402	72.47474747474747	78.05555555555556	83.37730870712402	78.50746268656717	71.0997442455243
