Sample	Gene	Type	Expression	Threshold	Percent difference	Mean Accuracy	Minimum Accuracy	Maximum Accuracy	Sample 1 Accuracy	Sample 2 Accuracy	Sample 3 Accuracy	Sample 4 Accuracy	Sample 5 Accuracy
TH03_0112_S01	RP11-342I1.2	Up	1.83995958749	1.17385804653	36.20196581973138	99.44373955346734	99.04076738609112	100	99.19093851132686	99.1869918699187	100	99.04076738609112	99.8
