Sample	Gene	Type	Expression	Threshold	Percent difference	Mean Accuracy	Minimum Accuracy	Maximum Accuracy	Sample 1 Accuracy	Sample 2 Accuracy	Sample 3 Accuracy	Sample 4 Accuracy	Sample 5 Accuracy
TH03_0112_S01	MTX1P1	Up	1.25701061821	1.04709196091	16.69983166879903	94.74745027505304	92.4	98.2185273159145	94.1747572815534	96.13821138211382	98.2185273159145	92.80575539568345	92.4
