Sample	Gene	Type	Expression	Threshold	Percent difference	Mean Accuracy	Minimum Accuracy	Maximum Accuracy	Sample 1 Accuracy	Sample 2 Accuracy	Sample 3 Accuracy	Sample 4 Accuracy	Sample 5 Accuracy
TH03_0112_S01	PIGC	Up	6.35966172233	6.35805940628	0.025194988663853852	5.2119399857803685	3.39943342776204	8.38150289017341	5.223880597014925	8.38150289017341	5.5045871559633035	3.5502958579881656	3.39943342776204
