Sample	Gene	Type	Expression	Threshold	Percent difference	Mean Accuracy	Minimum Accuracy	Maximum Accuracy	Sample 1 Accuracy	Sample 2 Accuracy	Sample 3 Accuracy	Sample 4 Accuracy	Sample 5 Accuracy
TH03_0112_S01	RP11-316M1.3	Up	0.432959407276	0.244198605418	43.59780586489718	75.0283367490288	64.37841530054644	89.61399611219106	66.56553398058253	82.28092783505154	89.61399611219106	72.30281051677244	64.37841530054644
