Sample	Gene	Type	Expression	Threshold	Percent difference	Mean Accuracy	Minimum Accuracy	Maximum Accuracy	Sample 1 Accuracy	Sample 2 Accuracy	Sample 3 Accuracy	Sample 4 Accuracy	Sample 5 Accuracy
TH03_0112_S01	C4orf45	Up	0.389566811763	0.141808778048	63.598342115890524	84.84970825645551	78.71545929798357	91.75187457396046	78.93982808022922	89.62558502340093	91.75187457396046	85.2157943067034	78.71545929798357
