Sample	Gene	Type	Expression	Threshold	Percent difference	Mean Accuracy	Minimum Accuracy	Maximum Accuracy	Sample 1 Accuracy	Sample 2 Accuracy	Sample 3 Accuracy	Sample 4 Accuracy	Sample 5 Accuracy
TH03_0112_S01	ZNF575	Up	3.82273014794	2.89218664169	24.342380190018208	99.96047430830039	99.80237154150198	100	100	100	100	99.80237154150198	100
