Sample	Gene	Type	Expression	Threshold	Percent difference	Mean Accuracy	Minimum Accuracy	Maximum Accuracy	Sample 1 Accuracy	Sample 2 Accuracy	Sample 3 Accuracy	Sample 4 Accuracy	Sample 5 Accuracy
TH03_0112_S01	CABLES2	Up	4.54781995658	4.52022695541	0.6067302890932782	60.85182497129042	51.83466891606917	68.32895888013998	58.1713084603258	67.88290199406023	68.32895888013998	58.04128660585693	51.83466891606917
