Sample	Gene	Type	Expression	Threshold	Percent difference	Mean Accuracy	Minimum Accuracy	Maximum Accuracy	Sample 1 Accuracy	Sample 2 Accuracy	Sample 3 Accuracy	Sample 4 Accuracy	Sample 5 Accuracy
TH03_0112_S01	DNAJC17	Up	6.5490530293400004	6.48267269135	1.0135868146526485	84.67419181808896	71.68141592920354	92.3076923076923	84	92.3076923076923	90.47619047619048	71.68141592920354	84.90566037735849
