Sample	Gene	Type	Expression	Threshold	Percent difference	Mean Accuracy	Minimum Accuracy	Maximum Accuracy	Sample 1 Accuracy	Sample 2 Accuracy	Sample 3 Accuracy	Sample 4 Accuracy	Sample 5 Accuracy
TH03_0112_S01	SNRPCP3	Up	1.26903314646	0.989086866379	22.059808355827208	94.89088352716749	92.00743494423791	98.06201550387597	92.76139410187668	96.96000000000001	98.06201550387597	94.66357308584686	92.00743494423791
