Sample	Gene	Type	Expression	Threshold	Percent difference	Mean Accuracy	Minimum Accuracy	Maximum Accuracy	Sample 1 Accuracy	Sample 2 Accuracy	Sample 3 Accuracy	Sample 4 Accuracy	Sample 5 Accuracy
TH03_0112_S01	RP11-999E24.3	Up	3.42088657498	3.29114246368	3.792704272890384	97.90219004127384	96.01139601139602	99.53271028037383	96.01139601139602	99.38080495356037	99.53271028037383	97.14285714285714	97.44318181818183
