Sample	Gene	Type	Expression	Threshold	Percent difference	Mean Accuracy	Minimum Accuracy	Maximum Accuracy	Sample 1 Accuracy	Sample 2 Accuracy	Sample 3 Accuracy	Sample 4 Accuracy	Sample 5 Accuracy
TH03_0112_S01	MTHFD1L	Down	0.773996325111	1.22478115559	58.24121069494124	90.72912156084605	87.92792792792793	94.8339483394834	87.92792792792793	93.50393700787401	94.8339483394834	88.32599118942731	89.05380333951763
