Sample	Gene	Type	Expression	Threshold	Percent difference	Mean Accuracy	Minimum Accuracy	Maximum Accuracy	Sample 1 Accuracy	Sample 2 Accuracy	Sample 3 Accuracy	Sample 4 Accuracy	Sample 5 Accuracy
TH03_0112_S01	RP1-79C4.1	Up	0.163498732283	0.0362440273166	77.83222731423677	89.877176786389	85.86088939566704	96.17755856966707	86.60049627791562	93.2806324110672	96.17755856966707	87.46630727762803	85.86088939566704
