Sample	Gene	Type	Expression	Threshold	Percent difference	Mean Accuracy	Minimum Accuracy	Maximum Accuracy	Sample 1 Accuracy	Sample 2 Accuracy	Sample 3 Accuracy	Sample 4 Accuracy	Sample 5 Accuracy
TH03_0112_S01	RP11-863K10.4	Up	3.10433665981	2.89523148537	6.73590519827183	98.84095497499685	96.35627530364373	100	96.35627530364373	99.0521327014218	100	99.1869918699187	99.609375
