Sample	Gene	Type	Expression	Threshold	Percent difference	Mean Accuracy	Minimum Accuracy	Maximum Accuracy	Sample 1 Accuracy	Sample 2 Accuracy	Sample 3 Accuracy	Sample 4 Accuracy	Sample 5 Accuracy
TH03_0112_S01	RP5-902P8.12	Up	1.22032995488	0.561504602432	53.987476896179686	99.95495495495496	99.77477477477478	100	100	99.77477477477478	100	100	100
