Sample	Gene	Type	Expression	Threshold	Percent difference	Mean Accuracy	Minimum Accuracy	Maximum Accuracy	Sample 1 Accuracy	Sample 2 Accuracy	Sample 3 Accuracy	Sample 4 Accuracy	Sample 5 Accuracy
TH03_0112_S01	LTBP4	Up	9.34646941006	9.27044200897	0.8134344398342211	99.14819643633203	97.43589743589743	100	100	100	100	98.30508474576271	97.43589743589743
