Sample	Gene	Type	Expression	Threshold	Percent difference	Mean Accuracy	Minimum Accuracy	Maximum Accuracy	Sample 1 Accuracy	Sample 2 Accuracy	Sample 3 Accuracy	Sample 4 Accuracy	Sample 5 Accuracy
TH03_0112_S01	CDON	Up	5.17871464118	5.13265705109	0.8893633513567321	95.0879504214521	91.38920780711825	98.04822043628015	94.97991967871486	97.77777777777777	98.04822043628015	93.24462640736951	91.38920780711825
