Sample	Gene	Type	Expression	Threshold	Percent difference	Mean Accuracy	Minimum Accuracy	Maximum Accuracy	Sample 1 Accuracy	Sample 2 Accuracy	Sample 3 Accuracy	Sample 4 Accuracy	Sample 5 Accuracy
TH03_0112_S01	TCFL5	Up	5.06047978141	5.00094985962	1.1763691262770462	96.86682552260525	94.6360153256705	98.8929889298893	95.04950495049505	98.5781990521327	98.8929889298893	94.6360153256705	97.17741935483872
