Sample	Gene	Type	Expression	Threshold	Percent difference	Mean Accuracy	Minimum Accuracy	Maximum Accuracy	Sample 1 Accuracy	Sample 2 Accuracy	Sample 3 Accuracy	Sample 4 Accuracy	Sample 5 Accuracy
TH03_0112_S01	DBX2	Up	0.263034405834	0.141808778048	46.08736541580231	84.45526822267769	78.00511508951406	92.0844327176781	82.07070707070707	84.44444444444444	92.0844327176781	85.67164179104478	78.00511508951406
