Sample	Gene	Type	Expression	Threshold	Percent difference	Mean Accuracy	Minimum Accuracy	Maximum Accuracy	Sample 1 Accuracy	Sample 2 Accuracy	Sample 3 Accuracy	Sample 4 Accuracy	Sample 5 Accuracy
TH03_0104_S01	KDM8	Up	3.95419631039	3.62767577171	8.257570263318453	99.87648356047492	99.77924944812362	100	100	100	99.800796812749	99.80237154150198	99.77924944812362
