Sample	Gene	Type	Expression	Threshold	Percent difference	Mean Accuracy	Minimum Accuracy	Maximum Accuracy	Sample 1 Accuracy	Sample 2 Accuracy	Sample 3 Accuracy	Sample 4 Accuracy	Sample 5 Accuracy
TH03_0104_S01	CSRNP1	Up	6.76672765886	6.63239717484	1.985161673295868	99.79109015798956	99.38587512794268	100	99.79919678714859	100	99.88518943742825	99.38587512794268	99.88518943742825
