Sample	Gene	Type	Expression	Threshold	Percent difference	Mean Accuracy	Minimum Accuracy	Maximum Accuracy	Sample 1 Accuracy	Sample 2 Accuracy	Sample 3 Accuracy	Sample 4 Accuracy	Sample 5 Accuracy
TH03_0104_S01	LY6G6E	Up	0.0703893278914	0.00606092810631	91.38942182306232	86.4732765354867	81.55339805825243	94.14674361088211	82.4888888888889	89.53219082908754	94.14674361088211	84.64516129032258	81.55339805825243
