Sample	Gene	Type	Expression	Threshold	Percent difference	Mean Accuracy	Minimum Accuracy	Maximum Accuracy	Sample 1 Accuracy	Sample 2 Accuracy	Sample 3 Accuracy	Sample 4 Accuracy	Sample 5 Accuracy
TH03_0104_S01	GPT	Up	5.04089243065	4.89075279236	2.9784336872001047	99.903236914600555	99.72451790633609	100	100	100	99.79166666666667	99.72451790633609	100
