Sample	Gene	Type	Expression	Threshold	Percent difference	Mean Accuracy	Minimum Accuracy	Maximum Accuracy	Sample 1 Accuracy	Sample 2 Accuracy	Sample 3 Accuracy	Sample 4 Accuracy	Sample 5 Accuracy
TH03_0104_S01	FMO4	Up	4.46336088582	4.1431388855	7.174459079420141	99.91525271729382	99.78118161925602	100	100	100	100	99.78118161925602	99.79508196721312
