Sample	Gene	Type	Expression	Threshold	Percent difference	Mean Accuracy	Minimum Accuracy	Maximum Accuracy	Sample 1 Accuracy	Sample 2 Accuracy	Sample 3 Accuracy	Sample 4 Accuracy	Sample 5 Accuracy
TH03_0104_S01	LINC00365	Up	0.575312330687	0.545058250427	5.2587227226422675	37.84850649942745	30.241187384044526	46.45669291338583	31.71171171171171	46.45669291338583	42.066420664206646	38.76651982378855	30.241187384044526
