Sample	Gene	Type	Expression	Threshold	Percent difference	Mean Accuracy	Minimum Accuracy	Maximum Accuracy	Sample 1 Accuracy	Sample 2 Accuracy	Sample 3 Accuracy	Sample 4 Accuracy	Sample 5 Accuracy
TH03_0104_S01	TMEM56-RWDD3	Up	2.11436702495	1.95293998718	7.634768981218736	82.39880528203774	76.10837438423646	89.31116389548693	78.05429864253394	89.31116389548693	88.46153846153845	80.05865102639295	76.10837438423646
