Sample	Gene	Type	Expression	Threshold	Percent difference	Mean Accuracy	Minimum Accuracy	Maximum Accuracy	Sample 1 Accuracy	Sample 2 Accuracy	Sample 3 Accuracy	Sample 4 Accuracy	Sample 5 Accuracy
TH03_0104_S01	TBC1D10B	Down	3.25851892471	3.36400365829	3.2371987402033535	98.65793087341598	97.17418810628426	99.78127734033247	98.89647924330005	99.40602460755197	99.78127734033247	98.03168506961114	97.17418810628426
