Sample	Gene	Type	Expression	Threshold	Percent difference	Mean Accuracy	Minimum Accuracy	Maximum Accuracy	Sample 1 Accuracy	Sample 2 Accuracy	Sample 3 Accuracy	Sample 4 Accuracy	Sample 5 Accuracy
TH03_0104_S01	PROX1-AS1	Up	1.17951105027	0.980933845043	16.835552764134253	98.9643523457123	98.10725552050474	100	99.21465968586386	99.17582417582418	100	98.10725552050474	98.32402234636871
