Sample	Gene	Type	Expression	Threshold	Percent difference	Mean Accuracy	Minimum Accuracy	Maximum Accuracy	Sample 1 Accuracy	Sample 2 Accuracy	Sample 3 Accuracy	Sample 4 Accuracy	Sample 5 Accuracy
TH03_0104_S01	ATP1B3	Down	3.92409988564	3.99934315681	1.917465746612319	88.30794109045523	83.41232227488152	93.82470119521913	83.41232227488152	93.6123348017621	93.82470119521913	86.36363636363636	84.32671081677704
