Sample	Gene	Type	Expression	Threshold	Percent difference	Mean Accuracy	Minimum Accuracy	Maximum Accuracy	Sample 1 Accuracy	Sample 2 Accuracy	Sample 3 Accuracy	Sample 4 Accuracy	Sample 5 Accuracy
TH03_0020_S01	SERPINA10	Up	0.17632277264	0.141808778048	19.574326149276004	67.88145447831737	59.554730983302406	75.19685039370079	60.18018018018017	75.19685039370079	75.09225092250922	69.38325991189427	59.554730983302406
