Sample	Gene	Type	Expression	Threshold	Percent difference	Mean Accuracy	Minimum Accuracy	Maximum Accuracy	Sample 1 Accuracy	Sample 2 Accuracy	Sample 3 Accuracy	Sample 4 Accuracy	Sample 5 Accuracy
TH03_0020_S01	EDEM3	Down	1.6322682155	1.70250546932	4.303046101922948	87.30238423856933	79.25751325869182	92.79953917050692	86.67271078875794	92.79953917050692	92.52934898612594	85.25280898876404	79.25751325869182
