Sample	Gene	Type	Expression	Threshold	Percent difference	Mean Accuracy	Minimum Accuracy	Maximum Accuracy	Sample 1 Accuracy	Sample 2 Accuracy	Sample 3 Accuracy	Sample 4 Accuracy	Sample 5 Accuracy
TH03_0020_S01	PAQR9	Up	0.475084882949	0.344080448151	27.57495333987784	75.5928668212651	69.54954954954955	81.88976377952756	69.54954954954955	81.88976377952756	81.18081180811808	75.77092511013215	69.57328385899815
