Sample	Gene	Type	Expression	Threshold	Percent difference	Mean Accuracy	Minimum Accuracy	Maximum Accuracy	Sample 1 Accuracy	Sample 2 Accuracy	Sample 3 Accuracy	Sample 4 Accuracy	Sample 5 Accuracy
TH03_0020_S01	RP11-54D18.4	Up	0.321928094887	0.311149060726	3.3482738326344466	20.23723820595561	16.26074498567335	26.98907956318253	16.26074498567335	26.98907956318253	21.13156100886162	19.92653810835629	16.878267363704257
