Sample	Gene	Type	Expression	Threshold	Percent difference	Mean Accuracy	Minimum Accuracy	Maximum Accuracy	Sample 1 Accuracy	Sample 2 Accuracy	Sample 3 Accuracy	Sample 4 Accuracy	Sample 5 Accuracy
TH03_0020_S01	RPE65	Up	0.475084882949	0.141808778048	70.15085448146682	92.54497798205088	89.54954954954954	96.12546125461255	89.54954954954954	94.88188976377953	96.12546125461255	91.62995594713657	90.53803339517626
