Sample	Gene	Type	Expression	Threshold	Percent difference	Mean Accuracy	Minimum Accuracy	Maximum Accuracy	Sample 1 Accuracy	Sample 2 Accuracy	Sample 3 Accuracy	Sample 4 Accuracy	Sample 5 Accuracy
TH03_0020_S01	PAPL	Up	0.678071905113	0.441114872694	34.945708653053735	81.15433499034361	76.93693693693695	84.84251968503938	76.93693693693695	84.84251968503938	84.31734317343174	81.93832599118943	77.73654916512059
