Sample	Gene	Type	Expression	Threshold	Percent difference	Mean Accuracy	Minimum Accuracy	Maximum Accuracy	Sample 1 Accuracy	Sample 2 Accuracy	Sample 3 Accuracy	Sample 4 Accuracy	Sample 5 Accuracy
TH03_0020_S01	RAB6C	Up	0.731183241572	0.674425303936	7.762477913740728	52.88684220111873	45.00282326369283	63.224984066284264	48.46311475409836	59.65874466788543	63.224984066284264	48.084544253632764	45.00282326369283
