Sample	Gene	Type	Expression	Threshold	Percent difference	Mean Accuracy	Minimum Accuracy	Maximum Accuracy	Sample 1 Accuracy	Sample 2 Accuracy	Sample 3 Accuracy	Sample 4 Accuracy	Sample 5 Accuracy
TH03_0020_S01	RP3-525N10.2	Up	2.58496250072	1.21773982048	52.89139319658146	99.8383750967495	99.59349593495935	100	99.83818770226537	99.59349593495935	100	99.76019184652279	100
