Sample	Gene	Type	Expression	Threshold	Percent difference	Mean Accuracy	Minimum Accuracy	Maximum Accuracy	Sample 1 Accuracy	Sample 2 Accuracy	Sample 3 Accuracy	Sample 4 Accuracy	Sample 5 Accuracy
TH03_0020_S01	BPIFC	Up	0.50589092973	0.071774750948	85.81220837734588	90.21833518484797	86.54503990877993	96.17755856966707	87.22084367245657	93.41238471673255	96.17755856966707	87.73584905660378	86.54503990877993
