Sample	Gene	Type	Expression	Threshold	Percent difference	Mean Accuracy	Minimum Accuracy	Maximum Accuracy	Sample 1 Accuracy	Sample 2 Accuracy	Sample 3 Accuracy	Sample 4 Accuracy	Sample 5 Accuracy
TH03_0020_S01	RP11-466H18.1	Up	11.2686063266	11.2483024597	0.18018081661148067	98.28571428571429	91.42857142857143	100	100	100	100	91.42857142857143	100
