Sample	Gene	Type	Expression	Threshold	Percent difference	Mean Accuracy	Minimum Accuracy	Maximum Accuracy	Sample 1 Accuracy	Sample 2 Accuracy	Sample 3 Accuracy	Sample 4 Accuracy	Sample 5 Accuracy
TH03_0020_S01	MAML3	Up	4.56437816857	4.55584955215	0.18685166094974218	22.89950213607499	17.840573597638127	28.04412388629614	20.23121387283237	28.04412388629614	27.69028871391076	20.691310609697553	17.840573597638127
