Sample	Gene	Type	Expression	Threshold	Percent difference	Mean Accuracy	Minimum Accuracy	Maximum Accuracy	Sample 1 Accuracy	Sample 2 Accuracy	Sample 3 Accuracy	Sample 4 Accuracy	Sample 5 Accuracy
TH03_0020_S01	ARHGAP36	Up	0.757023246507	0.535611569881	29.24767206920279	76.4844062755828	70.50092764378478	82.28346456692913	70.8108108108108	82.28346456692913	81.73431734317343	77.09251101321586	70.50092764378478
