Sample	Gene	Type	Expression	Threshold	Percent difference	Mean Accuracy	Minimum Accuracy	Maximum Accuracy	Sample 1 Accuracy	Sample 2 Accuracy	Sample 3 Accuracy	Sample 4 Accuracy	Sample 5 Accuracy
TH03_0020_S01	MOV10	Down	3.0071955014	3.22084379196	7.104569372378222	99.91525271729382	99.78118161925602	100	100	100	100	99.78118161925602	99.79508196721312
