Sample	Gene	Type	Expression	Threshold	Percent difference	Mean Accuracy	Minimum Accuracy	Maximum Accuracy	Sample 1 Accuracy	Sample 2 Accuracy	Sample 3 Accuracy	Sample 4 Accuracy	Sample 5 Accuracy
TH03_0020_S01	RP11-752D24.2	Up	0.298658315565	0.188761264086	36.79691666079929	80.98879216330982	76.8451519536903	85.86466165413535	76.8451519536903	85.53846153846155	85.86466165413535	79.5	77.19568567026194
