Sample	Gene	Type	Expression	Threshold	Percent difference	Mean Accuracy	Minimum Accuracy	Maximum Accuracy	Sample 1 Accuracy	Sample 2 Accuracy	Sample 3 Accuracy	Sample 4 Accuracy	Sample 5 Accuracy
TH03_0020_S01	RND3	Up	8.02801654368	7.97266054153	0.6895352276469652	99.02391334683402	98.38709677419355	100	99.25373134328358	100	98.38709677419355	98.44961240310077	99.02912621359224
