Sample	Gene	Type	Expression	Threshold	Percent difference	Mean Accuracy	Minimum Accuracy	Maximum Accuracy	Sample 1 Accuracy	Sample 2 Accuracy	Sample 3 Accuracy	Sample 4 Accuracy	Sample 5 Accuracy
TH03_0020_S01	SCN8A	Up	2.89917563048	2.55277371407	11.948290154213522	98.7928896053073	97.93753682969947	99.5197438633938	98.73073436083409	99.25115207373271	99.5197438633938	98.5252808988764	97.93753682969947
