Sample	Gene	Type	Expression	Threshold	Percent difference	Mean Accuracy	Minimum Accuracy	Maximum Accuracy	Sample 1 Accuracy	Sample 2 Accuracy	Sample 3 Accuracy	Sample 4 Accuracy	Sample 5 Accuracy
TH03_0020_S01	LINC01411	Up	1.20163386117	0.946536004543	21.229250012863126	99.05664834813597	97.9020979020979	99.79959919839679	98.61751152073732	99.74937343358395	99.79959919839679	99.21465968586386	97.9020979020979
