Sample	Gene	Type	Expression	Threshold	Percent difference	Mean Accuracy	Minimum Accuracy	Maximum Accuracy	Sample 1 Accuracy	Sample 2 Accuracy	Sample 3 Accuracy	Sample 4 Accuracy	Sample 5 Accuracy
TH03_0020_S01	DNPEP	Down	3.9476661568	3.99460482597	1.1890232685746904	72.07401447992864	64.45497630331754	81.4977973568282	64.45497630331754	81.4977973568282	80.0796812749004	68.77470355731225	65.56291390728477
