Sample	Gene	Type	Expression	Threshold	Percent difference	Mean Accuracy	Minimum Accuracy	Maximum Accuracy	Sample 1 Accuracy	Sample 2 Accuracy	Sample 3 Accuracy	Sample 4 Accuracy	Sample 5 Accuracy
TH03_0020_S01	TMTC4	Up	6.00831656373	5.91536092758	1.5471161541510505	99.06038192454307	97.10144927536231	100	100	99.43502824858757	100	98.76543209876543	97.10144927536231
