Sample	Gene	Type	Expression	Threshold	Percent difference	Mean Accuracy	Minimum Accuracy	Maximum Accuracy	Sample 1 Accuracy	Sample 2 Accuracy	Sample 3 Accuracy	Sample 4 Accuracy	Sample 5 Accuracy
TH03_0020_S01	RAB39A	Up	2.86789646399	1.59349036217	44.43696339187103	99.85189221319595	99.51456310679612	100	99.51456310679612	99.74489795918367	100	100	100
