Sample	Gene	Type	Expression	Threshold	Percent difference	Mean Accuracy	Minimum Accuracy	Maximum Accuracy	Sample 1 Accuracy	Sample 2 Accuracy	Sample 3 Accuracy	Sample 4 Accuracy	Sample 5 Accuracy
TH03_0020_S01	ZNF385D	Up	3.36317107712	3.33437728882	0.8561499739304774	63.62610868320902	55.46038543897216	73.93822393822393	59.27505330490405	71.2	73.93822393822393	58.256880733944946	55.46038543897216
