Sample	Gene	Type	Expression	Threshold	Percent difference	Mean Accuracy	Minimum Accuracy	Maximum Accuracy	Sample 1 Accuracy	Sample 2 Accuracy	Sample 3 Accuracy	Sample 4 Accuracy	Sample 5 Accuracy
TH03_0149_S01	NCF1C	Up	5.00090140274	4.98522758484	0.3134198544968905	54.549397221038696	46.26865671641791	68.20809248554913	46.26865671641791	68.20809248554913	59.63302752293578	47.928994082840234	50.70821529745042
