Sample	Gene	Type	Expression	Threshold	Percent difference	Mean Accuracy	Minimum Accuracy	Maximum Accuracy	Sample 1 Accuracy	Sample 2 Accuracy	Sample 3 Accuracy	Sample 4 Accuracy	Sample 5 Accuracy
TH03_0149_S01	AQP7P1	Up	0.422233000683	0.141808778048	66.41456782899216	85.43835442177155	79.51289398280802	91.88820722563054	79.51289398280802	90.01560062402496	91.88820722563054	85.49127640036731	80.28379387602689
