Sample	Gene	Type	Expression	Threshold	Percent difference	Mean Accuracy	Minimum Accuracy	Maximum Accuracy	Sample 1 Accuracy	Sample 2 Accuracy	Sample 3 Accuracy	Sample 4 Accuracy	Sample 5 Accuracy
TH03_0149_S01	SH3BP4	Down	0.226508529809	0.718416929245	217.1699228504969	99.74714626457863	99.33333333333333	100	99.71056439942113	100	100	99.33333333333333	99.69183359013869
