Sample	Gene	Type	Expression	Threshold	Percent difference	Mean Accuracy	Minimum Accuracy	Maximum Accuracy	Sample 1 Accuracy	Sample 2 Accuracy	Sample 3 Accuracy	Sample 4 Accuracy	Sample 5 Accuracy
TH03_0149_S01	HMHA1	Up	6.92955431573	6.90596389771	0.34043196640294104	64.04953478189051	56.038647342995176	74.57627118644068	60.11904761904761	74.57627118644068	65.72769953051643	63.78600823045267	56.038647342995176
