Sample	Gene	Type	Expression	Threshold	Percent difference	Mean Accuracy	Minimum Accuracy	Maximum Accuracy	Sample 1 Accuracy	Sample 2 Accuracy	Sample 3 Accuracy	Sample 4 Accuracy	Sample 5 Accuracy
TH03_0149_S01	SIRPB2	Up	3.86096279786	3.59707140923	6.8348596566707736	99.91551840175693	99.77064220183486	100	100	100	99.8069498069498	99.77064220183486	100
