Sample	Gene	Type	Expression	Threshold	Percent difference	Mean Accuracy	Minimum Accuracy	Maximum Accuracy	Sample 1 Accuracy	Sample 2 Accuracy	Sample 3 Accuracy	Sample 4 Accuracy	Sample 5 Accuracy
TH03_0149_S01	ADRA1D	Up	1.51096191928	0.805532932281	46.68741005300447	99.83848428715349	99.57264957264957	100	100	100	100	99.57264957264957	99.61977186311786
