Sample	Gene	Type	Expression	Threshold	Percent difference	Mean Accuracy	Minimum Accuracy	Maximum Accuracy	Sample 1 Accuracy	Sample 2 Accuracy	Sample 3 Accuracy	Sample 4 Accuracy	Sample 5 Accuracy
TH03_0149_S01	LRP6	Down	0.124328135002	0.271416187286	118.30632887852282	97.59831114977383	95.56277056277057	99.77477477477478	95.56277056277057	97.8675645342312	99.77477477477478	98.28220858895705	96.5042372881356
