Sample	Gene	Type	Expression	Threshold	Percent difference	Mean Accuracy	Minimum Accuracy	Maximum Accuracy	Sample 1 Accuracy	Sample 2 Accuracy	Sample 3 Accuracy	Sample 4 Accuracy	Sample 5 Accuracy
TH03_0149_S01	BCORP1	Up	0.18903382439	0.141808778048	24.98232604370789	81.34721904220687	74.47769621682664	89.67495219885278	78.27868852459017	85.37477148080438	89.67495219885278	78.92998678996037	74.47769621682664
