Sample	Gene	Type	Expression	Threshold	Percent difference	Mean Accuracy	Minimum Accuracy	Maximum Accuracy	Sample 1 Accuracy	Sample 2 Accuracy	Sample 3 Accuracy	Sample 4 Accuracy	Sample 5 Accuracy
TH03_0149_S01	RP11-264B14.2	Up	1.50080205306	0.776138663292	48.285074523350815	89.11436603509355	82.22222222222221	94.31818181818183	84.0909090909091	92.19858156028369	94.31818181818183	92.74193548387096	82.22222222222221
