Sample	Gene	Type	Expression	Threshold	Percent difference	Mean Accuracy	Minimum Accuracy	Maximum Accuracy	Sample 1 Accuracy	Sample 2 Accuracy	Sample 3 Accuracy	Sample 4 Accuracy	Sample 5 Accuracy
TH03_0149_S01	RP11-39H3.2	Up	0.422233000683	0.188761264086	55.29452606009914	93.54900427233135	90.231507622811975	97.06819630337795	92.41803278688525	94.6983546617916	97.06819630337795	93.32892998678997	90.231507622811975
