Sample	Gene	Type	Expression	Threshold	Percent difference	Mean Accuracy	Minimum Accuracy	Maximum Accuracy	Sample 1 Accuracy	Sample 2 Accuracy	Sample 3 Accuracy	Sample 4 Accuracy	Sample 5 Accuracy
TH03_0149_S01	RNASE1	Down	1.59454854955	2.38481211662	49.560332753306355	99.80601263720257	99.59349593495935	100	99.67637540453075	99.59349593495935	100	99.76019184652279	100
