Sample	Gene	Type	Expression	Threshold	Percent difference	Mean Accuracy	Minimum Accuracy	Maximum Accuracy	Sample 1 Accuracy	Sample 2 Accuracy	Sample 3 Accuracy	Sample 4 Accuracy	Sample 5 Accuracy
TH03_0149_S01	PTGDR2	Up	1.50589092973	0.875040233135	41.89219047279267	99.83848428715349	99.57264957264957	100	100	100	100	99.57264957264957	99.61977186311786
