Sample	Gene	Type	Expression	Threshold	Percent difference	Mean Accuracy	Minimum Accuracy	Maximum Accuracy	Sample 1 Accuracy	Sample 2 Accuracy	Sample 3 Accuracy	Sample 4 Accuracy	Sample 5 Accuracy
TH03_0149_S01	AC104634.3	Up	0.17632277264	0.176311850548	0.006194374008788559	4.893725518192376	1.3329630658150513	7.989690721649484	6.4623786407766985	7.989690721649484	1.3329630658150513	3.0825022665457844	5.601092896174864
