Sample	Gene	Type	Expression	Threshold	Percent difference	Mean Accuracy	Minimum Accuracy	Maximum Accuracy	Sample 1 Accuracy	Sample 2 Accuracy	Sample 3 Accuracy	Sample 4 Accuracy	Sample 5 Accuracy
TH03_0149_S01	RP11-820I16.1	Up	0.321928094887	0.210507676005	34.610343319401714	68.00300985629436	57.27459016393443	83.56012218828104	58.161407766990294	76.7396907216495	83.56012218828104	64.27923844061651	57.27459016393443
