Sample	Gene	Type	Expression	Threshold	Percent difference	Mean Accuracy	Minimum Accuracy	Maximum Accuracy	Sample 1 Accuracy	Sample 2 Accuracy	Sample 3 Accuracy	Sample 4 Accuracy	Sample 5 Accuracy
TH03_0149_S01	CRHBP	Up	2.66220549965	2.16282367706	18.758199645205973	98.1370206937835	96.55172413793103	99.04988123515439	97.51131221719457	99.04988123515439	99.03846153846155	98.53372434017595	96.55172413793103
