Sample	Gene	Type	Expression	Threshold	Percent difference	Mean Accuracy	Minimum Accuracy	Maximum Accuracy	Sample 1 Accuracy	Sample 2 Accuracy	Sample 3 Accuracy	Sample 4 Accuracy	Sample 5 Accuracy
TH03_0149_S01	NADSYN1	Up	6.97384083953	6.80526828766	2.4172124909200168	99.80795094498482	99.58333333333333	100	100	100	99.58333333333333	99.72451790633609	99.73190348525469
