Sample	Gene	Type	Expression	Threshold	Percent difference	Mean Accuracy	Minimum Accuracy	Maximum Accuracy	Sample 1 Accuracy	Sample 2 Accuracy	Sample 3 Accuracy	Sample 4 Accuracy	Sample 5 Accuracy
TH03_0149_S01	CDC37	Up	8.48353365847	8.46350479126	0.23609109147581248	79.27725435923537	68.93203883495146	90	78.35820895522389	90	84.67741935483872	74.4186046511628	68.93203883495146
