Sample	Gene	Type	Expression	Threshold	Percent difference	Mean Accuracy	Minimum Accuracy	Maximum Accuracy	Sample 1 Accuracy	Sample 2 Accuracy	Sample 3 Accuracy	Sample 4 Accuracy	Sample 5 Accuracy
TH03_0149_S01	FAM3C	Down	2.12763327973	2.76084327698	29.761237675806406	99.70113321351917	99.27184466019418	100	99.27184466019418	99.74489795918367	100	99.71671388101983	99.77220956719817
