Sample	Gene	Type	Expression	Threshold	Percent difference	Mean Accuracy	Minimum Accuracy	Maximum Accuracy	Sample 1 Accuracy	Sample 2 Accuracy	Sample 3 Accuracy	Sample 4 Accuracy	Sample 5 Accuracy
TH03_0149_S01	MYO1D	Down	0.18903382439	0.306367695332	62.07030478308781	89.35594183919756	87.51926040061633	92.61538461538461	87.98842257597684	92.61538461538461	89.32330827067669	89.33333333333333	87.51926040061633
