Sample	Gene	Type	Expression	Threshold	Percent difference	Mean Accuracy	Minimum Accuracy	Maximum Accuracy	Sample 1 Accuracy	Sample 2 Accuracy	Sample 3 Accuracy	Sample 4 Accuracy	Sample 5 Accuracy
TH03_0149_S01	SNRPGP10	Up	5.746043983	5.38414382935	6.2982489295366	86.46479446479447	81.48148148148148	90	81.48148148148148	90	85.71428571428571	88.46153846153845	86.66666666666667
