Sample	Gene	Type	Expression	Threshold	Percent difference	Mean Accuracy	Minimum Accuracy	Maximum Accuracy	Sample 1 Accuracy	Sample 2 Accuracy	Sample 3 Accuracy	Sample 4 Accuracy	Sample 5 Accuracy
TH03_0149_S01	PIAS1	Up	5.66760832567	5.58785390854	1.407197049393352	98.40054919976727	96.55172413793103	100	97.02970297029702	100	99.63099630996311	96.55172413793103	98.79032258064517
