Sample	Gene	Type	Expression	Threshold	Percent difference	Mean Accuracy	Minimum Accuracy	Maximum Accuracy	Sample 1 Accuracy	Sample 2 Accuracy	Sample 3 Accuracy	Sample 4 Accuracy	Sample 5 Accuracy
TH03_0149_S01	LY6G5C	Up	4.24184018356	4.21919727325	0.5337992317050674	31.163614869235165	26.31578947368421	36.61971830985916	26.31578947368421	30.33175355450237	36.61971830985916	31.300813008130078	31.25
