Sample	Gene	Type	Expression	Threshold	Percent difference	Mean Accuracy	Minimum Accuracy	Maximum Accuracy	Sample 1 Accuracy	Sample 2 Accuracy	Sample 3 Accuracy	Sample 4 Accuracy	Sample 5 Accuracy
TH03_0149_S01	AZIN1	Down	3.23112515788	3.2984764576	2.0844534466807927	95.30904210259449	91.77562210037958	97.76902887139107	95.00788229111929	97.36953754773016	97.76902887139107	94.62313970235238	91.77562210037958
