Sample	Gene	Type	Expression	Threshold	Percent difference	Mean Accuracy	Minimum Accuracy	Maximum Accuracy	Sample 1 Accuracy	Sample 2 Accuracy	Sample 3 Accuracy	Sample 4 Accuracy	Sample 5 Accuracy
TH03_0149_S01	WBP5	Down	3.37434398904	3.44328713417	2.043156991519833	86.7702002394394	80.39772727272727	94.62616822429906	82.62108262108262	92.56965944272446	94.62616822429906	83.63636363636363	80.39772727272727
