Sample	Gene	Type	Expression	Threshold	Percent difference	Mean Accuracy	Minimum Accuracy	Maximum Accuracy	Sample 1 Accuracy	Sample 2 Accuracy	Sample 3 Accuracy	Sample 4 Accuracy	Sample 5 Accuracy
TH03_0149_S01	ACVR2A	Down	0.17632277264	0.384977757931	118.33694659340061	98.64559755825373	96.83333333333334	99.69924812030075	98.69753979739508	99.38461538461539	99.69924812030075	96.83333333333334	98.61325115562404
