Sample	Gene	Type	Expression	Threshold	Percent difference	Mean Accuracy	Minimum Accuracy	Maximum Accuracy	Sample 1 Accuracy	Sample 2 Accuracy	Sample 3 Accuracy	Sample 4 Accuracy	Sample 5 Accuracy
TH03_0149_S01	ARMC10	Down	3.11436702495	3.19407224655	2.5592751580485253	96.04233964769716	93.79014989293361	98	95.0959488272921	98	97.68339768339769	95.64220183486239	93.79014989293361
