Sample	Gene	Type	Expression	Threshold	Percent difference	Mean Accuracy	Minimum Accuracy	Maximum Accuracy	Sample 1 Accuracy	Sample 2 Accuracy	Sample 3 Accuracy	Sample 4 Accuracy	Sample 5 Accuracy
TH03_0149_S01	C22orf15	Up	1.92979099772	0.812925159931	57.87496361567389	99.95495495495496	99.77477477477478	100	100	99.77477477477478	100	100	100
