Sample	Gene	Type	Expression	Threshold	Percent difference	Mean Accuracy	Minimum Accuracy	Maximum Accuracy	Sample 1 Accuracy	Sample 2 Accuracy	Sample 3 Accuracy	Sample 4 Accuracy	Sample 5 Accuracy
TH03_0149_S01	NKX6-2	Up	1.30451104181	0.979844152927	24.88801385939417	96.54551471498782	94.50402144772117	98.74031007751938	94.50402144772117	98.4	98.74031007751938	96.2877030162413	94.79553903345726
