Sample	Gene	Type	Expression	Threshold	Percent difference	Mean Accuracy	Minimum Accuracy	Maximum Accuracy	Sample 1 Accuracy	Sample 2 Accuracy	Sample 3 Accuracy	Sample 4 Accuracy	Sample 5 Accuracy
TH03_0149_S01	C10orf105	Up	0.411426245726	0.398050010204	3.2511867341852234	36.394682667705325	30.886504799548277	43.46717654557043	31.454918032786882	42.413162705667276	43.46717654557043	33.751651254953764	30.886504799548277
