Sample	Gene	Type	Expression	Threshold	Percent difference	Mean Accuracy	Minimum Accuracy	Maximum Accuracy	Sample 1 Accuracy	Sample 2 Accuracy	Sample 3 Accuracy	Sample 4 Accuracy	Sample 5 Accuracy
TH03_0149_S01	CMPK1	Down	3.59215800213	3.78724336624	5.430868129807268	99.72471588051896	99.18032786885246	100	100	99.75	100	99.69325153374233	99.18032786885246
