Sample	Gene	Type	Expression	Threshold	Percent difference	Mean Accuracy	Minimum Accuracy	Maximum Accuracy	Sample 1 Accuracy	Sample 2 Accuracy	Sample 3 Accuracy	Sample 4 Accuracy	Sample 5 Accuracy
TH03_0149_S01	TP53I13	Up	6.88313201566	6.88037395477	0.04006985313845058	8.96537991107585	5.3731343283582085	14.571428571428571	5.555555555555555	14.571428571428571	11.886304909560723	5.3731343283582085	7.440476190476191
