Sample	Gene	Type	Expression	Threshold	Percent difference	Mean Accuracy	Minimum Accuracy	Maximum Accuracy	Sample 1 Accuracy	Sample 2 Accuracy	Sample 3 Accuracy	Sample 4 Accuracy	Sample 5 Accuracy
TH03_0149_S01	RP11-175B9.3	Up	6.13257684267	5.88770103455	3.9930328539248405	76.22140822140823	60	88.46153846153845	74.07407407407408	80	78.57142857142857	88.46153846153845	60
