Sample	Gene	Type	Expression	Threshold	Percent difference	Mean Accuracy	Minimum Accuracy	Maximum Accuracy	Sample 1 Accuracy	Sample 2 Accuracy	Sample 3 Accuracy	Sample 4 Accuracy	Sample 5 Accuracy
TH03_0149_S01	LINC00539	Up	1.33342373373	1.30580806732	2.0710345639904135	36.599786920213894	25.339366515837103	48.84615384615385	25.339366515837103	46.318289786223275	48.84615384615385	33.43108504398827	29.064039408866993
