Sample	Gene	Type	Expression	Threshold	Percent difference	Mean Accuracy	Minimum Accuracy	Maximum Accuracy	Sample 1 Accuracy	Sample 2 Accuracy	Sample 3 Accuracy	Sample 4 Accuracy	Sample 5 Accuracy
TH03_0149_S01	PGRMC2	Down	3.32912359629	3.39319705963	1.9246345618229281	90.97463462822866	86.93790149892934	96.13899613899613	89.55223880597015	94.39999999999999	96.13899613899613	87.8440366972477	86.93790149892934
