Sample	Gene	Type	Expression	Threshold	Percent difference	Mean Accuracy	Minimum Accuracy	Maximum Accuracy	Sample 1 Accuracy	Sample 2 Accuracy	Sample 3 Accuracy	Sample 4 Accuracy	Sample 5 Accuracy
TH03_0149_S01	CNTROB	Up	6.55933884761	6.31767892838	3.68421154699231	99.76663031010007	99.42528735632183	100	99.42528735632183	99.71181556195965	100	100	99.69604863221885
