Sample	Gene	Type	Expression	Threshold	Percent difference	Mean Accuracy	Minimum Accuracy	Maximum Accuracy	Sample 1 Accuracy	Sample 2 Accuracy	Sample 3 Accuracy	Sample 4 Accuracy	Sample 5 Accuracy
TH03_0004_S02	SUN1	Down	3.37573453858	3.50857686996	3.935212614078358	99.37151503207198	98.65035849852383	99.91251093613297	99.6847083552286	99.61815867628341	99.91251093613297	98.99183869419107	98.65035849852383
