Sample	Gene	Type	Expression	Threshold	Percent difference	Mean Accuracy	Minimum Accuracy	Maximum Accuracy	Sample 1 Accuracy	Sample 2 Accuracy	Sample 3 Accuracy	Sample 4 Accuracy	Sample 5 Accuracy
TH03_0004_S02	ENPP3	Up	2.49569516262	2.1862347126	12.399769597466625	98.89122282524407	97.9964643488509	99.57310565635005	98.91205802357209	99.30875576036865	99.57310565635005	98.66573033707866	97.9964643488509
