Sample	Gene	Type	Expression	Threshold	Percent difference	Mean Accuracy	Minimum Accuracy	Maximum Accuracy	Sample 1 Accuracy	Sample 2 Accuracy	Sample 3 Accuracy	Sample 4 Accuracy	Sample 5 Accuracy
TH03_0004_S02	CYP2D6	Up	3.04614178164	3.04515004158	0.032557252127180164	2.9390734400039897	2.414486921529175	3.327495621716287	3.2692307692307696	2.414486921529175	3.327495621716287	3.0476190476190474	2.6365348399246704
