Sample	Gene	Type	Expression	Threshold	Percent difference	Mean Accuracy	Minimum Accuracy	Maximum Accuracy	Sample 1 Accuracy	Sample 2 Accuracy	Sample 3 Accuracy	Sample 4 Accuracy	Sample 5 Accuracy
TH03_0004_S02	DNAJB6	Down	4.12184429788	4.35519123077	5.661226286738147	99.79426443990596	99.61389961389962	100	99.7867803837953	99.8	99.61389961389962	99.77064220183486	100
