Sample	Gene	Type	Expression	Threshold	Percent difference	Mean Accuracy	Minimum Accuracy	Maximum Accuracy	Sample 1 Accuracy	Sample 2 Accuracy	Sample 3 Accuracy	Sample 4 Accuracy	Sample 5 Accuracy
TH03_0296_S01	IL1RAPL1	Up	0.298658315565	0.277578264475	7.058250178007226	37.21115852743408	28.506271379703534	47.22564734895191	32.50620347394541	44.66403162055336	47.22564734895191	33.153638814016176	28.506271379703534
