Sample	Gene	Type	Expression	Threshold	Percent difference	Mean Accuracy	Minimum Accuracy	Maximum Accuracy	Sample 1 Accuracy	Sample 2 Accuracy	Sample 3 Accuracy	Sample 4 Accuracy	Sample 5 Accuracy
TH03_0296_S01	LRRD1	Up	0.263034405834	0.256172209978	2.6088586526322013	28.52603191294831	22.762148337595907	34.03693931398417	23.737373737373737	31.944444444444443	34.03693931398417	30.149253731343283	22.762148337595907
