Sample	Gene	Type	Expression	Threshold	Percent difference	Mean Accuracy	Minimum Accuracy	Maximum Accuracy	Sample 1 Accuracy	Sample 2 Accuracy	Sample 3 Accuracy	Sample 4 Accuracy	Sample 5 Accuracy
TH03_0296_S01	AC005822.1	Up	1.07724299893	0.767752110958	28.729904792085915	99.47645013006873	98.27586206896551	100	99.77375565610859	99.5249406175772	99.8076923076923	100	98.27586206896551
