Sample	Gene	Type	Expression	Threshold	Percent difference	Mean Accuracy	Minimum Accuracy	Maximum Accuracy	Sample 1 Accuracy	Sample 2 Accuracy	Sample 3 Accuracy	Sample 4 Accuracy	Sample 5 Accuracy
TH03_0296_S01	SH3GLB2	Down	3.22187708108	3.23713135719	0.47345928246544067	37.11284440043566	30.476190476190478	47.635726795096325	30.76923076923077	44.668008048289735	47.635726795096325	30.476190476190478	32.015065913371
