Sample	Gene	Type	Expression	Threshold	Percent difference	Mean Accuracy	Minimum Accuracy	Maximum Accuracy	Sample 1 Accuracy	Sample 2 Accuracy	Sample 3 Accuracy	Sample 4 Accuracy	Sample 5 Accuracy
TH03_0296_S01	RP11-522I20.3	Up	3.42760617278	3.32242631912	3.0686096464429227	94.96621219297792	91.47727272727273	98.76160990712074	93.16239316239316	98.76160990712074	97.66355140186917	93.76623376623377	91.47727272727273
