Sample	Gene	Type	Expression	Threshold	Percent difference	Mean Accuracy	Minimum Accuracy	Maximum Accuracy	Sample 1 Accuracy	Sample 2 Accuracy	Sample 3 Accuracy	Sample 4 Accuracy	Sample 5 Accuracy
TH03_0296_S01	XPOT	Up	7.08799314636	7.07639884949	0.16357658127750227	83.17741574845377	75.29411764705883	95.65217391304348	81.81818181818183	95.65217391304348	86.11111111111111	77.01149425287356	75.29411764705883
