Sample	Gene	Type	Expression	Threshold	Percent difference	Mean Accuracy	Minimum Accuracy	Maximum Accuracy	Sample 1 Accuracy	Sample 2 Accuracy	Sample 3 Accuracy	Sample 4 Accuracy	Sample 5 Accuracy
TH03_0296_S01	RHOQ	Up	7.28965005985	7.24496030807	0.613057573588376	98.70518695014663	96.36363636363636	100	96.36363636363636	100	99.21875	99.19354838709677	98.75
