Sample	Gene	Type	Expression	Threshold	Percent difference	Mean Accuracy	Minimum Accuracy	Maximum Accuracy	Sample 1 Accuracy	Sample 2 Accuracy	Sample 3 Accuracy	Sample 4 Accuracy	Sample 5 Accuracy
TH03_0296_S01	RP11-160A9.3	Up	0.0976107966264	0.071774750948	26.46843030826401	64.41365418436231	52.577777777777776	82.85243198680956	52.577777777777776	70.77350625289486	82.85243198680956	60.70967741935483	55.15487748497458
