Sample	Gene	Type	Expression	Threshold	Percent difference	Mean Accuracy	Minimum Accuracy	Maximum Accuracy	Sample 1 Accuracy	Sample 2 Accuracy	Sample 3 Accuracy	Sample 4 Accuracy	Sample 5 Accuracy
TH03_0296_S01	INIP	Up	5.30085587127	5.25256204605	0.9110571272413924	93.69396403209143	89.71631205673759	98.50187265917603	89.71631205673759	98.50187265917603	97.07602339181285	92.20338983050847	90.97222222222221
