Sample	Gene	Type	Expression	Threshold	Percent difference	Mean Accuracy	Minimum Accuracy	Maximum Accuracy	Sample 1 Accuracy	Sample 2 Accuracy	Sample 3 Accuracy	Sample 4 Accuracy	Sample 5 Accuracy
TH03_0296_S01	ASNA1	Up	7.83396530701	7.73910427094	1.210894257919621	99.52238059514879	98.38709677419355	100	100	100	98.38709677419355	99.2248062015504	100
