Sample	Gene	Type	Expression	Threshold	Percent difference	Mean Accuracy	Minimum Accuracy	Maximum Accuracy	Sample 1 Accuracy	Sample 2 Accuracy	Sample 3 Accuracy	Sample 4 Accuracy	Sample 5 Accuracy
TH03_0296_S01	LINC00545	Up	1.07724299893	0.441114872694	59.051497839192365	99.68073262593431	99.25650557620817	100	99.59785522788204	99.83999999999999	99.70930232558139	100	99.25650557620817
