Sample	Gene	Type	Expression	Threshold	Percent difference	Mean Accuracy	Minimum Accuracy	Maximum Accuracy	Sample 1 Accuracy	Sample 2 Accuracy	Sample 3 Accuracy	Sample 4 Accuracy	Sample 5 Accuracy
TH03_0296_S01	RN7SL388P	Up	0.443606651476	0.311149060726	29.85924361352057	66.12518783175248	55.088797814207645	82.64371008053318	55.582524271844655	74.93556701030928	82.64371008053318	62.37533998186764	55.088797814207645
