Sample	Gene	Type	Expression	Threshold	Percent difference	Mean Accuracy	Minimum Accuracy	Maximum Accuracy	Sample 1 Accuracy	Sample 2 Accuracy	Sample 3 Accuracy	Sample 4 Accuracy	Sample 5 Accuracy
TH03_0296_S01	RP11-379K17.4	Up	0.263034405834	0.210507676005	19.969528192501713	76.40790632577938	69.05702992659515	85.72339069471	72.38729508196722	81.29189518586229	85.72339069471	73.57992073976222	69.05702992659515
