Sample	Gene	Type	Expression	Threshold	Percent difference	Mean Accuracy	Minimum Accuracy	Maximum Accuracy	Sample 1 Accuracy	Sample 2 Accuracy	Sample 3 Accuracy	Sample 4 Accuracy	Sample 5 Accuracy
TH03_0296_S01	EEF1A1P6	Down	1.33342373373	1.81791365147	36.33428035548247	99.75765852591424	99.3006993006993	100	100	99.74937343358395	100	99.73821989528795	99.3006993006993
