Sample	Gene	Type	Expression	Threshold	Percent difference	Mean Accuracy	Minimum Accuracy	Maximum Accuracy	Sample 1 Accuracy	Sample 2 Accuracy	Sample 3 Accuracy	Sample 4 Accuracy	Sample 5 Accuracy
TH03_0296_S01	CD81-AS1	Up	0.933572638261	0.812925159931	12.923202050430108	46.2123310182681	35.28864059590317	52.29083665338645	35.28864059590317	52.29083665338645	51.94805194805194	49.06976744186046	42.4643584521385
