Sample	Gene	Type	Expression	Threshold	Percent difference	Mean Accuracy	Minimum Accuracy	Maximum Accuracy	Sample 1 Accuracy	Sample 2 Accuracy	Sample 3 Accuracy	Sample 4 Accuracy	Sample 5 Accuracy
TH03_0296_S01	BIRC2	Up	6.34624777408	6.2634344101	1.3049185428629908	98.42521093999005	96.94915254237289	99.625468164794	97.87234042553192	99.625468164794	99.41520467836257	96.94915254237289	98.26388888888889
