Sample	Gene	Type	Expression	Threshold	Percent difference	Mean Accuracy	Minimum Accuracy	Maximum Accuracy	Sample 1 Accuracy	Sample 2 Accuracy	Sample 3 Accuracy	Sample 4 Accuracy	Sample 5 Accuracy
TH03_0296_S01	TTC39DP	Up	0.0426443374085	0.0358882322907	15.842912631240358	53.85286366411804	40.88983050847458	71.17117117117117	45.995670995671	61.39169472502806	71.17117117117117	49.8159509202454	40.88983050847458
