Sample	Gene	Type	Expression	Threshold	Percent difference	Mean Accuracy	Minimum Accuracy	Maximum Accuracy	Sample 1 Accuracy	Sample 2 Accuracy	Sample 3 Accuracy	Sample 4 Accuracy	Sample 5 Accuracy
TH03_0296_S01	NXF4	Up	0.0426443374085	0.0362440273166	15.008581398721113	69.23004073827481	61.26482213438735	79.54110898661568	65.625	74.52772699573431	79.54110898661568	65.19154557463672	61.26482213438735
