Sample	Gene	Type	Expression	Threshold	Percent difference	Mean Accuracy	Minimum Accuracy	Maximum Accuracy	Sample 1 Accuracy	Sample 2 Accuracy	Sample 3 Accuracy	Sample 4 Accuracy	Sample 5 Accuracy
TH03_0296_S01	SNRPGP10	Up	5.65592421308	5.38414382935	4.805233830776496	78.29548229548229	66.66666666666666	88.46153846153845	77.77777777777779	80	78.57142857142857	88.46153846153845	66.66666666666666
