Sample	Gene	Type	Expression	Threshold	Percent difference	Mean Accuracy	Minimum Accuracy	Maximum Accuracy	Sample 1 Accuracy	Sample 2 Accuracy	Sample 3 Accuracy	Sample 4 Accuracy	Sample 5 Accuracy
TH03_0296_S01	RP11-274H2.5	Up	1.79077203786	1.25183749199	30.095094991210335	99.74967690283955	99.51456310679612	100	99.51456310679612	99.74489795918367	100	99.71671388101983	99.77220956719817
