Sample	Gene	Type	Expression	Threshold	Percent difference	Mean Accuracy	Minimum Accuracy	Maximum Accuracy	Sample 1 Accuracy	Sample 2 Accuracy	Sample 3 Accuracy	Sample 4 Accuracy	Sample 5 Accuracy
TH03_0296_S01	RP11-535M15.2	Up	2.33342373373	1.54874837399	33.62764115224323	99.25170086340839	98.56115107913669	99.8812351543943	99.02912621359224	99.1869918699187	99.8812351543943	98.56115107913669	99.6
