Sample	Gene	Type	Expression	Threshold	Percent difference	Mean Accuracy	Minimum Accuracy	Maximum Accuracy	Sample 1 Accuracy	Sample 2 Accuracy	Sample 3 Accuracy	Sample 4 Accuracy	Sample 5 Accuracy
TH02_0079_S01	C2orf82	Up	4.19061486021	3.89319348335	7.097320722169529	99.84471187809062	99.45504087193461	100	100	100	100	99.45504087193461	99.76851851851852
