Sample	Gene	Type	Expression	Threshold	Percent difference	Mean Accuracy	Minimum Accuracy	Maximum Accuracy	Sample 1 Accuracy	Sample 2 Accuracy	Sample 3 Accuracy	Sample 4 Accuracy	Sample 5 Accuracy
TH02_0079_S01	CLVS2	Up	0.650764559117	0.176311850548	72.90696795362804	95.11726312467474	92.54658385093167	97.96048438495856	94.36475409836066	95.73430834856794	97.96048438495856	94.98018494055482	92.54658385093167
