Sample	Gene	Type	Expression	Threshold	Percent difference	Mean Accuracy	Minimum Accuracy	Maximum Accuracy	Sample 1 Accuracy	Sample 2 Accuracy	Sample 3 Accuracy	Sample 4 Accuracy	Sample 5 Accuracy
TH02_0079_S01	ENSA	Down	4.82527683005	5.17123174667	7.169638733792925	99.91551840175693	99.77064220183486	100	100	100	99.8069498069498	99.77064220183486	100
