Sample	Gene	Type	Expression	Threshold	Percent difference	Mean Accuracy	Minimum Accuracy	Maximum Accuracy	Sample 1 Accuracy	Sample 2 Accuracy	Sample 3 Accuracy	Sample 4 Accuracy	Sample 5 Accuracy
TH02_0079_S01	KIAA1143	Up	5.516015147	5.50049209595	0.2814178466939539	52.60304587367015	44.680851063829785	62.53602305475504	48.56321839080459	62.53602305475504	59.85221674876847	47.38292011019284	44.680851063829785
