Sample	Gene	Type	Expression	Threshold	Percent difference	Mean Accuracy	Minimum Accuracy	Maximum Accuracy	Sample 1 Accuracy	Sample 2 Accuracy	Sample 3 Accuracy	Sample 4 Accuracy	Sample 5 Accuracy
TH02_0079_S01	BNIP1	Down	1.6322682155	2.14459562302	31.38745229827701	99.52571121381257	98.52216748768473	100	99.77375565610859	99.5249406175772	99.8076923076923	100	98.52216748768473
