Sample	Gene	Type	Expression	Threshold	Percent difference	Mean Accuracy	Minimum Accuracy	Maximum Accuracy	Sample 1 Accuracy	Sample 2 Accuracy	Sample 3 Accuracy	Sample 4 Accuracy	Sample 5 Accuracy
TH02_0079_S01	TRMT61B	Down	1.97819562968	2.15295886993	8.834477117830364	91.45289440730191	87.67123287671232	95.33898305084746	87.67123287671232	92.34234234234235	95.33898305084746	93.30143540669856	88.61047835990888
