Sample	Gene	Type	Expression	Threshold	Percent difference	Mean Accuracy	Minimum Accuracy	Maximum Accuracy	Sample 1 Accuracy	Sample 2 Accuracy	Sample 3 Accuracy	Sample 4 Accuracy	Sample 5 Accuracy
TH02_0079_S01	CH507-39O4.3	Up	0.97085365434	0.429846256971	55.7249174425557	90.61299662533786	87.56756756756758	94.8339483394834	87.56756756756758	93.50393700787401	94.8339483394834	88.10572687224669	89.05380333951763
