Sample	Gene	Type	Expression	Threshold	Percent difference	Mean Accuracy	Minimum Accuracy	Maximum Accuracy	Sample 1 Accuracy	Sample 2 Accuracy	Sample 3 Accuracy	Sample 4 Accuracy	Sample 5 Accuracy
TH02_0079_S01	RP11-142A22.4	Up	0.48542682717	0.210507676005	56.634519515074366	83.28540601386175	76.17625093353249	91.13837764144512	76.79083094555874	88.29953198127926	91.13837764144512	84.02203856749311	76.17625093353249
