Sample	Gene	Type	Expression	Threshold	Percent difference	Mean Accuracy	Minimum Accuracy	Maximum Accuracy	Sample 1 Accuracy	Sample 2 Accuracy	Sample 3 Accuracy	Sample 4 Accuracy	Sample 5 Accuracy
TH02_0079_S01	NDUFA9	Down	4.38543103719	4.73485326767	7.967796723213214	99.83695786877531	99.60474308300395	100	100	100	99.800796812749	99.60474308300395	99.77924944812362
