Sample	Gene	Type	Expression	Threshold	Percent difference	Mean Accuracy	Minimum Accuracy	Maximum Accuracy	Sample 1 Accuracy	Sample 2 Accuracy	Sample 3 Accuracy	Sample 4 Accuracy	Sample 5 Accuracy
TH02_0079_S01	POLR2C	Down	3.78450398293	3.81833195686	0.8938548904316348	64.04119474350304	53.893442622950815	73.45309381237524	59.08183632734531	73.45309381237524	72.72727272727273	61.050328227571114	53.893442622950815
