Sample	Gene	Type	Expression	Threshold	Percent difference	Mean Accuracy	Minimum Accuracy	Maximum Accuracy	Sample 1 Accuracy	Sample 2 Accuracy	Sample 3 Accuracy	Sample 4 Accuracy	Sample 5 Accuracy
TH02_0079_S01	RP11-393I2.2	Up	0.6322682155	0.106960088015	83.0831148248666	87.03569041796139	81.73352435530086	92.84253578732107	81.73352435530086	91.34165366614666	92.84253578732107	86.9605142332415	82.30022404779686
