Sample	Gene	Type	Expression	Threshold	Percent difference	Mean Accuracy	Minimum Accuracy	Maximum Accuracy	Sample 1 Accuracy	Sample 2 Accuracy	Sample 3 Accuracy	Sample 4 Accuracy	Sample 5 Accuracy
TH02_0079_S01	TMEM208	Down	4.19770815796	4.22281599045	0.5981319221153694	34.53675557396923	29.959514170040485	40.845070422535215	29.959514170040485	34.12322274881517	40.845070422535215	34.552845528455286	33.203125
