Sample	Gene	Type	Expression	Threshold	Percent difference	Mean Accuracy	Minimum Accuracy	Maximum Accuracy	Sample 1 Accuracy	Sample 2 Accuracy	Sample 3 Accuracy	Sample 4 Accuracy	Sample 5 Accuracy
TH02_0079_S01	NDUFA11	Down	6.08300056568	6.28649139404	3.345237702394526	99.26865920854901	98.11320754716981	100	100	100	100	98.23008849557522	98.11320754716981
