Sample	Gene	Type	Expression	Threshold	Percent difference	Mean Accuracy	Minimum Accuracy	Maximum Accuracy	Sample 1 Accuracy	Sample 2 Accuracy	Sample 3 Accuracy	Sample 4 Accuracy	Sample 5 Accuracy
TH02_0079_S01	ACTG1	Down	9.22520743694	9.24831390381	0.25047097344908203	83.28751221896383	76.36363636363637	92.47311827956989	76.36363636363637	92.47311827956989	84.375	78.2258064516129	85
