Sample	Gene	Type	Expression	Threshold	Percent difference	Mean Accuracy	Minimum Accuracy	Maximum Accuracy	Sample 1 Accuracy	Sample 2 Accuracy	Sample 3 Accuracy	Sample 4 Accuracy	Sample 5 Accuracy
TH02_0079_S01	BCL7C	Down	2.34198574723	3.16452550888	35.121467439452395	99.9071080650028	99.76076555023924	100	100	99.77477477477478	100	99.76076555023924	100
