Sample	Gene	Type	Expression	Threshold	Percent difference	Mean Accuracy	Minimum Accuracy	Maximum Accuracy	Sample 1 Accuracy	Sample 2 Accuracy	Sample 3 Accuracy	Sample 4 Accuracy	Sample 5 Accuracy
TH02_0079_S01	PPP1R16A	Down	2.31324585179	2.43593668938	5.303839083729957	70.35929869189053	62.89592760180995	79.80997624703087	62.89592760180995	79.80997624703087	79.8076923076923	65.98240469208211	63.30049261083743
