Sample	Gene	Type	Expression	Threshold	Percent difference	Mean Accuracy	Minimum Accuracy	Maximum Accuracy	Sample 1 Accuracy	Sample 2 Accuracy	Sample 3 Accuracy	Sample 4 Accuracy	Sample 5 Accuracy
TH02_0079_S01	RPL5P1	Up	1.43295940728	0.987813413143	31.064801408573228	99.01836390711503	98.32134292565947	99.8812351543943	98.70550161812298	98.98373983739837	99.8812351543943	98.32134292565947	99.2
