Sample	Gene	Type	Expression	Threshold	Percent difference	Mean Accuracy	Minimum Accuracy	Maximum Accuracy	Sample 1 Accuracy	Sample 2 Accuracy	Sample 3 Accuracy	Sample 4 Accuracy	Sample 5 Accuracy
TH02_0079_S01	MRPS24	Down	5.19140472885	5.35063266754	3.0671455416513465	99.82721301686819	99.56709956709958	100	99.56709956709958	100	100	99.56896551724138	100
