Sample	Gene	Type	Expression	Threshold	Percent difference	Mean Accuracy	Minimum Accuracy	Maximum Accuracy	Sample 1 Accuracy	Sample 2 Accuracy	Sample 3 Accuracy	Sample 4 Accuracy	Sample 5 Accuracy
TH02_0079_S01	PSME1	Down	5.87085786436	5.90532064438	0.587014382160605	79.04338275400407	69.44444444444444	89.66408268733849	69.44444444444444	88.85714285714286	89.66408268733849	76.4179104477612	70.83333333333334
