Sample	Gene	Type	Expression	Threshold	Percent difference	Mean Accuracy	Minimum Accuracy	Maximum Accuracy	Sample 1 Accuracy	Sample 2 Accuracy	Sample 3 Accuracy	Sample 4 Accuracy	Sample 5 Accuracy
TH02_0079_S01	RP11-256L6.3	Up	0.344828496997	0.176311850548	48.869698391100805	79.71208330592874	71.93712436430883	91.42621599340478	72.22222222222221	85.03937007874016	91.42621599340478	77.93548387096774	71.93712436430883
