Sample	Gene	Type	Expression	Threshold	Percent difference	Mean Accuracy	Minimum Accuracy	Maximum Accuracy	Sample 1 Accuracy	Sample 2 Accuracy	Sample 3 Accuracy	Sample 4 Accuracy	Sample 5 Accuracy
TH02_0079_S01	LINC00907	Up	0.678071905113	0.387328118086	42.87801704135609	78.36471383546568	70.94972067039106	85.35856573705179	70.94972067039106	85.35856573705179	84.2300556586271	77.55813953488372	73.72708757637476
