Sample	Gene	Type	Expression	Threshold	Percent difference	Mean Accuracy	Minimum Accuracy	Maximum Accuracy	Sample 1 Accuracy	Sample 2 Accuracy	Sample 3 Accuracy	Sample 4 Accuracy	Sample 5 Accuracy
TH02_0079_S01	IPO7P2	Up	0.150559676575	0.141808778048	5.812245832396447	30.7399288878787	22.45762711864407	42.45495495495496	24.675324675324674	37.48597081930416	42.45495495495496	26.625766871165645	22.45762711864407
