Sample	Gene	Type	Expression	Threshold	Percent difference	Mean Accuracy	Minimum Accuracy	Maximum Accuracy	Sample 1 Accuracy	Sample 2 Accuracy	Sample 3 Accuracy	Sample 4 Accuracy	Sample 5 Accuracy
TH02_0079_S01	MRPL22	Down	3.85798099513	4.10229969025	6.3328123033370955	98.61143577986655	95.95141700404858	99.64788732394366	95.95141700404858	99.0521327014218	99.64788732394366	99.1869918699187	99.21875
