Sample	Gene	Type	Expression	Threshold	Percent difference	Mean Accuracy	Minimum Accuracy	Maximum Accuracy	Sample 1 Accuracy	Sample 2 Accuracy	Sample 3 Accuracy	Sample 4 Accuracy	Sample 5 Accuracy
TH02_0079_S01	JOSD2	Down	2.54596836911	2.63311719894	3.4230130620383408	45.714419373594694	37.170263788968825	56.30081300813008	39.64401294498382	56.30081300813008	56.057007125890735	37.170263788968825	39.4
