Sample	Gene	Type	Expression	Threshold	Percent difference	Mean Accuracy	Minimum Accuracy	Maximum Accuracy	Sample 1 Accuracy	Sample 2 Accuracy	Sample 3 Accuracy	Sample 4 Accuracy	Sample 5 Accuracy
TH02_0079_S01	EIF4E2	Down	4.18586654531	4.19907331467	0.3155086101537885	25.524272665204904	20.576923076923077	32.9246935201401	20.576923076923077	30.181086519114686	32.9246935201401	21.904761904761905	22.033898305084744
