Sample	Gene	Type	Expression	Threshold	Percent difference	Mean Accuracy	Minimum Accuracy	Maximum Accuracy	Sample 1 Accuracy	Sample 2 Accuracy	Sample 3 Accuracy	Sample 4 Accuracy	Sample 5 Accuracy
TH02_0079_S01	SULT1A3	Down	0.584962500721	0.968642234802	65.59048376743682	85.08749778250116	79.08309455587393	91.8200408997955	79.08309455587393	89.78159126365055	91.8200408997955	85.2157943067034	79.53696788648244
