Sample	Gene	Type	Expression	Threshold	Percent difference	Mean Accuracy	Minimum Accuracy	Maximum Accuracy	Sample 1 Accuracy	Sample 2 Accuracy	Sample 3 Accuracy	Sample 4 Accuracy	Sample 5 Accuracy
TH02_0079_S01	COMMD7	Down	3.98823022306	4.03600692749	1.1979424897227444	72.36982188802973	64.45497630331754	81.4977973568282	64.45497630331754	81.4977973568282	80.47808764940238	68.97233201581028	66.44591611479028
