Sample	Gene	Type	Expression	Threshold	Percent difference	Mean Accuracy	Minimum Accuracy	Maximum Accuracy	Sample 1 Accuracy	Sample 2 Accuracy	Sample 3 Accuracy	Sample 4 Accuracy	Sample 5 Accuracy
TH02_0079_S01	ACP2	Down	2.31034012061	3.19909310341	38.468491062058106	99.9071080650028	99.76076555023924	100	100	99.77477477477478	100	99.76076555023924	100
