Sample	Gene	Type	Expression	Threshold	Percent difference	Mean Accuracy	Minimum Accuracy	Maximum Accuracy	Sample 1 Accuracy	Sample 2 Accuracy	Sample 3 Accuracy	Sample 4 Accuracy	Sample 5 Accuracy
TH02_0079_S01	KIR3DX1	Up	0.321928094887	0.210507676005	34.610343319401714	81.24097203737453	73.40153452685422	88.91820580474933	77.52525252525253	82.77777777777777	88.91820580474933	83.5820895522388	73.40153452685422
