Sample	Gene	Type	Expression	Threshold	Percent difference	Mean Accuracy	Minimum Accuracy	Maximum Accuracy	Sample 1 Accuracy	Sample 2 Accuracy	Sample 3 Accuracy	Sample 4 Accuracy	Sample 5 Accuracy
TH02_0079_S01	XRCC6	Down	5.7710932517	5.8889374733	2.041973963343719	99.0818801010041	98.5632183908046	100	98.5632183908046	99.13544668587896	100	98.62258953168043	99.08814589665653
