Sample	Gene	Type	Expression	Threshold	Percent difference	Mean Accuracy	Minimum Accuracy	Maximum Accuracy	Sample 1 Accuracy	Sample 2 Accuracy	Sample 3 Accuracy	Sample 4 Accuracy	Sample 5 Accuracy
TH02_0079_S01	ACIN1	Down	4.02680005934	4.16916131973	3.5353446481604744	98.99546705087612	97.93336145086461	99.82502187226596	99.26431949553337	99.49087823504455	99.82502187226596	98.4637542006721	97.93336145086461
