Sample	Gene	Type	Expression	Threshold	Percent difference	Mean Accuracy	Minimum Accuracy	Maximum Accuracy	Sample 1 Accuracy	Sample 2 Accuracy	Sample 3 Accuracy	Sample 4 Accuracy	Sample 5 Accuracy
TH02_0079_S01	SHC1	Down	3.42088657498	3.4974091053	2.236921004036724	93.55483551287796	89.29336188436831	96.71814671814671	93.39019189765459	96.39999999999999	96.71814671814671	91.97247706422019	89.29336188436831
