Sample	Gene	Type	Expression	Threshold	Percent difference	Mean Accuracy	Minimum Accuracy	Maximum Accuracy	Sample 1 Accuracy	Sample 2 Accuracy	Sample 3 Accuracy	Sample 4 Accuracy	Sample 5 Accuracy
TH02_0079_S01	AC016909.1	Up	0.823749360308	0.0358882322907	95.6433068090904	88.5639241335751	84.19913419913419	95.27027027027027	84.19913419913419	90.68462401795735	95.27027027027027	88.34355828220859	84.32203389830508
