Sample	Gene	Type	Expression	Threshold	Percent difference	Mean Accuracy	Minimum Accuracy	Maximum Accuracy	Sample 1 Accuracy	Sample 2 Accuracy	Sample 3 Accuracy	Sample 4 Accuracy	Sample 5 Accuracy
TH02_0079_S01	RP11-178C3.6	Up	0.17632277264	0.0714228823781	59.493103863603125	86.04131849924191	79.14338919925513	94.52690166975881	79.14338919925513	89.34262948207171	94.52690166975881	85.11627906976744	82.07739307535643
