Sample	Gene	Type	Expression	Threshold	Percent difference	Mean Accuracy	Minimum Accuracy	Maximum Accuracy	Sample 1 Accuracy	Sample 2 Accuracy	Sample 3 Accuracy	Sample 4 Accuracy	Sample 5 Accuracy
TH02_0079_S01	DDX50P1	Up	0.641546029088	0.552113175392	13.940208440403671	55.71096275510672	49.152542372881356	64.76923076923077	50.7959479015919	64.76923076923077	61.503759398496236	52.33333333333333	49.152542372881356
