Sample	Gene	Type	Expression	Threshold	Percent difference	Mean Accuracy	Minimum Accuracy	Maximum Accuracy	Sample 1 Accuracy	Sample 2 Accuracy	Sample 3 Accuracy	Sample 4 Accuracy	Sample 5 Accuracy
TH02_0079_S01	ZSCAN5D	Up	0.20163386117	0.0893217474222	55.70101821990517	84.71876041507296	77.28119180633148	93.7847866419295	77.28119180633148	88.44621513944223	93.7847866419295	83.83720930232558	80.24439918533605
