Sample	Gene	Type	Expression	Threshold	Percent difference	Mean Accuracy	Minimum Accuracy	Maximum Accuracy	Sample 1 Accuracy	Sample 2 Accuracy	Sample 3 Accuracy	Sample 4 Accuracy	Sample 5 Accuracy
TH02_0079_S01	ANKS1B	Up	5.13504228623	4.96298885345	3.3505747993813886	99.903236914600555	99.72451790633609	100	100	100	99.79166666666667	99.72451790633609	100
