Sample	Gene	Type	Expression	Threshold	Percent difference	Mean Accuracy	Minimum Accuracy	Maximum Accuracy	Sample 1 Accuracy	Sample 2 Accuracy	Sample 3 Accuracy	Sample 4 Accuracy	Sample 5 Accuracy
TH02_0079_S01	TRIAP1	Down	3.18586654531	3.25215816498	2.0808034086546887	87.42784856527948	81.25	95.09345794392523	83.76068376068376	92.87925696594426	95.09345794392523	84.15584415584415	81.25
