Sample	Gene	Type	Expression	Threshold	Percent difference	Mean Accuracy	Minimum Accuracy	Maximum Accuracy	Sample 1 Accuracy	Sample 2 Accuracy	Sample 3 Accuracy	Sample 4 Accuracy	Sample 5 Accuracy
TH02_0079_S01	FLAD1	Down	2.7949356628	3.16957497597	13.40421957315045	97.52603654887682	96.57534246575342	99.36440677966102	96.57534246575342	97.52252252252252	99.36440677966102	97.1291866028708	97.03872437357631
