Sample	Gene	Type	Expression	Threshold	Percent difference	Mean Accuracy	Minimum Accuracy	Maximum Accuracy	Sample 1 Accuracy	Sample 2 Accuracy	Sample 3 Accuracy	Sample 4 Accuracy	Sample 5 Accuracy
TH02_0079_S01	ZNF672	Down	1.7048719644600001	2.54814553261	49.462574652466515	99.83848428715349	99.57264957264957	100	100	100	100	99.57264957264957	99.61977186311786
