Sample	Gene	Type	Expression	Threshold	Percent difference	Mean Accuracy	Minimum Accuracy	Maximum Accuracy	Sample 1 Accuracy	Sample 2 Accuracy	Sample 3 Accuracy	Sample 4 Accuracy	Sample 5 Accuracy
TH02_0079_S01	PSMG2	Down	4.8293421939	4.86764431	0.7931124894893641	49.46685999231499	39.20454545454545	60.981308411214954	43.01994301994302	57.89473684210527	60.981308411214954	46.23376623376623	39.20454545454545
