Sample	Gene	Type	Expression	Threshold	Percent difference	Mean Accuracy	Minimum Accuracy	Maximum Accuracy	Sample 1 Accuracy	Sample 2 Accuracy	Sample 3 Accuracy	Sample 4 Accuracy	Sample 5 Accuracy
TH02_0079_S01	GAL3ST3	Up	1.67807190511	1.4866143465	11.409377513977848	95.58247752221035	93.39407744874715	98.30508474576271	94.29223744292237	95.27027027027027	98.30508474576271	96.65071770334929	93.39407744874715
