Sample	Gene	Type	Expression	Threshold	Percent difference	Mean Accuracy	Minimum Accuracy	Maximum Accuracy	Sample 1 Accuracy	Sample 2 Accuracy	Sample 3 Accuracy	Sample 4 Accuracy	Sample 5 Accuracy
TH02_0079_S01	CTC-487M23.8	Up	3.46336088582	2.98982477188	13.672733785231378	99.96190476190476	99.80952380952381	100	100	100	100	99.80952380952381	100
