Sample	Gene	Type	Expression	Threshold	Percent difference	Mean Accuracy	Minimum Accuracy	Maximum Accuracy	Sample 1 Accuracy	Sample 2 Accuracy	Sample 3 Accuracy	Sample 4 Accuracy	Sample 5 Accuracy
TH02_0079_S01	PYCRL	Down	0.790772037862	1.25600719452	58.833030808202345	90.76849163958622	87.92792792792793	94.8339483394834	87.92792792792793	93.7007874015748	94.8339483394834	88.32599118942731	89.05380333951763
