Sample	Gene	Type	Expression	Threshold	Percent difference	Mean Accuracy	Minimum Accuracy	Maximum Accuracy	Sample 1 Accuracy	Sample 2 Accuracy	Sample 3 Accuracy	Sample 4 Accuracy	Sample 5 Accuracy
TH02_0079_S01	WDR34	Down	2.72900887034	3.07003712654	12.496414354179516	96.89394105452504	95.662100456621	98.9406779661017	95.662100456621	96.62162162162163	98.9406779661017	96.88995215311004	96.35535307517085
