Sample	Gene	Type	Expression	Threshold	Percent difference	Mean Accuracy	Minimum Accuracy	Maximum Accuracy	Sample 1 Accuracy	Sample 2 Accuracy	Sample 3 Accuracy	Sample 4 Accuracy	Sample 5 Accuracy
TH02_0079_S01	JAM2	Up	6.10580377192	6.00909042358	1.5839576893180731	99.318162130723735	98.77175025588537	100	99.19678714859438	100	99.77037887485649	98.77175025588537	98.85189437428244
