Sample	Gene	Type	Expression	Threshold	Percent difference	Mean Accuracy	Minimum Accuracy	Maximum Accuracy	Sample 1 Accuracy	Sample 2 Accuracy	Sample 3 Accuracy	Sample 4 Accuracy	Sample 5 Accuracy
TH02_0079_S01	DLGAP4	Down	3.47508488295	3.68032121658	5.905937280466504	99.82936068926213	99.4535519125683	100	100	100	100	99.69325153374233	99.4535519125683
