Sample	Gene	Type	Expression	Threshold	Percent difference	Mean Accuracy	Minimum Accuracy	Maximum Accuracy	Sample 1 Accuracy	Sample 2 Accuracy	Sample 3 Accuracy	Sample 4 Accuracy	Sample 5 Accuracy
TH02_0079_S01	TATDN1	Down	2.96347412397	3.15335869789	6.407498968326471	76.81596582966354	70.19704433497537	85.2731591448931	71.26696832579185	85.2731591448931	84.61538461538461	72.72727272727273	70.19704433497537
