Sample	Gene	Type	Expression	Threshold	Percent difference	Mean Accuracy	Minimum Accuracy	Maximum Accuracy	Sample 1 Accuracy	Sample 2 Accuracy	Sample 3 Accuracy	Sample 4 Accuracy	Sample 5 Accuracy
TH02_0079_S01	RPL34	Down	8.71620213353	8.77179908752	0.6378575569757129	97.2228551333671	95.65217391304348	98.9795918367347	95.65217391304348	98.9795918367347	97.87234042553192	97	96.61016949152543
