Sample	Gene	Type	Expression	Threshold	Percent difference	Mean Accuracy	Minimum Accuracy	Maximum Accuracy	Sample 1 Accuracy	Sample 2 Accuracy	Sample 3 Accuracy	Sample 4 Accuracy	Sample 5 Accuracy
TH02_0079_S01	OR6E1P	Up	0.604071323669	0.441114872694	26.97635934532322	64.72426195770569	53.022222222222226	82.93487221764221	53.022222222222226	71.00509495136637	82.93487221764221	60.90322580645161	55.75589459084605
