Sample	Gene	Type	Expression	Threshold	Percent difference	Mean Accuracy	Minimum Accuracy	Maximum Accuracy	Sample 1 Accuracy	Sample 2 Accuracy	Sample 3 Accuracy	Sample 4 Accuracy	Sample 5 Accuracy
TH02_0079_S01	RGS22	Up	2.29278174923	1.7223662138	24.878754186767512	99.89783431413079	99.82321744254567	100	99.86400725294651	99.94239631336406	100	99.85955056179775	99.82321744254567
