Sample	Gene	Type	Expression	Threshold	Percent difference	Mean Accuracy	Minimum Accuracy	Maximum Accuracy	Sample 1 Accuracy	Sample 2 Accuracy	Sample 3 Accuracy	Sample 4 Accuracy	Sample 5 Accuracy
TH02_0079_S01	RN7SL600P	Up	1.25096157353	1.18794322014	5.037593058288187	18.79450071522824	15.530303030303031	25.53191489361702	15.909090909090908	25.53191489361702	15.530303030303031	17.741935483870968	19.25925925925926
