Sample	Gene	Type	Expression	Threshold	Percent difference	Mean Accuracy	Minimum Accuracy	Maximum Accuracy	Sample 1 Accuracy	Sample 2 Accuracy	Sample 3 Accuracy	Sample 4 Accuracy	Sample 5 Accuracy
TH02_0079_S01	TMEM120A	Down	2.6182386556	3.64071989059	39.052254950215236	99.80427857253429	99.53379953379954	100	100	99.74937343358395	100	99.73821989528795	99.53379953379954
