Sample	Gene	Type	Expression	Threshold	Percent difference	Mean Accuracy	Minimum Accuracy	Maximum Accuracy	Sample 1 Accuracy	Sample 2 Accuracy	Sample 3 Accuracy	Sample 4 Accuracy	Sample 5 Accuracy
TH02_0079_S01	C15orf57	Up	5.78476569632	5.70217418671	1.4277416570655779	97.37889247928308	94.82758620689656	99.16666666666667	96.53679653679653	99.16666666666667	99.10313901345292	94.82758620689656	97.26027397260275
