Sample	Gene	Type	Expression	Threshold	Percent difference	Mean Accuracy	Minimum Accuracy	Maximum Accuracy	Sample 1 Accuracy	Sample 2 Accuracy	Sample 3 Accuracy	Sample 4 Accuracy	Sample 5 Accuracy
TH02_0079_S01	ATRAID	Down	5.47053686509	5.52323961258	0.9633926027684953	92.69446427882734	88.61111111111111	97.9328165374677	88.61111111111111	96	97.9328165374677	91.94029850746269	88.98809523809523
