Sample	Gene	Type	Expression	Threshold	Percent difference	Mean Accuracy	Minimum Accuracy	Maximum Accuracy	Sample 1 Accuracy	Sample 2 Accuracy	Sample 3 Accuracy	Sample 4 Accuracy	Sample 5 Accuracy
TH02_0079_S01	GJD2	Up	0.0976107966264	0.0362440273166	62.868833603190396	90.09301466040007	87.87878787878788	95.25065963060686	87.87878787878788	88.05555555555556	95.25065963060686	91.04477611940298	88.23529411764706
