Sample	Gene	Type	Expression	Threshold	Percent difference	Mean Accuracy	Minimum Accuracy	Maximum Accuracy	Sample 1 Accuracy	Sample 2 Accuracy	Sample 3 Accuracy	Sample 4 Accuracy	Sample 5 Accuracy
TH02_0079_S01	ZFYVE27	Down	2.0285691522	2.22361707687	9.615049329645442	95.82444656408518	93.85474860335195	98.75930521091811	96.07329842931938	96.42857142857143	98.75930521091811	94.00630914826499	93.85474860335195
