Sample	Gene	Type	Expression	Threshold	Percent difference	Mean Accuracy	Minimum Accuracy	Maximum Accuracy	Sample 1 Accuracy	Sample 2 Accuracy	Sample 3 Accuracy	Sample 4 Accuracy	Sample 5 Accuracy
TH02_0079_S01	LMAN2L	Down	2.11769504267	2.14158344269	1.1280377740263083	30.065864240256147	20.670391061452513	40.38461538461539	23.82198952879581	40.38461538461539	35.483870967741936	29.96845425867508	20.670391061452513
