Sample	Gene	Type	Expression	Threshold	Percent difference	Mean Accuracy	Minimum Accuracy	Maximum Accuracy	Sample 1 Accuracy	Sample 2 Accuracy	Sample 3 Accuracy	Sample 4 Accuracy	Sample 5 Accuracy
TH02_0079_S01	RPUSD2	Down	1.5210507369	1.61807453632	6.3787352430952335	86.98486433608188	82.6879271070615	94.43254817987152	82.76699029126213	90.05102040816327	94.43254817987152	84.98583569405099	82.6879271070615
