Sample	Gene	Type	Expression	Threshold	Percent difference	Mean Accuracy	Minimum Accuracy	Maximum Accuracy	Sample 1 Accuracy	Sample 2 Accuracy	Sample 3 Accuracy	Sample 4 Accuracy	Sample 5 Accuracy
TH02_0079_S01	RP11-433J8.1	Up	0.378511623254	0.244026988745	35.529855953394105	81.60628721148461	74.42455242966753	88.91820580474933	78.03030303030303	82.77777777777777	88.91820580474933	83.88059701492537	74.42455242966753
