Sample	Gene	Type	Expression	Threshold	Percent difference	Mean Accuracy	Minimum Accuracy	Maximum Accuracy	Sample 1 Accuracy	Sample 2 Accuracy	Sample 3 Accuracy	Sample 4 Accuracy	Sample 5 Accuracy
TH02_0079_S01	INPP5K	Down	2.57288966842	2.57343149185	0.021058945381540482	1.9855650138154861	0.5586592178770949	3.4739454094292808	1.5706806282722512	2.7472527472527473	3.4739454094292808	1.5772870662460567	0.5586592178770949
