Sample	Gene	Type	Expression	Threshold	Percent difference	Mean Accuracy	Minimum Accuracy	Maximum Accuracy	Sample 1 Accuracy	Sample 2 Accuracy	Sample 3 Accuracy	Sample 4 Accuracy	Sample 5 Accuracy
TH02_0079_S01	NRF1	Down	1.6322682155	1.68570625782	3.2738517979185664	68.7383641208942	60.614525139664806	76.0989010989011	64.3979057591623	76.0989010989011	74.44168734491315	68.13880126182966	60.614525139664806
