Sample	Gene	Type	Expression	Threshold	Percent difference	Mean Accuracy	Minimum Accuracy	Maximum Accuracy	Sample 1 Accuracy	Sample 2 Accuracy	Sample 3 Accuracy	Sample 4 Accuracy	Sample 5 Accuracy
TH03_0113_S02	NPIPB7	Up	0.985500430305	0.740953147411	24.814528271521468	65.41737904293194	53.63128491620112	76.90166975881262	53.63128491620112	72.01195219123507	76.90166975881262	66.3953488372093	58.14663951120163
