Sample	Gene	Type	Expression	Threshold	Percent difference	Mean Accuracy	Minimum Accuracy	Maximum Accuracy	Sample 1 Accuracy	Sample 2 Accuracy	Sample 3 Accuracy	Sample 4 Accuracy	Sample 5 Accuracy
TH03_0113_S02	REM1	Up	2.64846544303	2.57795763016	2.6622138134955318	55.520939329740365	45.89041095890411	65.2542372881356	45.89041095890411	61.93693693693694	65.2542372881356	56.45933014354066	48.063781321184514
