Sample	Gene	Type	Expression	Threshold	Percent difference	Mean Accuracy	Minimum Accuracy	Maximum Accuracy	Sample 1 Accuracy	Sample 2 Accuracy	Sample 3 Accuracy	Sample 4 Accuracy	Sample 5 Accuracy
TH03_0113_S02	PENK	Up	3.12267271882	2.79610443115	10.457973571863922	99.75675586715381	99.19028340080972	100	99.19028340080972	100	100	99.59349593495935	100
