Sample	Gene	Type	Expression	Threshold	Percent difference	Mean Accuracy	Minimum Accuracy	Maximum Accuracy	Sample 1 Accuracy	Sample 2 Accuracy	Sample 3 Accuracy	Sample 4 Accuracy	Sample 5 Accuracy
TH03_0113_S02	NPBWR1	Up	0.333423733725	0.277918636799	16.64701438793776	64.1910818554532	55.287569573283854	71.95571955719558	56.3963963963964	71.45669291338582	71.95571955719558	65.85903083700441	55.287569573283854
