Sample	Gene	Type	Expression	Threshold	Percent difference	Mean Accuracy	Minimum Accuracy	Maximum Accuracy	Sample 1 Accuracy	Sample 2 Accuracy	Sample 3 Accuracy	Sample 4 Accuracy	Sample 5 Accuracy
TH03_0113_S02	WDR17	Up	2.76765479824	2.70122313499	2.400287177875109	70.05103211800564	59.45786682380672	79.1889007470651	67.1804170444243	77.99539170506912	79.1889007470651	66.43258426966293	59.45786682380672
