Sample	Gene	Type	Expression	Threshold	Percent difference	Mean Accuracy	Minimum Accuracy	Maximum Accuracy	Sample 1 Accuracy	Sample 2 Accuracy	Sample 3 Accuracy	Sample 4 Accuracy	Sample 5 Accuracy
TH03_0113_S02	GATA1	Up	0.432959407276	0.354969769716	18.01315233007137	56.255608136136374	45.43761638733706	64.84230055658628	45.43761638733706	63.047808764940235	64.84230055658628	58.255813953488364	49.69450101832994
