Sample	Gene	Type	Expression	Threshold	Percent difference	Mean Accuracy	Minimum Accuracy	Maximum Accuracy	Sample 1 Accuracy	Sample 2 Accuracy	Sample 3 Accuracy	Sample 4 Accuracy	Sample 5 Accuracy
TH03_0113_S02	RP11-684B21.1	Up	0.48542682717	0.141808778048	70.78678595603503	85.28211015550599	79.8890429958391	93.65210222588624	80.88888888888889	88.8837424733673	93.65210222588624	83.09677419354838	79.8890429958391
