Sample	Gene	Type	Expression	Threshold	Percent difference	Mean Accuracy	Minimum Accuracy	Maximum Accuracy	Sample 1 Accuracy	Sample 2 Accuracy	Sample 3 Accuracy	Sample 4 Accuracy	Sample 5 Accuracy
TH03_0113_S02	CTD-2545G14.4	Up	3.52732060788	3.4740793705	1.5093960345158182	16.52724726254138	7.936507936507936	23.214285714285715	7.936507936507936	23.214285714285715	17.17171717171717	16.666666666666664	17.647058823529413
