Sample	Gene	Type	Expression	Threshold	Percent difference	Mean Accuracy	Minimum Accuracy	Maximum Accuracy	Sample 1 Accuracy	Sample 2 Accuracy	Sample 3 Accuracy	Sample 4 Accuracy	Sample 5 Accuracy
TH03_0113_S02	RP11-1334A24.5	Up	1	0.840492010117	15.950798988299997	99.56762856716793	99.29286977018268	99.82718894009217	99.54669084315503	99.82718894009217	99.73319103521878	99.43820224719101	99.29286977018268
