Sample	Gene	Type	Expression	Threshold	Percent difference	Mean Accuracy	Minimum Accuracy	Maximum Accuracy	Sample 1 Accuracy	Sample 2 Accuracy	Sample 3 Accuracy	Sample 4 Accuracy	Sample 5 Accuracy
TH03_0113_S02	ZCCHC12	Up	1.72683121703	1.35687422752	21.424038774692402	99.6999145753177	99.05362776025235	100	100	99.72527472527473	100	99.05362776025235	99.72067039106145
