Sample	Gene	Type	Expression	Threshold	Percent difference	Mean Accuracy	Minimum Accuracy	Maximum Accuracy	Sample 1 Accuracy	Sample 2 Accuracy	Sample 3 Accuracy	Sample 4 Accuracy	Sample 5 Accuracy
TH03_0113_S02	RP11-399O19.9	Up	1.93734439215	1.92700719833	0.5335754376911902	10.242258041834653	6.75990675990676	13.426853707414828	8.294930875576037	12.781954887218044	13.426853707414828	9.947643979057592	6.75990675990676
