Sample	Gene	Type	Expression	Threshold	Percent difference	Mean Accuracy	Minimum Accuracy	Maximum Accuracy	Sample 1 Accuracy	Sample 2 Accuracy	Sample 3 Accuracy	Sample 4 Accuracy	Sample 5 Accuracy
TH03_0113_S02	PKLR	Up	0.903038270113	0.472911119461	47.63110987513041	84.66249199114736	81.8018018018018	87.4538745387454	81.8018018018018	87.20472440944881	87.4538745387454	83.92070484581498	82.93135435992579
