Sample	Gene	Type	Expression	Threshold	Percent difference	Mean Accuracy	Minimum Accuracy	Maximum Accuracy	Sample 1 Accuracy	Sample 2 Accuracy	Sample 3 Accuracy	Sample 4 Accuracy	Sample 5 Accuracy
TH03_0113_S02	RP11-136K7.2	Up	0.367371065649	0.244370207191	33.48136801157868	81.01991310665419	73.1457800511509	88.91820580474933	77.27272727272727	82.77777777777777	88.91820580474933	82.98507462686567	73.1457800511509
