Sample	Gene	Type	Expression	Threshold	Percent difference	Mean Accuracy	Minimum Accuracy	Maximum Accuracy	Sample 1 Accuracy	Sample 2 Accuracy	Sample 3 Accuracy	Sample 4 Accuracy	Sample 5 Accuracy
TH03_0113_S02	FAM196A	Up	0.757023246507	0.644744336605	14.831633033736944	69.13425038046913	61.20835686053078	79.54110898661568	65.52254098360656	74.40585009140767	79.54110898661568	64.99339498018493	61.20835686053078
