Sample	Gene	Type	Expression	Threshold	Percent difference	Mean Accuracy	Minimum Accuracy	Maximum Accuracy	Sample 1 Accuracy	Sample 2 Accuracy	Sample 3 Accuracy	Sample 4 Accuracy	Sample 5 Accuracy
TH03_0113_S02	RP11-148L24.1	Up	0.903038270113	0.141808778048	84.29648191651336	86.34857012693567	81.41470180305132	94.02308326463314	82.26666666666667	89.39323761000463	94.02308326463314	84.64516129032258	81.41470180305132
