Sample	Gene	Type	Expression	Threshold	Percent difference	Mean Accuracy	Minimum Accuracy	Maximum Accuracy	Sample 1 Accuracy	Sample 2 Accuracy	Sample 3 Accuracy	Sample 4 Accuracy	Sample 5 Accuracy
TH03_0113_S02	RN7SL1	Down	4.42894634477	4.68998575211	5.893939258222291	95.04968447636648	92.42424242424242	97.94520547945206	92.71523178807946	97.94520547945206	96.11111111111111	96.05263157894737	92.42424242424242
