Sample	Gene	Type	Expression	Threshold	Percent difference	Mean Accuracy	Minimum Accuracy	Maximum Accuracy	Sample 1 Accuracy	Sample 2 Accuracy	Sample 3 Accuracy	Sample 4 Accuracy	Sample 5 Accuracy
TH03_0113_S02	C12orf50	Up	0.250961573533	0.210507676005	16.11955844813053	50.96367998442051	40.114613180515754	64.48534423994546	40.114613180515754	59.360374414976604	64.48534423994546	49.03581267217631	41.822255414488424
