Sample	Gene	Type	Expression	Threshold	Percent difference	Mean Accuracy	Minimum Accuracy	Maximum Accuracy	Sample 1 Accuracy	Sample 2 Accuracy	Sample 3 Accuracy	Sample 4 Accuracy	Sample 5 Accuracy
TH03_0113_S02	PCDHA9	Up	0.59454854955	0.210507676005	64.59369446543461	94.15239937747515	91.24788255223038	97.25940089228808	93.13524590163934	95.06398537477148	97.25940089228808	94.0554821664465	91.24788255223038
