Sample	Gene	Type	Expression	Threshold	Percent difference	Mean Accuracy	Minimum Accuracy	Maximum Accuracy	Sample 1 Accuracy	Sample 2 Accuracy	Sample 3 Accuracy	Sample 4 Accuracy	Sample 5 Accuracy
TH03_0113_S02	RP11-867G23.10	Up	2.09085343045	1.38103032112	33.9489654794803	99.27545383252952	98.56115107913669	100	99.02912621359224	99.1869918699187	100	98.56115107913669	99.6
