Sample	Gene	Type	Expression	Threshold	Percent difference	Mean Accuracy	Minimum Accuracy	Maximum Accuracy	Sample 1 Accuracy	Sample 2 Accuracy	Sample 3 Accuracy	Sample 4 Accuracy	Sample 5 Accuracy
TH03_0113_S02	C1QTNF2	Up	2.43028527298	2.05069446564	15.619187243584301	99.24289568125232	98.69281045751634	99.70930232558139	99.079754601227	99.10714285714286	99.70930232558139	99.625468164794	98.69281045751634
