Sample	Gene	Type	Expression	Threshold	Percent difference	Mean Accuracy	Minimum Accuracy	Maximum Accuracy	Sample 1 Accuracy	Sample 2 Accuracy	Sample 3 Accuracy	Sample 4 Accuracy	Sample 5 Accuracy
TH03_0113_S02	CTD-2591A1.1	Up	0.238786859587	0.188414245844	21.095220159988397	69.90617061765697	61.98198198198198	77.30627306273063	61.98198198198198	77.16535433070865	77.30627306273063	70.92511013215858	62.152133580705005
