Sample	Gene	Type	Expression	Threshold	Percent difference	Mean Accuracy	Minimum Accuracy	Maximum Accuracy	Sample 1 Accuracy	Sample 2 Accuracy	Sample 3 Accuracy	Sample 4 Accuracy	Sample 5 Accuracy
TH03_0015_S01	ZNF849P	Up	0.250961573533	0.244026988745	2.763205812896356	22.717255047070303	17.16101694915254	30.180180180180184	18.614718614718615	27.38496071829405	30.180180180180184	20.245398773006134	17.16101694915254
