Sample	Gene	Type	Expression	Threshold	Percent difference	Mean Accuracy	Minimum Accuracy	Maximum Accuracy	Sample 1 Accuracy	Sample 2 Accuracy	Sample 3 Accuracy	Sample 4 Accuracy	Sample 5 Accuracy
TH03_0015_S01	C2orf80	Up	2.25096157353	0.141808778048	93.70008001399985	99.95934959349593	99.79674796747967	100	100	99.79674796747967	100	100	100
