Sample	Gene	Type	Expression	Threshold	Percent difference	Mean Accuracy	Minimum Accuracy	Maximum Accuracy	Sample 1 Accuracy	Sample 2 Accuracy	Sample 3 Accuracy	Sample 4 Accuracy	Sample 5 Accuracy
TH03_0015_S01	DNAJB7	Up	0.68706068834	0.36568197608	46.775884243425374	84.53728051288364	81.8018018018018	87.4538745387454	81.8018018018018	87.20472440944881	87.4538745387454	83.48017621145375	82.74582560296847
