Sample	Gene	Type	Expression	Threshold	Percent difference	Mean Accuracy	Minimum Accuracy	Maximum Accuracy	Sample 1 Accuracy	Sample 2 Accuracy	Sample 3 Accuracy	Sample 4 Accuracy	Sample 5 Accuracy
TH03_0015_S01	RP11-179B2.2	Up	1.79077203786	1.29165780544	27.8714555436352	99.86144596454618	99.76076555023924	100	99.77168949771689	99.77477477477478	100	99.76076555023924	100
