Sample	Gene	Type	Expression	Threshold	Percent difference	Mean Accuracy	Minimum Accuracy	Maximum Accuracy	Sample 1 Accuracy	Sample 2 Accuracy	Sample 3 Accuracy	Sample 4 Accuracy	Sample 5 Accuracy
TH03_0015_S01	HFM1	Up	1.42223300068	1.27595615387	10.285012845297633	96.60697491966977	94.41340782122904	99.50372208436724	96.59685863874346	97.25274725274726	99.50372208436724	95.26813880126183	94.41340782122904
