Sample	Gene	Type	Expression	Threshold	Percent difference	Mean Accuracy	Minimum Accuracy	Maximum Accuracy	Sample 1 Accuracy	Sample 2 Accuracy	Sample 3 Accuracy	Sample 4 Accuracy	Sample 5 Accuracy
TH03_0015_S01	NSF	Up	6.7165794208	6.5805773735	2.0248706786497124	99.81156098705813	99.48822927328557	100	99.79919678714859	100	99.88518943742825	99.48822927328557	99.88518943742825
