Sample	Gene	Type	Expression	Threshold	Percent difference	Mean Accuracy	Minimum Accuracy	Maximum Accuracy	Sample 1 Accuracy	Sample 2 Accuracy	Sample 3 Accuracy	Sample 4 Accuracy	Sample 5 Accuracy
TH03_0015_S01	RP5-994D16.3	Up	1.83995958749	1.44102275372	21.681825866306877	94.45966878803095	91.44981412639405	98.06201550387597	91.5549597855228	96.8	98.06201550387597	94.43155452436194	91.44981412639405
