Sample	Gene	Type	Expression	Threshold	Percent difference	Mean Accuracy	Minimum Accuracy	Maximum Accuracy	Sample 1 Accuracy	Sample 2 Accuracy	Sample 3 Accuracy	Sample 4 Accuracy	Sample 5 Accuracy
TH03_0015_S01	HIST1H2AI	Up	3.78659636189	3.78361225128	0.07880720110633782	3.8302863477713194	2.6490066225165565	6.8493150684931505	2.6490066225165565	6.8493150684931505	3.3333333333333335	3.289473684210526	3.0303030303030303
