Sample	Gene	Type	Expression	Threshold	Percent difference	Mean Accuracy	Minimum Accuracy	Maximum Accuracy	Sample 1 Accuracy	Sample 2 Accuracy	Sample 3 Accuracy	Sample 4 Accuracy	Sample 5 Accuracy
TH03_0015_S01	AC018755.18	Up	0.333423733725	0.277918636799	16.64701438793776	58.15519964174719	46.86431014823261	72.37977805178791	51.86104218362283	64.95388669301713	72.37977805178791	54.71698113207547	46.86431014823261
