Sample	Gene	Type	Expression	Threshold	Percent difference	Mean Accuracy	Minimum Accuracy	Maximum Accuracy	Sample 1 Accuracy	Sample 2 Accuracy	Sample 3 Accuracy	Sample 4 Accuracy	Sample 5 Accuracy
TH03_0015_S01	AC005481.5	Up	0.748461233004	0.222623795271	70.25580144244955	94.97019916542753	92.03839638622247	97.89674952198853	94.26229508196722	95.67336989640464	97.89674952198853	94.98018494055482	92.03839638622247
