Sample	Gene	Type	Expression	Threshold	Percent difference	Mean Accuracy	Minimum Accuracy	Maximum Accuracy	Sample 1 Accuracy	Sample 2 Accuracy	Sample 3 Accuracy	Sample 4 Accuracy	Sample 5 Accuracy
TH03_0015_S01	GAL3ST2	Up	1.5210507369	1.03957295418	31.654288120676554	99.67095831897355	99.06759906759906	100	100	99.74937343358395	99.79959919839679	99.73821989528795	99.06759906759906
