Sample	Gene	Type	Expression	Threshold	Percent difference	Mean Accuracy	Minimum Accuracy	Maximum Accuracy	Sample 1 Accuracy	Sample 2 Accuracy	Sample 3 Accuracy	Sample 4 Accuracy	Sample 5 Accuracy
TH03_0003_S01	ZNF444P1	Up	1.58014548442	0.776138663292	50.88182253187368	89.36984637036113	82.22222222222221	94.31818181818183	84.6590909090909	92.90780141843972	94.31818181818183	92.74193548387096	82.22222222222221
