Sample	Gene	Type	Expression	Threshold	Percent difference	Mean Accuracy	Minimum Accuracy	Maximum Accuracy	Sample 1 Accuracy	Sample 2 Accuracy	Sample 3 Accuracy	Sample 4 Accuracy	Sample 5 Accuracy
TH03_0003_S01	SNAPC3	Down	1.41683974191	1.48181068897	4.585624269150901	88.73095984119139	81.08426635238656	94.18202764976958	88.12330009066183	94.18202764976958	93.11632870864462	87.14887640449437	81.08426635238656
