Sample	Gene	Type	Expression	Threshold	Percent difference	Mean Accuracy	Minimum Accuracy	Maximum Accuracy	Sample 1 Accuracy	Sample 2 Accuracy	Sample 3 Accuracy	Sample 4 Accuracy	Sample 5 Accuracy
TH03_0003_S01	RP11-483I13.2	Up	0.887525270742	0.210507676005	76.2815006012157	92.97390209774105	89.90990990990991	96.30996309963099	89.90990990990991	95.07874015748031	96.30996309963099	92.29074889867842	91.28014842300557
