Sample	Gene	Type	Expression	Threshold	Percent difference	Mean Accuracy	Minimum Accuracy	Maximum Accuracy	Sample 1 Accuracy	Sample 2 Accuracy	Sample 3 Accuracy	Sample 4 Accuracy	Sample 5 Accuracy
TH03_0003_S01	HTR6	Up	0.807354922058	0.244370207191	69.73199759926099	89.22694492592932	85.06271379703534	95.80764488286067	85.8560794044665	92.88537549407114	95.80764488286067	86.52291105121293	85.06271379703534
