Sample	Gene	Type	Expression	Threshold	Percent difference	Mean Accuracy	Minimum Accuracy	Maximum Accuracy	Sample 1 Accuracy	Sample 2 Accuracy	Sample 3 Accuracy	Sample 4 Accuracy	Sample 5 Accuracy
TH03_0003_S01	FABP3	Up	8.45902170386	8.44912910461	0.11694732081708065	55.05126471811593	47.26027397260274	62.643678160919535	47.26027397260274	62.643678160919535	59	50.42016806722689	55.932203389830505
