Sample	Gene	Type	Expression	Threshold	Percent difference	Mean Accuracy	Minimum Accuracy	Maximum Accuracy	Sample 1 Accuracy	Sample 2 Accuracy	Sample 3 Accuracy	Sample 4 Accuracy	Sample 5 Accuracy
TH03_0003_S01	EIF3D	Up	8.69939893774	8.68218421936	0.1978839975405493	76.17014907135875	69.35483870967742	88.17204301075269	73.63636363636363	88.17204301075269	79.6875	69.35483870967742	70
