Sample	Gene	Type	Expression	Threshold	Percent difference	Mean Accuracy	Minimum Accuracy	Maximum Accuracy	Sample 1 Accuracy	Sample 2 Accuracy	Sample 3 Accuracy	Sample 4 Accuracy	Sample 5 Accuracy
TH03_0003_S01	ARMC10	Down	3.09929520434	3.19407224655	3.0580191934373344	97.4768795630818	94.61077844311377	99.44341372912801	94.61077844311377	99.00199600798403	99.44341372912801	97.81181619256017	96.51639344262296
