Sample	Gene	Type	Expression	Threshold	Percent difference	Mean Accuracy	Minimum Accuracy	Maximum Accuracy	Sample 1 Accuracy	Sample 2 Accuracy	Sample 3 Accuracy	Sample 4 Accuracy	Sample 5 Accuracy
TH03_0003_S01	ZSCAN5D	Up	0.13750352375	0.0893217474222	35.04039388503307	74.39799780944202	66.10800744878958	82.37051792828686	66.10800744878958	82.37051792828686	81.16883116883116	72.79069767441861	69.55193482688391
