Sample	Gene	Type	Expression	Threshold	Percent difference	Mean Accuracy	Minimum Accuracy	Maximum Accuracy	Sample 1 Accuracy	Sample 2 Accuracy	Sample 3 Accuracy	Sample 4 Accuracy	Sample 5 Accuracy
TH03_0003_S01	ARL5B	Down	0.464668267003	0.617299258709	32.84730259082112	85.60100553966048	80.01129305477131	92.35181644359464	82.9405737704918	89.21389396709324	92.35181644359464	83.48745046235139	80.01129305477131
