Sample	Gene	Type	Expression	Threshold	Percent difference	Mean Accuracy	Minimum Accuracy	Maximum Accuracy	Sample 1 Accuracy	Sample 2 Accuracy	Sample 3 Accuracy	Sample 4 Accuracy	Sample 5 Accuracy
TH03_0003_S01	RP11-497E19.1	Up	0.454175893186	0.45116469264	0.6630031648920717	24.567056707342257	19.0990990990991	31.10236220472441	19.0990990990991	31.10236220472441	23.985239852398525	27.312775330396477	21.335807050092765
