Sample	Gene	Type	Expression	Threshold	Percent difference	Mean Accuracy	Minimum Accuracy	Maximum Accuracy	Sample 1 Accuracy	Sample 2 Accuracy	Sample 3 Accuracy	Sample 4 Accuracy	Sample 5 Accuracy
TH03_0003_S01	BTG2	Down	1.9221978484	2.20889210701	14.91491933822727	99.17753620412813	98.36601307189542	99.70930232558139	99.079754601227	99.10714285714286	99.70930232558139	99.625468164794	98.36601307189542
