Sample	Gene	Type	Expression	Threshold	Percent difference	Mean Accuracy	Minimum Accuracy	Maximum Accuracy	Sample 1 Accuracy	Sample 2 Accuracy	Sample 3 Accuracy	Sample 4 Accuracy	Sample 5 Accuracy
TH03_0003_S01	TMPRSS15	Up	0.831877241192	0.0714228823781	91.41425214665593	92.49484397503034	89.72222222222223	97.36147757255937	90.9090909090909	89.72222222222223	97.36147757255937	93.43283582089552	91.04859335038363
