Sample	Gene	Type	Expression	Threshold	Percent difference	Mean Accuracy	Minimum Accuracy	Maximum Accuracy	Sample 1 Accuracy	Sample 2 Accuracy	Sample 3 Accuracy	Sample 4 Accuracy	Sample 5 Accuracy
TH03_0003_S01	TBK1	Down	1.9221978484	2.0692255497	7.648936940720389	96.0788372657346	93.28226281673541	97.86866359447005	95.87488667271079	97.86866359447005	97.65208110992529	95.71629213483146	93.28226281673541
