Sample	Gene	Type	Expression	Threshold	Percent difference	Mean Accuracy	Minimum Accuracy	Maximum Accuracy	Sample 1 Accuracy	Sample 2 Accuracy	Sample 3 Accuracy	Sample 4 Accuracy	Sample 5 Accuracy
TH03_0003_S01	ACSM2A	Up	0.773996325111	0.106960088015	86.18080156909521	88.33509282703417	83.65800865800865	95.27027027027027	83.65800865800865	90.57239057239057	95.27027027027027	87.85276073619632	84.32203389830508
