Sample	Gene	Type	Expression	Threshold	Percent difference	Mean Accuracy	Minimum Accuracy	Maximum Accuracy	Sample 1 Accuracy	Sample 2 Accuracy	Sample 3 Accuracy	Sample 4 Accuracy	Sample 5 Accuracy
TH03_0003_S01	LINC01579	Up	1.70043971814	1.51045393944	11.17274412454991	93.39094255369655	88.34498834498834	97.99599198396794	91.47465437788019	96.99248120300751	97.99599198396794	92.14659685863874	88.34498834498834
