Sample	Gene	Type	Expression	Threshold	Percent difference	Mean Accuracy	Minimum Accuracy	Maximum Accuracy	Sample 1 Accuracy	Sample 2 Accuracy	Sample 3 Accuracy	Sample 4 Accuracy	Sample 5 Accuracy
TH03_0003_S01	SEMA7A	Up	6.43662826729	6.27740621567	2.4736872320115593	99.89515457121134	99.59058341862846	100	100	100	100	99.59058341862846	99.88518943742825
