Sample	Gene	Type	Expression	Threshold	Percent difference	Mean Accuracy	Minimum Accuracy	Maximum Accuracy	Sample 1 Accuracy	Sample 2 Accuracy	Sample 3 Accuracy	Sample 4 Accuracy	Sample 5 Accuracy
TH03_0003_S01	PAXIP1	Down	0.704871964456	0.866322338581	22.904922066180184	78.21992797465403	71.37210615471486	87.06182281708095	74.38524590163934	82.38878732480195	87.06182281708095	75.89167767503302	71.37210615471486
