Sample	Gene	Type	Expression	Threshold	Percent difference	Mean Accuracy	Minimum Accuracy	Maximum Accuracy	Sample 1 Accuracy	Sample 2 Accuracy	Sample 3 Accuracy	Sample 4 Accuracy	Sample 5 Accuracy
TH03_0003_S01	RP4-737E23.5	Up	0.298658315565	0.176311850548	40.96536364157338	80.98834874860184	72.40592930444699	93.34155363748458	76.1786600496278	84.84848484848484	93.34155363748458	78.16711590296495	72.40592930444699
