Sample	Gene	Type	Expression	Threshold	Percent difference	Mean Accuracy	Minimum Accuracy	Maximum Accuracy	Sample 1 Accuracy	Sample 2 Accuracy	Sample 3 Accuracy	Sample 4 Accuracy	Sample 5 Accuracy
TH03_0003_S01	RP11-368L12.1	Up	0.985500430305	0.918712258339	6.77708196893733	11.405670681130495	8.930190389845876	15.592783505154639	12.04490291262136	15.592783505154639	9.497361843932241	8.930190389845876	10.96311475409836
