Sample	Gene	Type	Expression	Threshold	Percent difference	Mean Accuracy	Minimum Accuracy	Maximum Accuracy	Sample 1 Accuracy	Sample 2 Accuracy	Sample 3 Accuracy	Sample 4 Accuracy	Sample 5 Accuracy
TH03_0003_S01	SSSCA1	Up	7.09697863637	7.07353544235	0.3303263997422886	88.87086475687767	83.05084745762711	95.97701149425288	84.93150684931507	95.97701149425288	93	87.39495798319328	83.05084745762711
