Sample	Gene	Type	Expression	Threshold	Percent difference	Mean Accuracy	Minimum Accuracy	Maximum Accuracy	Sample 1 Accuracy	Sample 2 Accuracy	Sample 3 Accuracy	Sample 4 Accuracy	Sample 5 Accuracy
TH03_0003_S01	MRPS18A	Up	7.04187813996	7.01482391357	0.38419049367635677	93.56745071081151	88.69565217391305	98.14814814814815	91.24087591240875	98	98.14814814814815	88.69565217391305	91.75257731958763
