Sample	Gene	Type	Expression	Threshold	Percent difference	Mean Accuracy	Minimum Accuracy	Maximum Accuracy	Sample 1 Accuracy	Sample 2 Accuracy	Sample 3 Accuracy	Sample 4 Accuracy	Sample 5 Accuracy
TH03_0003_S01	ARRDC3	Down	1.43829285158	1.47428393364	2.502347280698985	61.68783585884578	50.950570342205324	72.85714285714285	55.400696864111495	71.11111111111111	72.85714285714285	58.119658119658126	50.950570342205324
