Sample	Gene	Type	Expression	Threshold	Percent difference	Mean Accuracy	Minimum Accuracy	Maximum Accuracy	Sample 1 Accuracy	Sample 2 Accuracy	Sample 3 Accuracy	Sample 4 Accuracy	Sample 5 Accuracy
TH03_0287_S01	USP35	Up	4.16912328148	4.1301112175	0.9357378361368949	76.24258523699629	67.94601433994096	83.07170131523122	73.56805044666316	83.07170131523122	82.98337707786526	73.64378300528085	67.94601433994096
