Sample	Gene	Type	Expression	Threshold	Percent difference	Mean Accuracy	Minimum Accuracy	Maximum Accuracy	Sample 1 Accuracy	Sample 2 Accuracy	Sample 3 Accuracy	Sample 4 Accuracy	Sample 5 Accuracy
TH03_0287_S01	RP11-837J7.3	Up	1.31034012061	0.531595647335	59.430712761238865	99.95495495495496	99.77477477477478	100	100	99.77477477477478	100	100	100
