Sample	Gene	Type	Expression	Threshold	Percent difference	Mean Accuracy	Minimum Accuracy	Maximum Accuracy	Sample 1 Accuracy	Sample 2 Accuracy	Sample 3 Accuracy	Sample 4 Accuracy	Sample 5 Accuracy
TH03_0287_S01	MSTN	Up	0.704871964456	0.674425303936	4.31945971116866	33.75678419362428	27.621483375959077	40.89709762532981	27.77777777777778	36.666666666666664	40.89709762532981	35.82089552238806	27.621483375959077
