Sample	Gene	Type	Expression	Threshold	Percent difference	Mean Accuracy	Minimum Accuracy	Maximum Accuracy	Sample 1 Accuracy	Sample 2 Accuracy	Sample 3 Accuracy	Sample 4 Accuracy	Sample 5 Accuracy
TH03_0287_S01	IL21R-AS1	Up	0.526068811668	0.46153780818	12.266646882827425	56.45303697033489	47.86641929499073	65.74803149606299	49.009009009009006	65.74803149606299	64.57564575645756	55.06607929515418	47.86641929499073
