Sample	Gene	Type	Expression	Threshold	Percent difference	Mean Accuracy	Minimum Accuracy	Maximum Accuracy	Sample 1 Accuracy	Sample 2 Accuracy	Sample 3 Accuracy	Sample 4 Accuracy	Sample 5 Accuracy
TH03_0287_S01	RP11-482D24.2	Up	0.389566811763	0.210507676005	45.96365253694503	78.70460150383603	71.02222222222223	90.7666941467436	71.02222222222223	84.1130152848541	90.7666941467436	76.51612903225806	71.10494683310218
