Sample	Gene	Type	Expression	Threshold	Percent difference	Mean Accuracy	Minimum Accuracy	Maximum Accuracy	Sample 1 Accuracy	Sample 2 Accuracy	Sample 3 Accuracy	Sample 4 Accuracy	Sample 5 Accuracy
TH03_0287_S01	RP11-8H2.1	Up	0.411426245726	0.289402633905	29.65868441515635	68.72265977243251	58.28677839851024	79.40630797773655	58.28677839851024	74.60159362549801	79.40630797773655	69.30232558139535	62.016293279022406
