Sample	Gene	Type	Expression	Threshold	Percent difference	Mean Accuracy	Minimum Accuracy	Maximum Accuracy	Sample 1 Accuracy	Sample 2 Accuracy	Sample 3 Accuracy	Sample 4 Accuracy	Sample 5 Accuracy
TH03_0287_S01	ZNF891	Up	1.37851162325	1.30974638462	4.988368430864456	90.27118810122111	83.85385975250442	94.93087557603687	89.80054397098822	94.93087557603687	94.07684098185699	88.6938202247191	83.85385975250442
