Sample	Gene	Type	Expression	Threshold	Percent difference	Mean Accuracy	Minimum Accuracy	Maximum Accuracy	Sample 1 Accuracy	Sample 2 Accuracy	Sample 3 Accuracy	Sample 4 Accuracy	Sample 5 Accuracy
TH03_0287_S01	STXBP2	Down	2.97819562968	3.10303258896	4.191697752689721	71.01447672711119	60.73059360730594	79.27927927927928	60.73059360730594	79.27927927927928	79.23728813559322	72.72727272727273	63.097949886104786
