Sample	Gene	Type	Expression	Threshold	Percent difference	Mean Accuracy	Minimum Accuracy	Maximum Accuracy	Sample 1 Accuracy	Sample 2 Accuracy	Sample 3 Accuracy	Sample 4 Accuracy	Sample 5 Accuracy
TH03_0287_S01	C15orf41	Up	4.6322682155	4.30876493454	6.983690622177874	99.84471187809062	99.45504087193461	100	100	100	100	99.45504087193461	99.76851851851852
