Sample	Gene	Type	Expression	Threshold	Percent difference	Mean Accuracy	Minimum Accuracy	Maximum Accuracy	Sample 1 Accuracy	Sample 2 Accuracy	Sample 3 Accuracy	Sample 4 Accuracy	Sample 5 Accuracy
TH03_0287_S01	MIP	Up	0.678071905113	0.344898492098	49.13541034552626	81.37341280958486	74.24242424242425	92.0045045045045	74.24242424242425	83.38945005611671	92.0045045045045	81.59509202453987	75.63559322033898
