Sample	Gene	Type	Expression	Threshold	Percent difference	Mean Accuracy	Minimum Accuracy	Maximum Accuracy	Sample 1 Accuracy	Sample 2 Accuracy	Sample 3 Accuracy	Sample 4 Accuracy	Sample 5 Accuracy
TH03_0287_S01	AC140725.4	Up	1.516015147	0.946536004543	37.56421191331277	99.00980214530806	98.51301115241635	99.52	98.5254691689008	99.52	99.4186046511628	99.07192575406032	98.51301115241635
