Sample	Gene	Type	Expression	Threshold	Percent difference	Mean Accuracy	Minimum Accuracy	Maximum Accuracy	Sample 1 Accuracy	Sample 2 Accuracy	Sample 3 Accuracy	Sample 4 Accuracy	Sample 5 Accuracy
TH03_0287_S01	RP11-509J21.4	Up	0.389566811763	0.244370207191	37.27129729427079	73.41417126900572	64.08888888888889	86.68590272052762	64.08888888888889	80.50023158869847	86.68590272052762	70.51612903225806	65.27970411465557
