Sample	Gene	Type	Expression	Threshold	Percent difference	Mean Accuracy	Minimum Accuracy	Maximum Accuracy	Sample 1 Accuracy	Sample 2 Accuracy	Sample 3 Accuracy	Sample 4 Accuracy	Sample 5 Accuracy
TH03_0287_S01	GCOM1	Up	2.03562390973	1.91279196739	6.034117685142147	88.50209646638393	84.91620111731844	93.05210918114145	87.17277486910994	90.93406593406593	93.05210918114145	86.43533123028391	84.91620111731844
