Sample	Gene	Type	Expression	Threshold	Percent difference	Mean Accuracy	Minimum Accuracy	Maximum Accuracy	Sample 1 Accuracy	Sample 2 Accuracy	Sample 3 Accuracy	Sample 4 Accuracy	Sample 5 Accuracy
TH03_0287_S01	PPP3R1	Up	6.57516103343	6.50420475006	1.0791565865723627	95.21990643718536	93.10344827586206	97.78325123152709	93.10344827586206	96.82997118155619	97.78325123152709	94.76584022038568	93.61702127659575
