Sample	Gene	Type	Expression	Threshold	Percent difference	Mean Accuracy	Minimum Accuracy	Maximum Accuracy	Sample 1 Accuracy	Sample 2 Accuracy	Sample 3 Accuracy	Sample 4 Accuracy	Sample 5 Accuracy
TH03_0287_S01	MEIS1	Up	6.92243574023	6.7196893692	2.9288299471200814	99.903236914600555	99.72451790633609	100	100	100	99.79166666666667	99.72451790633609	100
