Sample	Gene	Type	Expression	Threshold	Percent difference	Mean Accuracy	Minimum Accuracy	Maximum Accuracy	Sample 1 Accuracy	Sample 2 Accuracy	Sample 3 Accuracy	Sample 4 Accuracy	Sample 5 Accuracy
TH02_0094_S01	SLC7A3	Up	1.22032995488	1.08263778687	11.283191685935456	97.28926026149011	95.53072625698324	99.50372208436724	97.12041884816755	98.07692307692307	99.50372208436724	96.21451104100946	95.53072625698324
