Sample	Gene	Type	Expression	Threshold	Percent difference	Mean Accuracy	Minimum Accuracy	Maximum Accuracy	Sample 1 Accuracy	Sample 2 Accuracy	Sample 3 Accuracy	Sample 4 Accuracy	Sample 5 Accuracy
TH02_0094_S01	RP11-1152H14.1	Up	1.2750070475	1.21407687664	4.778810515555198	57.78671809198624	49.64028776978417	69.59619952494062	52.42718446601942	66.869918699187	69.59619952494062	49.64028776978417	50.4
