Sample	Gene	Type	Expression	Threshold	Percent difference	Mean Accuracy	Minimum Accuracy	Maximum Accuracy	Sample 1 Accuracy	Sample 2 Accuracy	Sample 3 Accuracy	Sample 4 Accuracy	Sample 5 Accuracy
TH02_0094_S01	RP11-154D6.1	Up	2.266036894	1.6159734726	28.687239078994452	98.92127652847425	98.2200647249191	99.8812351543943	98.2200647249191	98.98373983739837	99.8812351543943	98.32134292565947	99.2
