Sample	Gene	Type	Expression	Threshold	Percent difference	Mean Accuracy	Minimum Accuracy	Maximum Accuracy	Sample 1 Accuracy	Sample 2 Accuracy	Sample 3 Accuracy	Sample 4 Accuracy	Sample 5 Accuracy
TH02_0094_S01	GOLGA8Q	Up	1.31034012061	1.01846182346	22.27500269274534	99.10273129744472	97.9020979020979	99.79959919839679	98.84792626728111	99.74937343358395	99.79959919839679	99.21465968586386	97.9020979020979
