Sample	Gene	Type	Expression	Threshold	Percent difference	Mean Accuracy	Minimum Accuracy	Maximum Accuracy	Sample 1 Accuracy	Sample 2 Accuracy	Sample 3 Accuracy	Sample 4 Accuracy	Sample 5 Accuracy
TH02_0094_S01	USP44	Up	1.51096191928	1.39583694935	7.61931644080474	88.74839295532954	83.56164383561644	94.91525423728814	83.56164383561644	90.54054054054053	94.91525423728814	90.66985645933015	84.05466970387245
