Sample	Gene	Type	Expression	Threshold	Percent difference	Mean Accuracy	Minimum Accuracy	Maximum Accuracy	Sample 1 Accuracy	Sample 2 Accuracy	Sample 3 Accuracy	Sample 4 Accuracy	Sample 5 Accuracy
TH02_0094_S01	CTA-363E6.1	Up	0.356143810225	0.141458824277	60.28042037635557	86.12014770939933	79.2364990689013	94.52690166975881	79.2364990689013	89.5418326693227	94.52690166975881	85.11627906976744	82.17922606924644
