Sample	Gene	Type	Expression	Threshold	Percent difference	Mean Accuracy	Minimum Accuracy	Maximum Accuracy	Sample 1 Accuracy	Sample 2 Accuracy	Sample 3 Accuracy	Sample 4 Accuracy	Sample 5 Accuracy
TH02_0094_S01	MEP1A	Up	0.333423733725	0.32233402133	3.3260117002188387	30.928331897316493	24.808184143222505	35.88390501319261	26.01010101010101	33.611111111111114	35.88390501319261	34.32835820895522	24.808184143222505
