Sample	Gene	Type	Expression	Threshold	Percent difference	Mean Accuracy	Minimum Accuracy	Maximum Accuracy	Sample 1 Accuracy	Sample 2 Accuracy	Sample 3 Accuracy	Sample 4 Accuracy	Sample 5 Accuracy
TH02_0094_S01	SYT14	Up	1.91838623445	1.60564208031	16.302460293125673	99.6129327900435	99.29286977018268	99.88479262672811	99.59202175883954	99.88479262672811	99.78655282817502	99.50842696629213	99.29286977018268
