Sample	Gene	Type	Expression	Threshold	Percent difference	Mean Accuracy	Minimum Accuracy	Maximum Accuracy	Sample 1 Accuracy	Sample 2 Accuracy	Sample 3 Accuracy	Sample 4 Accuracy	Sample 5 Accuracy
TH02_0094_S01	TRDN	Up	0.59454854955	0.441114872694	25.806753203271693	70.17547039191176	61.00342075256556	81.75092478421702	63.89578163771712	75.49407114624506	81.75092478421702	68.73315363881402	61.00342075256556
