Sample	Gene	Type	Expression	Threshold	Percent difference	Mean Accuracy	Minimum Accuracy	Maximum Accuracy	Sample 1 Accuracy	Sample 2 Accuracy	Sample 3 Accuracy	Sample 4 Accuracy	Sample 5 Accuracy
TH02_0094_S01	RP11-266K4.14	Up	2.95046841415	1.72737371922	41.45425482490248	99.9909338168631	99.95466908431551	100	99.95466908431551	100	100	100	100
