Sample	Gene	Type	Expression	Threshold	Percent difference	Mean Accuracy	Minimum Accuracy	Maximum Accuracy	Sample 1 Accuracy	Sample 2 Accuracy	Sample 3 Accuracy	Sample 4 Accuracy	Sample 5 Accuracy
TH02_0094_S01	LINC00599	Up	0.238786859587	0.0362440273166	84.82159890234881	95.4976776175262	93.45002823263692	98.08795411089865	94.67213114754098	96.09993906154783	98.08795411089865	95.17833553500661	93.45002823263692
