Sample	Gene	Type	Expression	Threshold	Percent difference	Mean Accuracy	Minimum Accuracy	Maximum Accuracy	Sample 1 Accuracy	Sample 2 Accuracy	Sample 3 Accuracy	Sample 4 Accuracy	Sample 5 Accuracy
TH02_0094_S01	RP11-552M11.8	Up	1.59454854955	1.53744959831	3.580885088516995	68.95586299273592	59.90888382687927	77.94432548179871	62.37864077669902	76.27551020408163	77.94432548179871	68.27195467422096	59.90888382687927
