Sample	Gene	Type	Expression	Threshold	Percent difference	Mean Accuracy	Minimum Accuracy	Maximum Accuracy	Sample 1 Accuracy	Sample 2 Accuracy	Sample 3 Accuracy	Sample 4 Accuracy	Sample 5 Accuracy
TH02_0094_S01	PPP4R4	Up	2.13750352375	1.95409250259	8.580618423413252	95.63084696190977	93.13725490196079	98.54651162790698	94.1717791411043	97.91666666666666	98.54651162790698	94.3820224719101	93.13725490196079
