Sample	Gene	Type	Expression	Threshold	Percent difference	Mean Accuracy	Minimum Accuracy	Maximum Accuracy	Sample 1 Accuracy	Sample 2 Accuracy	Sample 3 Accuracy	Sample 4 Accuracy	Sample 5 Accuracy
TH02_0094_S01	LINC00982	Up	3.55581615506	3.20385575294	9.89816083767866	99.95901639344262	99.79508196721312	100	100	100	100	100	99.79508196721312
