Sample	Gene	Type	Expression	Threshold	Percent difference	Mean Accuracy	Minimum Accuracy	Maximum Accuracy	Sample 1 Accuracy	Sample 2 Accuracy	Sample 3 Accuracy	Sample 4 Accuracy	Sample 5 Accuracy
TH01_0134_S01	UBE2L3	Down	4.19770815796	4.33001661301	3.151921240620471	98.54057464325498	96.87895402783636	99.78127734033247	98.79138202837625	99.36359779380568	99.78127734033247	97.88766202592414	96.87895402783636
