Sample	Gene	Type	Expression	Threshold	Percent difference	Mean Accuracy	Minimum Accuracy	Maximum Accuracy	Sample 1 Accuracy	Sample 2 Accuracy	Sample 3 Accuracy	Sample 4 Accuracy	Sample 5 Accuracy
TH01_0134_S01	LINC00216	Up	1.344828497	0.772090137005	42.58820818213224	99.90323297801388	99.75369458128078	100	100	99.7624703087886	100	100	99.75369458128078
