Sample	Gene	Type	Expression	Threshold	Percent difference	Mean Accuracy	Minimum Accuracy	Maximum Accuracy	Sample 1 Accuracy	Sample 2 Accuracy	Sample 3 Accuracy	Sample 4 Accuracy	Sample 5 Accuracy
TH01_0134_S01	KCTD9P1	Up	0.310340120612	0.071774750948	76.87222947311548	86.56507577956828	81.30372492836676	92.63803680981594	81.30372492836676	91.02964118564742	92.63803680981594	86.22589531680441	81.62808065720687
