Sample	Gene	Type	Expression	Threshold	Percent difference	Mean Accuracy	Minimum Accuracy	Maximum Accuracy	Sample 1 Accuracy	Sample 2 Accuracy	Sample 3 Accuracy	Sample 4 Accuracy	Sample 5 Accuracy
TH01_0134_S01	AGPS	Up	5.26002565596	5.21071863174	0.9373913255371954	95.68394387719388	92.8817451205511	98.62227324913893	95.38152610441767	97.77777777777777	98.62227324913893	93.75639713408394	92.8817451205511
