Sample	Gene	Type	Expression	Threshold	Percent difference	Mean Accuracy	Minimum Accuracy	Maximum Accuracy	Sample 1 Accuracy	Sample 2 Accuracy	Sample 3 Accuracy	Sample 4 Accuracy	Sample 5 Accuracy
TH01_0134_S01	PRKCA-AS1	Up	0.150559676575	0.0362440273166	75.92713524557463	88.18963843349702	82.21601489757914	95.26901669758813	82.21601489757914	90.43824701195219	95.26901669758813	87.79069767441861	85.23421588594705
