Sample	Gene	Type	Expression	Threshold	Percent difference	Mean Accuracy	Minimum Accuracy	Maximum Accuracy	Sample 1 Accuracy	Sample 2 Accuracy	Sample 3 Accuracy	Sample 4 Accuracy	Sample 5 Accuracy
TH01_0134_S01	RP11-44F14.7	Up	0.422233000683	0.344898492098	18.31560026333907	65.4990203549207	56.77179962894249	73.24723247232473	57.65765765765766	72.63779527559055	73.24723247232473	67.18061674008811	56.77179962894249
