Sample	Gene	Type	Expression	Threshold	Percent difference	Mean Accuracy	Minimum Accuracy	Maximum Accuracy	Sample 1 Accuracy	Sample 2 Accuracy	Sample 3 Accuracy	Sample 4 Accuracy	Sample 5 Accuracy
TH01_0134_S01	ZBTB8OS	Down	3.54596836911	3.58869099617	1.2048225650338436	60.237853691428825	49.797570850202426	69.36619718309859	49.797570850202426	61.61137440758294	69.36619718309859	62.601626016260155	57.8125
