Sample	Gene	Type	Expression	Threshold	Percent difference	Mean Accuracy	Minimum Accuracy	Maximum Accuracy	Sample 1 Accuracy	Sample 2 Accuracy	Sample 3 Accuracy	Sample 4 Accuracy	Sample 5 Accuracy
TH01_0134_S01	LMBR1	Down	1.97452931248	2.07642149925	5.160327888068861	84.37408589248872	79.88826815642457	89.82630272952854	81.67539267015707	88.46153846153845	89.82630272952854	82.01892744479495	79.88826815642457
