Sample	Gene	Type	Expression	Threshold	Percent difference	Mean Accuracy	Minimum Accuracy	Maximum Accuracy	Sample 1 Accuracy	Sample 2 Accuracy	Sample 3 Accuracy	Sample 4 Accuracy	Sample 5 Accuracy
TH01_0134_S01	C1QC	Down	0.879705766282	1.59172797203	80.93867666200482	86.88663997331992	81.59025787965616	92.77436946148603	81.59025787965616	91.34165366614666	92.77436946148603	86.50137741046832	82.22554144884242
