Sample	Gene	Type	Expression	Threshold	Percent difference	Mean Accuracy	Minimum Accuracy	Maximum Accuracy	Sample 1 Accuracy	Sample 2 Accuracy	Sample 3 Accuracy	Sample 4 Accuracy	Sample 5 Accuracy
TH01_0134_S01	RPL3P6	Up	0.422233000683	0.176311850548	58.24299610338376	85.47886643792215	78.39851024208566	94.34137291280148	78.39851024208566	88.94422310756973	94.34137291280148	84.65116279069768	81.05906313645622
