Sample	Gene	Type	Expression	Threshold	Percent difference	Mean Accuracy	Minimum Accuracy	Maximum Accuracy	Sample 1 Accuracy	Sample 2 Accuracy	Sample 3 Accuracy	Sample 4 Accuracy	Sample 5 Accuracy
TH01_0134_S01	APOPT1	Down	3.54596836911	3.56685137749	0.5889225792851954	38.337106134988865	30.96590909090909	45.5607476635514	34.472934472934476	44.58204334365325	45.5607476635514	36.103896103896105	30.96590909090909
