Sample	Gene	Type	Expression	Threshold	Percent difference	Mean Accuracy	Minimum Accuracy	Maximum Accuracy	Sample 1 Accuracy	Sample 2 Accuracy	Sample 3 Accuracy	Sample 4 Accuracy	Sample 5 Accuracy
TH01_0134_S01	DDX10P1	Up	0.344828496997	0.176311850548	48.869698391100805	83.0479972079428	75.59863169897378	94.32799013563502	78.287841191067	86.29776021080369	94.32799013563502	80.7277628032345	75.59863169897378
