Sample	Gene	Type	Expression	Threshold	Percent difference	Mean Accuracy	Minimum Accuracy	Maximum Accuracy	Sample 1 Accuracy	Sample 2 Accuracy	Sample 3 Accuracy	Sample 4 Accuracy	Sample 5 Accuracy
TH01_0134_S01	EIF4E2	Down	4.11436702495	4.19922161102	2.0623970966963214	91.68528287030827	87.70491803278688	96.00798403193613	88.42315369261478	96.00798403193613	95.91836734693877	90.37199124726477	87.70491803278688
