Sample	Gene	Type	Expression	Threshold	Percent difference	Mean Accuracy	Minimum Accuracy	Maximum Accuracy	Sample 1 Accuracy	Sample 2 Accuracy	Sample 3 Accuracy	Sample 4 Accuracy	Sample 5 Accuracy
TH01_0134_S01	TMEM184B	Down	2.50080205306	2.83660125732	13.427660291989657	99.18119369203222	98.5268120212139	99.6264674493063	99.18404351767906	99.4815668202765	99.6264674493063	99.08707865168539	98.5268120212139
