Sample	Gene	Type	Expression	Threshold	Percent difference	Mean Accuracy	Minimum Accuracy	Maximum Accuracy	Sample 1 Accuracy	Sample 2 Accuracy	Sample 3 Accuracy	Sample 4 Accuracy	Sample 5 Accuracy
TH01_0134_S01	RP11-443B7.3	Up	0.59454854955	0.409074544907	31.19577110790716	67.67395933582176	56.666666666666664	84.78977741137676	56.666666666666664	73.45993515516443	84.78977741137676	64.32258064516128	59.130836800739715
