Sample	Gene	Type	Expression	Threshold	Percent difference	Mean Accuracy	Minimum Accuracy	Maximum Accuracy	Sample 1 Accuracy	Sample 2 Accuracy	Sample 3 Accuracy	Sample 4 Accuracy	Sample 5 Accuracy
TH01_0134_S01	RP11-662I13.3	Up	0.298658315565	0.176311850548	40.96536364157338	83.04438544088484	79.19876733436055	87.07692307692308	80.02894356005788	87.07692307692308	86.9172932330827	82	79.19876733436055
