Sample	Gene	Type	Expression	Threshold	Percent difference	Mean Accuracy	Minimum Accuracy	Maximum Accuracy	Sample 1 Accuracy	Sample 2 Accuracy	Sample 3 Accuracy	Sample 4 Accuracy	Sample 5 Accuracy
TH01_0134_S01	DGUOK	Down	4.26002565596	4.53593015671	6.476592467559329	98.75998331507782	95.95141700404858	100	95.95141700404858	99.0521327014218	100	99.1869918699187	99.609375
