Sample	Gene	Type	Expression	Threshold	Percent difference	Mean Accuracy	Minimum Accuracy	Maximum Accuracy	Sample 1 Accuracy	Sample 2 Accuracy	Sample 3 Accuracy	Sample 4 Accuracy	Sample 5 Accuracy
TH01_0134_S01	NDUFS3	Down	5.17352723812	5.30111694336	2.4662034114729963	99.55999582074851	99.13793103448276	100	99.56709956709958	100	99.55156950672645	99.13793103448276	99.54337899543378
