Sample	Gene	Type	Expression	Threshold	Percent difference	Mean Accuracy	Minimum Accuracy	Maximum Accuracy	Sample 1 Accuracy	Sample 2 Accuracy	Sample 3 Accuracy	Sample 4 Accuracy	Sample 5 Accuracy
TH01_0134_S01	RP5-966M1.7	Up	0.443606651476	0.440215468407	0.7644572185102734	16.19055308522601	12.849162011173185	20.916334661354583	12.849162011173185	20.916334661354583	12.987012987012985	17.906976744186046	16.293279022403258
