Sample	Gene	Type	Expression	Threshold	Percent difference	Mean Accuracy	Minimum Accuracy	Maximum Accuracy	Sample 1 Accuracy	Sample 2 Accuracy	Sample 3 Accuracy	Sample 4 Accuracy	Sample 5 Accuracy
TH01_0134_S01	PRDX6	Down	5.57228336665	5.81441354752	4.345259652786941	99.89495684273383	99.70414201183432	100	100	100	99.77064220183486	99.70414201183432	100
