Sample	Gene	Type	Expression	Threshold	Percent difference	Mean Accuracy	Minimum Accuracy	Maximum Accuracy	Sample 1 Accuracy	Sample 2 Accuracy	Sample 3 Accuracy	Sample 4 Accuracy	Sample 5 Accuracy
TH01_0134_S01	RP11-360N9.2	Up	0.344828496997	0.222623795271	35.439269895104744	81.34467142863474	77.29729729729729	84.84251968503938	77.29729729729729	84.84251968503938	84.31734317343174	82.15859030837004	78.10760667903524
