Sample	Gene	Type	Expression	Threshold	Percent difference	Mean Accuracy	Minimum Accuracy	Maximum Accuracy	Sample 1 Accuracy	Sample 2 Accuracy	Sample 3 Accuracy	Sample 4 Accuracy	Sample 5 Accuracy
TH01_0134_S01	SLIRP	Down	4.85449441815	5.53955984116	14.111982917287438	99.33548677375222	98.67549668874173	100	98.67549668874173	99.31506849315068	99.44444444444444	100	99.24242424242425
