Sample	Gene	Type	Expression	Threshold	Percent difference	Mean Accuracy	Minimum Accuracy	Maximum Accuracy	Sample 1 Accuracy	Sample 2 Accuracy	Sample 3 Accuracy	Sample 4 Accuracy	Sample 5 Accuracy
TH01_0134_S01	U1	Up	5.89106392844	4.63705825806	21.286573794015357	99.23076923076923	96.15384615384616	100	100	100	100	96.15384615384616	100
