Sample	Gene	Type	Expression	Threshold	Percent difference	Mean Accuracy	Minimum Accuracy	Maximum Accuracy	Sample 1 Accuracy	Sample 2 Accuracy	Sample 3 Accuracy	Sample 4 Accuracy	Sample 5 Accuracy
TH01_0134_S01	RP11-124D2.7	Up	0.604071323669	0.32233402133	46.63974125237197	80.16787115340026	72.94372294372295	91.1036036036036	72.94372294372295	82.94051627384961	91.1036036036036	80.12269938650307	73.72881355932203
