Sample	Gene	Type	Expression	Threshold	Percent difference	Mean Accuracy	Minimum Accuracy	Maximum Accuracy	Sample 1 Accuracy	Sample 2 Accuracy	Sample 3 Accuracy	Sample 4 Accuracy	Sample 5 Accuracy
TH01_0134_S01	RP11-653J6.1	Up	0.344828496997	0.344080448151	0.216933592355204	4.893725518192376	1.3329630658150513	7.989690721649484	6.4623786407766985	7.989690721649484	1.3329630658150513	3.0825022665457844	5.601092896174864
