Sample	Gene	Type	Expression	Threshold	Percent difference	Mean Accuracy	Minimum Accuracy	Maximum Accuracy	Sample 1 Accuracy	Sample 2 Accuracy	Sample 3 Accuracy	Sample 4 Accuracy	Sample 5 Accuracy
TH01_0134_S01	RP11-386J22.3	Up	0.2750070475	0.244370207191	11.140383705621213	42.156348050600435	32.30912476722533	49.00398406374502	32.30912476722533	49.00398406374502	45.17625231910946	45.69767441860465	38.59470468431772
