Sample	Gene	Type	Expression	Threshold	Percent difference	Mean Accuracy	Minimum Accuracy	Maximum Accuracy	Sample 1 Accuracy	Sample 2 Accuracy	Sample 3 Accuracy	Sample 4 Accuracy	Sample 5 Accuracy
TH01_0134_S01	UQCRFS1	Down	3.27947129564	3.41684389114	4.188864091679488	99.46345770256039	98.73471109236608	99.91251093613297	99.84235417761428	99.78786593126856	99.91251093613297	99.03984637542007	98.73471109236608
