Sample	Gene	Type	Expression	Threshold	Percent difference	Mean Accuracy	Minimum Accuracy	Maximum Accuracy	Sample 1 Accuracy	Sample 2 Accuracy	Sample 3 Accuracy	Sample 4 Accuracy	Sample 5 Accuracy
TH01_0134_S01	RP11-403P17.4	Up	0.432959407276	0.222623795271	48.580908156804796	82.90313159060872	75.37058152793614	94.32799013563502	77.79156327543424	86.29776021080369	94.32799013563502	80.7277628032345	75.37058152793614
