Sample	Gene	Type	Expression	Threshold	Percent difference	Mean Accuracy	Minimum Accuracy	Maximum Accuracy	Sample 1 Accuracy	Sample 2 Accuracy	Sample 3 Accuracy	Sample 4 Accuracy	Sample 5 Accuracy
TH01_0134_S01	PGM1	Down	2.12763327973	2.5956094265	21.99515072585191	99.76300605796756	99.36908517350159	100	100	99.72527472527473	100	99.36908517350159	99.72067039106145
