Sample	Gene	Type	Expression	Threshold	Percent difference	Mean Accuracy	Minimum Accuracy	Maximum Accuracy	Sample 1 Accuracy	Sample 2 Accuracy	Sample 3 Accuracy	Sample 4 Accuracy	Sample 5 Accuracy
TH01_0134_S01	FGF16	Up	0.584962500721	0.176311850548	69.85929006890433	87.00006029983327	81.16883116883116	94.5945945945946	81.16883116883116	90.12345679012346	94.5945945945946	86.38036809815951	82.73305084745762
