Sample	Gene	Type	Expression	Threshold	Percent difference	Mean Accuracy	Minimum Accuracy	Maximum Accuracy	Sample 1 Accuracy	Sample 2 Accuracy	Sample 3 Accuracy	Sample 4 Accuracy	Sample 5 Accuracy
TH01_0134_S01	CDC37	Down	5.5734957155	5.59501886368	0.3861696371299562	65.75993286580052	57.30027548209367	78.37837837837837	57.38095238095238	78.37837837837837	73.54166666666667	57.30027548209367	62.19839142091153
