Sample	Gene	Type	Expression	Threshold	Percent difference	Mean Accuracy	Minimum Accuracy	Maximum Accuracy	Sample 1 Accuracy	Sample 2 Accuracy	Sample 3 Accuracy	Sample 4 Accuracy	Sample 5 Accuracy
TH01_0134_S01	NEU1	Down	2.748461233	2.81301522255	2.3487320386737944	55.47764104815502	48.60335195530726	64.83516483516483	48.69109947643979	64.83516483516483	63.52357320099256	51.73501577287066	48.60335195530726
