Sample	Gene	Type	Expression	Threshold	Percent difference	Mean Accuracy	Minimum Accuracy	Maximum Accuracy	Sample 1 Accuracy	Sample 2 Accuracy	Sample 3 Accuracy	Sample 4 Accuracy	Sample 5 Accuracy
TH01_0134_S01	CALM2	Down	6.85885132439	6.94976902008	1.3255527987127762	97.27710843245954	95.26627218934911	99.13294797687861	96.01990049751244	99.13294797687861	99.08256880733946	95.26627218934911	96.88385269121812
