Sample	Gene	Type	Expression	Threshold	Percent difference	Mean Accuracy	Minimum Accuracy	Maximum Accuracy	Sample 1 Accuracy	Sample 2 Accuracy	Sample 3 Accuracy	Sample 4 Accuracy	Sample 5 Accuracy
TH01_0134_S01	ABHD4	Down	1.98913900737	2.08058857918	4.5974449986234465	81.35743711966357	76.53631284916202	86.848635235732	79.05759162303664	85.16483516483517	86.848635235732	79.17981072555204	76.53631284916202
