Sample	Gene	Type	Expression	Threshold	Percent difference	Mean Accuracy	Minimum Accuracy	Maximum Accuracy	Sample 1 Accuracy	Sample 2 Accuracy	Sample 3 Accuracy	Sample 4 Accuracy	Sample 5 Accuracy
TH01_0134_S01	RP11-229D13.3	Up	0.765534746363	0.611703038216	20.094673543930337	64.0130901186897	54.0478905359179	77.80517879161529	57.07196029776674	70.2239789196311	77.80517879161529	60.91644204851752	54.0478905359179
