Sample	Gene	Type	Expression	Threshold	Percent difference	Mean Accuracy	Minimum Accuracy	Maximum Accuracy	Sample 1 Accuracy	Sample 2 Accuracy	Sample 3 Accuracy	Sample 4 Accuracy	Sample 5 Accuracy
TH01_0134_S01	SMG1P6	Up	0.887525270742	0.502415180206	43.39145072613375	84.33586523760306	78.00511508951406	92.0844327176781	82.07070707070707	84.44444444444444	92.0844327176781	85.07462686567165	78.00511508951406
