Sample	Gene	Type	Expression	Threshold	Percent difference	Mean Accuracy	Minimum Accuracy	Maximum Accuracy	Sample 1 Accuracy	Sample 2 Accuracy	Sample 3 Accuracy	Sample 4 Accuracy	Sample 5 Accuracy
TH01_0134_S01	RP11-1055B8.10	Up	0.6322682155	0.344080448151	45.57998651270175	76.8750901326563	67.24726775956285	90.08608719800056	69.05339805825243	83.82731958762886	90.08608719800056	74.1613780598368	67.24726775956285
