Sample	Gene	Type	Expression	Threshold	Percent difference	Mean Accuracy	Minimum Accuracy	Maximum Accuracy	Sample 1 Accuracy	Sample 2 Accuracy	Sample 3 Accuracy	Sample 4 Accuracy	Sample 5 Accuracy
TH01_0134_S01	FAM69C	Up	2.72027846523	1.53781688213	43.46840215860116	99.83848428715349	99.57264957264957	100	100	100	100	99.57264957264957	99.61977186311786
