Sample	Gene	Type	Expression	Threshold	Percent difference	Mean Accuracy	Minimum Accuracy	Maximum Accuracy	Sample 1 Accuracy	Sample 2 Accuracy	Sample 3 Accuracy	Sample 4 Accuracy	Sample 5 Accuracy
TH01_0134_S01	SMTN	Down	0.941106310946	1.13708257675	20.82403056111744	69.53272387975579	61.038961038961034	77.30627306273063	61.62162162162163	76.77165354330708	77.30627306273063	70.92511013215858	61.038961038961034
