Sample	Gene	Type	Expression	Threshold	Percent difference	Mean Accuracy	Minimum Accuracy	Maximum Accuracy	Sample 1 Accuracy	Sample 2 Accuracy	Sample 3 Accuracy	Sample 4 Accuracy	Sample 5 Accuracy
TH01_0134_S01	MAGED1	Down	3.56924802987	3.73465704918	4.634282009144227	99.34770816096234	98.09264305177112	100	99.77324263038548	99.56709956709958	100	98.09264305177112	99.30555555555556
