Sample	Gene	Type	Expression	Threshold	Percent difference	Mean Accuracy	Minimum Accuracy	Maximum Accuracy	Sample 1 Accuracy	Sample 2 Accuracy	Sample 3 Accuracy	Sample 4 Accuracy	Sample 5 Accuracy
TH01_0134_S01	ANO10	Down	2.18269229752	2.21389746666	1.4296641434734445	34.56452327267604	28.701594533029613	42.58474576271186	28.99543378995434	37.61261261261261	42.58474576271186	34.92822966507177	28.701594533029613
