Sample	Gene	Type	Expression	Threshold	Percent difference	Mean Accuracy	Minimum Accuracy	Maximum Accuracy	Sample 1 Accuracy	Sample 2 Accuracy	Sample 3 Accuracy	Sample 4 Accuracy	Sample 5 Accuracy
TH01_0134_S01	NDUFA2	Down	4.3909427728	4.84258174896	10.285694884426846	99.661969137296	99.19028340080972	100	99.19028340080972	99.52606635071089	100	99.59349593495935	100
