Sample	Gene	Type	Expression	Threshold	Percent difference	Mean Accuracy	Minimum Accuracy	Maximum Accuracy	Sample 1 Accuracy	Sample 2 Accuracy	Sample 3 Accuracy	Sample 4 Accuracy	Sample 5 Accuracy
TH01_0134_S01	MVB12A	Down	3.83086375675	3.86665081978	0.9341773892883277	56.16821816268085	46.875	68.22429906542055	48.717948717948715	63.77708978328174	68.22429906542055	53.246753246753244	46.875
