Sample	Gene	Type	Expression	Threshold	Percent difference	Mean Accuracy	Minimum Accuracy	Maximum Accuracy	Sample 1 Accuracy	Sample 2 Accuracy	Sample 3 Accuracy	Sample 4 Accuracy	Sample 5 Accuracy
TH01_0134_S01	IKZF3	Up	4.71314590249	4.29456329346	8.881172314416542	99.97236166812418	99.90398463754201	100	100	100	100	99.90398463754201	99.95782370307887
