Sample	Gene	Type	Expression	Threshold	Percent difference	Mean Accuracy	Minimum Accuracy	Maximum Accuracy	Sample 1 Accuracy	Sample 2 Accuracy	Sample 3 Accuracy	Sample 4 Accuracy	Sample 5 Accuracy
TH01_0134_S01	ARCN1	Down	4.50969584193	4.59285926819	1.8441027771045515	93.57154954556113	88.7389287220582	97.02537182852143	93.27377824487651	96.30886720407298	97.02537182852143	92.51080172827653	88.7389287220582
