Sample	Gene	Type	Expression	Threshold	Percent difference	Mean Accuracy	Minimum Accuracy	Maximum Accuracy	Sample 1 Accuracy	Sample 2 Accuracy	Sample 3 Accuracy	Sample 4 Accuracy	Sample 5 Accuracy
TH01_0134_S01	PPIF	Down	3.01613970266	3.05974626541	1.445773970998173	79.49771594462109	72.88135593220339	88.44133099824869	74.03846153846155	86.31790744466801	88.44133099824869	75.80952380952381	72.88135593220339
