Sample	Gene	Type	Expression	Threshold	Percent difference	Mean Accuracy	Minimum Accuracy	Maximum Accuracy	Sample 1 Accuracy	Sample 2 Accuracy	Sample 3 Accuracy	Sample 4 Accuracy	Sample 5 Accuracy
TH01_0134_S01	ZDHHC4	Down	2.86789646399	3.83186626434	33.61243379786673	99.71103847929419	99.06759906759906	100	100	99.74937343358395	100	99.73821989528795	99.06759906759906
