Sample	Gene	Type	Expression	Threshold	Percent difference	Mean Accuracy	Minimum Accuracy	Maximum Accuracy	Sample 1 Accuracy	Sample 2 Accuracy	Sample 3 Accuracy	Sample 4 Accuracy	Sample 5 Accuracy
TH02_0092_S01	ZFP37	Up	3.44757919655	3.36021327972	2.534123564657407	97.20774208403664	94.68578658793759	98.9501312335958	97.10982658959537	98.55748833262622	98.9501312335958	96.73547767642823	94.68578658793759
