Sample	Gene	Type	Expression	Threshold	Percent difference	Mean Accuracy	Minimum Accuracy	Maximum Accuracy	Sample 1 Accuracy	Sample 2 Accuracy	Sample 3 Accuracy	Sample 4 Accuracy	Sample 5 Accuracy
TH02_0092_S01	EIF1B	Up	7.51719694133	7.47986984253	0.49655608455291356	96.80005290537898	91.30434782608695	99.33333333333333	96.35036496350365	99.33333333333333	99.07407407407408	91.30434782608695	97.9381443298969
