Sample	Gene	Type	Expression	Threshold	Percent difference	Mean Accuracy	Minimum Accuracy	Maximum Accuracy	Sample 1 Accuracy	Sample 2 Accuracy	Sample 3 Accuracy	Sample 4 Accuracy	Sample 5 Accuracy
TH02_0092_S01	MYOZ2	Up	0.310340120612	0.289073914289	6.852548191662241	42.37989945353067	34.69387755102041	50	35.13513513513514	50	50	42.070484581497794	34.69387755102041
