Sample	Gene	Type	Expression	Threshold	Percent difference	Mean Accuracy	Minimum Accuracy	Maximum Accuracy	Sample 1 Accuracy	Sample 2 Accuracy	Sample 3 Accuracy	Sample 4 Accuracy	Sample 5 Accuracy
TH02_0092_S01	HCRTR2	Up	0.111031312389	0.071774750948	35.356297783335215	78.72495610654126	68.98517673888256	92.60172626387177	73.94540942928039	82.08168642951252	92.60172626387177	76.01078167115904	68.98517673888256
