Sample	Gene	Type	Expression	Threshold	Percent difference	Mean Accuracy	Minimum Accuracy	Maximum Accuracy	Sample 1 Accuracy	Sample 2 Accuracy	Sample 3 Accuracy	Sample 4 Accuracy	Sample 5 Accuracy
TH02_0092_S01	AP000345.1	Up	0.659924558402	0.210507676005	68.10125137413556	86.91024227109632	81.06060606060606	94.5945945945946	81.06060606060606	90.01122334455668	94.5945945945946	86.25766871165645	82.62711864406779
