Sample	Gene	Type	Expression	Threshold	Percent difference	Mean Accuracy	Minimum Accuracy	Maximum Accuracy	Sample 1 Accuracy	Sample 2 Accuracy	Sample 3 Accuracy	Sample 4 Accuracy	Sample 5 Accuracy
TH02_0092_S01	ALG2	Up	6.51159454154	6.29710245132	3.294002549631609	99.64836877217603	99.13793103448276	100	99.13793103448276	99.71181556195965	100	100	99.3920972644377
