Sample	Gene	Type	Expression	Threshold	Percent difference	Mean Accuracy	Minimum Accuracy	Maximum Accuracy	Sample 1 Accuracy	Sample 2 Accuracy	Sample 3 Accuracy	Sample 4 Accuracy	Sample 5 Accuracy
TH02_0092_S01	RP11-454H19.2	Up	0.454175893186	0.210507676005	53.65062761735129	93.49166916674794	90.06211180124224	97.06819630337795	92.36680327868852	94.6983546617916	97.06819630337795	93.26287978863937	90.06211180124224
