Sample	Gene	Type	Expression	Threshold	Percent difference	Mean Accuracy	Minimum Accuracy	Maximum Accuracy	Sample 1 Accuracy	Sample 2 Accuracy	Sample 3 Accuracy	Sample 4 Accuracy	Sample 5 Accuracy
TH02_0092_S01	BEST4	Up	1.62760683813	1.51421070099	6.967047230539018	88.97992101635211	85.42141230068337	95.50321199143468	85.67961165048543	91.3265306122449	95.50321199143468	86.96883852691218	85.42141230068337
