Sample	Gene	Type	Expression	Threshold	Percent difference	Mean Accuracy	Minimum Accuracy	Maximum Accuracy	Sample 1 Accuracy	Sample 2 Accuracy	Sample 3 Accuracy	Sample 4 Accuracy	Sample 5 Accuracy
TH02_0096_S01	SECISBP2	Down	2.04963076772	2.24735236168	9.646693300761896	97.78434087543941	96.40542133176193	98.82604055496265	97.82411604714414	98.67511520737328	98.82604055496265	97.19101123595506	96.40542133176193
