Sample	Gene	Type	Expression	Threshold	Percent difference	Mean Accuracy	Minimum Accuracy	Maximum Accuracy	Sample 1 Accuracy	Sample 2 Accuracy	Sample 3 Accuracy	Sample 4 Accuracy	Sample 5 Accuracy
TH02_0096_S01	LINC00657	Down	3.76765479824	3.96572589874	5.257145654440682	99.73502348100988	99.32517924926192	99.95625546806649	99.9474513925381	99.83029274501484	99.95625546806649	99.61593855016802	99.32517924926192
