Sample	Gene	Type	Expression	Threshold	Percent difference	Mean Accuracy	Minimum Accuracy	Maximum Accuracy	Sample 1 Accuracy	Sample 2 Accuracy	Sample 3 Accuracy	Sample 4 Accuracy	Sample 5 Accuracy
TH02_0096_S01	TCTN3	Down	2.13750352375	2.68220233917	25.482943507124116	99.82098696234094	99.69325153374233	100	99.69325153374233	99.70238095238095	99.70930232558139	100	100
