Sample	Gene	Type	Expression	Threshold	Percent difference	Mean Accuracy	Minimum Accuracy	Maximum Accuracy	Sample 1 Accuracy	Sample 2 Accuracy	Sample 3 Accuracy	Sample 4 Accuracy	Sample 5 Accuracy
TH02_0096_S01	RNASEH2B	Down	2.71149490665	2.84778690338	5.026452249485726	72.75891257684478	62.47086247086248	83.16633266533067	67.97235023041475	78.19548872180451	83.16633266533067	71.98952879581152	62.47086247086248
