Sample	Gene	Type	Expression	Threshold	Percent difference	Mean Accuracy	Minimum Accuracy	Maximum Accuracy	Sample 1 Accuracy	Sample 2 Accuracy	Sample 3 Accuracy	Sample 4 Accuracy	Sample 5 Accuracy
TH02_0096_S01	C2orf68	Down	2.13422093976	2.75831222534	29.242112377089747	99.9071080650028	99.76076555023924	100	100	99.77477477477478	100	99.76076555023924	100
