Sample	Gene	Type	Expression	Threshold	Percent difference	Mean Accuracy	Minimum Accuracy	Maximum Accuracy	Sample 1 Accuracy	Sample 2 Accuracy	Sample 3 Accuracy	Sample 4 Accuracy	Sample 5 Accuracy
TH02_0096_S01	NOP2	Down	2.12763327973	2.5128633976	18.10603930386379	99.56939450531723	99.34640522875817	100	99.38650306748467	99.40476190476191	99.70930232558139	100	99.34640522875817
