Sample	Gene	Type	Expression	Threshold	Percent difference	Mean Accuracy	Minimum Accuracy	Maximum Accuracy	Sample 1 Accuracy	Sample 2 Accuracy	Sample 3 Accuracy	Sample 4 Accuracy	Sample 5 Accuracy
TH02_0096_S01	GMCL1	Down	0.985500430305	1.3512570858	37.113799674527066	87.77940423682091	82.6651609260305	94.13639260675589	85.60450819672131	90.49360146252286	94.13639260675589	85.99735799207397	82.6651609260305
