Sample	Gene	Type	Expression	Threshold	Percent difference	Mean Accuracy	Minimum Accuracy	Maximum Accuracy	Sample 1 Accuracy	Sample 2 Accuracy	Sample 3 Accuracy	Sample 4 Accuracy	Sample 5 Accuracy
TH02_0096_S01	RP11-227G15.2	Up	0.226508529809	0.106960088015	52.77878139724251	72.57130572480891	61.04218362282878	86.13333333333333	61.04218362282878	77.6255707762557	86.13333333333333	72.86063569682152	65.1948051948052
