Sample	Gene	Type	Expression	Threshold	Percent difference	Mean Accuracy	Minimum Accuracy	Maximum Accuracy	Sample 1 Accuracy	Sample 2 Accuracy	Sample 3 Accuracy	Sample 4 Accuracy	Sample 5 Accuracy
TH02_0096_S01	MIS18BP1	Down	0.238786859587	0.769396066666	222.21038795716353	99.95605225545185	99.84631147540983	100	99.84631147540983	100	100	99.93394980184941	100
