Sample	Gene	Type	Expression	Threshold	Percent difference	Mean Accuracy	Minimum Accuracy	Maximum Accuracy	Sample 1 Accuracy	Sample 2 Accuracy	Sample 3 Accuracy	Sample 4 Accuracy	Sample 5 Accuracy
TH02_0096_S01	TAF2	Down	0.613531652918	1.35337746143	120.58804219688437	99.64579177313543	99.18032786885246	100	99.18032786885246	100	100	99.66974900924703	99.37888198757764
