Sample	Gene	Type	Expression	Threshold	Percent difference	Mean Accuracy	Minimum Accuracy	Maximum Accuracy	Sample 1 Accuracy	Sample 2 Accuracy	Sample 3 Accuracy	Sample 4 Accuracy	Sample 5 Accuracy
TH02_0096_S01	MAML1	Down	0.678071905113	1.62072455883	139.01957102321	99.67949361604423	99.2827868852459	100	99.2827868852459	100	100	99.73579920739762	99.37888198757764
