Sample	Gene	Type	Expression	Threshold	Percent difference	Mean Accuracy	Minimum Accuracy	Maximum Accuracy	Sample 1 Accuracy	Sample 2 Accuracy	Sample 3 Accuracy	Sample 4 Accuracy	Sample 5 Accuracy
TH02_0096_S01	MRPL19	Down	2.5484366247	2.55992674828	0.45086950441048707	10.931990961280848	7.972665148063782	12.711864406779661	10.273972602739725	11.26126126126126	12.711864406779661	12.440191387559809	7.972665148063782
