Sample	Gene	Type	Expression	Threshold	Percent difference	Mean Accuracy	Minimum Accuracy	Maximum Accuracy	Sample 1 Accuracy	Sample 2 Accuracy	Sample 3 Accuracy	Sample 4 Accuracy	Sample 5 Accuracy
TH02_0096_S01	ACTN2	Up	2.95977015521	2.65523862839	10.28902620306317	96.60697491966977	94.41340782122904	99.50372208436724	96.59685863874346	97.25274725274726	99.50372208436724	95.26813880126183	94.41340782122904
