Sample	Gene	Type	Expression	Threshold	Percent difference	Mean Accuracy	Minimum Accuracy	Maximum Accuracy	Sample 1 Accuracy	Sample 2 Accuracy	Sample 3 Accuracy	Sample 4 Accuracy	Sample 5 Accuracy
TH02_0096_S01	HAUS3	Down	0.66902676551	1.07153308392	60.162961956113804	94.02467164414884	91.02202145680407	97.25940089228808	92.98155737704919	95.00304692260816	97.25940089228808	93.85733157199472	91.02202145680407
