Sample	Gene	Type	Expression	Threshold	Percent difference	Mean Accuracy	Minimum Accuracy	Maximum Accuracy	Sample 1 Accuracy	Sample 2 Accuracy	Sample 3 Accuracy	Sample 4 Accuracy	Sample 5 Accuracy
TH02_0096_S01	CCT6A	Down	4.83895176695	5.06484174728	4.668159370234407	99.42430431938065	99.12472647702407	99.81447124304268	99.20159680638723	99.8003992015968	99.81447124304268	99.12472647702407	99.18032786885246
