Sample	Gene	Type	Expression	Threshold	Percent difference	Mean Accuracy	Minimum Accuracy	Maximum Accuracy	Sample 1 Accuracy	Sample 2 Accuracy	Sample 3 Accuracy	Sample 4 Accuracy	Sample 5 Accuracy
TH02_0096_S01	S100A11	Down	4.94626298433	5.32360506058	7.628831654229436	97.88309475962565	96.21212121212122	100	97.35099337748345	98.63013698630137	97.22222222222221	100	96.21212121212122
