Sample	Gene	Type	Expression	Threshold	Percent difference	Mean Accuracy	Minimum Accuracy	Maximum Accuracy	Sample 1 Accuracy	Sample 2 Accuracy	Sample 3 Accuracy	Sample 4 Accuracy	Sample 5 Accuracy
TH02_0096_S01	SDCBP	Down	4.19061486021	4.47793626785	6.856306704968855	99.91525271729382	99.78118161925602	100	100	100	100	99.78118161925602	99.79508196721312
