Sample	Gene	Type	Expression	Threshold	Percent difference	Mean Accuracy	Minimum Accuracy	Maximum Accuracy	Sample 1 Accuracy	Sample 2 Accuracy	Sample 3 Accuracy	Sample 4 Accuracy	Sample 5 Accuracy
TH02_0096_S01	SNX14	Down	3.47638168757	3.5644671917	2.533827181432771	85.4021049937944	76.51821862348179	92.6056338028169	76.51821862348179	90.52132701421802	92.6056338028169	84.5528455284553	82.8125
