Sample	Gene	Type	Expression	Threshold	Percent difference	Mean Accuracy	Minimum Accuracy	Maximum Accuracy	Sample 1 Accuracy	Sample 2 Accuracy	Sample 3 Accuracy	Sample 4 Accuracy	Sample 5 Accuracy
TH02_0096_S01	POLM	Down	1.76977173925	1.80726325512	2.1184379340291803	51.36984278459118	43.19371727748691	61.53846153846154	43.19371727748691	61.53846153846154	61.53846153846154	47.003154574132495	43.575418994413404
