Sample	Gene	Type	Expression	Threshold	Percent difference	Mean Accuracy	Minimum Accuracy	Maximum Accuracy	Sample 1 Accuracy	Sample 2 Accuracy	Sample 3 Accuracy	Sample 4 Accuracy	Sample 5 Accuracy
TH02_0096_S01	SMC1A	Down	0.963474123975	1.16337919235	20.74835881946189	76.87383077577348	69.73461321287408	86.10579987253027	72.95081967213115	81.53564899451554	86.10579987253027	74.04227212681637	69.73461321287408
