Sample	Gene	Type	Expression	Threshold	Percent difference	Mean Accuracy	Minimum Accuracy	Maximum Accuracy	Sample 1 Accuracy	Sample 2 Accuracy	Sample 3 Accuracy	Sample 4 Accuracy	Sample 5 Accuracy
TH02_0096_S01	SUPT4H1	Down	4.83693401132	4.90920734406	1.494197203659527	76.25039253336683	67.89772727272727	87.85046728971963	69.51566951566952	86.37770897832817	87.85046728971963	69.61038961038962	67.89772727272727
