Sample	Gene	Type	Expression	Threshold	Percent difference	Mean Accuracy	Minimum Accuracy	Maximum Accuracy	Sample 1 Accuracy	Sample 2 Accuracy	Sample 3 Accuracy	Sample 4 Accuracy	Sample 5 Accuracy
TH02_0096_S01	ERBB2IP	Down	1.79908730607	1.93032288551	7.294564249173464	95.80120063512949	92.69298762522098	97.75345622119815	95.7388939256573	97.75345622119815	97.38527214514407	95.43539325842697	92.69298762522098
