Sample	Gene	Type	Expression	Threshold	Percent difference	Mean Accuracy	Minimum Accuracy	Maximum Accuracy	Sample 1 Accuracy	Sample 2 Accuracy	Sample 3 Accuracy	Sample 4 Accuracy	Sample 5 Accuracy
TH02_0096_S01	SUCO	Down	1.464668267	1.50906705856	3.031320645113692	78.10516761524737	68.88626988803772	85.31105990783409	76.33726201269265	85.31105990783409	85.27214514407684	74.71910112359551	68.88626988803772
