Sample	Gene	Type	Expression	Threshold	Percent difference	Mean Accuracy	Minimum Accuracy	Maximum Accuracy	Sample 1 Accuracy	Sample 2 Accuracy	Sample 3 Accuracy	Sample 4 Accuracy	Sample 5 Accuracy
TH02_0096_S01	UBA5	Down	2.33628338786	2.59850144386	11.223726426449824	97.28926026149011	95.53072625698324	99.50372208436724	97.12041884816755	98.07692307692307	99.50372208436724	96.21451104100946	95.53072625698324
