Sample	Gene	Type	Expression	Threshold	Percent difference	Mean Accuracy	Minimum Accuracy	Maximum Accuracy	Sample 1 Accuracy	Sample 2 Accuracy	Sample 3 Accuracy	Sample 4 Accuracy	Sample 5 Accuracy
TH02_0096_S01	CNIH1	Down	4.32696871159	4.45045757294	2.8539346961125283	94.08031792867664	91.19318181818183	97.8328173374613	91.73789173789174	97.8328173374613	97.42990654205607	92.20779220779221	91.19318181818183
