Sample	Gene	Type	Expression	Threshold	Percent difference	Mean Accuracy	Minimum Accuracy	Maximum Accuracy	Sample 1 Accuracy	Sample 2 Accuracy	Sample 3 Accuracy	Sample 4 Accuracy	Sample 5 Accuracy
TH02_0096_S01	FSCN1P1	Up	0.516015147004	0.244370207191	52.64282286870433	84.41754496745449	76.81564245810057	93.7847866419295	76.81564245810057	88.14741035856574	93.7847866419295	83.6046511627907	79.73523421588594
