Sample	Gene	Type	Expression	Threshold	Percent difference	Mean Accuracy	Minimum Accuracy	Maximum Accuracy	Sample 1 Accuracy	Sample 2 Accuracy	Sample 3 Accuracy	Sample 4 Accuracy	Sample 5 Accuracy
TH02_0096_S01	DRD4	Up	1.92979099772	1.78348255157	7.58156952348	86.76197728602683	80.41958041958041	93.78757515030061	82.48847926267281	90.72681704260651	93.78757515030061	86.38743455497382	80.41958041958041
