Sample	Gene	Type	Expression	Threshold	Percent difference	Mean Accuracy	Minimum Accuracy	Maximum Accuracy	Sample 1 Accuracy	Sample 2 Accuracy	Sample 3 Accuracy	Sample 4 Accuracy	Sample 5 Accuracy
TH02_0096_S01	TOR3A	Down	2.58736499094	2.64394140244	2.1866420740061727	55.708376198198344	48.15950920245399	63.662790697674424	48.15950920245399	63.39285714285714	63.662790697674424	54.30711610486891	49.01960784313725
