Sample	Gene	Type	Expression	Threshold	Percent difference	Mean Accuracy	Minimum Accuracy	Maximum Accuracy	Sample 1 Accuracy	Sample 2 Accuracy	Sample 3 Accuracy	Sample 4 Accuracy	Sample 5 Accuracy
TH02_0096_S01	STARD3	Down	3.43429461796	3.5292429924	2.764712553881008	95.42824767571292	93.2806324110672	98.40637450199203	93.8388625592417	98.23788546255507	98.40637450199203	93.2806324110672	93.37748344370861
