Sample	Gene	Type	Expression	Threshold	Percent difference	Mean Accuracy	Minimum Accuracy	Maximum Accuracy	Sample 1 Accuracy	Sample 2 Accuracy	Sample 3 Accuracy	Sample 4 Accuracy	Sample 5 Accuracy
TH02_0096_S01	CAHM	Up	2.88557436437	2.48189210892	13.989667375567189	92.48970312949099	88.8	97.14964370546319	90.45307443365695	94.91869918699187	97.14964370546319	91.12709832134293	88.8
