Sample	Gene	Type	Expression	Threshold	Percent difference	Mean Accuracy	Minimum Accuracy	Maximum Accuracy	Sample 1 Accuracy	Sample 2 Accuracy	Sample 3 Accuracy	Sample 4 Accuracy	Sample 5 Accuracy
TH02_0096_S01	RP1-20B21.4	Up	4.08491465977	1.67276573181	59.050166989187844	92.73512435277141	88.88888888888889	98.21428571428571	88.88888888888889	98.21428571428571	93.93939393939394	90.47619047619048	92.15686274509804
