Sample	Gene	Type	Expression	Threshold	Percent difference	Mean Accuracy	Minimum Accuracy	Maximum Accuracy	Sample 1 Accuracy	Sample 2 Accuracy	Sample 3 Accuracy	Sample 4 Accuracy	Sample 5 Accuracy
TH02_0096_S01	GPR12	Up	0.454175893186	0.210507676005	53.65062761735129	90.50048475917019	87.38738738738738	94.8339483394834	87.38738738738738	93.30708661417323	94.8339483394834	88.10572687224669	88.86827458256029
