Sample	Gene	Type	Expression	Threshold	Percent difference	Mean Accuracy	Minimum Accuracy	Maximum Accuracy	Sample 1 Accuracy	Sample 2 Accuracy	Sample 3 Accuracy	Sample 4 Accuracy	Sample 5 Accuracy
TH02_0096_S01	ZMPSTE24	Down	1.92979099772	2.72452831268	41.18255893508479	99.83848428715349	99.57264957264957	100	100	100	100	99.57264957264957	99.61977186311786
