Sample	Gene	Type	Expression	Threshold	Percent difference	Mean Accuracy	Minimum Accuracy	Maximum Accuracy	Sample 1 Accuracy	Sample 2 Accuracy	Sample 3 Accuracy	Sample 4 Accuracy	Sample 5 Accuracy
TH02_0096_S01	THAP6	Down	0.941106310946	1.07263970375	13.976464855684863	50.85392116432635	38.13559322033898	67.22972972972973	42.64069264069264	59.14702581369248	67.22972972972973	47.11656441717791	38.13559322033898
