Sample	Gene	Type	Expression	Threshold	Percent difference	Mean Accuracy	Minimum Accuracy	Maximum Accuracy	Sample 1 Accuracy	Sample 2 Accuracy	Sample 3 Accuracy	Sample 4 Accuracy	Sample 5 Accuracy
TH02_0096_S01	FBXO4	Down	1.36176835942	1.46094870567	7.283202430422336	87.88019847938492	81.7351598173516	94.49152542372882	81.7351598173516	90.09009009009009	94.49152542372882	89.71291866028707	83.37129840546697
