Sample	Gene	Type	Expression	Threshold	Percent difference	Mean Accuracy	Minimum Accuracy	Maximum Accuracy	Sample 1 Accuracy	Sample 2 Accuracy	Sample 3 Accuracy	Sample 4 Accuracy	Sample 5 Accuracy
TH02_0096_S01	C19orf66	Down	2.16349873228	2.41502118111	11.62572665642072	96.54632557497435	94.76082004555809	99.14346895074947	95.14563106796116	98.21428571428571	99.14346895074947	95.46742209631728	94.76082004555809
