Sample	Gene	Type	Expression	Threshold	Percent difference	Mean Accuracy	Minimum Accuracy	Maximum Accuracy	Sample 1 Accuracy	Sample 2 Accuracy	Sample 3 Accuracy	Sample 4 Accuracy	Sample 5 Accuracy
TH02_0096_S01	VKORC1	Down	4.33270793364	4.44861936569	2.6752653034847014	93.18507647275261	89.48863636363636	97.21362229102168	90.5982905982906	97.21362229102168	97.19626168224299	91.42857142857143	89.48863636363636
