Sample	Gene	Type	Expression	Threshold	Percent difference	Mean Accuracy	Minimum Accuracy	Maximum Accuracy	Sample 1 Accuracy	Sample 2 Accuracy	Sample 3 Accuracy	Sample 4 Accuracy	Sample 5 Accuracy
TH02_0096_S01	PFDN1	Down	4.24716800037	4.48594522476	5.622033891035112	99.63008057292595	99.01185770750988	100	100	100	99.800796812749	99.01185770750988	99.33774834437085
