Sample	Gene	Type	Expression	Threshold	Percent difference	Mean Accuracy	Minimum Accuracy	Maximum Accuracy	Sample 1 Accuracy	Sample 2 Accuracy	Sample 3 Accuracy	Sample 4 Accuracy	Sample 5 Accuracy
TH02_0096_S01	SHISA8	Up	0.956056652412	0.666062772274	30.33229039371099	69.03292004739684	58.659217877094974	79.49907235621522	58.659217877094974	74.800796812749	79.49907235621522	69.88372093023256	62.32179226069247
