Sample	Gene	Type	Expression	Threshold	Percent difference	Mean Accuracy	Minimum Accuracy	Maximum Accuracy	Sample 1 Accuracy	Sample 2 Accuracy	Sample 3 Accuracy	Sample 4 Accuracy	Sample 5 Accuracy
TH02_0096_S01	ALKBH6	Down	1.95977015521	2.23179960251	13.88068118992509	94.66867326962782	91.37931034482759	97.8622327790974	92.76018099547511	97.8622327790974	97.5	93.841642228739	91.37931034482759
