Sample	Gene	Type	Expression	Threshold	Percent difference	Mean Accuracy	Minimum Accuracy	Maximum Accuracy	Sample 1 Accuracy	Sample 2 Accuracy	Sample 3 Accuracy	Sample 4 Accuracy	Sample 5 Accuracy
TH02_0096_S01	COX19	Down	0.823749360308	1.0306866169	25.12138601414223	81.40353179859282	74.6470920383964	89.67495219885278	78.32991803278688	85.43570993296771	89.67495219885278	78.92998678996037	74.6470920383964
