Sample	Gene	Type	Expression	Threshold	Percent difference	Mean Accuracy	Minimum Accuracy	Maximum Accuracy	Sample 1 Accuracy	Sample 2 Accuracy	Sample 3 Accuracy	Sample 4 Accuracy	Sample 5 Accuracy
TH02_0096_S01	SH3GL2	Up	2.71369581484	2.2339425087	17.678963998707644	99.44451121866923	99.01960784313727	100	99.38650306748467	99.10714285714286	99.70930232558139	100	99.01960784313727
