Sample	Gene	Type	Expression	Threshold	Percent difference	Mean Accuracy	Minimum Accuracy	Maximum Accuracy	Sample 1 Accuracy	Sample 2 Accuracy	Sample 3 Accuracy	Sample 4 Accuracy	Sample 5 Accuracy
TH02_0096_S01	LLNLF-158E9.1	Up	0.367371065649	0.071774750948	80.4626009886755	93.1614897996593	89.90990990990991	96.49446494464945	89.90990990990991	95.2755905511811	96.49446494464945	92.29074889867842	91.83673469387756
