Sample	Gene	Type	Expression	Threshold	Percent difference	Mean Accuracy	Minimum Accuracy	Maximum Accuracy	Sample 1 Accuracy	Sample 2 Accuracy	Sample 3 Accuracy	Sample 4 Accuracy	Sample 5 Accuracy
TH02_0096_S01	C14orf166	Down	5.91336815968	5.99141359329	1.3198135394672132	96.67477711598654	93.53448275862068	99.16666666666667	95.67099567099568	99.16666666666667	98.65470852017937	93.53448275862068	96.34703196347031
