Sample	Gene	Type	Expression	Threshold	Percent difference	Mean Accuracy	Minimum Accuracy	Maximum Accuracy	Sample 1 Accuracy	Sample 2 Accuracy	Sample 3 Accuracy	Sample 4 Accuracy	Sample 5 Accuracy
TH02_0096_S01	SLC31A1	Down	0.963474123975	1.46641302109	52.200560928406425	93.3878604417272	89.83625070581593	97.00446144040791	92.26434426229508	94.63741620962828	97.00446144040791	93.19682959048878	89.83625070581593
