Sample	Gene	Type	Expression	Threshold	Percent difference	Mean Accuracy	Minimum Accuracy	Maximum Accuracy	Sample 1 Accuracy	Sample 2 Accuracy	Sample 3 Accuracy	Sample 4 Accuracy	Sample 5 Accuracy
TH02_0096_S01	AL442127.1	Up	3.2110121934900002	1.96663606167	38.75339166705271	92.331083948731	88.88888888888889	98.21428571428571	88.88888888888889	98.21428571428571	91.91919191919192	90.47619047619048	92.15686274509804
