Sample	Gene	Type	Expression	Threshold	Percent difference	Mean Accuracy	Minimum Accuracy	Maximum Accuracy	Sample 1 Accuracy	Sample 2 Accuracy	Sample 3 Accuracy	Sample 4 Accuracy	Sample 5 Accuracy
TH02_0096_S01	TBCC	Down	2.33055840003	2.80167675018	20.21482706221545	99.63406455936342	99.31662870159454	100	99.54337899543378	99.54954954954955	100	99.76076555023924	99.31662870159454
