Sample	Gene	Type	Expression	Threshold	Percent difference	Mean Accuracy	Minimum Accuracy	Maximum Accuracy	Sample 1 Accuracy	Sample 2 Accuracy	Sample 3 Accuracy	Sample 4 Accuracy	Sample 5 Accuracy
TH02_0096_S01	NIM1K	Up	1.84799690655	1.62814581394	11.896724060022205	97.67503664326851	95.81005586592178	99.75186104218362	97.38219895287958	98.9010989010989	99.75186104218362	96.52996845425868	95.81005586592178
