Sample	Gene	Type	Expression	Threshold	Percent difference	Mean Accuracy	Minimum Accuracy	Maximum Accuracy	Sample 1 Accuracy	Sample 2 Accuracy	Sample 3 Accuracy	Sample 4 Accuracy	Sample 5 Accuracy
TH02_0096_S01	VAT1	Down	3.44625622989	3.55510950089	3.1585948269283084	98.43616968069347	94.80874316939891	100	99.09909909909909	99.5	100	98.77300613496932	94.80874316939891
