Sample	Gene	Type	Expression	Threshold	Percent difference	Mean Accuracy	Minimum Accuracy	Maximum Accuracy	Sample 1 Accuracy	Sample 2 Accuracy	Sample 3 Accuracy	Sample 4 Accuracy	Sample 5 Accuracy
TH02_0096_S01	GBA	Down	3.58255600301	3.60275197029	0.5637306789630516	36.974916675966995	29.545454545454547	44.626168224299064	33.33333333333333	43.343653250774	44.626168224299064	34.02597402597402	29.545454545454547
