Sample	Gene	Type	Expression	Threshold	Percent difference	Mean Accuracy	Minimum Accuracy	Maximum Accuracy	Sample 1 Accuracy	Sample 2 Accuracy	Sample 3 Accuracy	Sample 4 Accuracy	Sample 5 Accuracy
TH02_0096_S01	PPP3CB	Down	2.16349873228	2.5288233757	16.885826553501296	99.48831007112561	98.60627177700349	100	98.60627177700349	100	99.64285714285714	99.57264957264957	99.61977186311786
