Sample	Gene	Type	Expression	Threshold	Percent difference	Mean Accuracy	Minimum Accuracy	Maximum Accuracy	Sample 1 Accuracy	Sample 2 Accuracy	Sample 3 Accuracy	Sample 4 Accuracy	Sample 5 Accuracy
TH02_0096_S01	ENSA	Down	4.83945576522	5.17123174667	6.855646534356068	99.91525271729382	99.78118161925602	100	100	100	100	99.78118161925602	99.79508196721312
