Sample	Gene	Type	Expression	Threshold	Percent difference	Mean Accuracy	Minimum Accuracy	Maximum Accuracy	Sample 1 Accuracy	Sample 2 Accuracy	Sample 3 Accuracy	Sample 4 Accuracy	Sample 5 Accuracy
TH02_0096_S01	SLC35B1	Down	3.90207357931	4.350253582	11.485688149664538	99.87648356047492	99.77924944812362	100	100	100	99.800796812749	99.80237154150198	99.77924944812362
