Sample	Gene	Type	Expression	Threshold	Percent difference	Mean Accuracy	Minimum Accuracy	Maximum Accuracy	Sample 1 Accuracy	Sample 2 Accuracy	Sample 3 Accuracy	Sample 4 Accuracy	Sample 5 Accuracy
TH02_0096_S01	APOBEC3F	Down	0.263034405834	0.31666123867	20.38776359539964	56.8896809394725	45.63037249283667	70.82481254260395	45.63037249283667	64.50858034321372	70.82481254260395	55.46372819100092	48.020911127707244
