Sample	Gene	Type	Expression	Threshold	Percent difference	Mean Accuracy	Minimum Accuracy	Maximum Accuracy	Sample 1 Accuracy	Sample 2 Accuracy	Sample 3 Accuracy	Sample 4 Accuracy	Sample 5 Accuracy
TH02_0096_S01	DHX8	Down	2.49313492231	3.09340286255	24.07683334216928	99.81640091950113	99.54954954954955	100	99.77168949771689	99.54954954954955	100	99.76076555023924	100
