Sample	Gene	Type	Expression	Threshold	Percent difference	Mean Accuracy	Minimum Accuracy	Maximum Accuracy	Sample 1 Accuracy	Sample 2 Accuracy	Sample 3 Accuracy	Sample 4 Accuracy	Sample 5 Accuracy
TH02_0096_S01	WARS2	Down	0.903038270113	1.23298370838	36.53725973603675	81.863989104733	74.68030690537084	89.44591029023746	78.53535353535354	82.77777777777777	89.44591029023746	83.88059701492537	74.68030690537084
