Sample	Gene	Type	Expression	Threshold	Percent difference	Mean Accuracy	Minimum Accuracy	Maximum Accuracy	Sample 1 Accuracy	Sample 2 Accuracy	Sample 3 Accuracy	Sample 4 Accuracy	Sample 5 Accuracy
TH02_0096_S01	CPT1A	Down	1.31614574229	1.33906209469	1.741171335640017	58.6139590415565	47.55450795521509	68.67662753468517	55.12239347234814	66.58986175115207	68.67662753468517	55.12640449438202	47.55450795521509
