Sample	Gene	Type	Expression	Threshold	Percent difference	Mean Accuracy	Minimum Accuracy	Maximum Accuracy	Sample 1 Accuracy	Sample 2 Accuracy	Sample 3 Accuracy	Sample 4 Accuracy	Sample 5 Accuracy
TH02_0096_S01	RP11-629G13.1	Up	0.722466024471	0.535611569881	25.863424474087548	70.17547039191176	61.00342075256556	81.75092478421702	63.89578163771712	75.49407114624506	81.75092478421702	68.73315363881402	61.00342075256556
