Sample	Gene	Type	Expression	Threshold	Percent difference	Mean Accuracy	Minimum Accuracy	Maximum Accuracy	Sample 1 Accuracy	Sample 2 Accuracy	Sample 3 Accuracy	Sample 4 Accuracy	Sample 5 Accuracy
TH02_0096_S01	ATP5G3	Down	6.01346225981	6.17667102814	2.714056583023392	99.73752691821348	99.55156950672645	100	99.56709956709958	100	99.55156950672645	99.56896551724138	100
