Sample	Gene	Type	Expression	Threshold	Percent difference	Mean Accuracy	Minimum Accuracy	Maximum Accuracy	Sample 1 Accuracy	Sample 2 Accuracy	Sample 3 Accuracy	Sample 4 Accuracy	Sample 5 Accuracy
TH02_0096_S01	ZFC3H1	Down	1.22650852981	1.47534227371	20.287974999941262	99.82689475780508	99.64887640449437	99.94663820704376	99.77334542157752	99.94239631336406	99.94663820704376	99.64887640449437	99.82321744254567
