Sample	Gene	Type	Expression	Threshold	Percent difference	Mean Accuracy	Minimum Accuracy	Maximum Accuracy	Sample 1 Accuracy	Sample 2 Accuracy	Sample 3 Accuracy	Sample 4 Accuracy	Sample 5 Accuracy
TH02_0096_S01	TXNDC11	Down	2.84999925947	3.29291915894	15.541053142321438	97.07156905646133	94.87179487179486	98.79759519038076	96.08294930875576	98.74686716791979	98.79759519038076	96.8586387434555	94.87179487179486
