Sample	Gene	Type	Expression	Threshold	Percent difference	Mean Accuracy	Minimum Accuracy	Maximum Accuracy	Sample 1 Accuracy	Sample 2 Accuracy	Sample 3 Accuracy	Sample 4 Accuracy	Sample 5 Accuracy
TH02_0096_S01	UBLCP1	Down	1.9855004303	2.42068123817	21.917940748280078	99.49371699004635	99.02912621359224	100	99.02912621359224	99.74489795918367	100	99.15014164305948	99.54441913439635
