Sample	Gene	Type	Expression	Threshold	Percent difference	Mean Accuracy	Minimum Accuracy	Maximum Accuracy	Sample 1 Accuracy	Sample 2 Accuracy	Sample 3 Accuracy	Sample 4 Accuracy	Sample 5 Accuracy
TH02_0096_S01	CNPPD1	Down	3.48671437303	3.69840168953	6.071254879304637	99.91525271729382	99.78118161925602	100	100	100	100	99.78118161925602	99.79508196721312
