Sample	Gene	Type	Expression	Threshold	Percent difference	Mean Accuracy	Minimum Accuracy	Maximum Accuracy	Sample 1 Accuracy	Sample 2 Accuracy	Sample 3 Accuracy	Sample 4 Accuracy	Sample 5 Accuracy
TH02_0096_S01	SIKE1	Down	1.78240856493	2.28231978416	28.046948890734967	99.86144596454618	99.76076555023924	100	99.77168949771689	99.77477477477478	100	99.76076555023924	100
