Sample	Gene	Type	Expression	Threshold	Percent difference	Mean Accuracy	Minimum Accuracy	Maximum Accuracy	Sample 1 Accuracy	Sample 2 Accuracy	Sample 3 Accuracy	Sample 4 Accuracy	Sample 5 Accuracy
TH02_0096_S01	SEPT7	Down	4.39231742278	4.45878314972	1.5132268582249444	84.3236632858081	75.69444444444444	90.9090909090909	83.21995464852607	88.96103896103897	90.9090909090909	82.83378746594006	75.69444444444444
