Sample	Gene	Type	Expression	Threshold	Percent difference	Mean Accuracy	Minimum Accuracy	Maximum Accuracy	Sample 1 Accuracy	Sample 2 Accuracy	Sample 3 Accuracy	Sample 4 Accuracy	Sample 5 Accuracy
TH02_0096_S01	PCIF1	Down	3.26303440583	3.46122479439	6.07380627693956	99.91525271729382	99.78118161925602	100	100	100	100	99.78118161925602	99.79508196721312
