Sample	Gene	Type	Expression	Threshold	Percent difference	Mean Accuracy	Minimum Accuracy	Maximum Accuracy	Sample 1 Accuracy	Sample 2 Accuracy	Sample 3 Accuracy	Sample 4 Accuracy	Sample 5 Accuracy
TH02_0096_S01	MAGOH	Down	3.74631276643	4.02655220032	7.480406772258121	99.01704251786279	96.35627530364373	100	96.35627530364373	99.52606635071089	100	99.59349593495935	99.609375
