Sample	Gene	Type	Expression	Threshold	Percent difference	Mean Accuracy	Minimum Accuracy	Maximum Accuracy	Sample 1 Accuracy	Sample 2 Accuracy	Sample 3 Accuracy	Sample 4 Accuracy	Sample 5 Accuracy
TH02_0096_S01	BROX	Down	2.12763327973	2.36907196045	11.347758235415405	98.58397605053179	97.40718915733648	99.35965848452508	98.5494106980961	99.07834101382488	99.35965848452508	98.5252808988764	97.40718915733648
