Sample	Gene	Type	Expression	Threshold	Percent difference	Mean Accuracy	Minimum Accuracy	Maximum Accuracy	Sample 1 Accuracy	Sample 2 Accuracy	Sample 3 Accuracy	Sample 4 Accuracy	Sample 5 Accuracy
TH02_0096_S01	NCLN	Down	3.29572302454	3.40924596786	3.4445535160177774	97.25483691845342	95.44159544159544	99.38080495356037	95.44159544159544	99.38080495356037	99.06542056074767	96.36363636363636	96.02272727272727
