Sample	Gene	Type	Expression	Threshold	Percent difference	Mean Accuracy	Minimum Accuracy	Maximum Accuracy	Sample 1 Accuracy	Sample 2 Accuracy	Sample 3 Accuracy	Sample 4 Accuracy	Sample 5 Accuracy
TH02_0096_S01	POMP	Down	4.72137265948	4.84110546112	2.535974392946706	93.8664768811979	89.62472406181016	98.01762114537445	92.18009478672985	98.01762114537445	98.00796812749005	91.50197628458498	89.62472406181016
