Sample	Gene	Type	Expression	Threshold	Percent difference	Mean Accuracy	Minimum Accuracy	Maximum Accuracy	Sample 1 Accuracy	Sample 2 Accuracy	Sample 3 Accuracy	Sample 4 Accuracy	Sample 5 Accuracy
TH02_0096_S01	PIGO	Down	2.05311133646	2.3648993969	15.186125316398497	96.97482369655809	94.63869463869464	98.79759519038076	96.08294930875576	98.49624060150376	98.79759519038076	96.8586387434555	94.63869463869464
