Sample	Gene	Type	Expression	Threshold	Percent difference	Mean Accuracy	Minimum Accuracy	Maximum Accuracy	Sample 1 Accuracy	Sample 2 Accuracy	Sample 3 Accuracy	Sample 4 Accuracy	Sample 5 Accuracy
TH02_0096_S01	NAP1L4	Down	4.41751500289	4.50186109543	1.9093561082377604	90.80046604042964	86.50963597430406	96.13899613899613	89.33901918976545	94.39999999999999	96.13899613899613	87.61467889908256	86.50963597430406
