Sample	Gene	Type	Expression	Threshold	Percent difference	Mean Accuracy	Minimum Accuracy	Maximum Accuracy	Sample 1 Accuracy	Sample 2 Accuracy	Sample 3 Accuracy	Sample 4 Accuracy	Sample 5 Accuracy
TH02_0096_S01	CD58	Down	0.963474123975	1.06489896774	10.526991980495763	36.44446140073596	29.871060171919773	44.227769110764434	29.871060171919773	44.227769110764434	40.01363326516701	35.99632690541782	32.113517550410755
