Sample	Gene	Type	Expression	Threshold	Percent difference	Mean Accuracy	Minimum Accuracy	Maximum Accuracy	Sample 1 Accuracy	Sample 2 Accuracy	Sample 3 Accuracy	Sample 4 Accuracy	Sample 5 Accuracy
TH02_0096_S01	GTF3C4	Down	0.53605290024	0.632297277451	17.954268537286104	73.43220947655274	65.83850931677019	83.11026131293818	69.36475409836066	78.30591102985984	83.11026131293818	70.54161162483487	65.83850931677019
