Sample	Gene	Type	Expression	Threshold	Percent difference	Mean Accuracy	Minimum Accuracy	Maximum Accuracy	Sample 1 Accuracy	Sample 2 Accuracy	Sample 3 Accuracy	Sample 4 Accuracy	Sample 5 Accuracy
TH02_0096_S01	RP11-326I11.4	Up	0.68706068834	0.653314113617	4.911731277266752	23.45672343237986	18.26647564469914	30.577223088923557	18.26647564469914	30.577223088923557	25.766871165644172	22.95684113865932	19.716206123973116
