Sample	Gene	Type	Expression	Threshold	Percent difference	Mean Accuracy	Minimum Accuracy	Maximum Accuracy	Sample 1 Accuracy	Sample 2 Accuracy	Sample 3 Accuracy	Sample 4 Accuracy	Sample 5 Accuracy
TH02_0096_S01	PPP2R1B	Down	0.678071905113	1.09299063683	61.19096346394919	94.03596469892015	91.07848673066064	97.25940089228808	92.98155737704919	95.00304692260816	97.25940089228808	93.85733157199472	91.07848673066064
