Sample	Gene	Type	Expression	Threshold	Percent difference	Mean Accuracy	Minimum Accuracy	Maximum Accuracy	Sample 1 Accuracy	Sample 2 Accuracy	Sample 3 Accuracy	Sample 4 Accuracy	Sample 5 Accuracy
TH02_0096_S01	B3GNT2	Down	0.555816155062	1.2483150959	124.59136614349637	99.31799642544362	98.46547314578005	99.73614775725594	99.24242424242425	99.44444444444444	99.73614775725594	99.70149253731343	98.46547314578005
