Sample	Gene	Type	Expression	Threshold	Percent difference	Mean Accuracy	Minimum Accuracy	Maximum Accuracy	Sample 1 Accuracy	Sample 2 Accuracy	Sample 3 Accuracy	Sample 4 Accuracy	Sample 5 Accuracy
TH02_0096_S01	HMGB1P5	Down	2.50334873517	3.50262761116	39.917685536615416	99.57202527440515	99.1869918699187	100	99.35275080906149	99.1869918699187	100	99.52038369304557	99.8
