Sample	Gene	Type	Expression	Threshold	Percent difference	Mean Accuracy	Minimum Accuracy	Maximum Accuracy	Sample 1 Accuracy	Sample 2 Accuracy	Sample 3 Accuracy	Sample 4 Accuracy	Sample 5 Accuracy
TH02_0096_S01	ARFIP1	Down	0.985500430305	2.35344290733	138.80688784698336	99.4332534735365	98.46547314578005	100	99.24242424242425	99.72222222222223	99.73614775725594	100	98.46547314578005
