Sample	Gene	Type	Expression	Threshold	Percent difference	Mean Accuracy	Minimum Accuracy	Maximum Accuracy	Sample 1 Accuracy	Sample 2 Accuracy	Sample 3 Accuracy	Sample 4 Accuracy	Sample 5 Accuracy
TH02_0096_S01	C1orf43	Down	5.67976157352	5.6840968132	0.07632784622881383	16.262326773599014	13.672922252010725	20.416666666666668	14.523809523809526	18.64864864864865	20.416666666666668	14.049586776859504	13.672922252010725
