Sample	Gene	Type	Expression	Threshold	Percent difference	Mean Accuracy	Minimum Accuracy	Maximum Accuracy	Sample 1 Accuracy	Sample 2 Accuracy	Sample 3 Accuracy	Sample 4 Accuracy	Sample 5 Accuracy
TH02_0096_S01	SAT1	Down	5.48542682717	5.49787282944	0.22689213915594184	43.7565910756296	36.11111111111111	55.03875968992248	36.11111111111111	53.714285714285715	55.03875968992248	36.71641791044776	37.202380952380956
