Sample	Gene	Type	Expression	Threshold	Percent difference	Mean Accuracy	Minimum Accuracy	Maximum Accuracy	Sample 1 Accuracy	Sample 2 Accuracy	Sample 3 Accuracy	Sample 4 Accuracy	Sample 5 Accuracy
TH02_0096_S01	LONP2	Down	2.11436702495	2.41592621803	14.262386308598968	99.29560476243518	98.88037713612256	99.6264674493063	99.27470534904805	99.53917050691244	99.6264674493063	99.15730337078652	98.88037713612256
