Sample	Gene	Type	Expression	Threshold	Percent difference	Mean Accuracy	Minimum Accuracy	Maximum Accuracy	Sample 1 Accuracy	Sample 2 Accuracy	Sample 3 Accuracy	Sample 4 Accuracy	Sample 5 Accuracy
TH02_0096_S01	RP11-665G4.1	Up	0.53605290024	0.176311850548	67.10924416805464	84.47841812046757	78.68700878409615	93.48722176422093	79.5111111111111	88.51320055581287	93.48722176422093	82.19354838709677	78.68700878409615
