Sample	Gene	Type	Expression	Threshold	Percent difference	Mean Accuracy	Minimum Accuracy	Maximum Accuracy	Sample 1 Accuracy	Sample 2 Accuracy	Sample 3 Accuracy	Sample 4 Accuracy	Sample 5 Accuracy
TH02_0096_S01	OSTM1	Down	0.704871964456	1.52222907543	115.95823811843799	99.00757857625526	98.55855855855856	99.44649446494465	98.55855855855856	99.21259842519686	99.44649446494465	99.11894273127754	98.7012987012987
