Sample	Gene	Type	Expression	Threshold	Percent difference	Mean Accuracy	Minimum Accuracy	Maximum Accuracy	Sample 1 Accuracy	Sample 2 Accuracy	Sample 3 Accuracy	Sample 4 Accuracy	Sample 5 Accuracy
TH02_0096_S01	TRMT13	Down	0.659924558402	0.703049182892	6.53478097472623	49.19497132246904	41.38904573687182	58.63607393244104	44.72336065573771	56.24619134673979	58.63607393244104	44.98018494055482	41.38904573687182
