Sample	Gene	Type	Expression	Threshold	Percent difference	Mean Accuracy	Minimum Accuracy	Maximum Accuracy	Sample 1 Accuracy	Sample 2 Accuracy	Sample 3 Accuracy	Sample 4 Accuracy	Sample 5 Accuracy
TH02_0096_S01	GRID2	Up	0.263034405834	0.244370207191	7.095725208959512	50.7536323509955	42.857142857142854	60.54811982154238	46.41393442622951	57.647775746496045	60.54811982154238	46.30118890356671	42.857142857142854
