Sample	Gene	Type	Expression	Threshold	Percent difference	Mean Accuracy	Minimum Accuracy	Maximum Accuracy	Sample 1 Accuracy	Sample 2 Accuracy	Sample 3 Accuracy	Sample 4 Accuracy	Sample 5 Accuracy
TH02_0096_S01	UGGT1	Down	0.68706068834	1.74571979046	154.08523876949138	99.69998541932291	99.37888198757764	100	99.38524590163934	100	100	99.73579920739762	99.37888198757764
