Sample	Gene	Type	Expression	Threshold	Percent difference	Mean Accuracy	Minimum Accuracy	Maximum Accuracy	Sample 1 Accuracy	Sample 2 Accuracy	Sample 3 Accuracy	Sample 4 Accuracy	Sample 5 Accuracy
TH02_0096_S01	ORMDL2	Down	2.66220549965	3.42851352692	28.78470604056473	99.47645013006873	98.27586206896551	100	99.77375565610859	99.5249406175772	99.8076923076923	100	98.27586206896551
