Sample	Gene	Type	Expression	Threshold	Percent difference	Mean Accuracy	Minimum Accuracy	Maximum Accuracy	Sample 1 Accuracy	Sample 2 Accuracy	Sample 3 Accuracy	Sample 4 Accuracy	Sample 5 Accuracy
TH02_0096_S01	AP5S1	Down	1.58976348698	1.72512805462	8.514761393667806	92.95811996581597	89.56310679611651	97.85867237687366	89.56310679611651	96.1734693877551	97.85867237687366	91.21813031161473	89.97722095671982
