Sample	Gene	Type	Expression	Threshold	Percent difference	Mean Accuracy	Minimum Accuracy	Maximum Accuracy	Sample 1 Accuracy	Sample 2 Accuracy	Sample 3 Accuracy	Sample 4 Accuracy	Sample 5 Accuracy
TH02_0096_S01	FMR1	Down	1.80322703643	2.32871961594	29.141786857320064	99.83848428715349	99.57264957264957	100	100	100	100	99.57264957264957	99.61977186311786
