Sample	Gene	Type	Expression	Threshold	Percent difference	Mean Accuracy	Minimum Accuracy	Maximum Accuracy	Sample 1 Accuracy	Sample 2 Accuracy	Sample 3 Accuracy	Sample 4 Accuracy	Sample 5 Accuracy
TH02_0096_S01	EIF6	Down	5.26753579807	5.37333536148	2.008521013730257	99.58297796730633	98.51190476190477	100	100	100	100	99.40298507462687	98.51190476190477
