Sample	Gene	Type	Expression	Threshold	Percent difference	Mean Accuracy	Minimum Accuracy	Maximum Accuracy	Sample 1 Accuracy	Sample 2 Accuracy	Sample 3 Accuracy	Sample 4 Accuracy	Sample 5 Accuracy
TH02_0096_S01	GS1-72M22.1	Up	0.925999418556	0.746955513954	19.33520702218155	67.0746354557786	58.8126159554731	74.72324723247232	59.09909909909909	74.01574803149606	74.72324723247232	68.72246696035242	58.8126159554731
