Sample	Gene	Type	Expression	Threshold	Percent difference	Mean Accuracy	Minimum Accuracy	Maximum Accuracy	Sample 1 Accuracy	Sample 2 Accuracy	Sample 3 Accuracy	Sample 4 Accuracy	Sample 5 Accuracy
TH02_0096_S01	MBD2	Down	2.41142624573	3.12373209	29.53877795480188	99.70113321351917	99.27184466019418	100	99.27184466019418	99.74489795918367	100	99.71671388101983	99.77220956719817
