Sample	Gene	Type	Expression	Threshold	Percent difference	Mean Accuracy	Minimum Accuracy	Maximum Accuracy	Sample 1 Accuracy	Sample 2 Accuracy	Sample 3 Accuracy	Sample 4 Accuracy	Sample 5 Accuracy
TH02_0096_S01	COX7A2L	Down	4.97636363573	5.20481920242	4.590813361180089	98.68446783400054	97.72079772079772	100	97.72079772079772	100	99.53271028037383	98.44155844155844	97.72727272727273
