Sample	Gene	Type	Expression	Threshold	Percent difference	Mean Accuracy	Minimum Accuracy	Maximum Accuracy	Sample 1 Accuracy	Sample 2 Accuracy	Sample 3 Accuracy	Sample 4 Accuracy	Sample 5 Accuracy
TH02_0096_S01	XBP1	Down	2.96162332829	3.30879640579	11.722391371776936	95.8093458858778	93.84965831435079	98.30508474576271	94.52054794520548	95.72072072072072	98.30508474576271	96.65071770334929	93.84965831435079
