Sample	Gene	Type	Expression	Threshold	Percent difference	Mean Accuracy	Minimum Accuracy	Maximum Accuracy	Sample 1 Accuracy	Sample 2 Accuracy	Sample 3 Accuracy	Sample 4 Accuracy	Sample 5 Accuracy
TH02_0096_S01	SNX3	Down	5.43962313756	5.5304441452	1.6696194817778958	98.79277267595693	97.33727810650888	99.71098265895954	98.50746268656717	99.71098265895954	99.54128440366972	97.33727810650888	98.86685552407933
