Sample	Gene	Type	Expression	Threshold	Percent difference	Mean Accuracy	Minimum Accuracy	Maximum Accuracy	Sample 1 Accuracy	Sample 2 Accuracy	Sample 3 Accuracy	Sample 4 Accuracy	Sample 5 Accuracy
TH02_0096_S01	ZMIZ2	Down	2.77399632511	3.3187110424	19.63646138818874	99.79311127225671	99.57865168539325	99.94239631336406	99.72801450589301	99.94239631336406	99.89327641408752	99.57865168539325	99.82321744254567
