Sample	Gene	Type	Expression	Threshold	Percent difference	Mean Accuracy	Minimum Accuracy	Maximum Accuracy	Sample 1 Accuracy	Sample 2 Accuracy	Sample 3 Accuracy	Sample 4 Accuracy	Sample 5 Accuracy
TH02_0096_S01	SCOC	Down	2.88752527074	3.05739355087	5.882832675139403	85.09842348097293	80.18223234624145	93.14775160599572	80.58252427184466	88.01020408163265	93.14775160599572	83.56940509915015	80.18223234624145
