Sample	Gene	Type	Expression	Threshold	Percent difference	Mean Accuracy	Minimum Accuracy	Maximum Accuracy	Sample 1 Accuracy	Sample 2 Accuracy	Sample 3 Accuracy	Sample 4 Accuracy	Sample 5 Accuracy
TH02_0096_S01	ARFGAP2	Down	3.71259578045	4.03611660004	8.714140690823767	99.8840054980053	99.69325153374233	100	100	100	100	99.69325153374233	99.72677595628416
