Sample	Gene	Type	Expression	Threshold	Percent difference	Mean Accuracy	Minimum Accuracy	Maximum Accuracy	Sample 1 Accuracy	Sample 2 Accuracy	Sample 3 Accuracy	Sample 4 Accuracy	Sample 5 Accuracy
TH02_0096_S01	TRMT2B	Down	0.713695814843	1.05247533321	47.46833473326802	84.92949825055891	78.51662404092072	92.0844327176781	83.33333333333334	84.44444444444444	92.0844327176781	86.26865671641791	78.51662404092072
