Sample	Gene	Type	Expression	Threshold	Percent difference	Mean Accuracy	Minimum Accuracy	Maximum Accuracy	Sample 1 Accuracy	Sample 2 Accuracy	Sample 3 Accuracy	Sample 4 Accuracy	Sample 5 Accuracy
TH02_0096_S01	PRELID1	Down	5.49377540846	5.53276968002	0.70979005621438	84.90312903988085	79.1044776119403	93.9306358381503	79.1044776119403	93.9306358381503	89.6788990825688	81.06508875739645	80.73654390934844
