Sample	Gene	Type	Expression	Threshold	Percent difference	Mean Accuracy	Minimum Accuracy	Maximum Accuracy	Sample 1 Accuracy	Sample 2 Accuracy	Sample 3 Accuracy	Sample 4 Accuracy	Sample 5 Accuracy
TH02_0096_S01	SEPHS2	Down	2.3840498068	2.9521355629	23.82860267766451	99.82098696234094	99.69325153374233	100	99.69325153374233	99.70238095238095	99.70930232558139	100	100
