Sample	Gene	Type	Expression	Threshold	Percent difference	Mean Accuracy	Minimum Accuracy	Maximum Accuracy	Sample 1 Accuracy	Sample 2 Accuracy	Sample 3 Accuracy	Sample 4 Accuracy	Sample 5 Accuracy
TH02_0096_S01	TMEM11	Down	2.95977015521	3.21335339546	8.567666641398635	88.94584261939102	82.98368298368298	95.39078156312625	86.40552995391705	91.72932330827066	95.39078156312625	88.21989528795811	82.98368298368298
