Sample	Gene	Type	Expression	Threshold	Percent difference	Mean Accuracy	Minimum Accuracy	Maximum Accuracy	Sample 1 Accuracy	Sample 2 Accuracy	Sample 3 Accuracy	Sample 4 Accuracy	Sample 5 Accuracy
TH02_0096_S01	DPH6	Down	0.799087306074	1.2741382122	59.449186905492844	85.15095601882022	79.11255411255411	94.14414414414415	79.11255411255411	87.87878787878788	94.14414414414415	85.2760736196319	79.34322033898306
