Sample	Gene	Type	Expression	Threshold	Percent difference	Mean Accuracy	Minimum Accuracy	Maximum Accuracy	Sample 1 Accuracy	Sample 2 Accuracy	Sample 3 Accuracy	Sample 4 Accuracy	Sample 5 Accuracy
TH02_0096_S01	NPB	Up	1.57046293103	1.30470132828	16.922500843474115	95.13496930819473	92.4	98.45605700712589	94.8220064724919	96.95121951219512	98.45605700712589	93.04556354916068	92.4
