Sample	Gene	Type	Expression	Threshold	Percent difference	Mean Accuracy	Minimum Accuracy	Maximum Accuracy	Sample 1 Accuracy	Sample 2 Accuracy	Sample 3 Accuracy	Sample 4 Accuracy	Sample 5 Accuracy
TH02_0096_S01	INTS9	Down	1.75274859141	1.87491178513	6.969806983083955	90.958423921958385	87.43016759776536	95.28535980148884	90.57591623036649	92.85714285714286	95.28535980148884	88.64353312302839	87.43016759776536
