Sample	Gene	Type	Expression	Threshold	Percent difference	Mean Accuracy	Minimum Accuracy	Maximum Accuracy	Sample 1 Accuracy	Sample 2 Accuracy	Sample 3 Accuracy	Sample 4 Accuracy	Sample 5 Accuracy
TH02_0096_S01	MCM3AP	Down	3.09085343045	3.18346786499	2.996403311383028	98.30269101769986	96.54154365246731	99.60629921259843	98.47609038360483	99.19389053882054	99.60629921259843	97.69563130100816	96.54154365246731
