Sample	Gene	Type	Expression	Threshold	Percent difference	Mean Accuracy	Minimum Accuracy	Maximum Accuracy	Sample 1 Accuracy	Sample 2 Accuracy	Sample 3 Accuracy	Sample 4 Accuracy	Sample 5 Accuracy
TH02_0096_S01	NDST2	Down	1.79077203786	1.82958805561	2.167557730931828	52.21096529134262	43.97905759162304	62.362637362637365	43.97905759162304	62.362637362637365	62.03473945409429	48.26498422712934	44.41340782122905
