Sample	Gene	Type	Expression	Threshold	Percent difference	Mean Accuracy	Minimum Accuracy	Maximum Accuracy	Sample 1 Accuracy	Sample 2 Accuracy	Sample 3 Accuracy	Sample 4 Accuracy	Sample 5 Accuracy
TH02_0096_S01	PIGBOS1	Down	1.86789646399	2.25690841675	20.826205320236777	97.17990109323713	95.8	99.1686460807601	96.76375404530745	97.76422764227642	99.1686460807601	96.40287769784173	95.8
