Sample	Gene	Type	Expression	Threshold	Percent difference	Mean Accuracy	Minimum Accuracy	Maximum Accuracy	Sample 1 Accuracy	Sample 2 Accuracy	Sample 3 Accuracy	Sample 4 Accuracy	Sample 5 Accuracy
TH02_0096_S01	OLA1	Down	4.51538446064	4.58026123047	1.4367939296315024	79.68722423915564	74.17218543046357	88.10572687224669	74.40758293838863	88.10572687224669	86.45418326693228	75.29644268774703	74.17218543046357
