Sample	Gene	Type	Expression	Threshold	Percent difference	Mean Accuracy	Minimum Accuracy	Maximum Accuracy	Sample 1 Accuracy	Sample 2 Accuracy	Sample 3 Accuracy	Sample 4 Accuracy	Sample 5 Accuracy
TH02_0096_S01	PIBF1	Down	1.47508488295	1.51744008064	2.8713735853149225	47.50673737966902	36.65158371040724	60	36.65158371040724	57.71971496437055	60	42.52199413489736	40.64039408866995
