Sample	Gene	Type	Expression	Threshold	Percent difference	Mean Accuracy	Minimum Accuracy	Maximum Accuracy	Sample 1 Accuracy	Sample 2 Accuracy	Sample 3 Accuracy	Sample 4 Accuracy	Sample 5 Accuracy
TH02_0096_S01	PRKD2	Down	2.91456452349	3.15828084946	8.362015114291092	90.351331476063	85.61643835616438	95.12711864406779	85.61643835616438	91.8918918918919	95.12711864406779	92.10526315789474	87.01594533029613
