Sample	Gene	Type	Expression	Threshold	Percent difference	Mean Accuracy	Minimum Accuracy	Maximum Accuracy	Sample 1 Accuracy	Sample 2 Accuracy	Sample 3 Accuracy	Sample 4 Accuracy	Sample 5 Accuracy
TH02_0096_S01	PIAS4	Down	1.63691458036	1.95842409134	19.64119049567581	99.8021774553936	99.57865168539325	99.94239631336406	99.77334542157752	99.94239631336406	99.89327641408752	99.57865168539325	99.82321744254567
