Sample	Gene	Type	Expression	Threshold	Percent difference	Mean Accuracy	Minimum Accuracy	Maximum Accuracy	Sample 1 Accuracy	Sample 2 Accuracy	Sample 3 Accuracy	Sample 4 Accuracy	Sample 5 Accuracy
TH02_0096_S01	SNX5	Down	4.23342794375	4.46326160431	5.429020255306682	99.83328550417907	99.38524590163934	100	100	100	100	99.78118161925602	99.38524590163934
