Sample	Gene	Type	Expression	Threshold	Percent difference	Mean Accuracy	Minimum Accuracy	Maximum Accuracy	Sample 1 Accuracy	Sample 2 Accuracy	Sample 3 Accuracy	Sample 4 Accuracy	Sample 5 Accuracy
TH02_0096_S01	PDCL3	Down	2.50589092973	3.02612733841	20.760536801817356	99.01056539882721	97.9020979020979	99.79959919839679	98.38709677419355	99.74937343358395	99.79959919839679	99.21465968586386	97.9020979020979
