Sample	Gene	Type	Expression	Threshold	Percent difference	Mean Accuracy	Minimum Accuracy	Maximum Accuracy	Sample 1 Accuracy	Sample 2 Accuracy	Sample 3 Accuracy	Sample 4 Accuracy	Sample 5 Accuracy
TH02_0096_S01	TTI2	Down	1.35049724708	1.54796099663	14.62155883523269	98.68222794359957	97.76536312849163	100	98.95287958115183	98.9010989010989	100	97.79179810725552	97.76536312849163
