Sample	Gene	Type	Expression	Threshold	Percent difference	Mean Accuracy	Minimum Accuracy	Maximum Accuracy	Sample 1 Accuracy	Sample 2 Accuracy	Sample 3 Accuracy	Sample 4 Accuracy	Sample 5 Accuracy
TH02_0096_S01	HSD17B12	Down	2.62760683813	2.96623444557	12.887301194610698	98.18897691940839	96.64804469273743	99.75186104218362	98.1675392670157	98.9010989010989	99.75186104218362	97.47634069400631	96.64804469273743
