Sample	Gene	Type	Expression	Threshold	Percent difference	Mean Accuracy	Minimum Accuracy	Maximum Accuracy	Sample 1 Accuracy	Sample 2 Accuracy	Sample 3 Accuracy	Sample 4 Accuracy	Sample 5 Accuracy
TH02_0096_S01	NAA35	Down	1.20163386117	1.30941689014	8.96970636838201	96.15677742324667	93.79084967320262	98.54651162790698	95.39877300613497	97.91666666666666	98.54651162790698	95.13108614232209	93.79084967320262
