Sample	Gene	Type	Expression	Threshold	Percent difference	Mean Accuracy	Minimum Accuracy	Maximum Accuracy	Sample 1 Accuracy	Sample 2 Accuracy	Sample 3 Accuracy	Sample 4 Accuracy	Sample 5 Accuracy
TH02_0096_S01	RBM41	Down	0.584962500721	0.60696709156	3.7617096500849274	22.903247298384986	17.59776536312849	28.884462151394423	17.59776536312849	28.884462151394423	21.70686456400742	24.53488372093023	21.792260692464357
