Sample	Gene	Type	Expression	Threshold	Percent difference	Mean Accuracy	Minimum Accuracy	Maximum Accuracy	Sample 1 Accuracy	Sample 2 Accuracy	Sample 3 Accuracy	Sample 4 Accuracy	Sample 5 Accuracy
TH02_0096_S01	NDUFA9	Down	4.6501901235	4.73485326767	1.8206383378208628	83.80723465277225	76.42045454545455	91.82242990654206	79.2022792022792	91.3312693498452	91.82242990654206	80.25974025974027	76.42045454545455
