Sample	Gene	Type	Expression	Threshold	Percent difference	Mean Accuracy	Minimum Accuracy	Maximum Accuracy	Sample 1 Accuracy	Sample 2 Accuracy	Sample 3 Accuracy	Sample 4 Accuracy	Sample 5 Accuracy
TH02_0096_S01	GSK3B	Down	0.855989697308	2.00736737251	134.50835668033915	99.67949361604423	99.2827868852459	100	99.2827868852459	100	100	99.73579920739762	99.37888198757764
