Sample	Gene	Type	Expression	Threshold	Percent difference	Mean Accuracy	Minimum Accuracy	Maximum Accuracy	Sample 1 Accuracy	Sample 2 Accuracy	Sample 3 Accuracy	Sample 4 Accuracy	Sample 5 Accuracy
TH02_0096_S01	GEMIN6	Down	1.67807190511	1.9758387804	17.74458379186564	98.99479764111348	98.63325740318906	99.57627118644068	99.08675799086758	98.87387387387388	99.57627118644068	98.80382775119617	98.63325740318906
