Sample	Gene	Type	Expression	Threshold	Percent difference	Mean Accuracy	Minimum Accuracy	Maximum Accuracy	Sample 1 Accuracy	Sample 2 Accuracy	Sample 3 Accuracy	Sample 4 Accuracy	Sample 5 Accuracy
TH02_0096_S01	LINC00237	Up	2.16992500144	0.244026988745	88.75412797294564	99.95934959349593	99.79674796747967	100	100	99.79674796747967	100	100	100
