Sample	Gene	Type	Expression	Threshold	Percent difference	Mean Accuracy	Minimum Accuracy	Maximum Accuracy	Sample 1 Accuracy	Sample 2 Accuracy	Sample 3 Accuracy	Sample 4 Accuracy	Sample 5 Accuracy
TH02_0096_S01	IFNGR2	Down	3.65764000521	3.74209070206	2.3088848746652744	92.47255810818946	89.42307692307693	96.8476357267951	89.42307692307693	95.97585513078471	96.8476357267951	90.28571428571428	89.83050847457628
