Sample	Gene	Type	Expression	Threshold	Percent difference	Mean Accuracy	Minimum Accuracy	Maximum Accuracy	Sample 1 Accuracy	Sample 2 Accuracy	Sample 3 Accuracy	Sample 4 Accuracy	Sample 5 Accuracy
TH02_0096_S01	RPS27P25	Up	3.34198574723	1.43852698803	56.955920915511946	92.73512435277141	88.88888888888889	98.21428571428571	88.88888888888889	98.21428571428571	93.93939393939394	90.47619047619048	92.15686274509804
