Sample	Gene	Type	Expression	Threshold	Percent difference	Mean Accuracy	Minimum Accuracy	Maximum Accuracy	Sample 1 Accuracy	Sample 2 Accuracy	Sample 3 Accuracy	Sample 4 Accuracy	Sample 5 Accuracy
TH02_0096_S01	POLR2J4	Down	0.786596361891	0.971644759178	23.525203808741036	66.89277438495166	57.81071835803877	79.65474722564736	60.7940446650124	72.72727272727273	79.65474722564736	63.47708894878706	57.81071835803877
