Sample	Gene	Type	Expression	Threshold	Percent difference	Mean Accuracy	Minimum Accuracy	Maximum Accuracy	Sample 1 Accuracy	Sample 2 Accuracy	Sample 3 Accuracy	Sample 4 Accuracy	Sample 5 Accuracy
TH02_0096_S01	MED18	Down	1.58014548442	1.7797523737	12.632184267087704	97.4281716680538	96.11650485436894	99.57173447537473	96.11650485436894	98.72448979591837	99.57173447537473	96.60056657223795	96.12756264236903
