Sample	Gene	Type	Expression	Threshold	Percent difference	Mean Accuracy	Minimum Accuracy	Maximum Accuracy	Sample 1 Accuracy	Sample 2 Accuracy	Sample 3 Accuracy	Sample 4 Accuracy	Sample 5 Accuracy
TH02_0096_S01	RALA	Down	2.39231742278	2.73466157913	14.310147687349017	99.03820517689572	98.25783972125436	100	98.25783972125436	100	98.92857142857143	99.14529914529915	98.85931558935361
