Sample	Gene	Type	Expression	Threshold	Percent difference	Mean Accuracy	Minimum Accuracy	Maximum Accuracy	Sample 1 Accuracy	Sample 2 Accuracy	Sample 3 Accuracy	Sample 4 Accuracy	Sample 5 Accuracy
TH02_0096_S01	DNAJB14	Down	0.389566811763	0.996798276901	155.87351047435226	99.69998541932291	99.37888198757764	100	99.38524590163934	100	100	99.73579920739762	99.37888198757764
