Sample	Gene	Type	Expression	Threshold	Percent difference	Mean Accuracy	Minimum Accuracy	Maximum Accuracy	Sample 1 Accuracy	Sample 2 Accuracy	Sample 3 Accuracy	Sample 4 Accuracy	Sample 5 Accuracy
TH02_0096_S01	EOGT	Down	0.678071905113	0.806337952614	18.916289929402783	66.52785773864494	58.070500927643785	74.16974169741697	58.73873873873874	73.81889763779527	74.16974169741697	67.84140969162996	58.070500927643785
