Sample	Gene	Type	Expression	Threshold	Percent difference	Mean Accuracy	Minimum Accuracy	Maximum Accuracy	Sample 1 Accuracy	Sample 2 Accuracy	Sample 3 Accuracy	Sample 4 Accuracy	Sample 5 Accuracy
TH02_0096_S01	CCDC134	Down	0.238786859587	0.313304007053	31.20655282073857	69.39116156513188	59.12476722532588	79.68460111317253	59.12476722532588	75.199203187251	79.68460111317253	70.11627906976744	62.83095723014257
