Sample	Gene	Type	Expression	Threshold	Percent difference	Mean Accuracy	Minimum Accuracy	Maximum Accuracy	Sample 1 Accuracy	Sample 2 Accuracy	Sample 3 Accuracy	Sample 4 Accuracy	Sample 5 Accuracy
TH02_0096_S01	PIGB	Down	1.30451104181	1.53388154507	17.58287173573862	97.71548716041829	95.8128078817734	99.03846153846155	96.38009049773756	98.812351543943	99.03846153846155	98.53372434017595	95.8128078817734
