Sample	Gene	Type	Expression	Threshold	Percent difference	Mean Accuracy	Minimum Accuracy	Maximum Accuracy	Sample 1 Accuracy	Sample 2 Accuracy	Sample 3 Accuracy	Sample 4 Accuracy	Sample 5 Accuracy
TH02_0096_S01	LGMN	Down	3.56559717585	3.75590348244	5.337291264390605	99.12975865429136	98.57549857549857	100	98.57549857549857	100	99.53271028037383	98.96103896103897	98.57954545454545
