Sample	Gene	Type	Expression	Threshold	Percent difference	Mean Accuracy	Minimum Accuracy	Maximum Accuracy	Sample 1 Accuracy	Sample 2 Accuracy	Sample 3 Accuracy	Sample 4 Accuracy	Sample 5 Accuracy
TH02_0096_S01	POFUT2	Down	1.58014548442	1.85991072655	17.705030637270024	99.62768289342526	99.30313588850174	100	99.30313588850174	100	99.64285714285714	99.57264957264957	99.61977186311786
