Sample	Gene	Type	Expression	Threshold	Percent difference	Mean Accuracy	Minimum Accuracy	Maximum Accuracy	Sample 1 Accuracy	Sample 2 Accuracy	Sample 3 Accuracy	Sample 4 Accuracy	Sample 5 Accuracy
TH02_0096_S01	MAPKAPK2	Down	3.59096124134	3.762196064	4.768495429265673	99.39014214355157	97.81420765027322	100	100	99.75	100	99.38650306748467	97.81420765027322
