Sample	Gene	Type	Expression	Threshold	Percent difference	Mean Accuracy	Minimum Accuracy	Maximum Accuracy	Sample 1 Accuracy	Sample 2 Accuracy	Sample 3 Accuracy	Sample 4 Accuracy	Sample 5 Accuracy
TH02_0096_S01	SLC1A5	Down	1.09761079663	1.12595272064	2.5821469775095482	56.223514788807584	45.558086560364465	68.73661670235546	48.54368932038835	62.755102040816325	68.73661670235546	55.524079320113316	45.558086560364465
