Sample	Gene	Type	Expression	Threshold	Percent difference	Mean Accuracy	Minimum Accuracy	Maximum Accuracy	Sample 1 Accuracy	Sample 2 Accuracy	Sample 3 Accuracy	Sample 4 Accuracy	Sample 5 Accuracy
TH02_0096_S01	RP11-24J19.1	Up	1.344828497	0.746955513954	44.45719170732296	99.52076388060608	98.88475836431226	100	99.32975871313673	99.68	99.70930232558139	100	98.88475836431226
