Sample	Gene	Type	Expression	Threshold	Percent difference	Mean Accuracy	Minimum Accuracy	Maximum Accuracy	Sample 1 Accuracy	Sample 2 Accuracy	Sample 3 Accuracy	Sample 4 Accuracy	Sample 5 Accuracy
TH02_0096_S01	CCDC71L	Down	0.903038270113	1.18984353542	31.760034408188627	76.16347361962245	71.49460708782742	83.30827067669173	71.92474674384948	80.92307692307692	83.30827067669173	73.16666666666667	71.49460708782742
