Sample	Gene	Type	Expression	Threshold	Percent difference	Mean Accuracy	Minimum Accuracy	Maximum Accuracy	Sample 1 Accuracy	Sample 2 Accuracy	Sample 3 Accuracy	Sample 4 Accuracy	Sample 5 Accuracy
TH02_0096_S01	SLC30A10	Up	0.641546029088	0.6123457551	4.55154777117241	34.5620757047072	28.28282828282828	41.68865435356201	28.28282828282828	37.22222222222222	41.68865435356201	36.71641791044776	28.9002557544757
