Sample	Gene	Type	Expression	Threshold	Percent difference	Mean Accuracy	Minimum Accuracy	Maximum Accuracy	Sample 1 Accuracy	Sample 2 Accuracy	Sample 3 Accuracy	Sample 4 Accuracy	Sample 5 Accuracy
TH02_0096_S01	HDAC1	Down	3.54720302476	3.71571755409	4.7506310790147515	99.46806799552944	99.18032786885246	99.81447124304268	99.20159680638723	99.8003992015968	99.81447124304268	99.34354485776805	99.18032786885246
