Sample	Gene	Type	Expression	Threshold	Percent difference	Mean Accuracy	Minimum Accuracy	Maximum Accuracy	Sample 1 Accuracy	Sample 2 Accuracy	Sample 3 Accuracy	Sample 4 Accuracy	Sample 5 Accuracy
TH02_0096_S01	RP11-410L14.2	Up	5.33878094389	5.26054382324	1.465449162875634	92.5068301654376	86.72566371681415	95.23809523809523	92	94.23076923076923	95.23809523809523	86.72566371681415	94.33962264150944
