Sample	Gene	Type	Expression	Threshold	Percent difference	Mean Accuracy	Minimum Accuracy	Maximum Accuracy	Sample 1 Accuracy	Sample 2 Accuracy	Sample 3 Accuracy	Sample 4 Accuracy	Sample 5 Accuracy
TH02_0096_S01	BRAF	Down	0.765534746363	1.36055600643	77.72622508565455	95.30293485361483	93.05477131564088	98.02421924792861	94.4672131147541	95.85618525289458	98.02421924792861	95.112285336856	93.05477131564088
