Sample	Gene	Type	Expression	Threshold	Percent difference	Mean Accuracy	Minimum Accuracy	Maximum Accuracy	Sample 1 Accuracy	Sample 2 Accuracy	Sample 3 Accuracy	Sample 4 Accuracy	Sample 5 Accuracy
TH02_0096_S01	SNX12	Down	2.9909548604	3.43463945389	14.834212290006382	98.73809386538728	97.79179810725552	100	98.95287958115183	98.9010989010989	100	97.79179810725552	98.04469273743017
