Sample	Gene	Type	Expression	Threshold	Percent difference	Mean Accuracy	Minimum Accuracy	Maximum Accuracy	Sample 1 Accuracy	Sample 2 Accuracy	Sample 3 Accuracy	Sample 4 Accuracy	Sample 5 Accuracy
TH02_0096_S01	ENKUR	Up	2.53106949273	2.01279640198	20.476446507637874	98.9080840646016	97.9020979020979	99.79959919839679	98.38709677419355	99.49874686716792	99.79959919839679	98.95287958115183	97.9020979020979
