Sample	Gene	Type	Expression	Threshold	Percent difference	Mean Accuracy	Minimum Accuracy	Maximum Accuracy	Sample 1 Accuracy	Sample 2 Accuracy	Sample 3 Accuracy	Sample 4 Accuracy	Sample 5 Accuracy
TH02_0096_S01	DYNC1I2	Down	3.95605665241	4.08245229721	3.194990767460329	97.26678249809818	95.60185185185185	99.0909090909091	97.73242630385488	98.26839826839827	99.0909090909091	95.64032697547684	95.60185185185185
