Sample	Gene	Type	Expression	Threshold	Percent difference	Mean Accuracy	Minimum Accuracy	Maximum Accuracy	Sample 1 Accuracy	Sample 2 Accuracy	Sample 3 Accuracy	Sample 4 Accuracy	Sample 5 Accuracy
TH02_0096_S01	CCT4P2	Up	0.0840642647885	0.0358882322907	57.308575313193586	84.61478613516671	78.60169491525424	93.69369369369369	78.78787878787878	87.20538720538721	93.69369369369369	84.78527607361963	78.60169491525424
