Sample	Gene	Type	Expression	Threshold	Percent difference	Mean Accuracy	Minimum Accuracy	Maximum Accuracy	Sample 1 Accuracy	Sample 2 Accuracy	Sample 3 Accuracy	Sample 4 Accuracy	Sample 5 Accuracy
TH02_0096_S01	KIAA1191	Down	3.69153416492	3.81497097015	3.3437806536642176	98.27374142604229	97.64453961456103	98.64864864864865	98.08102345415777	98.6	98.64864864864865	98.39449541284404	97.64453961456103
