Sample	Gene	Type	Expression	Threshold	Percent difference	Mean Accuracy	Minimum Accuracy	Maximum Accuracy	Sample 1 Accuracy	Sample 2 Accuracy	Sample 3 Accuracy	Sample 4 Accuracy	Sample 5 Accuracy
TH02_0096_S01	TYW5	Down	0.613531652918	0.637364923954	3.884603332631208	33.75104365450208	26.90166975881262	43.110236220472444	27.927927927927925	43.110236220472444	35.79335793357934	35.02202643171806	26.90166975881262
