Sample	Gene	Type	Expression	Threshold	Percent difference	Mean Accuracy	Minimum Accuracy	Maximum Accuracy	Sample 1 Accuracy	Sample 2 Accuracy	Sample 3 Accuracy	Sample 4 Accuracy	Sample 5 Accuracy
TH02_0096_S01	SUGT1	Down	3.18110255075	3.44343733788	8.246662373966847	99.92423997847726	99.80952380952381	100	100	100	100	99.80952380952381	99.81167608286252
