Sample	Gene	Type	Expression	Threshold	Percent difference	Mean Accuracy	Minimum Accuracy	Maximum Accuracy	Sample 1 Accuracy	Sample 2 Accuracy	Sample 3 Accuracy	Sample 4 Accuracy	Sample 5 Accuracy
TH02_0096_S01	PTPN6	Down	2.28095631383	2.80638861656	23.035614472060452	99.03891182675645	97.78325123152709	99.61538461538461	99.09502262443439	99.2874109263658	99.61538461538461	99.41348973607037	97.78325123152709
