Sample	Gene	Type	Expression	Threshold	Percent difference	Mean Accuracy	Minimum Accuracy	Maximum Accuracy	Sample 1 Accuracy	Sample 2 Accuracy	Sample 3 Accuracy	Sample 4 Accuracy	Sample 5 Accuracy
TH02_0096_S01	TECR	Down	5.46532151358	5.52157020569	1.0291927377050962	93.89078224602348	89.72222222222223	98.96640826873386	89.72222222222223	96.85714285714285	98.96640826873386	93.13432835820895	90.77380952380952
