Sample	Gene	Type	Expression	Threshold	Percent difference	Mean Accuracy	Minimum Accuracy	Maximum Accuracy	Sample 1 Accuracy	Sample 2 Accuracy	Sample 3 Accuracy	Sample 4 Accuracy	Sample 5 Accuracy
TH02_0096_S01	MGST2	Down	2.93357263826	3.29395151138	12.284641205739938	90.31214337841307	85.6	96.08076009501187	87.37864077669903	93.29268292682927	96.08076009501187	89.20863309352518	85.6
