Sample	Gene	Type	Expression	Threshold	Percent difference	Mean Accuracy	Minimum Accuracy	Maximum Accuracy	Sample 1 Accuracy	Sample 2 Accuracy	Sample 3 Accuracy	Sample 4 Accuracy	Sample 5 Accuracy
TH02_0096_S01	AP1AR	Down	0.823749360308	1.29847753048	57.630171633092274	89.88743737106488	87.62626262626263	94.9868073878628	87.62626262626263	88.05555555555556	94.9868073878628	91.04477611940298	87.7237851662404
