Sample	Gene	Type	Expression	Threshold	Percent difference	Mean Accuracy	Minimum Accuracy	Maximum Accuracy	Sample 1 Accuracy	Sample 2 Accuracy	Sample 3 Accuracy	Sample 4 Accuracy	Sample 5 Accuracy
TH02_0096_S01	RBMX	Down	5.14852742516	5.20254707336	1.0492252199340464	94.9423324582174	92.81609195402298	97.29064039408867	92.81609195402298	96.82997118155619	97.29064039408867	94.76584022038568	93.00911854103343
