Sample	Gene	Type	Expression	Threshold	Percent difference	Mean Accuracy	Minimum Accuracy	Maximum Accuracy	Sample 1 Accuracy	Sample 2 Accuracy	Sample 3 Accuracy	Sample 4 Accuracy	Sample 5 Accuracy
TH02_0096_S01	ATXN3	Down	1.69153416492	1.77244746685	4.783426998285126	79.17905508855152	71.35922330097088	86.7237687366167	71.35922330097088	84.6938775510204	86.7237687366167	80.45325779036827	72.66514806378133
