Sample	Gene	Type	Expression	Threshold	Percent difference	Mean Accuracy	Minimum Accuracy	Maximum Accuracy	Sample 1 Accuracy	Sample 2 Accuracy	Sample 3 Accuracy	Sample 4 Accuracy	Sample 5 Accuracy
TH02_0096_S01	PDCD10	Down	3.11436702495	3.16389298439	1.5902415817800104	78.89174970723899	70.73863636363636	89.01869158878505	73.21937321937322	88.23529411764706	89.01869158878505	73.24675324675324	70.73863636363636
