Sample	Gene	Type	Expression	Threshold	Percent difference	Mean Accuracy	Minimum Accuracy	Maximum Accuracy	Sample 1 Accuracy	Sample 2 Accuracy	Sample 3 Accuracy	Sample 4 Accuracy	Sample 5 Accuracy
TH02_0096_S01	PEX3	Down	1.58976348698	1.8498749733	16.361646776409604	97.79617827480769	95.8041958041958	99.49874686716792	96.7741935483871	99.49874686716792	98.99799599198397	97.90575916230367	95.8041958041958
