Sample	Gene	Type	Expression	Threshold	Percent difference	Mean Accuracy	Minimum Accuracy	Maximum Accuracy	Sample 1 Accuracy	Sample 2 Accuracy	Sample 3 Accuracy	Sample 4 Accuracy	Sample 5 Accuracy
TH02_0096_S01	BIRC2	Down	2.83592407425	2.84355282784	0.2690041549161601	5.228062973242484	3.263403263403263	6.265664160401002	4.377880184331797	6.265664160401002	6.212424849699398	6.020942408376963	3.263403263403263
