Sample	Gene	Type	Expression	Threshold	Percent difference	Mean Accuracy	Minimum Accuracy	Maximum Accuracy	Sample 1 Accuracy	Sample 2 Accuracy	Sample 3 Accuracy	Sample 4 Accuracy	Sample 5 Accuracy
TH02_0096_S01	GTF2H2B	Down	0.17632277264	0.656122922897	272.114680975788	99.51682342889059	99.18533604887983	99.81447124304268	99.34823091247672	99.7011952191235	99.81447124304268	99.53488372093024	99.18533604887983
