Sample	Gene	Type	Expression	Threshold	Percent difference	Mean Accuracy	Minimum Accuracy	Maximum Accuracy	Sample 1 Accuracy	Sample 2 Accuracy	Sample 3 Accuracy	Sample 4 Accuracy	Sample 5 Accuracy
TH02_0096_S01	LRRC3B	Up	0.66902676551	0.6579002738	1.6630861848282212	19.97327058578835	14.9364406779661	26.576576576576578	16.666666666666664	24.017957351290683	26.576576576576578	17.66871165644172	14.9364406779661
