Sample	Gene	Type	Expression	Threshold	Percent difference	Mean Accuracy	Minimum Accuracy	Maximum Accuracy	Sample 1 Accuracy	Sample 2 Accuracy	Sample 3 Accuracy	Sample 4 Accuracy	Sample 5 Accuracy
TH02_0096_S01	SFXN4	Down	2.56071495447	2.77926015854	8.534538515835445	84.93626731612925	78.07881773399015	91.53846153846153	81.44796380090497	91.21140142517815	91.53846153846153	82.40469208211144	78.07881773399015
