Sample	Gene	Type	Expression	Threshold	Percent difference	Mean Accuracy	Minimum Accuracy	Maximum Accuracy	Sample 1 Accuracy	Sample 2 Accuracy	Sample 3 Accuracy	Sample 4 Accuracy	Sample 5 Accuracy
TH02_0096_S01	MYCBP2	Down	1.89530262133	2.35888266563	24.45942083774937	99.88104259556245	99.6845425867508	100	100	100	100	99.6845425867508	99.72067039106145
