Sample	Gene	Type	Expression	Threshold	Percent difference	Mean Accuracy	Minimum Accuracy	Maximum Accuracy	Sample 1 Accuracy	Sample 2 Accuracy	Sample 3 Accuracy	Sample 4 Accuracy	Sample 5 Accuracy
TH02_0096_S01	DAZAP2	Down	5.84348142543	5.84979391098	0.10802610790424688	21.3731563602138	15.864022662889518	32.65895953757225	18.90547263681592	32.65895953757225	23.165137614678898	16.272189349112427	15.864022662889518
