Sample	Gene	Type	Expression	Threshold	Percent difference	Mean Accuracy	Minimum Accuracy	Maximum Accuracy	Sample 1 Accuracy	Sample 2 Accuracy	Sample 3 Accuracy	Sample 4 Accuracy	Sample 5 Accuracy
TH02_0096_S01	AP2M1	Down	6.12660123516	6.28814411163	2.63674540368191	99.8496176116515	99.72451790633609	100	100	100	99.79166666666667	99.72451790633609	99.73190348525469
