Sample	Gene	Type	Expression	Threshold	Percent difference	Mean Accuracy	Minimum Accuracy	Maximum Accuracy	Sample 1 Accuracy	Sample 2 Accuracy	Sample 3 Accuracy	Sample 4 Accuracy	Sample 5 Accuracy
TH02_0096_S01	B4GALT7	Down	3.04614178164	3.1633450985	3.8475988729880903	98.4085376431986	97.23320158102767	99.77973568281938	97.39336492890996	99.77973568281938	99.40239043824701	97.23320158102767	98.23399558498896
