Sample	Gene	Type	Expression	Threshold	Percent difference	Mean Accuracy	Minimum Accuracy	Maximum Accuracy	Sample 1 Accuracy	Sample 2 Accuracy	Sample 3 Accuracy	Sample 4 Accuracy	Sample 5 Accuracy
TH02_0096_S01	DBR1	Down	0.807354922058	1.58280360699	96.04805318524981	93.34380941055032	90.45045045045045	96.49446494464945	90.45045045045045	95.2755905511811	96.49446494464945	92.29074889867842	92.20779220779221
