Sample	Gene	Type	Expression	Threshold	Percent difference	Mean Accuracy	Minimum Accuracy	Maximum Accuracy	Sample 1 Accuracy	Sample 2 Accuracy	Sample 3 Accuracy	Sample 4 Accuracy	Sample 5 Accuracy
TH02_0096_S01	SLC35C1	Down	0.790772037862	1.26582491398	60.07456679960437	94.01146160451873	91.02202145680407	97.25940089228808	92.98155737704919	95.00304692260816	97.25940089228808	93.79128137384413	91.02202145680407
