Sample	Gene	Type	Expression	Threshold	Percent difference	Mean Accuracy	Minimum Accuracy	Maximum Accuracy	Sample 1 Accuracy	Sample 2 Accuracy	Sample 3 Accuracy	Sample 4 Accuracy	Sample 5 Accuracy
TH02_0096_S01	TM2D1	Down	3.06695024392	3.14843654633	2.6569163478129654	87.15572912480778	78.13765182186235	93.30985915492957	78.13765182186235	90.99526066350711	93.30985915492957	87.39837398373984	85.9375
