Sample	Gene	Type	Expression	Threshold	Percent difference	Mean Accuracy	Minimum Accuracy	Maximum Accuracy	Sample 1 Accuracy	Sample 2 Accuracy	Sample 3 Accuracy	Sample 4 Accuracy	Sample 5 Accuracy
TH02_0096_S01	RDH11	Down	3.0285691522	3.16417360306	4.477508818363784	99.2569021415849	98.09264305177112	99.77272727272727	99.54648526077098	99.56709956709958	99.77272727272727	98.09264305177112	99.30555555555556
