Sample	Gene	Type	Expression	Threshold	Percent difference	Mean Accuracy	Minimum Accuracy	Maximum Accuracy	Sample 1 Accuracy	Sample 2 Accuracy	Sample 3 Accuracy	Sample 4 Accuracy	Sample 5 Accuracy
TH02_0096_S01	RBMX2	Down	2.93168305706	3.00673341751	2.5599752425237745	45.981611717027654	34.96503496503497	58.91783567134269	40.32258064516129	55.388471177944865	58.91783567134269	40.31413612565445	34.96503496503497
