Sample	Gene	Type	Expression	Threshold	Percent difference	Mean Accuracy	Minimum Accuracy	Maximum Accuracy	Sample 1 Accuracy	Sample 2 Accuracy	Sample 3 Accuracy	Sample 4 Accuracy	Sample 5 Accuracy
TH02_0096_S01	LINC00643	Up	0.454175893186	0.277918636799	38.808148788032845	79.94520778347027	71.60775370581528	92.84833538840938	75.18610421836229	83.399209486166	92.84833538840938	76.68463611859838	71.60775370581528
