Sample	Gene	Type	Expression	Threshold	Percent difference	Mean Accuracy	Minimum Accuracy	Maximum Accuracy	Sample 1 Accuracy	Sample 2 Accuracy	Sample 3 Accuracy	Sample 4 Accuracy	Sample 5 Accuracy
TH02_0096_S01	CNDP1	Up	1.0071955014	0.964658737183	4.223287748790975	77.81552559910553	72.62569832402235	83.62282878411911	74.3455497382199	82.14285714285714	83.62282878411911	76.34069400630915	72.62569832402235
