Sample	Gene	Type	Expression	Threshold	Percent difference	Mean Accuracy	Minimum Accuracy	Maximum Accuracy	Sample 1 Accuracy	Sample 2 Accuracy	Sample 3 Accuracy	Sample 4 Accuracy	Sample 5 Accuracy
TH02_0096_S01	FGFBP3	Up	2.87970576628	2.75458407402	4.344947102760157	80.53193322072799	74.84662576687117	87.20238095238095	74.84662576687117	87.20238095238095	86.04651162790698	79.40074906367042	75.16339869281046
