Sample	Gene	Type	Expression	Threshold	Percent difference	Mean Accuracy	Minimum Accuracy	Maximum Accuracy	Sample 1 Accuracy	Sample 2 Accuracy	Sample 3 Accuracy	Sample 4 Accuracy	Sample 5 Accuracy
TH02_0096_S01	AKIRIN2	Down	2.91838623445	2.94077205658	0.7670616680461159	18.40998979824838	13.66742596810934	22.88135593220339	16.894977168949772	17.792792792792792	22.88135593220339	20.813397129186605	13.66742596810934
