Sample	Gene	Type	Expression	Threshold	Percent difference	Mean Accuracy	Minimum Accuracy	Maximum Accuracy	Sample 1 Accuracy	Sample 2 Accuracy	Sample 3 Accuracy	Sample 4 Accuracy	Sample 5 Accuracy
TH02_0096_S01	SNRNP40	Down	2.90110824301	3.06928443909	5.796963849425746	78.58838750474145	68.997668997669	88.17635270541082	73.50230414746544	83.20802005012531	88.17635270541082	79.05759162303664	68.997668997669
