Sample	Gene	Type	Expression	Threshold	Percent difference	Mean Accuracy	Minimum Accuracy	Maximum Accuracy	Sample 1 Accuracy	Sample 2 Accuracy	Sample 3 Accuracy	Sample 4 Accuracy	Sample 5 Accuracy
TH02_0096_S01	DCAF11	Down	2.85798099513	3.33023118973	16.52390955029842	99.66642166780817	99.46965232763701	99.88479262672811	99.68268359020853	99.88479262672811	99.78655282817502	99.50842696629213	99.46965232763701
