Sample	Gene	Type	Expression	Threshold	Percent difference	Mean Accuracy	Minimum Accuracy	Maximum Accuracy	Sample 1 Accuracy	Sample 2 Accuracy	Sample 3 Accuracy	Sample 4 Accuracy	Sample 5 Accuracy
TH02_0096_S01	ATP2B1	Down	1.03562390973	1.06444108486	2.7825907512615413	75.28261095460161	65.40954625810254	83.45784418356456	72.80145058930191	82.83410138248848	83.45784418356456	71.91011235955057	65.40954625810254
