Sample	Gene	Type	Expression	Threshold	Percent difference	Mean Accuracy	Minimum Accuracy	Maximum Accuracy	Sample 1 Accuracy	Sample 2 Accuracy	Sample 3 Accuracy	Sample 4 Accuracy	Sample 5 Accuracy
TH02_0096_S01	HLA-B	Down	6.17712050285	6.20806646347	0.5009771236569158	74.52030182298081	67.66169154228857	85.83815028901735	67.66169154228857	85.83815028901735	79.35779816513761	68.63905325443787	71.10481586402267
