Sample	Gene	Type	Expression	Threshold	Percent difference	Mean Accuracy	Minimum Accuracy	Maximum Accuracy	Sample 1 Accuracy	Sample 2 Accuracy	Sample 3 Accuracy	Sample 4 Accuracy	Sample 5 Accuracy
TH02_0096_S01	AACS	Down	1.43295940728	1.48274350166	3.474215258790793	75.3051606051235	66.53992395437263	83.21428571428572	70.73170731707317	82.96296296296296	83.21428571428572	73.07692307692307	66.53992395437263
