Sample	Gene	Type	Expression	Threshold	Percent difference	Mean Accuracy	Minimum Accuracy	Maximum Accuracy	Sample 1 Accuracy	Sample 2 Accuracy	Sample 3 Accuracy	Sample 4 Accuracy	Sample 5 Accuracy
TH02_0076_S01	APOBEC4	Up	0.286881147788	0.106610842049	62.8379756317123	91.0406456432848	88.10810810810811	95.20295202952029	88.10810810810811	93.7007874015748	95.20295202952029	88.76651982378854	89.42486085343229
