Sample	Gene	Type	Expression	Threshold	Percent difference	Mean Accuracy	Minimum Accuracy	Maximum Accuracy	Sample 1 Accuracy	Sample 2 Accuracy	Sample 3 Accuracy	Sample 4 Accuracy	Sample 5 Accuracy
TH02_0076_S01	CCDC160	Up	3.5210507369	3.2909681797	6.53448570873389	99.88657519504977	99.62335216572504	100	100	100	100	99.80952380952381	99.62335216572504
