Sample	Gene	Type	Expression	Threshold	Percent difference	Mean Accuracy	Minimum Accuracy	Maximum Accuracy	Sample 1 Accuracy	Sample 2 Accuracy	Sample 3 Accuracy	Sample 4 Accuracy	Sample 5 Accuracy
TH02_0076_S01	ITGB3BP	Down	1.86789646399	2.08747291565	11.755279582839629	92.0332903634627	86.69950738916256	96.19952494061758	90.49773755656109	96.19952494061758	96.15384615384616	90.6158357771261	86.69950738916256
