Sample	Gene	Type	Expression	Threshold	Percent difference	Mean Accuracy	Minimum Accuracy	Maximum Accuracy	Sample 1 Accuracy	Sample 2 Accuracy	Sample 3 Accuracy	Sample 4 Accuracy	Sample 5 Accuracy
TH02_0076_S01	NPEPL1	Down	1.99638874645	2.26225972176	13.317595372282806	98.2413329403508	96.64804469273743	99.75186104218362	98.42931937172776	98.9010989010989	99.75186104218362	97.47634069400631	96.64804469273743
