Sample	Gene	Type	Expression	Threshold	Percent difference	Mean Accuracy	Minimum Accuracy	Maximum Accuracy	Sample 1 Accuracy	Sample 2 Accuracy	Sample 3 Accuracy	Sample 4 Accuracy	Sample 5 Accuracy
TH02_0076_S01	AL603831.1	Up	3.30597052098	2.16993951797	34.36301067419205	90.91184958832018	85.71428571428571	98.21428571428571	85.71428571428571	98.21428571428571	91.91919191919192	90.47619047619048	88.23529411764706
