Sample	Gene	Type	Expression	Threshold	Percent difference	Mean Accuracy	Minimum Accuracy	Maximum Accuracy	Sample 1 Accuracy	Sample 2 Accuracy	Sample 3 Accuracy	Sample 4 Accuracy	Sample 5 Accuracy
TH02_0076_S01	ADAMTS3	Up	2.22032995488	1.8353767395	17.337658059961864	99.72423604172056	99.50842696629213	99.88479262672811	99.68268359020853	99.88479262672811	99.83991462113127	99.50842696629213	99.70536240424278
