Sample	Gene	Type	Expression	Threshold	Percent difference	Mean Accuracy	Minimum Accuracy	Maximum Accuracy	Sample 1 Accuracy	Sample 2 Accuracy	Sample 3 Accuracy	Sample 4 Accuracy	Sample 5 Accuracy
TH02_0076_S01	ZNF672	Down	1.87184364851	2.54814553261	36.130255036970674	99.83848428715349	99.57264957264957	100	100	100	100	99.57264957264957	99.61977186311786
