Sample	Gene	Type	Expression	Threshold	Percent difference	Mean Accuracy	Minimum Accuracy	Maximum Accuracy	Sample 1 Accuracy	Sample 2 Accuracy	Sample 3 Accuracy	Sample 4 Accuracy	Sample 5 Accuracy
TH02_0076_S01	PHC2	Down	3.81557542886	3.95101451874	3.549637332696266	98.17265380266548	97.00272479564033	99.31818181818181	98.1859410430839	99.13419913419914	99.31818181818181	97.00272479564033	97.22222222222221
