Sample	Gene	Type	Expression	Threshold	Percent difference	Mean Accuracy	Minimum Accuracy	Maximum Accuracy	Sample 1 Accuracy	Sample 2 Accuracy	Sample 3 Accuracy	Sample 4 Accuracy	Sample 5 Accuracy
TH02_0076_S01	TCF25	Down	4.64616265716	4.72616577148	1.7219180692417397	85.76259977318163	80.33175355450237	92.07048458149781	80.33175355450237	92.07048458149781	92.03187250996015	81.81818181818183	82.560706401766
