Sample	Gene	Type	Expression	Threshold	Percent difference	Mean Accuracy	Minimum Accuracy	Maximum Accuracy	Sample 1 Accuracy	Sample 2 Accuracy	Sample 3 Accuracy	Sample 4 Accuracy	Sample 5 Accuracy
TH02_0076_S01	SLMAP	Up	6.31632679206	6.30149459839	0.23482308877123284	47.483142699707244	40.625	57.67790262172284	42.5531914893617	57.67790262172284	53.50877192982456	43.050847457627114	40.625
