Sample	Gene	Type	Expression	Threshold	Percent difference	Mean Accuracy	Minimum Accuracy	Maximum Accuracy	Sample 1 Accuracy	Sample 2 Accuracy	Sample 3 Accuracy	Sample 4 Accuracy	Sample 5 Accuracy
TH02_0076_S01	NDUFB1	Down	6.06156020911	6.11851930618	0.9396771640475572	82.5958944267176	70.79646017699115	90.47619047619048	84	88.46153846153845	90.47619047619048	70.79646017699115	79.24528301886792
