Sample	Gene	Type	Expression	Threshold	Percent difference	Mean Accuracy	Minimum Accuracy	Maximum Accuracy	Sample 1 Accuracy	Sample 2 Accuracy	Sample 3 Accuracy	Sample 4 Accuracy	Sample 5 Accuracy
TH02_0076_S01	P3H2	Up	8.22583403554	8.07184314728	1.872039814986274	99.68367091772943	99.19354838709677	100	100	100	99.19354838709677	99.2248062015504	100
