Sample	Gene	Type	Expression	Threshold	Percent difference	Mean Accuracy	Minimum Accuracy	Maximum Accuracy	Sample 1 Accuracy	Sample 2 Accuracy	Sample 3 Accuracy	Sample 4 Accuracy	Sample 5 Accuracy
TH02_0087_S01	TLR10	Up	2.18903382439	1.89359736443	13.496203515371763	98.57867582457214	97.90940766550523	100	97.90940766550523	100	98.21428571428571	98.29059829059828	98.47908745247148
