Sample	Gene	Type	Expression	Threshold	Percent difference	Mean Accuracy	Minimum Accuracy	Maximum Accuracy	Sample 1 Accuracy	Sample 2 Accuracy	Sample 3 Accuracy	Sample 4 Accuracy	Sample 5 Accuracy
TH02_0087_S01	RP11-588H23.3	Up	0.978195629682	0.776985943317	20.56947304399744	64.43839527327145	54.50399087799316	78.1750924784217	57.44416873449132	70.88274044795784	78.1750924784217	61.18598382749326	54.50399087799316
