Sample	Gene	Type	Expression	Threshold	Percent difference	Mean Accuracy	Minimum Accuracy	Maximum Accuracy	Sample 1 Accuracy	Sample 2 Accuracy	Sample 3 Accuracy	Sample 4 Accuracy	Sample 5 Accuracy
TH02_0087_S01	EXOSC6	Up	4.74469931421	4.74370336533	0.020990769151950216	2.440593762922293	1.7341040462427744	3.543307086614173	1.7341040462427744	2.8425965210012727	3.543307086614173	2.0163226116178588	2.066638549135386
