Sample	Gene	Type	Expression	Threshold	Percent difference	Mean Accuracy	Minimum Accuracy	Maximum Accuracy	Sample 1 Accuracy	Sample 2 Accuracy	Sample 3 Accuracy	Sample 4 Accuracy	Sample 5 Accuracy
TH02_0087_S01	CTD-2192J16.15	Up	6.31560245664	6.06145143509	4.024177001242281	99.91341991341992	99.56709956709958	100	99.56709956709958	100	100	100	100
