Sample	Gene	Type	Expression	Threshold	Percent difference	Mean Accuracy	Minimum Accuracy	Maximum Accuracy	Sample 1 Accuracy	Sample 2 Accuracy	Sample 3 Accuracy	Sample 4 Accuracy	Sample 5 Accuracy
TH02_0087_S01	AC007163.3	Up	0.422233000683	0.106960088015	74.66799424915096	89.72617470947306	85.74686431014823	96.05425400739827	86.35235732009926	93.2806324110672	96.05425400739827	87.1967654986523	85.74686431014823
