Sample	Gene	Type	Expression	Threshold	Percent difference	Mean Accuracy	Minimum Accuracy	Maximum Accuracy	Sample 1 Accuracy	Sample 2 Accuracy	Sample 3 Accuracy	Sample 4 Accuracy	Sample 5 Accuracy
TH02_0087_S01	ATP5A1P3	Up	0.356143810225	0.210507676005	40.89250747555934	77.23700515388634	69.1806331471136	84.66135458167331	69.1806331471136	84.66135458167331	83.95176252319109	76.3953488372093	71.99592668024441
