Sample	Gene	Type	Expression	Threshold	Percent difference	Mean Accuracy	Minimum Accuracy	Maximum Accuracy	Sample 1 Accuracy	Sample 2 Accuracy	Sample 3 Accuracy	Sample 4 Accuracy	Sample 5 Accuracy
TH02_0087_S01	RGS22	Up	2.57773093149	1.7223662138	33.18285501565423	99.9533178653823	99.88214496169712	100	99.95466908431551	100	100	99.92977528089888	99.88214496169712
