Sample	Gene	Type	Expression	Threshold	Percent difference	Mean Accuracy	Minimum Accuracy	Maximum Accuracy	Sample 1 Accuracy	Sample 2 Accuracy	Sample 3 Accuracy	Sample 4 Accuracy	Sample 5 Accuracy
TH02_0087_S01	C2orf88	Up	4.81557542886	4.66876268387	3.048706165210153	98.36801132307893	96.668072543230707	99.60629921259843	98.63373620599054	99.23631735256683	99.60629921259843	97.69563130100816	96.668072543230707
