Sample	Gene	Type	Expression	Threshold	Percent difference	Mean Accuracy	Minimum Accuracy	Maximum Accuracy	Sample 1 Accuracy	Sample 2 Accuracy	Sample 3 Accuracy	Sample 4 Accuracy	Sample 5 Accuracy
TH02_0087_S01	LINC00298	Up	0.526068811668	0.0362440273166	93.1104018119452	87.22747895548702	81.9484240687679	92.84253578732107	81.9484240687679	91.41965678627145	92.84253578732107	87.32782369146005	82.59895444361463
