Sample	Gene	Type	Expression	Threshold	Percent difference	Mean Accuracy	Minimum Accuracy	Maximum Accuracy	Sample 1 Accuracy	Sample 2 Accuracy	Sample 3 Accuracy	Sample 4 Accuracy	Sample 5 Accuracy
TH02_0087_S01	AC107983.4	Up	1.73118324157	0.141633793712	91.81867116599666	92.68926799451852	88.06818181818183	95.96774193548387	88.06818181818183	94.32624113475178	95.45454545454545	95.96774193548387	89.62962962962962
