Sample	Gene	Type	Expression	Threshold	Percent difference	Mean Accuracy	Minimum Accuracy	Maximum Accuracy	Sample 1 Accuracy	Sample 2 Accuracy	Sample 3 Accuracy	Sample 4 Accuracy	Sample 5 Accuracy
TH02_0087_S01	RPL26P30	Up	1.56559717585	1.53219401836	2.1335729270119965	30.274517020620966	23.501199040767386	40.26128266033254	24.59546925566343	38.41463414634146	40.26128266033254	23.501199040767386	24.6
