Sample	Gene	Type	Expression	Threshold	Percent difference	Mean Accuracy	Minimum Accuracy	Maximum Accuracy	Sample 1 Accuracy	Sample 2 Accuracy	Sample 3 Accuracy	Sample 4 Accuracy	Sample 5 Accuracy
TH02_0087_S01	TRBV26OR9-2	Up	2.6530600171	0.535611569881	79.8115547168637	92.54111984637036	88.06818181818183	95.96774193548387	88.06818181818183	94.32624113475178	95.45454545454545	95.96774193548387	88.88888888888889
