Sample	Gene	Type	Expression	Threshold	Percent difference	Mean Accuracy	Minimum Accuracy	Maximum Accuracy	Sample 1 Accuracy	Sample 2 Accuracy	Sample 3 Accuracy	Sample 4 Accuracy	Sample 5 Accuracy
TH02_0087_S01	C12orf76	Up	5.95721814917	5.95497751236	0.03761213294349551	7.864149851381997	5.382436260623229	12.138728323699421	7.462686567164178	12.138728323699421	8.715596330275229	5.621301775147929	5.382436260623229
