Sample	Gene	Type	Expression	Threshold	Percent difference	Mean Accuracy	Minimum Accuracy	Maximum Accuracy	Sample 1 Accuracy	Sample 2 Accuracy	Sample 3 Accuracy	Sample 4 Accuracy	Sample 5 Accuracy
TH03_0004_S04	RP11-508N12.2	Up	0.111031312389	0.0362440273166	67.35693153871904	82.16483721934026	74.79508196721312	92.02999166898084	76.33495145631069	87.56443298969072	92.02999166898084	80.09972801450589	74.79508196721312
