Sample	Gene	Type	Expression	Threshold	Percent difference	Mean Accuracy	Minimum Accuracy	Maximum Accuracy	Sample 1 Accuracy	Sample 2 Accuracy	Sample 3 Accuracy	Sample 4 Accuracy	Sample 5 Accuracy
TH03_0004_S04	PROX1	Up	4.20554891117	3.8663277626	8.066037412358318	99.96387630537492	99.90398463754201	100	100	99.95757318625371	100	99.90398463754201	99.95782370307887
