Sample	Gene	Type	Expression	Threshold	Percent difference	Mean Accuracy	Minimum Accuracy	Maximum Accuracy	Sample 1 Accuracy	Sample 2 Accuracy	Sample 3 Accuracy	Sample 4 Accuracy	Sample 5 Accuracy
TH03_0004_S04	ZNF585A	Down	1.516015147	1.78099286556	17.47856669403053	99.0742424556024	98.10725552050474	100	99.21465968586386	99.72527472527473	100	98.10725552050474	98.32402234636871
