Sample	Gene	Type	Expression	Threshold	Percent difference	Mean Accuracy	Minimum Accuracy	Maximum Accuracy	Sample 1 Accuracy	Sample 2 Accuracy	Sample 3 Accuracy	Sample 4 Accuracy	Sample 5 Accuracy
TH03_0004_S04	KRT74	Up	0.432959407276	0.071774750948	83.42229092570669	92.2693803838951	89.44444444444444	97.36147757255937	90.65656565656566	89.44444444444444	97.36147757255937	92.83582089552239	91.04859335038363
