Sample	Gene	Type	Expression	Threshold	Percent difference	Mean Accuracy	Minimum Accuracy	Maximum Accuracy	Sample 1 Accuracy	Sample 2 Accuracy	Sample 3 Accuracy	Sample 4 Accuracy	Sample 5 Accuracy
TH03_0004_S04	C2orf69	Down	0.799087306074	0.997169971466	24.788613695442226	81.29154667426216	74.47769621682664	89.61121733588273	78.125	85.31383302864107	89.61121733588273	78.92998678996037	74.47769621682664
