Sample	Gene	Type	Expression	Threshold	Percent difference	Mean Accuracy	Minimum Accuracy	Maximum Accuracy	Sample 1 Accuracy	Sample 2 Accuracy	Sample 3 Accuracy	Sample 4 Accuracy	Sample 5 Accuracy
TH03_0004_S04	HGFAC	Up	2.37016428054	1.51903557777	35.91011432237454	99.9071080650028	99.76076555023924	100	100	99.77477477477478	100	99.76076555023924	100
