Sample	Gene	Type	Expression	Threshold	Percent difference	Mean Accuracy	Minimum Accuracy	Maximum Accuracy	Sample 1 Accuracy	Sample 2 Accuracy	Sample 3 Accuracy	Sample 4 Accuracy	Sample 5 Accuracy
TH03_0004_S04	SYS1-DBNDD2	Up	3.25096157353	3.2102253437	1.2530517174267157	61.8554248385441	51.821862348178136	71.12676056338029	51.821862348178136	63.507109004739334	71.12676056338029	64.22764227642277	58.59375
