Sample	Gene	Type	Expression	Threshold	Percent difference	Mean Accuracy	Minimum Accuracy	Maximum Accuracy	Sample 1 Accuracy	Sample 2 Accuracy	Sample 3 Accuracy	Sample 4 Accuracy	Sample 5 Accuracy
TH03_0004_S04	SLC13A3	Up	4.82832692641	4.70929861069	2.465208291280735	95.3537438699591	92.93361884368309	97.68339768339769	94.45628997867804	97.2	97.68339768339769	94.4954128440367	92.93361884368309
