Sample	Gene	Type	Expression	Threshold	Percent difference	Mean Accuracy	Minimum Accuracy	Maximum Accuracy	Sample 1 Accuracy	Sample 2 Accuracy	Sample 3 Accuracy	Sample 4 Accuracy	Sample 5 Accuracy
TH03_0004_S04	HABP2	Up	2.27202318906	1.97613084316	13.023297795759692	98.35689815866947	97.5609756097561	100	97.5609756097561	100	98.21428571428571	98.29059829059828	97.71863117870723
