Sample	Gene	Type	Expression	Threshold	Percent difference	Mean Accuracy	Minimum Accuracy	Maximum Accuracy	Sample 1 Accuracy	Sample 2 Accuracy	Sample 3 Accuracy	Sample 4 Accuracy	Sample 5 Accuracy
TH03_0004_S04	KIF25-AS1	Up	0.62293035092	0.244370207191	60.77086197034839	90.09301466040007	87.87878787878788	95.25065963060686	87.87878787878788	88.05555555555556	95.25065963060686	91.04477611940298	88.23529411764706
