Sample	Gene	Type	Expression	Threshold	Percent difference	Mean Accuracy	Minimum Accuracy	Maximum Accuracy	Sample 1 Accuracy	Sample 2 Accuracy	Sample 3 Accuracy	Sample 4 Accuracy	Sample 5 Accuracy
TH03_0004_S04	TMEM14B	Down	4.63633460244	4.71414804459	1.6783396545419433	80.84482305737839	73.01136363636364	90.18691588785047	74.92877492877493	89.47368421052632	90.18691588785047	76.62337662337663	73.01136363636364
