Sample	Gene	Type	Expression	Threshold	Percent difference	Mean Accuracy	Minimum Accuracy	Maximum Accuracy	Sample 1 Accuracy	Sample 2 Accuracy	Sample 3 Accuracy	Sample 4 Accuracy	Sample 5 Accuracy
TH03_0004_S04	ASAH2	Up	1.82374936031	1.63714373112	10.231977773430494	98.04690999900278	96.93576900412492	98.98612593383137	98.00543970988214	98.90552995391705	98.98612593383137	97.40168539325843	96.93576900412492
