Sample	Gene	Type	Expression	Threshold	Percent difference	Mean Accuracy	Minimum Accuracy	Maximum Accuracy	Sample 1 Accuracy	Sample 2 Accuracy	Sample 3 Accuracy	Sample 4 Accuracy	Sample 5 Accuracy
TH03_0004_S04	PIAS4	Up	5.48928602263	5.48811578751	0.021318530591695275	5.115635829710803	3.0555555555555554	8.571428571428571	3.0555555555555554	8.571428571428571	6.2015503875969	3.880597014925373	3.869047619047619
