Sample	Gene	Type	Expression	Threshold	Percent difference	Mean Accuracy	Minimum Accuracy	Maximum Accuracy	Sample 1 Accuracy	Sample 2 Accuracy	Sample 3 Accuracy	Sample 4 Accuracy	Sample 5 Accuracy
TH03_0004_S04	RPL36AP45	Up	1.344828497	0.535611569881	60.1724999822784	99.70754227740885	99.25650557620817	100	99.73190348525469	99.83999999999999	99.70930232558139	100	99.25650557620817
