Sample	Gene	Type	Expression	Threshold	Percent difference	Mean Accuracy	Minimum Accuracy	Maximum Accuracy	Sample 1 Accuracy	Sample 2 Accuracy	Sample 3 Accuracy	Sample 4 Accuracy	Sample 5 Accuracy
TH03_0004_S04	RP11-823E8.3	Up	1.68257329735	1.58032500744	6.076899596055515	88.67507805892389	84.91620111731844	93.05210918114145	87.17277486910994	91.48351648351648	93.05210918114145	86.75078864353313	84.91620111731844
