Sample	Gene	Type	Expression	Threshold	Percent difference	Mean Accuracy	Minimum Accuracy	Maximum Accuracy	Sample 1 Accuracy	Sample 2 Accuracy	Sample 3 Accuracy	Sample 4 Accuracy	Sample 5 Accuracy
TH03_0004_S04	MOB4	Down	2.43829285158	2.85914874077	17.260268343783544	99.72423604172056	99.50842696629213	99.88479262672811	99.68268359020853	99.88479262672811	99.83991462113127	99.50842696629213	99.70536240424278
