Sample	Gene	Type	Expression	Threshold	Percent difference	Mean Accuracy	Minimum Accuracy	Maximum Accuracy	Sample 1 Accuracy	Sample 2 Accuracy	Sample 3 Accuracy	Sample 4 Accuracy	Sample 5 Accuracy
TH03_0004_S04	ZFP57	Up	1.32192809489	1.29371392727	2.1343193876477686	47.337717466659996	37.67123287671233	56.355932203389834	37.67123287671233	54.27927927927928	56.355932203389834	47.60765550239234	40.77448747152619
