Sample	Gene	Type	Expression	Threshold	Percent difference	Mean Accuracy	Minimum Accuracy	Maximum Accuracy	Sample 1 Accuracy	Sample 2 Accuracy	Sample 3 Accuracy	Sample 4 Accuracy	Sample 5 Accuracy
TH03_0004_S04	PRR9	Up	0.432959407276	0.106960088015	75.29558517091746	88.16927183471901	82.21601489757914	95.26901669758813	82.21601489757914	90.43824701195219	95.26901669758813	87.79069767441861	85.13238289205702
