Sample	Gene	Type	Expression	Threshold	Percent difference	Mean Accuracy	Minimum Accuracy	Maximum Accuracy	Sample 1 Accuracy	Sample 2 Accuracy	Sample 3 Accuracy	Sample 4 Accuracy	Sample 5 Accuracy
TH03_0004_S04	CRIPT	Down	1.48542682717	2.07640480995	39.785061907486714	99.85189221319595	99.51456310679612	100	99.51456310679612	99.74489795918367	100	100	100
