Sample	Gene	Type	Expression	Threshold	Percent difference	Mean Accuracy	Minimum Accuracy	Maximum Accuracy	Sample 1 Accuracy	Sample 2 Accuracy	Sample 3 Accuracy	Sample 4 Accuracy	Sample 5 Accuracy
TH03_0004_S04	LIN28A	Up	0.48542682717	0.0362440273166	92.53357554878049	95.62438300165506	93.67588932806325	98.08795411089865	94.82581967213115	96.22181596587447	98.08795411089865	95.3104359313078	93.67588932806325
