Sample	Gene	Type	Expression	Threshold	Percent difference	Mean Accuracy	Minimum Accuracy	Maximum Accuracy	Sample 1 Accuracy	Sample 2 Accuracy	Sample 3 Accuracy	Sample 4 Accuracy	Sample 5 Accuracy
TH03_0004_S04	SPATA21	Up	0.641546029088	0.176311850548	72.51766162458539	89.47625795931893	85.40478905359178	95.93094944512947	86.10421836228288	93.14888010540184	95.93094944512947	86.79245283018868	85.40478905359178
