Sample	Gene	Type	Expression	Threshold	Percent difference	Mean Accuracy	Minimum Accuracy	Maximum Accuracy	Sample 1 Accuracy	Sample 2 Accuracy	Sample 3 Accuracy	Sample 4 Accuracy	Sample 5 Accuracy
TH03_0004_S04	MMP19	Up	5.84924870276	5.84120798111	0.13746588764819528	28.9286811369962	23.958333333333336	36.70411985018727	25.177304964539005	36.70411985018727	33.04093567251462	25.76271186440678	23.958333333333336
