Sample	Gene	Type	Expression	Threshold	Percent difference	Mean Accuracy	Minimum Accuracy	Maximum Accuracy	Sample 1 Accuracy	Sample 2 Accuracy	Sample 3 Accuracy	Sample 4 Accuracy	Sample 5 Accuracy
TH03_0004_S04	RP11-515O17.2	Up	0.575312330687	0.141808778048	75.35099275924414	87.863297221725	83.008658008658	94.93243243243244	83.008658008658	90.57239057239057	94.93243243243244	87.11656441717791	83.6864406779661
