Sample	Gene	Type	Expression	Threshold	Percent difference	Mean Accuracy	Minimum Accuracy	Maximum Accuracy	Sample 1 Accuracy	Sample 2 Accuracy	Sample 3 Accuracy	Sample 4 Accuracy	Sample 5 Accuracy
TH03_0004_S04	SPG21	Down	4.56864019542	4.7823972702	4.67878987262529	99.27866121519551	98.68173258003766	99.82486865148861	99.23076923076923	99.79879275653923	99.82486865148861	98.85714285714286	98.68173258003766
