Sample	Gene	Type	Expression	Threshold	Percent difference	Mean Accuracy	Minimum Accuracy	Maximum Accuracy	Sample 1 Accuracy	Sample 2 Accuracy	Sample 3 Accuracy	Sample 4 Accuracy	Sample 5 Accuracy
TH03_0004_S04	NCAPD2P1	Up	0.344828496997	0.0362440273166	89.48925984011254	90.24314908062962	86.54503990877993	96.17755856966707	87.34491315136476	93.41238471673255	96.17755856966707	87.73584905660378	86.54503990877993
