Sample	Gene	Type	Expression	Threshold	Percent difference	Mean Accuracy	Minimum Accuracy	Maximum Accuracy	Sample 1 Accuracy	Sample 2 Accuracy	Sample 3 Accuracy	Sample 4 Accuracy	Sample 5 Accuracy
TH03_0115_S01	AQP6	Up	2.51096191928	1.01846182346	59.439375976198136	99.90043590251635	99.74489795918367	100	99.75728155339806	99.74489795918367	100	100	100
