Sample	Gene	Type	Expression	Threshold	Percent difference	Mean Accuracy	Minimum Accuracy	Maximum Accuracy	Sample 1 Accuracy	Sample 2 Accuracy	Sample 3 Accuracy	Sample 4 Accuracy	Sample 5 Accuracy
TH03_0115_S01	C9orf116	Up	6.84949893172	6.80263900757	0.68413652760777	81.77560264469885	73.16017316017316	91.66666666666666	73.16017316017316	91.66666666666666	87.4439461883408	77.15517241379311	79.45205479452055
