Sample	Gene	Type	Expression	Threshold	Percent difference	Mean Accuracy	Minimum Accuracy	Maximum Accuracy	Sample 1 Accuracy	Sample 2 Accuracy	Sample 3 Accuracy	Sample 4 Accuracy	Sample 5 Accuracy
TH03_0115_S01	TMEM108	Up	5.95466162084	5.82307291031	2.209843630231961	99.70671259441671	99.46380697050938	100	99.76190476190476	100	99.58333333333333	99.72451790633609	99.46380697050938
