Sample	Gene	Type	Expression	Threshold	Percent difference	Mean Accuracy	Minimum Accuracy	Maximum Accuracy	Sample 1 Accuracy	Sample 2 Accuracy	Sample 3 Accuracy	Sample 4 Accuracy	Sample 5 Accuracy
TH03_0115_S01	ARMC2	Up	3.61706334389	3.31159234047	8.44527657874741	99.92423997847726	99.80952380952381	100	100	100	100	99.80952380952381	99.81167608286252
