Sample	Gene	Type	Expression	Threshold	Percent difference	Mean Accuracy	Minimum Accuracy	Maximum Accuracy	Sample 1 Accuracy	Sample 2 Accuracy	Sample 3 Accuracy	Sample 4 Accuracy	Sample 5 Accuracy
TH03_0115_S01	GALNT16	Up	5.78424222206	5.68573713303	1.7029903874758217	99.08473747398956	98.08429118773945	100	98.51485148514851	100	99.63099630996311	98.08429118773945	99.19354838709677
