Sample	Gene	Type	Expression	Threshold	Percent difference	Mean Accuracy	Minimum Accuracy	Maximum Accuracy	Sample 1 Accuracy	Sample 2 Accuracy	Sample 3 Accuracy	Sample 4 Accuracy	Sample 5 Accuracy
TH03_0115_S01	LINC00856	Up	2.30451104181	0.504391551018	78.11286030455106	99.92698713394901	99.79674796747967	100	99.83818770226537	99.79674796747967	100	100	100
