Sample	Gene	Type	Expression	Threshold	Percent difference	Mean Accuracy	Minimum Accuracy	Maximum Accuracy	Sample 1 Accuracy	Sample 2 Accuracy	Sample 3 Accuracy	Sample 4 Accuracy	Sample 5 Accuracy
TH03_0115_S01	RP11-618K13.2	Up	5.95884267524	5.79506111145	2.748546533549877	98.51467690766405	96.46017699115043	100	98	100	100	96.46017699115043	98.11320754716981
