Sample	Gene	Type	Expression	Threshold	Percent difference	Mean Accuracy	Minimum Accuracy	Maximum Accuracy	Sample 1 Accuracy	Sample 2 Accuracy	Sample 3 Accuracy	Sample 4 Accuracy	Sample 5 Accuracy
TH03_0115_S01	RAB30	Up	5.23189316165	5.22701931	0.09315655919210554	25.307500474138582	19.97703788748565	28.253968253968253	25.702811244979916	28.253968253968253	28.243398392652125	24.36028659160696	19.97703788748565
