Sample	Gene	Type	Expression	Threshold	Percent difference	Mean Accuracy	Minimum Accuracy	Maximum Accuracy	Sample 1 Accuracy	Sample 2 Accuracy	Sample 3 Accuracy	Sample 4 Accuracy	Sample 5 Accuracy
TH03_0115_S01	RP11-244H3.4	Up	2.13093086983	2.01337313652	5.51673144231931	92.20254902718669	86.9180907483795	95.85253456221197	91.74977334542159	95.85253456221197	95.41088580576307	91.0814606741573	86.9180907483795
