Sample	Gene	Type	Expression	Threshold	Percent difference	Mean Accuracy	Minimum Accuracy	Maximum Accuracy	Sample 1 Accuracy	Sample 2 Accuracy	Sample 3 Accuracy	Sample 4 Accuracy	Sample 5 Accuracy
TH03_0115_S01	NLGN4X	Up	3.88264304936	3.78099870682	2.617916229944301	97.51953915924	95.23407844791227	99.12510936132983	97.5302154492906	98.68476877386509	99.12510936132983	97.02352376380222	95.23407844791227
