Sample	Gene	Type	Expression	Threshold	Percent difference	Mean Accuracy	Minimum Accuracy	Maximum Accuracy	Sample 1 Accuracy	Sample 2 Accuracy	Sample 3 Accuracy	Sample 4 Accuracy	Sample 5 Accuracy
TH03_0115_S01	PON2	Up	8.82397221706	8.77631092072	0.5401342520985332	97.72131598240469	96.25	100	96.36363636363636	100	99.21875	96.7741935483871	96.25
