Sample	Gene	Type	Expression	Threshold	Percent difference	Mean Accuracy	Minimum Accuracy	Maximum Accuracy	Sample 1 Accuracy	Sample 2 Accuracy	Sample 3 Accuracy	Sample 4 Accuracy	Sample 5 Accuracy
TH03_0115_S01	NTM	Up	7.30140473756	7.28300523758	0.2519994527265298	82.15066161483132	73.7864077669903	92.5	79.8507462686567	92.5	87.09677419354838	77.51937984496125	73.7864077669903
