Sample	Gene	Type	Expression	Threshold	Percent difference	Mean Accuracy	Minimum Accuracy	Maximum Accuracy	Sample 1 Accuracy	Sample 2 Accuracy	Sample 3 Accuracy	Sample 4 Accuracy	Sample 5 Accuracy
TH03_0115_S01	RP11-566E18.1	Up	3.20633064787	3.15897870064	1.476826704116013	83.3284142195669	78.21100917431193	90.92664092664093	79.317697228145	89.60000000000001	90.92664092664093	78.21100917431193	78.58672376873662
