Sample	Gene	Type	Expression	Threshold	Percent difference	Mean Accuracy	Minimum Accuracy	Maximum Accuracy	Sample 1 Accuracy	Sample 2 Accuracy	Sample 3 Accuracy	Sample 4 Accuracy	Sample 5 Accuracy
TH03_0115_S01	ELOVL2	Up	5.51884982871	5.50863218307	0.18514085284303464	46.220144709442806	36.624569460390354	54.07577497129736	42.369477911646584	52.38095238095239	54.07577497129736	45.64994882292733	36.624569460390354
