Sample	Gene	Type	Expression	Threshold	Percent difference	Mean Accuracy	Minimum Accuracy	Maximum Accuracy	Sample 1 Accuracy	Sample 2 Accuracy	Sample 3 Accuracy	Sample 4 Accuracy	Sample 5 Accuracy
TH03_0115_S01	RP11-400F19.8	Up	0.555816155062	0.210507676005	62.12638404122702	83.26355334708975	77.11511789181692	92.78647980214345	77.55555555555556	87.95738767948123	92.78647980214345	80.90322580645162	77.11511789181692
