Sample	Gene	Type	Expression	Threshold	Percent difference	Mean Accuracy	Minimum Accuracy	Maximum Accuracy	Sample 1 Accuracy	Sample 2 Accuracy	Sample 3 Accuracy	Sample 4 Accuracy	Sample 5 Accuracy
TH03_0115_S01	RP11-337C18.10	Up	3.06867081067	2.97861433029	2.934706455539862	78.21623855161864	73.48484848484848	83.56164383561644	75.49668874172185	83.56164383561644	82.22222222222221	76.31578947368422	73.48484848484848
