Sample	Gene	Type	Expression	Threshold	Percent difference	Mean Accuracy	Minimum Accuracy	Maximum Accuracy	Sample 1 Accuracy	Sample 2 Accuracy	Sample 3 Accuracy	Sample 4 Accuracy	Sample 5 Accuracy
TH03_0115_S01	TUBA3E	Up	0.378511623254	0.277918636799	26.575930638594198	69.69907062665546	57.733050847457626	86.93693693693693	61.14718614718615	76.5432098765432	86.93693693693693	66.13496932515336	57.733050847457626
