Sample	Gene	Type	Expression	Threshold	Percent difference	Mean Accuracy	Minimum Accuracy	Maximum Accuracy	Sample 1 Accuracy	Sample 2 Accuracy	Sample 3 Accuracy	Sample 4 Accuracy	Sample 5 Accuracy
TH03_0115_S01	NHLRC4	Up	2.85996954822	2.2785141468	20.330824913219395	99.43705976625031	98.86685552407933	100	99.02912621359224	99.74489795918367	100	98.86685552407933	99.54441913439635
