Sample	Gene	Type	Expression	Threshold	Percent difference	Mean Accuracy	Minimum Accuracy	Maximum Accuracy	Sample 1 Accuracy	Sample 2 Accuracy	Sample 3 Accuracy	Sample 4 Accuracy	Sample 5 Accuracy
TH03_0115_S01	CLIC4P1	Up	0.389566811763	0.344080448151	11.676139301022511	31.364399160030143	27.669902912621357	40.91494845360825	27.669902912621357	40.91494845360825	28.908636489863927	31.4596554850408	27.86885245901639
