Sample	Gene	Type	Expression	Threshold	Percent difference	Mean Accuracy	Minimum Accuracy	Maximum Accuracy	Sample 1 Accuracy	Sample 2 Accuracy	Sample 3 Accuracy	Sample 4 Accuracy	Sample 5 Accuracy
TH03_0115_S01	AC006116.24	Up	2.44890095115	2.00813221931	17.998634515332913	91.24999028837773	86.19302949061662	95.73643410852713	86.19302949061662	95.36	95.73643410852713	92.34338747099768	86.61710037174721
