Sample	Gene	Type	Expression	Threshold	Percent difference	Mean Accuracy	Minimum Accuracy	Maximum Accuracy	Sample 1 Accuracy	Sample 2 Accuracy	Sample 3 Accuracy	Sample 4 Accuracy	Sample 5 Accuracy
TH03_0106_S01	KLHL38	Up	1.59454854955	0.725209057331	54.519474647814114	99.90043590251635	99.74489795918367	100	99.75728155339806	99.74489795918367	100	100	100
