Sample	Gene	Type	Expression	Threshold	Percent difference	Mean Accuracy	Minimum Accuracy	Maximum Accuracy	Sample 1 Accuracy	Sample 2 Accuracy	Sample 3 Accuracy	Sample 4 Accuracy	Sample 5 Accuracy
TH03_0106_S01	GRM7	Up	0.765534746363	0.504391551018	34.112520246229494	81.18127054483722	73.40153452685422	88.91820580474933	77.52525252525253	82.77777777777777	88.91820580474933	83.28358208955224	73.40153452685422
