Sample	Gene	Type	Expression	Threshold	Percent difference	Mean Accuracy	Minimum Accuracy	Maximum Accuracy	Sample 1 Accuracy	Sample 2 Accuracy	Sample 3 Accuracy	Sample 4 Accuracy	Sample 5 Accuracy
TH03_0106_S01	CTC-786C10.1	Up	1.89917563048	1.61771190166	14.820310681264514	93.31773142133984	90	97.38717339667458	92.23300970873787	95.1219512195122	97.38717339667458	91.84652278177458	90
