Sample	Gene	Type	Expression	Threshold	Percent difference	Mean Accuracy	Minimum Accuracy	Maximum Accuracy	Sample 1 Accuracy	Sample 2 Accuracy	Sample 3 Accuracy	Sample 4 Accuracy	Sample 5 Accuracy
TH03_0106_S01	SLC32A1	Up	0.250961573533	0.071774750948	71.40010323589956	92.62145381218251	89.54954954954954	96.12546125461255	89.54954954954954	95.07874015748031	96.12546125461255	91.62995594713657	90.72356215213358
