Sample	Gene	Type	Expression	Threshold	Percent difference	Mean Accuracy	Minimum Accuracy	Maximum Accuracy	Sample 1 Accuracy	Sample 2 Accuracy	Sample 3 Accuracy	Sample 4 Accuracy	Sample 5 Accuracy
TH03_0106_S01	RP11-290H9.2	Up	0.422233000683	0.176311850548	58.24299610338376	89.98973916134621	87.62626262626263	94.9868073878628	87.62626262626263	88.05555555555556	94.9868073878628	91.04477611940298	88.23529411764706
