Sample	Gene	Type	Expression	Threshold	Percent difference	Mean Accuracy	Minimum Accuracy	Maximum Accuracy	Sample 1 Accuracy	Sample 2 Accuracy	Sample 3 Accuracy	Sample 4 Accuracy	Sample 5 Accuracy
TH03_0106_S01	KRTAP5-4	Up	0.0565835283664	0.0362440273166	35.94597515745916	72.63214846897704	62.93333333333333	86.23248145094806	62.93333333333333	79.80546549328392	86.23248145094806	69.74193548387096	64.4475265834489
