Sample	Gene	Type	Expression	Threshold	Percent difference	Mean Accuracy	Minimum Accuracy	Maximum Accuracy	Sample 1 Accuracy	Sample 2 Accuracy	Sample 3 Accuracy	Sample 4 Accuracy	Sample 5 Accuracy
TH03_0106_S01	CFL2	Up	7.93528293611	7.89783000946	0.47197972588435944	96.2416963698985	91.30434782608695	99.33333333333333	95.62043795620438	99.33333333333333	99.07407407407408	91.30434782608695	95.87628865979381
