Sample	Gene	Type	Expression	Threshold	Percent difference	Mean Accuracy	Minimum Accuracy	Maximum Accuracy	Sample 1 Accuracy	Sample 2 Accuracy	Sample 3 Accuracy	Sample 4 Accuracy	Sample 5 Accuracy
TH03_0106_S01	FAM92A1P1	Up	1.64154602909	1.6395046711	0.12435581785857469	2.1441765838685862	1.2	3.4552845528455287	1.2944983818770228	3.4552845528455287	2.6128266033254155	2.158273381294964	1.2
