Sample	Gene	Type	Expression	Threshold	Percent difference	Mean Accuracy	Minimum Accuracy	Maximum Accuracy	Sample 1 Accuracy	Sample 2 Accuracy	Sample 3 Accuracy	Sample 4 Accuracy	Sample 5 Accuracy
TH03_0106_S01	ZNF849P	Up	0.495695162624	0.244026988745	50.77075445860222	83.7874907714428	77.48917748917748	93.46846846846847	77.48917748917748	86.75645342312009	93.46846846846847	83.68098159509204	77.54237288135593
