Sample	Gene	Type	Expression	Threshold	Percent difference	Mean Accuracy	Minimum Accuracy	Maximum Accuracy	Sample 1 Accuracy	Sample 2 Accuracy	Sample 3 Accuracy	Sample 4 Accuracy	Sample 5 Accuracy
TH03_0106_S01	SYP	Up	4.1093605594	3.84695601463	6.385532273865817	99.872874478516	99.77064220183486	100	99.7867803837953	100	99.8069498069498	99.77064220183486	100
