Sample	Gene	Type	Expression	Threshold	Percent difference	Mean Accuracy	Minimum Accuracy	Maximum Accuracy	Sample 1 Accuracy	Sample 2 Accuracy	Sample 3 Accuracy	Sample 4 Accuracy	Sample 5 Accuracy
TH03_0106_S01	RP11-13K12.5	Up	1.748461233	0.840627610683	51.92186164513034	99.95495495495496	99.77477477477478	100	100	99.77477477477478	100	100	100
