Sample	Gene	Type	Expression	Threshold	Percent difference	Mean Accuracy	Minimum Accuracy	Maximum Accuracy	Sample 1 Accuracy	Sample 2 Accuracy	Sample 3 Accuracy	Sample 4 Accuracy	Sample 5 Accuracy
TH03_0106_S01	ST8SIA2	Up	2.23878685959	1.60696542263	28.22159841851619	99.93927292156208	99.85955056179775	100	99.95466908431551	100	100	99.85955056179775	99.88214496169712
