Sample	Gene	Type	Expression	Threshold	Percent difference	Mean Accuracy	Minimum Accuracy	Maximum Accuracy	Sample 1 Accuracy	Sample 2 Accuracy	Sample 3 Accuracy	Sample 4 Accuracy	Sample 5 Accuracy
TH03_0106_S01	ANKLE1	Up	2.10097764772	2.05026555061	2.4137380597567795	70.29548575812218	59.81143193871537	79.34898612593383	67.58839528558477	78.2258064516129	79.34898612593383	66.50280898876404	59.81143193871537
