Sample	Gene	Type	Expression	Threshold	Percent difference	Mean Accuracy	Minimum Accuracy	Maximum Accuracy	Sample 1 Accuracy	Sample 2 Accuracy	Sample 3 Accuracy	Sample 4 Accuracy	Sample 5 Accuracy
TH03_0106_S01	RP1-125I3.2	Up	1.61353165292	0.376716196537	76.65269250496209	99.92698713394901	99.79674796747967	100	99.83818770226537	99.79674796747967	100	100	100
