Sample	Gene	Type	Expression	Threshold	Percent difference	Mean Accuracy	Minimum Accuracy	Maximum Accuracy	Sample 1 Accuracy	Sample 2 Accuracy	Sample 3 Accuracy	Sample 4 Accuracy	Sample 5 Accuracy
TH03_0106_S01	AC009336.19	Up	1.75274859141	0.833834350109	52.42704206436011	99.9909338168631	99.95466908431551	100	99.95466908431551	100	100	100	100
