Sample	Gene	Type	Expression	Threshold	Percent difference	Mean Accuracy	Minimum Accuracy	Maximum Accuracy	Sample 1 Accuracy	Sample 2 Accuracy	Sample 3 Accuracy	Sample 4 Accuracy	Sample 5 Accuracy
TH03_0106_S01	RP11-378A12.1	Up	0.298658315565	0.0362440273166	87.86438366933338	88.3567378486792	83.76623376623377	95.27027027027027	83.76623376623377	90.57239057239057	95.27027027027027	87.85276073619632	84.32203389830508
