Sample	Gene	Type	Expression	Threshold	Percent difference	Mean Accuracy	Minimum Accuracy	Maximum Accuracy	Sample 1 Accuracy	Sample 2 Accuracy	Sample 3 Accuracy	Sample 4 Accuracy	Sample 5 Accuracy
TH03_0106_S01	RP11-54O7.1	Up	0.863938450424	0.783382773399	9.324237969205472	57.02857137176055	48.89892715979672	67.11281070745699	52.920081967213115	63.43692870201097	67.11281070745699	52.77410832232496	48.89892715979672
