Sample	Gene	Type	Expression	Threshold	Percent difference	Mean Accuracy	Minimum Accuracy	Maximum Accuracy	Sample 1 Accuracy	Sample 2 Accuracy	Sample 3 Accuracy	Sample 4 Accuracy	Sample 5 Accuracy
TH03_0106_S01	RP11-501C14.7	Up	0.765534746363	0.717490196228	6.275946371246523	10.632633106367908	8.159564823209429	14.594072164948454	11.37742718446602	14.594072164948454	9.025270758122744	8.159564823209429	10.006830601092895
