Sample	Gene	Type	Expression	Threshold	Percent difference	Mean Accuracy	Minimum Accuracy	Maximum Accuracy	Sample 1 Accuracy	Sample 2 Accuracy	Sample 3 Accuracy	Sample 4 Accuracy	Sample 5 Accuracy
TH03_0106_S01	FAM184B	Up	0.584962500721	0.504391551018	13.773694827222533	67.2904584423493	59.175607001693955	77.88400254939451	63.42213114754098	72.76051188299817	77.88400254939451	63.210039630118885	59.175607001693955
