Sample	Gene	Type	Expression	Threshold	Percent difference	Mean Accuracy	Minimum Accuracy	Maximum Accuracy	Sample 1 Accuracy	Sample 2 Accuracy	Sample 3 Accuracy	Sample 4 Accuracy	Sample 5 Accuracy
TH02_0090_S01	RGAG1	Up	0.565597175854	0.419368445873	25.853864945525594	81.65921249350059	74.87295313382269	89.80242192479287	78.99590163934425	85.49664838513101	89.80242192479287	79.12813738441216	74.87295313382269
