Sample	Gene	Type	Expression	Threshold	Percent difference	Mean Accuracy	Minimum Accuracy	Maximum Accuracy	Sample 1 Accuracy	Sample 2 Accuracy	Sample 3 Accuracy	Sample 4 Accuracy	Sample 5 Accuracy
TH02_0090_S01	KCNK12	Up	0.704871964456	0.674425303936	4.31945971116866	40.893587338298744	34.330886504799544	49.58572339069471	36.16803278688525	46.80073126142596	49.58572339069471	37.58256274768824	34.330886504799544
