Sample	Gene	Type	Expression	Threshold	Percent difference	Mean Accuracy	Minimum Accuracy	Maximum Accuracy	Sample 1 Accuracy	Sample 2 Accuracy	Sample 3 Accuracy	Sample 4 Accuracy	Sample 5 Accuracy
TH02_0090_S01	RP11-12A2.3	Up	0.333423733725	0.311149060726	6.680590115810896	33.26278539991236	23.834745762711865	45.83333333333333	26.948051948051948	40.74074074074074	45.83333333333333	28.957055214723926	23.834745762711865
