Sample	Gene	Type	Expression	Threshold	Percent difference	Mean Accuracy	Minimum Accuracy	Maximum Accuracy	Sample 1 Accuracy	Sample 2 Accuracy	Sample 3 Accuracy	Sample 4 Accuracy	Sample 5 Accuracy
TH02_0090_S01	CTD-2154I11.2	Up	1.14404636962	1.0413210392	8.979122975069677	82.42719725303238	75	90.14251781472684	77.66990291262135	89.22764227642277	90.14251781472684	80.0959232613909	75
