Sample	Gene	Type	Expression	Threshold	Percent difference	Mean Accuracy	Minimum Accuracy	Maximum Accuracy	Sample 1 Accuracy	Sample 2 Accuracy	Sample 3 Accuracy	Sample 4 Accuracy	Sample 5 Accuracy
TH02_0090_S01	FLJ38576	Up	0.978195629682	0.611703038216	37.466185734763755	81.90697412469606	78.1981981981982	85.23622047244095	78.1981981981982	85.23622047244095	84.68634686346863	82.37885462555066	79.0352504638219
