Sample	Gene	Type	Expression	Threshold	Percent difference	Mean Accuracy	Minimum Accuracy	Maximum Accuracy	Sample 1 Accuracy	Sample 2 Accuracy	Sample 3 Accuracy	Sample 4 Accuracy	Sample 5 Accuracy
TH03_0008_S01	RPAIN	Up	6.66775023243	6.56681632996	1.5137624978675304	98.48817815683488	96.42857142857143	100	97.77777777777777	99.42857142857143	100	98.80597014925372	96.42857142857143
