Sample	Gene	Type	Expression	Threshold	Percent difference	Mean Accuracy	Minimum Accuracy	Maximum Accuracy	Sample 1 Accuracy	Sample 2 Accuracy	Sample 3 Accuracy	Sample 4 Accuracy	Sample 5 Accuracy
TH03_0008_S01	ENSAP2	Up	3.31903981556	3.19643139839	3.6940929902437163	84.03469395078089	80.13245033112582	89.72602739726028	80.13245033112582	89.72602739726028	88.33333333333333	80.92105263157895	81.06060606060606
