Sample	Gene	Type	Expression	Threshold	Percent difference	Mean Accuracy	Minimum Accuracy	Maximum Accuracy	Sample 1 Accuracy	Sample 2 Accuracy	Sample 3 Accuracy	Sample 4 Accuracy	Sample 5 Accuracy
TH03_0008_S01	EXOSC6	Up	4.87676249078	4.74370336533	2.72843153017112	97.75534287066452	95.57148882328131	99.25634295713036	97.7404098791382	98.89690284259652	99.25634295713036	97.31156985117619	95.57148882328131
