Sample	Gene	Type	Expression	Threshold	Percent difference	Mean Accuracy	Minimum Accuracy	Maximum Accuracy	Sample 1 Accuracy	Sample 2 Accuracy	Sample 3 Accuracy	Sample 4 Accuracy	Sample 5 Accuracy
TH03_0008_S01	PCDHGA5	Up	1.87970576628	1.73486292362	7.7056125090603365	96.14610632081639	93.4001178550383	97.92626728110599	95.96554850407978	97.92626728110599	97.65208110992529	95.78651685393258	93.4001178550383
