Sample	Gene	Type	Expression	Threshold	Percent difference	Mean Accuracy	Minimum Accuracy	Maximum Accuracy	Sample 1 Accuracy	Sample 2 Accuracy	Sample 3 Accuracy	Sample 4 Accuracy	Sample 5 Accuracy
TH03_0008_S01	CPB2	Up	0.411426245726	0.376716196537	8.4365179785142	36.91170678028153	26.80084745762712	49.88738738738739	30.952380952380953	44.89337822671156	49.88738738738739	32.02453987730061	26.80084745762712
