Sample	Gene	Type	Expression	Threshold	Percent difference	Mean Accuracy	Minimum Accuracy	Maximum Accuracy	Sample 1 Accuracy	Sample 2 Accuracy	Sample 3 Accuracy	Sample 4 Accuracy	Sample 5 Accuracy
TH03_0008_S01	MSANTD4	Up	5.32156737604	5.21766042709	1.9525628749498467	98.90835652110702	98.34710743801654	100	98.5632183908046	98.84726224783861	100	98.34710743801654	98.78419452887537
