Sample	Gene	Type	Expression	Threshold	Percent difference	Mean Accuracy	Minimum Accuracy	Maximum Accuracy	Sample 1 Accuracy	Sample 2 Accuracy	Sample 3 Accuracy	Sample 4 Accuracy	Sample 5 Accuracy
TH03_0008_S01	RP1-111C20.4	Up	1.6599245584	1.52551841736	8.097123472259119	87.87712152781815	82.05128205128204	94.78957915831663	83.87096774193549	90.97744360902256	94.78957915831663	87.69633507853402	82.05128205128204
