Sample	Gene	Type	Expression	Threshold	Percent difference	Mean Accuracy	Minimum Accuracy	Maximum Accuracy	Sample 1 Accuracy	Sample 2 Accuracy	Sample 3 Accuracy	Sample 4 Accuracy	Sample 5 Accuracy
TH03_0008_S01	RP11-212D19.4	Up	1.59454854955	0.344080448151	78.42145049468054	99.92698713394901	99.79674796747967	100	99.83818770226537	99.79674796747967	100	100	100
