Sample	Gene	Type	Expression	Threshold	Percent difference	Mean Accuracy	Minimum Accuracy	Maximum Accuracy	Sample 1 Accuracy	Sample 2 Accuracy	Sample 3 Accuracy	Sample 4 Accuracy	Sample 5 Accuracy
TH03_0008_S01	TTTY15	Up	4.24488705912	4.19536304474	1.1666744883965638	75.85711419486088	69.593147751606	84.36293436293437	71.42857142857143	82.8	84.36293436293437	71.10091743119266	69.593147751606
