Sample	Gene	Type	Expression	Threshold	Percent difference	Mean Accuracy	Minimum Accuracy	Maximum Accuracy	Sample 1 Accuracy	Sample 2 Accuracy	Sample 3 Accuracy	Sample 4 Accuracy	Sample 5 Accuracy
TH03_0008_S01	S100PBP	Up	5.35895882583	5.29052209854	1.2770526797134032	97.13998453716566	95.74468085106383	99.01477832512316	96.55172413793103	97.69452449567724	99.01477832512316	96.69421487603306	95.74468085106383
