Sample	Gene	Type	Expression	Threshold	Percent difference	Mean Accuracy	Minimum Accuracy	Maximum Accuracy	Sample 1 Accuracy	Sample 2 Accuracy	Sample 3 Accuracy	Sample 4 Accuracy	Sample 5 Accuracy
TH03_0008_S01	RP11-325L7.1	Up	0.263034405834	0.244370207191	7.095725208959512	30.609084375140437	24.115456238361265	36.354581673306775	24.115456238361265	36.354581673306775	32.6530612244898	32.325581395348834	27.596741344195518
