Sample	Gene	Type	Expression	Threshold	Percent difference	Mean Accuracy	Minimum Accuracy	Maximum Accuracy	Sample 1 Accuracy	Sample 2 Accuracy	Sample 3 Accuracy	Sample 4 Accuracy	Sample 5 Accuracy
TH03_0008_S01	RP11-96K19.5	Up	0.992768430769	0.968398451805	2.4547495879903267	19.765149513705364	15.921787709497206	24.900398406374503	15.921787709497206	24.900398406374503	18.089053803339517	21.27906976744186	18.635437881873727
