Sample	Gene	Type	Expression	Threshold	Percent difference	Mean Accuracy	Minimum Accuracy	Maximum Accuracy	Sample 1 Accuracy	Sample 2 Accuracy	Sample 3 Accuracy	Sample 4 Accuracy	Sample 5 Accuracy
TH03_0008_S01	C14orf93	Up	4.63343121036	4.54313898087	1.9487119888197235	90.76437779400902	86.88524590163934	95.20958083832335	87.42514970059881	95.20958083832335	94.8051948051948	89.49671772428884	86.88524590163934
