Sample	Gene	Type	Expression	Threshold	Percent difference	Mean Accuracy	Minimum Accuracy	Maximum Accuracy	Sample 1 Accuracy	Sample 2 Accuracy	Sample 3 Accuracy	Sample 4 Accuracy	Sample 5 Accuracy
TH03_0008_S01	CEP170P1	Up	0.584962500721	0.563512980938	3.6668196263114745	38.22634173319676	31.959345002823262	46.27151051625239	33.09426229508197	44.667885435709934	46.27151051625239	35.13870541611625	31.959345002823262
