Sample	Gene	Type	Expression	Threshold	Percent difference	Mean Accuracy	Minimum Accuracy	Maximum Accuracy	Sample 1 Accuracy	Sample 2 Accuracy	Sample 3 Accuracy	Sample 4 Accuracy	Sample 5 Accuracy
TH03_0008_S01	CDH15	Up	1.61353165292	0.970497250557	39.85260538268982	99.83848428715349	99.57264957264957	100	100	100	100	99.57264957264957	99.61977186311786
