Sample	Gene	Type	Expression	Threshold	Percent difference	Mean Accuracy	Minimum Accuracy	Maximum Accuracy	Sample 1 Accuracy	Sample 2 Accuracy	Sample 3 Accuracy	Sample 4 Accuracy	Sample 5 Accuracy
TH03_0008_S01	SLC4A1AP	Up	5.61647532878	5.60535860062	0.19793068622656895	43.13092936017955	34.274193548387096	53.874538745387454	37.62376237623762	51.18483412322274	53.874538745387454	38.69731800766284	34.274193548387096
