Sample	Gene	Type	Expression	Threshold	Percent difference	Mean Accuracy	Minimum Accuracy	Maximum Accuracy	Sample 1 Accuracy	Sample 2 Accuracy	Sample 3 Accuracy	Sample 4 Accuracy	Sample 5 Accuracy
TH03_0008_S01	ZNF503-AS1	Up	2.85399564718	2.65383219719	7.013446225392089	79.79223230833368	73.89162561576354	87.64845605700712	74.43438914027149	87.64845605700712	86.15384615384616	76.83284457478005	73.89162561576354
