Sample	Gene	Type	Expression	Threshold	Percent difference	Mean Accuracy	Minimum Accuracy	Maximum Accuracy	Sample 1 Accuracy	Sample 2 Accuracy	Sample 3 Accuracy	Sample 4 Accuracy	Sample 5 Accuracy
TH03_0008_S01	R3HCC1	Up	6.75207953095	6.51196670532	3.5561314781524285	99.903236914600555	99.72451790633609	100	100	100	99.79166666666667	99.72451790633609	100
