Sample	Gene	Type	Expression	Threshold	Percent difference	Mean Accuracy	Minimum Accuracy	Maximum Accuracy	Sample 1 Accuracy	Sample 2 Accuracy	Sample 3 Accuracy	Sample 4 Accuracy	Sample 5 Accuracy
TH03_0008_S01	AC009228.1	Up	1.22650852981	1.10930132866	9.556166818355251	49.06735393283094	36.2962962962963	64.53900709219859	43.18181818181818	64.53900709219859	54.54545454545454	46.774193548387096	36.2962962962963
