Sample	Gene	Type	Expression	Threshold	Percent difference	Mean Accuracy	Minimum Accuracy	Maximum Accuracy	Sample 1 Accuracy	Sample 2 Accuracy	Sample 3 Accuracy	Sample 4 Accuracy	Sample 5 Accuracy
TH03_0008_S01	MUL1	Up	5.86195536414	5.85765361786	0.07338415277461696	17.362018798773423	13.409961685823754	24.354243542435423	17.326732673267326	18.009478672985782	24.354243542435423	13.409961685823754	13.709677419354838
