Sample	Gene	Type	Expression	Threshold	Percent difference	Mean Accuracy	Minimum Accuracy	Maximum Accuracy	Sample 1 Accuracy	Sample 2 Accuracy	Sample 3 Accuracy	Sample 4 Accuracy	Sample 5 Accuracy
TH03_0008_S01	CECR7	Up	4.88166461932	4.72136116028	3.2837868133253747	97.27138803383622	95.96153846153847	99.19517102615694	95.96153846153847	99.19517102615694	98.77408056042032	96.38095238095238	96.045197740113
