Sample	Gene	Type	Expression	Threshold	Percent difference	Mean Accuracy	Minimum Accuracy	Maximum Accuracy	Sample 1 Accuracy	Sample 2 Accuracy	Sample 3 Accuracy	Sample 4 Accuracy	Sample 5 Accuracy
TH03_0008_S01	AKIP1	Up	6.15319733086	6.07972860336	1.193992708986168	95.83410577235638	92.26190476190477	99.74160206718346	93.33333333333333	97.71428571428571	99.74160206718346	96.11940298507463	92.26190476190477
