Sample	Gene	Type	Expression	Threshold	Percent difference	Mean Accuracy	Minimum Accuracy	Maximum Accuracy	Sample 1 Accuracy	Sample 2 Accuracy	Sample 3 Accuracy	Sample 4 Accuracy	Sample 5 Accuracy
TH03_0008_S01	CTD-2260A17.2	Up	2.35614381023	1.93996834755	17.66341514779499	98.94913554065685	98.63325740318906	99.57627118644068	98.85844748858447	98.87387387387388	99.57627118644068	98.80382775119617	98.63325740318906
