Sample	Gene	Type	Expression	Threshold	Percent difference	Mean Accuracy	Minimum Accuracy	Maximum Accuracy	Sample 1 Accuracy	Sample 2 Accuracy	Sample 3 Accuracy	Sample 4 Accuracy	Sample 5 Accuracy
TH03_0008_S01	CSNK2A2	Up	6.43462822764	6.39337348938	0.6411363143373235	83.03503429495271	77.87356321839081	89.65517241379311	77.87356321839081	89.33717579250721	89.65517241379311	79.88980716253444	78.419452887538
