Sample	Gene	Type	Expression	Threshold	Percent difference	Mean Accuracy	Minimum Accuracy	Maximum Accuracy	Sample 1 Accuracy	Sample 2 Accuracy	Sample 3 Accuracy	Sample 4 Accuracy	Sample 5 Accuracy
TH03_0008_S01	RP11-152H18.4	Up	0.321928094887	0.106960088015	66.77516199617679	82.09217947542827	74.6584699453552	92.0022216051097	76.2135922330097	87.53221649484536	92.0022216051097	80.0543970988214	74.6584699453552
