Sample	Gene	Type	Expression	Threshold	Percent difference	Mean Accuracy	Minimum Accuracy	Maximum Accuracy	Sample 1 Accuracy	Sample 2 Accuracy	Sample 3 Accuracy	Sample 4 Accuracy	Sample 5 Accuracy
TH03_0008_S01	RP11-147L13.13	Up	3.91456452349	3.71863245964	5.005207160956903	99.61542626303262	98.63387978142076	100	100	99.75	100	99.69325153374233	98.63387978142076
