Sample	Gene	Type	Expression	Threshold	Percent difference	Mean Accuracy	Minimum Accuracy	Maximum Accuracy	Sample 1 Accuracy	Sample 2 Accuracy	Sample 3 Accuracy	Sample 4 Accuracy	Sample 5 Accuracy
TH03_0008_S01	ZNF764	Up	4.31542131595	3.86031770706	10.54598324404423	99.95370370370371	99.76851851851852	100	100	100	100	100	99.76851851851852
