Sample	Gene	Type	Expression	Threshold	Percent difference	Mean Accuracy	Minimum Accuracy	Maximum Accuracy	Sample 1 Accuracy	Sample 2 Accuracy	Sample 3 Accuracy	Sample 4 Accuracy	Sample 5 Accuracy
TH03_0008_S01	AKR1D1	Up	0.367371065649	0.106960088015	70.88499938718809	87.10771133262554	81.27705627705627	94.5945945945946	81.27705627705627	90.23569023569024	94.5945945945946	86.38036809815951	83.05084745762711
