Sample	Gene	Type	Expression	Threshold	Percent difference	Mean Accuracy	Minimum Accuracy	Maximum Accuracy	Sample 1 Accuracy	Sample 2 Accuracy	Sample 3 Accuracy	Sample 4 Accuracy	Sample 5 Accuracy
TH03_0008_S01	SHANK3	Up	4.99050111136	4.98314571381	0.14738795535496832	18.389961581063744	14.635175031632222	22.274077216801018	16.44771413557541	22.274077216801018	22.22222222222222	16.370619299087856	14.635175031632222
