Sample	Gene	Type	Expression	Threshold	Percent difference	Mean Accuracy	Minimum Accuracy	Maximum Accuracy	Sample 1 Accuracy	Sample 2 Accuracy	Sample 3 Accuracy	Sample 4 Accuracy	Sample 5 Accuracy
TH03_0008_S01	DKFZP434I0714	Up	3.17152710604	2.97823643684	6.094561475823068	99.82936068926213	99.4535519125683	100	100	100	100	99.69325153374233	99.4535519125683
