Sample	Gene	Type	Expression	Threshold	Percent difference	Mean Accuracy	Minimum Accuracy	Maximum Accuracy	Sample 1 Accuracy	Sample 2 Accuracy	Sample 3 Accuracy	Sample 4 Accuracy	Sample 5 Accuracy
TH03_0008_S01	ADAM1A	Up	0.807354922058	0.430246829987	46.709084414785885	83.74849824977386	80.2773497688752	87.53846153846155	81.04196816208393	87.53846153846155	87.21804511278195	82.66666666666667	80.2773497688752
