Sample	Gene	Type	Expression	Threshold	Percent difference	Mean Accuracy	Minimum Accuracy	Maximum Accuracy	Sample 1 Accuracy	Sample 2 Accuracy	Sample 3 Accuracy	Sample 4 Accuracy	Sample 5 Accuracy
TH03_0008_S01	C7orf49	Up	6.8023224849	6.65382242203	2.1830788410817785	99.64250177683013	98.80952380952381	100	100	100	100	99.40298507462687	98.80952380952381
