Sample	Gene	Type	Expression	Threshold	Percent difference	Mean Accuracy	Minimum Accuracy	Maximum Accuracy	Sample 1 Accuracy	Sample 2 Accuracy	Sample 3 Accuracy	Sample 4 Accuracy	Sample 5 Accuracy
TH03_0008_S01	TTC5	Up	4.78398041368	4.73310375214	1.0634797206634925	68.32090834509349	58.94538606403014	80.03502626970229	61.73076923076923	77.46478873239437	80.03502626970229	63.42857142857142	58.94538606403014
