Sample	Gene	Type	Expression	Threshold	Percent difference	Mean Accuracy	Minimum Accuracy	Maximum Accuracy	Sample 1 Accuracy	Sample 2 Accuracy	Sample 3 Accuracy	Sample 4 Accuracy	Sample 5 Accuracy
TH03_0008_S01	RP11-1136G4.2	Up	1.64616265716	1.08263778687	34.23263599371201	99.71874333382237	99.26108374384236	100	100	99.5249406175772	99.8076923076923	100	99.26108374384236
