Sample	Gene	Type	Expression	Threshold	Percent difference	Mean Accuracy	Minimum Accuracy	Maximum Accuracy	Sample 1 Accuracy	Sample 2 Accuracy	Sample 3 Accuracy	Sample 4 Accuracy	Sample 5 Accuracy
TH03_0008_S01	SNORA67	Up	1.38818953716	0.23563234508	83.02592414274612	92.54111984637036	88.06818181818183	95.96774193548387	88.06818181818183	94.32624113475178	95.45454545454545	95.96774193548387	88.88888888888889
