Sample	Gene	Type	Expression	Threshold	Percent difference	Mean Accuracy	Minimum Accuracy	Maximum Accuracy	Sample 1 Accuracy	Sample 2 Accuracy	Sample 3 Accuracy	Sample 4 Accuracy	Sample 5 Accuracy
TH03_0008_S01	DNAJB6	Up	8.29195343398	8.22833538055	0.7672263711623899	99.33227546810537	97.3913043478261	100	99.27007299270073	100	100	97.3913043478261	100
