Sample	Gene	Type	Expression	Threshold	Percent difference	Mean Accuracy	Minimum Accuracy	Maximum Accuracy	Sample 1 Accuracy	Sample 2 Accuracy	Sample 3 Accuracy	Sample 4 Accuracy	Sample 5 Accuracy
TH03_0008_S01	RP11-566K19.8	Up	0.722466024471	0.141808778048	80.3715644411328	90.0485242682942	86.20296465222349	96.17755856966707	86.848635235732	93.41238471673255	96.17755856966707	87.6010781671159	86.20296465222349
