Sample	Gene	Type	Expression	Threshold	Percent difference	Mean Accuracy	Minimum Accuracy	Maximum Accuracy	Sample 1 Accuracy	Sample 2 Accuracy	Sample 3 Accuracy	Sample 4 Accuracy	Sample 5 Accuracy
TH03_0008_S01	GRID2	Up	0.378511623254	0.244370207191	35.43918015246377	87.39651895700803	82.1005081874647	93.75398342893563	85.34836065573771	90.31078610603291	93.75398342893563	85.46895640686922	82.1005081874647
