Sample	Gene	Type	Expression	Threshold	Percent difference	Mean Accuracy	Minimum Accuracy	Maximum Accuracy	Sample 1 Accuracy	Sample 2 Accuracy	Sample 3 Accuracy	Sample 4 Accuracy	Sample 5 Accuracy
TH03_0008_S01	NEURL1	Up	4.68257329735	4.3312125206	7.503583060810707	99.8840054980053	99.69325153374233	100	100	100	100	99.69325153374233	99.72677595628416
