Sample	Gene	Type	Expression	Threshold	Percent difference	Mean Accuracy	Minimum Accuracy	Maximum Accuracy	Sample 1 Accuracy	Sample 2 Accuracy	Sample 3 Accuracy	Sample 4 Accuracy	Sample 5 Accuracy
TH03_0008_S01	FAM13C	Up	4.79701297784	4.69523000717	2.1217989432213376	92.45426301821678	88.9344262295082	96.66048237476808	89.42115768463074	96.00798403193613	96.66048237476808	91.2472647702407	88.9344262295082
