Sample	Gene	Type	Expression	Threshold	Percent difference	Mean Accuracy	Minimum Accuracy	Maximum Accuracy	Sample 1 Accuracy	Sample 2 Accuracy	Sample 3 Accuracy	Sample 4 Accuracy	Sample 5 Accuracy
TH03_0008_S01	KIAA0196-AS1	Up	1.0285691522	0.691053390503	32.81410500938024	98.56846402132484	97.76951672862454	99.52	97.85522788203752	99.52	99.32170542635659	98.37587006960557	97.76951672862454
