Sample	Gene	Type	Expression	Threshold	Percent difference	Mean Accuracy	Minimum Accuracy	Maximum Accuracy	Sample 1 Accuracy	Sample 2 Accuracy	Sample 3 Accuracy	Sample 4 Accuracy	Sample 5 Accuracy
TH03_0148_S01	CEACAM4	Up	1.65076455912	1.46334087849	11.35374996964516	93.76553008672045	89.04428904428904	98.19639278557113	91.93548387096774	97.24310776942356	98.19639278557113	92.40837696335078	89.04428904428904
