Sample	Gene	Type	Expression	Threshold	Percent difference	Mean Accuracy	Minimum Accuracy	Maximum Accuracy	Sample 1 Accuracy	Sample 2 Accuracy	Sample 3 Accuracy	Sample 4 Accuracy	Sample 5 Accuracy
TH03_0148_S01	ENTHD1	Up	0.855989697308	0.311149060726	63.65037316400747	90.24744105459459	88.05555555555556	95.51451187335093	88.13131313131312	88.05555555555556	95.51451187335093	91.04477611940298	88.49104859335038
