Sample	Gene	Type	Expression	Threshold	Percent difference	Mean Accuracy	Minimum Accuracy	Maximum Accuracy	Sample 1 Accuracy	Sample 2 Accuracy	Sample 3 Accuracy	Sample 4 Accuracy	Sample 5 Accuracy
TH03_0148_S01	PTPN7	Up	6.02635744696	5.95064973831	1.2562764375715938	97.89192579480348	96.27118644067797	99.625468164794	97.16312056737588	99.625468164794	98.83040935672514	96.27118644067797	97.56944444444444
