Sample	Gene	Type	Expression	Threshold	Percent difference	Mean Accuracy	Minimum Accuracy	Maximum Accuracy	Sample 1 Accuracy	Sample 2 Accuracy	Sample 3 Accuracy	Sample 4 Accuracy	Sample 5 Accuracy
TH03_0148_S01	RP5-857K21.6	Down	2.95791459863	3.25820851326	10.152217199546108	94.0413637652862	90.43280182232346	97.03389830508475	92.46575342465754	94.81981981981981	97.03389830508475	95.45454545454545	90.43280182232346
