Sample	Gene	Type	Expression	Threshold	Percent difference	Mean Accuracy	Minimum Accuracy	Maximum Accuracy	Sample 1 Accuracy	Sample 2 Accuracy	Sample 3 Accuracy	Sample 4 Accuracy	Sample 5 Accuracy
TH03_0148_S01	AC009133.17	Up	0.432959407276	0.277918636799	35.80953961768654	76.68989264304851	68.07359307359307	90.42792792792793	68.07359307359307	81.14478114478115	90.42792792792793	75.58282208588956	68.22033898305084
