Sample	Gene	Type	Expression	Threshold	Percent difference	Mean Accuracy	Minimum Accuracy	Maximum Accuracy	Sample 1 Accuracy	Sample 2 Accuracy	Sample 3 Accuracy	Sample 4 Accuracy	Sample 5 Accuracy
TH03_0148_S01	CNGA4	Up	0.948600847493	0.502415180206	47.03618687103193	82.2045009520046	74.45838084378563	93.83477188655979	77.1712158808933	85.63899868247694	93.83477188655979	79.91913746630728	74.45838084378563
