Sample	Gene	Type	Expression	Threshold	Percent difference	Mean Accuracy	Minimum Accuracy	Maximum Accuracy	Sample 1 Accuracy	Sample 2 Accuracy	Sample 3 Accuracy	Sample 4 Accuracy	Sample 5 Accuracy
TH03_0148_S01	LGALS2	Up	7.23687524537	7.2279047966	0.12395472446121716	57.197111241797025	49.31506849315068	64.9425287356322	49.31506849315068	64.9425287356322	62	52.10084033613446	57.6271186440678
