Sample	Gene	Type	Expression	Threshold	Percent difference	Mean Accuracy	Minimum Accuracy	Maximum Accuracy	Sample 1 Accuracy	Sample 2 Accuracy	Sample 3 Accuracy	Sample 4 Accuracy	Sample 5 Accuracy
TH03_0148_S01	RP11-343J3.2	Up	0.565597175854	0.344080448151	39.16510498280513	70.00457846752595	59.32377049180327	85.83726742571508	60.709951456310684	78.2860824742268	85.83726742571508	65.86582048957389	59.32377049180327
