Sample	Gene	Type	Expression	Threshold	Percent difference	Mean Accuracy	Minimum Accuracy	Maximum Accuracy	Sample 1 Accuracy	Sample 2 Accuracy	Sample 3 Accuracy	Sample 4 Accuracy	Sample 5 Accuracy
TH03_0148_S01	IL12A-AS1	Up	0.226508529809	0.141808778048	37.39362567600515	75.43414757103956	67.59776536312849	83.06772908366534	67.59776536312849	83.06772908366534	81.63265306122449	74.30232558139535	70.57026476578412
