Sample	Gene	Type	Expression	Threshold	Percent difference	Mean Accuracy	Minimum Accuracy	Maximum Accuracy	Sample 1 Accuracy	Sample 2 Accuracy	Sample 3 Accuracy	Sample 4 Accuracy	Sample 5 Accuracy
TH03_0148_S01	DGKA	Up	7.75321674918	7.75296926498	0.003192019622386484	2.2311870302087775	0	3.64963503649635	3.64963503649635	2.666666666666667	2.7777777777777777	0	2.0618556701030926
