Sample	Gene	Type	Expression	Threshold	Percent difference	Mean Accuracy	Minimum Accuracy	Maximum Accuracy	Sample 1 Accuracy	Sample 2 Accuracy	Sample 3 Accuracy	Sample 4 Accuracy	Sample 5 Accuracy
TH03_0148_S01	LINC01344	Up	0.263034405834	0.0362440273166	86.22080362389038	86.39412141760458	81.46093388811836	94.02308326463314	82.35555555555555	89.48587308939324	94.02308326463314	84.64516129032258	81.46093388811836
