Sample	Gene	Type	Expression	Threshold	Percent difference	Mean Accuracy	Minimum Accuracy	Maximum Accuracy	Sample 1 Accuracy	Sample 2 Accuracy	Sample 3 Accuracy	Sample 4 Accuracy	Sample 5 Accuracy
TH03_0148_S01	RP11-343C2.9	Up	1.80322703643	0.360239803791	80.02249320173254	99.88305081364174	99.70930232558139	100	99.86595174262735	99.83999999999999	99.70930232558139	100	100
