Sample	Gene	Type	Expression	Threshold	Percent difference	Mean Accuracy	Minimum Accuracy	Maximum Accuracy	Sample 1 Accuracy	Sample 2 Accuracy	Sample 3 Accuracy	Sample 4 Accuracy	Sample 5 Accuracy
TH03_0148_S01	WAS	Up	6.67891698668	6.45872211456	3.296864934227253	99.903236914600555	99.72451790633609	100	100	100	99.79166666666667	99.72451790633609	100
