Sample	Gene	Type	Expression	Threshold	Percent difference	Mean Accuracy	Minimum Accuracy	Maximum Accuracy	Sample 1 Accuracy	Sample 2 Accuracy	Sample 3 Accuracy	Sample 4 Accuracy	Sample 5 Accuracy
TH03_0148_S01	PRKCB	Up	5.12680770314	5.03256320953	1.8382685496918116	99.76812804547521	99.38587512794268	100	99.79919678714859	100	99.77037887485649	99.38587512794268	99.88518943742825
