Sample	Gene	Type	Expression	Threshold	Percent difference	Mean Accuracy	Minimum Accuracy	Maximum Accuracy	Sample 1 Accuracy	Sample 2 Accuracy	Sample 3 Accuracy	Sample 4 Accuracy	Sample 5 Accuracy
TH03_0148_S01	PTPN22	Up	4.00270252038	3.85694956779	3.641363599915051	98.31785266331782	97.22222222222221	99.31818181818181	98.63945578231292	99.13419913419914	99.31818181818181	97.27520435967303	97.22222222222221
