Sample	Gene	Type	Expression	Threshold	Percent difference	Mean Accuracy	Minimum Accuracy	Maximum Accuracy	Sample 1 Accuracy	Sample 2 Accuracy	Sample 3 Accuracy	Sample 4 Accuracy	Sample 5 Accuracy
TH03_0148_S01	B3GNT6	Up	0.333423733725	0.176311850548	47.120785740640216	83.74849824977386	80.2773497688752	87.53846153846155	81.04196816208393	87.53846153846155	87.21804511278195	82.66666666666667	80.2773497688752
