Sample	Gene	Type	Expression	Threshold	Percent difference	Mean Accuracy	Minimum Accuracy	Maximum Accuracy	Sample 1 Accuracy	Sample 2 Accuracy	Sample 3 Accuracy	Sample 4 Accuracy	Sample 5 Accuracy
TH03_0148_S01	EIF1AX	Down	3.36737106565	3.36804890633	0.020129669905239032	2.3953681417422024	1.6055045871559634	3.2818532818532815	1.7057569296375266	2.6	3.2818532818532815	1.6055045871559634	2.7837259100642395
