Sample	Gene	Type	Expression	Threshold	Percent difference	Mean Accuracy	Minimum Accuracy	Maximum Accuracy	Sample 1 Accuracy	Sample 2 Accuracy	Sample 3 Accuracy	Sample 4 Accuracy	Sample 5 Accuracy
TH03_0148_S01	HRH4	Up	0.263034405834	0.120062358677	54.35488437479511	84.1909617028417	78.07203389830508	93.58108108108108	78.13852813852814	86.86868686868688	93.58108108108108	84.29447852760737	78.07203389830508
