Sample	Gene	Type	Expression	Threshold	Percent difference	Mean Accuracy	Minimum Accuracy	Maximum Accuracy	Sample 1 Accuracy	Sample 2 Accuracy	Sample 3 Accuracy	Sample 4 Accuracy	Sample 5 Accuracy
TH03_0148_S01	MTCP1	Down	1.22032995488	1.71538484097	40.56729773044708	99.80427857253429	99.53379953379954	100	100	99.74937343358395	100	99.73821989528795	99.53379953379954
