Sample	Gene	Type	Expression	Threshold	Percent difference	Mean Accuracy	Minimum Accuracy	Maximum Accuracy	Sample 1 Accuracy	Sample 2 Accuracy	Sample 3 Accuracy	Sample 4 Accuracy	Sample 5 Accuracy
TH03_0148_S01	IGHE	Up	2.52857131887	1.14868986607	54.571585246670395	99.90325464009675	99.74937343358395	100	100	99.74937343358395	100	100	99.76689976689977
