Sample	Gene	Type	Expression	Threshold	Percent difference	Mean Accuracy	Minimum Accuracy	Maximum Accuracy	Sample 1 Accuracy	Sample 2 Accuracy	Sample 3 Accuracy	Sample 4 Accuracy	Sample 5 Accuracy
TH03_0148_S01	CD72	Up	5.01881218574	4.68450832367	6.661015588904889	99.95833333333333	99.79166666666667	100	100	100	99.79166666666667	100	100
