Sample	Gene	Type	Expression	Threshold	Percent difference	Mean Accuracy	Minimum Accuracy	Maximum Accuracy	Sample 1 Accuracy	Sample 2 Accuracy	Sample 3 Accuracy	Sample 4 Accuracy	Sample 5 Accuracy
TH03_0148_S01	RP11-156E6.1	Down	0.555816155062	0.967135310173	74.00273478289208	91.51271338437924	89.16666666666667	96.83377308707124	90.15151515151516	89.16666666666667	96.83377308707124	91.64179104477613	89.769820971867
