Sample	Gene	Type	Expression	Threshold	Percent difference	Mean Accuracy	Minimum Accuracy	Maximum Accuracy	Sample 1 Accuracy	Sample 2 Accuracy	Sample 3 Accuracy	Sample 4 Accuracy	Sample 5 Accuracy
TH03_0148_S01	ARHGAP30	Up	6.09339115325	6.04449701309	0.8024126291961647	93.64946910633763	88.51894374282435	97.12973593570608	94.17670682730925	96.5079365079365	97.12973593570608	91.91402251791197	88.51894374282435
