Sample	Gene	Type	Expression	Threshold	Percent difference	Mean Accuracy	Minimum Accuracy	Maximum Accuracy	Sample 1 Accuracy	Sample 2 Accuracy	Sample 3 Accuracy	Sample 4 Accuracy	Sample 5 Accuracy
TH03_0148_S01	CD247	Up	5.86294724802	5.27258586884	10.069361947259091	99.95833333333333	99.79166666666667	100	100	100	99.79166666666667	100	100
