Sample	Gene	Type	Expression	Threshold	Percent difference	Mean Accuracy	Minimum Accuracy	Maximum Accuracy	Sample 1 Accuracy	Sample 2 Accuracy	Sample 3 Accuracy	Sample 4 Accuracy	Sample 5 Accuracy
TH03_0148_S01	ATP5H	Down	6.50557340028	6.66517972946	2.4533783474509776	99.55999582074851	99.13793103448276	100	99.56709956709958	100	99.55156950672645	99.13793103448276	99.54337899543378
