Sample	Gene	Type	Expression	Threshold	Percent difference	Mean Accuracy	Minimum Accuracy	Maximum Accuracy	Sample 1 Accuracy	Sample 2 Accuracy	Sample 3 Accuracy	Sample 4 Accuracy	Sample 5 Accuracy
TH03_0148_S01	CD1C	Up	4.26378561389	3.64418411255	14.531722686092458	99.9206336708502	99.800796812749	100	100	100	99.800796812749	99.80237154150198	100
