Sample	Gene	Type	Expression	Threshold	Percent difference	Mean Accuracy	Minimum Accuracy	Maximum Accuracy	Sample 1 Accuracy	Sample 2 Accuracy	Sample 3 Accuracy	Sample 4 Accuracy	Sample 5 Accuracy
TH03_0148_S01	TTC16	Up	0.782408564927	0.74874907732	4.302034655019463	40.62636733546971	33.99209486166008	49.26704907584449	35.8094262295082	46.67885435709933	49.26704907584449	37.384412153236454	33.99209486166008
