Sample	Gene	Type	Expression	Threshold	Percent difference	Mean Accuracy	Minimum Accuracy	Maximum Accuracy	Sample 1 Accuracy	Sample 2 Accuracy	Sample 3 Accuracy	Sample 4 Accuracy	Sample 5 Accuracy
TH03_0148_S01	TNR	Up	0.250961573533	0.244370207191	2.626444458889759	34.00099038621203	28.688524590163933	40.28031687995125	28.688524590163933	40.28031687995125	40.02549394518802	32.10039630118891	28.91022021456804
