Sample	Gene	Type	Expression	Threshold	Percent difference	Mean Accuracy	Minimum Accuracy	Maximum Accuracy	Sample 1 Accuracy	Sample 2 Accuracy	Sample 3 Accuracy	Sample 4 Accuracy	Sample 5 Accuracy
TH03_0148_S01	THAP1	Up	4.34269695998	4.30365276337	0.8990771626436429	54.62344888082714	46.02272727272727	66.58878504672897	46.438746438746435	63.1578947368421	66.58878504672897	50.90909090909091	46.02272727272727
