Sample	Gene	Type	Expression	Threshold	Percent difference	Mean Accuracy	Minimum Accuracy	Maximum Accuracy	Sample 1 Accuracy	Sample 2 Accuracy	Sample 3 Accuracy	Sample 4 Accuracy	Sample 5 Accuracy
TH03_0148_S01	KXD1	Up	7.198592373	7.14711475372	0.7151067404938604	99.12608990109506	97.3913043478261	100	99.27007299270073	100	100	97.3913043478261	98.96907216494846
