Sample	Gene	Type	Expression	Threshold	Percent difference	Mean Accuracy	Minimum Accuracy	Maximum Accuracy	Sample 1 Accuracy	Sample 2 Accuracy	Sample 3 Accuracy	Sample 4 Accuracy	Sample 5 Accuracy
TH03_0148_S01	RP3-423B22.5	Up	2.73335434061	2.63458299637	3.6135579925564105	12.516543263797896	9.659090909090908	15.602836879432624	9.659090909090908	15.602836879432624	12.5	13.709677419354838	11.11111111111111
