Sample	Gene	Type	Expression	Threshold	Percent difference	Mean Accuracy	Minimum Accuracy	Maximum Accuracy	Sample 1 Accuracy	Sample 2 Accuracy	Sample 3 Accuracy	Sample 4 Accuracy	Sample 5 Accuracy
TH03_0148_S01	RP1-225E12.3	Up	0.62293035092	0.071716375649	88.48725615262079	86.40301030649346	81.46093388811836	94.02308326463314	82.39999999999999	89.48587308939324	94.02308326463314	84.64516129032258	81.46093388811836
