Sample	Gene	Type	Expression	Threshold	Percent difference	Mean Accuracy	Minimum Accuracy	Maximum Accuracy	Sample 1 Accuracy	Sample 2 Accuracy	Sample 3 Accuracy	Sample 4 Accuracy	Sample 5 Accuracy
TH03_0148_S01	KCNE1	Up	1.7782085764	0.923047721386	48.09114444523044	99.83848428715349	99.57264957264957	100	100	100	100	99.57264957264957	99.61977186311786
