Sample	Gene	Type	Expression	Threshold	Percent difference	Mean Accuracy	Minimum Accuracy	Maximum Accuracy	Sample 1 Accuracy	Sample 2 Accuracy	Sample 3 Accuracy	Sample 4 Accuracy	Sample 5 Accuracy
TH03_0148_S01	NKX2-1-AS1	Up	0.978195629682	0.0362440273166	96.29480788741792	90.45035277878452	86.65906499429875	96.17755856966707	87.59305210918114	93.41238471673255	96.17755856966707	88.40970350404312	86.65906499429875
