Sample	Gene	Type	Expression	Threshold	Percent difference	Mean Accuracy	Minimum Accuracy	Maximum Accuracy	Sample 1 Accuracy	Sample 2 Accuracy	Sample 3 Accuracy	Sample 4 Accuracy	Sample 5 Accuracy
TH03_0148_S01	LGSN	Up	0.454175893186	0.311149060726	31.491506838172445	73.40998133588594	64.99429874572405	83.97040690505548	68.11414392059554	77.733860342556	83.97040690505548	72.23719676549865	64.99429874572405
