Sample	Gene	Type	Expression	Threshold	Percent difference	Mean Accuracy	Minimum Accuracy	Maximum Accuracy	Sample 1 Accuracy	Sample 2 Accuracy	Sample 3 Accuracy	Sample 4 Accuracy	Sample 5 Accuracy
TH03_0148_S01	ANAPC11	Down	4.98913900737	5.38275718689	7.889501153175798	99.09801417778182	96.76113360323887	100	96.76113360323887	99.52606635071089	100	99.59349593495935	99.609375
