Sample	Gene	Type	Expression	Threshold	Percent difference	Mean Accuracy	Minimum Accuracy	Maximum Accuracy	Sample 1 Accuracy	Sample 2 Accuracy	Sample 3 Accuracy	Sample 4 Accuracy	Sample 5 Accuracy
TH03_0148_S01	CNN2P1	Up	0.748461233004	0.661560535431	11.610580981491607	38.98544960944572	31.23209169054441	47.50390015600624	31.23209169054441	47.50390015600624	43.69461486025904	38.29201101928375	34.20463032113518
