Sample	Gene	Type	Expression	Threshold	Percent difference	Mean Accuracy	Minimum Accuracy	Maximum Accuracy	Sample 1 Accuracy	Sample 2 Accuracy	Sample 3 Accuracy	Sample 4 Accuracy	Sample 5 Accuracy
TH03_0148_S01	FLJ38122	Up	0.389566811763	0.154778897762	60.26897233325859	86.12014770939933	79.2364990689013	94.52690166975881	79.2364990689013	89.5418326693227	94.52690166975881	85.11627906976744	82.17922606924644
