Sample	Gene	Type	Expression	Threshold	Percent difference	Mean Accuracy	Minimum Accuracy	Maximum Accuracy	Sample 1 Accuracy	Sample 2 Accuracy	Sample 3 Accuracy	Sample 4 Accuracy	Sample 5 Accuracy
TH03_0159_S01	ECSCR	Up	5.29645740737	5.26706600189	0.5549257403467865	77.0133598342727	66.11111111111111	87.85529715762273	66.11111111111111	87.42857142857143	87.85529715762273	73.73134328358208	69.94047619047619
