Sample	Gene	Type	Expression	Threshold	Percent difference	Mean Accuracy	Minimum Accuracy	Maximum Accuracy	Sample 1 Accuracy	Sample 2 Accuracy	Sample 3 Accuracy	Sample 4 Accuracy	Sample 5 Accuracy
TH03_0159_S01	FKBP7	Up	6.35138098067	6.16430950165	2.945366993246658	99.88077469793888	99.70149253731343	100	100	100	100	99.70149253731343	99.70238095238095
