Sample	Gene	Type	Expression	Threshold	Percent difference	Mean Accuracy	Minimum Accuracy	Maximum Accuracy	Sample 1 Accuracy	Sample 2 Accuracy	Sample 3 Accuracy	Sample 4 Accuracy	Sample 5 Accuracy
TH03_0159_S01	CLLU1	Up	0.150559676575	0.071774750948	52.32803856864954	88.0365178241187	85.97842835130972	91.6923076923077	86.10709117221418	91.6923076923077	88.57142857142857	87.83333333333333	85.97842835130972
