Sample	Gene	Type	Expression	Threshold	Percent difference	Mean Accuracy	Minimum Accuracy	Maximum Accuracy	Sample 1 Accuracy	Sample 2 Accuracy	Sample 3 Accuracy	Sample 4 Accuracy	Sample 5 Accuracy
TH03_0159_S01	MAB21L1	Up	1.18269229752	0.812087893486	31.33565719596926	99.9533178653823	99.88214496169712	100	99.95466908431551	100	100	99.92977528089888	99.88214496169712
