Sample	Gene	Type	Expression	Threshold	Percent difference	Mean Accuracy	Minimum Accuracy	Maximum Accuracy	Sample 1 Accuracy	Sample 2 Accuracy	Sample 3 Accuracy	Sample 4 Accuracy	Sample 5 Accuracy
TH03_0159_S01	PLIN1	Up	2.61588707392	1.91377294064	26.840383909533877	99.83848428715349	99.57264957264957	100	100	100	100	99.57264957264957	99.61977186311786
