Sample	Gene	Type	Expression	Threshold	Percent difference	Mean Accuracy	Minimum Accuracy	Maximum Accuracy	Sample 1 Accuracy	Sample 2 Accuracy	Sample 3 Accuracy	Sample 4 Accuracy	Sample 5 Accuracy
TH03_0004_S03	SF3B1	Down	5.53946903475	5.55810928345	0.33649883378835116	63.67198139572993	56.038647342995176	74.57627118644068	59.523809523809526	74.57627118644068	65.25821596244131	62.96296296296296	56.038647342995176
