Sample	Gene	Type	Expression	Threshold	Percent difference	Mean Accuracy	Minimum Accuracy	Maximum Accuracy	Sample 1 Accuracy	Sample 2 Accuracy	Sample 3 Accuracy	Sample 4 Accuracy	Sample 5 Accuracy
TH03_0004_S03	COMMD8	Down	1.69153416492	1.82351219654	7.802268163247056	87.374060017185	81.35198135198135	94.18837675350701	83.17972350230414	90.97744360902256	94.18837675350701	87.17277486910994	81.35198135198135
