Sample	Gene	Type	Expression	Threshold	Percent difference	Mean Accuracy	Minimum Accuracy	Maximum Accuracy	Sample 1 Accuracy	Sample 2 Accuracy	Sample 3 Accuracy	Sample 4 Accuracy	Sample 5 Accuracy
TH03_0004_S03	RP11-513G11.3	Up	0.748461233004	0.071774750948	90.41035824127762	87.09952955447905	81.73352435530086	92.84253578732107	81.73352435530086	91.41965678627145	92.84253578732107	87.05234159779614	82.44958924570575
