Sample	Gene	Type	Expression	Threshold	Percent difference	Mean Accuracy	Minimum Accuracy	Maximum Accuracy	Sample 1 Accuracy	Sample 2 Accuracy	Sample 3 Accuracy	Sample 4 Accuracy	Sample 5 Accuracy
TH03_0004_S03	DDX56	Down	4.31759350462	4.32948303223	0.27537394609469135	22.25603591896004	18.076923076923077	27.845884413309985	18.076923076923077	26.156941649899395	27.845884413309985	19.238095238095237	19.962335216572505
