Sample	Gene	Type	Expression	Threshold	Percent difference	Mean Accuracy	Minimum Accuracy	Maximum Accuracy	Sample 1 Accuracy	Sample 2 Accuracy	Sample 3 Accuracy	Sample 4 Accuracy	Sample 5 Accuracy
TH03_0004_S03	ARPC5L	Down	3.64154602909	3.65268087387	0.30577245738625086	23.501478883225264	18.543046357615893	27.973568281938327	21.563981042654028	27.973568281938327	27.490039840637447	21.936758893280633	18.543046357615893
