Sample	Gene	Type	Expression	Threshold	Percent difference	Mean Accuracy	Minimum Accuracy	Maximum Accuracy	Sample 1 Accuracy	Sample 2 Accuracy	Sample 3 Accuracy	Sample 4 Accuracy	Sample 5 Accuracy
TH03_0004_S03	HMGN1	Down	5.24488705912	5.35185337067	2.039439750451881	99.35119884305796	98.81656804733728	99.71098265895954	99.25373134328358	99.71098265895954	99.54128440366972	98.81656804733728	99.43342776203966
