Sample	Gene	Type	Expression	Threshold	Percent difference	Mean Accuracy	Minimum Accuracy	Maximum Accuracy	Sample 1 Accuracy	Sample 2 Accuracy	Sample 3 Accuracy	Sample 4 Accuracy	Sample 5 Accuracy
TH03_0004_S03	VPS37C	Down	2.09423606985	2.1367213726	2.028677824895016	53.58376229168216	43.72623574144487	64.64285714285715	48.78048780487805	63.33333333333333	64.64285714285715	47.43589743589743	43.72623574144487
