Sample	Gene	Type	Expression	Threshold	Percent difference	Mean Accuracy	Minimum Accuracy	Maximum Accuracy	Sample 1 Accuracy	Sample 2 Accuracy	Sample 3 Accuracy	Sample 4 Accuracy	Sample 5 Accuracy
TH03_0004_S03	PPP2R4	Down	4.43496176019	4.58799982071	3.450718829049019	98.35499538789327	97.64453961456103	98.84169884169884	98.29424307036247	98.6	98.84169884169884	98.39449541284404	97.64453961456103
