Sample	Gene	Type	Expression	Threshold	Percent difference	Mean Accuracy	Minimum Accuracy	Maximum Accuracy	Sample 1 Accuracy	Sample 2 Accuracy	Sample 3 Accuracy	Sample 4 Accuracy	Sample 5 Accuracy
TH03_0004_S03	SEC61A1	Down	5.19337751056	5.2610616684	1.3032782173522608	98.86757494532544	97.58897818599311	99.84126984126985	99.19678714859438	99.84126984126985	99.65556831228473	98.05527123848515	97.58897818599311
