Sample	Gene	Type	Expression	Threshold	Percent difference	Mean Accuracy	Minimum Accuracy	Maximum Accuracy	Sample 1 Accuracy	Sample 2 Accuracy	Sample 3 Accuracy	Sample 4 Accuracy	Sample 5 Accuracy
TH03_0004_S03	RP11-115D19.1	Up	1.57046293103	1.46266138554	6.864316461089446	83.93171575823727	76.45687645687646	91.38276553106212	79.03225806451613	87.96992481203007	91.38276553106212	84.81675392670157	76.45687645687646
