Sample	Gene	Type	Expression	Threshold	Percent difference	Mean Accuracy	Minimum Accuracy	Maximum Accuracy	Sample 1 Accuracy	Sample 2 Accuracy	Sample 3 Accuracy	Sample 4 Accuracy	Sample 5 Accuracy
TH03_0004_S03	ZNF783	Down	0.411426245726	0.505495667458	22.864224805592002	78.21992797465403	71.37210615471486	87.06182281708095	74.38524590163934	82.38878732480195	87.06182281708095	75.89167767503302	71.37210615471486
