Sample	Gene	Type	Expression	Threshold	Percent difference	Mean Accuracy	Minimum Accuracy	Maximum Accuracy	Sample 1 Accuracy	Sample 2 Accuracy	Sample 3 Accuracy	Sample 4 Accuracy	Sample 5 Accuracy
TH03_0004_S03	UNC45A	Down	3.5885647374	3.66672444344	2.1780213472372427	94.88725270975272	89.89071038251366	98.5	93.993993993994	98.5	98.18652849740933	93.86503067484662	89.89071038251366
