Sample	Gene	Type	Expression	Threshold	Percent difference	Mean Accuracy	Minimum Accuracy	Maximum Accuracy	Sample 1 Accuracy	Sample 2 Accuracy	Sample 3 Accuracy	Sample 4 Accuracy	Sample 5 Accuracy
TH03_0004_S03	MEG9	Up	1.20163386117	0.958525717258	20.23146582065288	97.04397783184625	95.6	99.1686460807601	96.76375404530745	97.76422764227642	99.1686460807601	95.92326139088729	95.6
