Sample	Gene	Type	Expression	Threshold	Percent difference	Mean Accuracy	Minimum Accuracy	Maximum Accuracy	Sample 1 Accuracy	Sample 2 Accuracy	Sample 3 Accuracy	Sample 4 Accuracy	Sample 5 Accuracy
TH03_0004_S03	RP3-467N11.2	Up	0.356143810225	0.277918636799	21.96449051763105	57.049093495093274	47.06666666666667	74.1962077493817	47.06666666666667	64.47429365446966	74.1962077493817	51.935483870967744	47.57281553398058
