Sample	Gene	Type	Expression	Threshold	Percent difference	Mean Accuracy	Minimum Accuracy	Maximum Accuracy	Sample 1 Accuracy	Sample 2 Accuracy	Sample 3 Accuracy	Sample 4 Accuracy	Sample 5 Accuracy
TH03_0004_S03	SPIC	Up	0.389566811763	0.210507676005	45.96365253694503	76.01279595115726	67.12034383954155	89.50238582140423	67.12034383954155	79.79719188767551	89.50238582140423	75.75757575757575	67.88648244958925
