Sample	Gene	Type	Expression	Threshold	Percent difference	Mean Accuracy	Minimum Accuracy	Maximum Accuracy	Sample 1 Accuracy	Sample 2 Accuracy	Sample 3 Accuracy	Sample 4 Accuracy	Sample 5 Accuracy
TH03_0004_S03	LINC01545	Up	1.43829285158	1.10363090038	23.267997948565593	95.77767799895098	93.2975871313673	98.35271317829456	93.2975871313673	97.92	98.35271317829456	95.82366589327145	93.49442379182156
