Sample	Gene	Type	Expression	Threshold	Percent difference	Mean Accuracy	Minimum Accuracy	Maximum Accuracy	Sample 1 Accuracy	Sample 2 Accuracy	Sample 3 Accuracy	Sample 4 Accuracy	Sample 5 Accuracy
TH03_0004_S03	ASAH2	Up	2.31034012061	1.63714373112	29.138410551960447	99.93927292156208	99.85955056179775	100	99.95466908431551	100	100	99.85955056179775	99.88214496169712
