Sample	Gene	Type	Expression	Threshold	Percent difference	Mean Accuracy	Minimum Accuracy	Maximum Accuracy	Sample 1 Accuracy	Sample 2 Accuracy	Sample 3 Accuracy	Sample 4 Accuracy	Sample 5 Accuracy
TH03_0004_S03	TMEM128	Down	2.12101540096	2.29177880287	8.05102130954401	87.6919823506263	81.81818181818183	94.58917835671342	83.6405529953917	90.97744360902256	94.58917835671342	87.43455497382199	81.81818181818183
