Sample	Gene	Type	Expression	Threshold	Percent difference	Mean Accuracy	Minimum Accuracy	Maximum Accuracy	Sample 1 Accuracy	Sample 2 Accuracy	Sample 3 Accuracy	Sample 4 Accuracy	Sample 5 Accuracy
TH03_0004_S03	XPO1	Down	3.67016051413	3.80273342133	3.6121828102503613	99.0912798771066	97.97553774778575	99.86876640419948	99.36941671045717	99.49087823504455	99.86876640419948	98.75180028804608	97.97553774778575
