Sample	Gene	Type	Expression	Threshold	Percent difference	Mean Accuracy	Minimum Accuracy	Maximum Accuracy	Sample 1 Accuracy	Sample 2 Accuracy	Sample 3 Accuracy	Sample 4 Accuracy	Sample 5 Accuracy
TH03_0004_S03	DHX9	Down	4.83693401132	4.88657188416	1.0262259671897778	79.08449488271597	71.27794179671025	85.40517607127704	76.77351550183921	85.40517607127704	85.34558180227472	76.62025924147864	71.27794179671025
