Sample	Gene	Type	Expression	Threshold	Percent difference	Mean Accuracy	Minimum Accuracy	Maximum Accuracy	Sample 1 Accuracy	Sample 2 Accuracy	Sample 3 Accuracy	Sample 4 Accuracy	Sample 5 Accuracy
TH03_0004_S03	NELFB	Down	3.41953889151	3.54792261124	3.754416130454031	98.51029264263985	97.54768392370572	99.31818181818181	98.86621315192744	99.13419913419914	99.31818181818181	97.54768392370572	97.68518518518519
