Sample	Gene	Type	Expression	Threshold	Percent difference	Mean Accuracy	Minimum Accuracy	Maximum Accuracy	Sample 1 Accuracy	Sample 2 Accuracy	Sample 3 Accuracy	Sample 4 Accuracy	Sample 5 Accuracy
TH03_0004_S03	ANXA10	Up	1.79077203786	0.627689063549	64.94868971155603	99.92698713394901	99.79674796747967	100	99.83818770226537	99.79674796747967	100	100	100
