Sample	Gene	Type	Expression	Threshold	Percent difference	Mean Accuracy	Minimum Accuracy	Maximum Accuracy	Sample 1 Accuracy	Sample 2 Accuracy	Sample 3 Accuracy	Sample 4 Accuracy	Sample 5 Accuracy
TH03_0004_S03	TMEM184B	Down	2.82374936031	2.8364546299	0.44994324810064745	18.75602591836138	14.142604596346494	23.329493087557605	17.452402538531278	23.329493087557605	23.265741728922094	15.589887640449437	14.142604596346494
