Sample	Gene	Type	Expression	Threshold	Percent difference	Mean Accuracy	Minimum Accuracy	Maximum Accuracy	Sample 1 Accuracy	Sample 2 Accuracy	Sample 3 Accuracy	Sample 4 Accuracy	Sample 5 Accuracy
TH03_0004_S03	F12	Up	7.50803242748	7.47655582428	0.4192390417067579	96.20937161529518	93.10344827586206	98.76543209876543	94.73684210526315	98.55072463768117	98.76543209876543	93.10344827586206	95.8904109589041
