Sample	Gene	Type	Expression	Threshold	Percent difference	Mean Accuracy	Minimum Accuracy	Maximum Accuracy	Sample 1 Accuracy	Sample 2 Accuracy	Sample 3 Accuracy	Sample 4 Accuracy	Sample 5 Accuracy
TH03_0004_S03	SGSM3	Down	3.20633064787	3.23655247688	0.9425674494948454	66.01549672621566	56.557377049180324	75.249500998004	61.477045908183634	75.249500998004	74.21150278293135	62.58205689277899	56.557377049180324
