Sample	Gene	Type	Expression	Threshold	Percent difference	Mean Accuracy	Minimum Accuracy	Maximum Accuracy	Sample 1 Accuracy	Sample 2 Accuracy	Sample 3 Accuracy	Sample 4 Accuracy	Sample 5 Accuracy
TH03_0004_S03	SLC6A11	Up	3.39369076419	3.32627868652	1.9863942343046694	94.74559692302479	90.80556727119358	97.63779527559055	94.27220178665266	97.15740347899873	97.63779527559055	93.85501680268843	90.80556727119358
