Sample	Gene	Type	Expression	Threshold	Percent difference	Mean Accuracy	Minimum Accuracy	Maximum Accuracy	Sample 1 Accuracy	Sample 2 Accuracy	Sample 3 Accuracy	Sample 4 Accuracy	Sample 5 Accuracy
TH03_0004_S03	DIS3L2	Down	2.27202318906	2.33504462242	2.7738023829797975	62.88887124909225	54.7486033519553	72.25274725274726	56.02094240837696	72.25274725274726	70.22332506203473	61.198738170347	54.7486033519553
