Sample	Gene	Type	Expression	Threshold	Percent difference	Mean Accuracy	Minimum Accuracy	Maximum Accuracy	Sample 1 Accuracy	Sample 2 Accuracy	Sample 3 Accuracy	Sample 4 Accuracy	Sample 5 Accuracy
TH03_0004_S03	RP11-142A22.4	Up	0.411426245726	0.210507676005	48.83465063500274	77.020293357667	68.69627507163324	89.91138377641445	68.69627507163324	80.26521060842434	89.91138377641445	76.40036730945822	69.82823002240478
