Sample	Gene	Type	Expression	Threshold	Percent difference	Mean Accuracy	Minimum Accuracy	Maximum Accuracy	Sample 1 Accuracy	Sample 2 Accuracy	Sample 3 Accuracy	Sample 4 Accuracy	Sample 5 Accuracy
TH03_0004_S03	RGSL1	Up	0.847996906555	0.0362440273166	95.72592458339949	90.34467634931016	86.65906499429875	96.17755856966707	87.46898263027295	93.41238471673255	96.17755856966707	88.0053908355795	86.65906499429875
