Sample	Gene	Type	Expression	Threshold	Percent difference	Mean Accuracy	Minimum Accuracy	Maximum Accuracy	Sample 1 Accuracy	Sample 2 Accuracy	Sample 3 Accuracy	Sample 4 Accuracy	Sample 5 Accuracy
TH03_0004_S03	LINC01578	Down	3.65764000521	3.83336210251	4.804248013738331	97.40114745633987	93.11740890688259	99.29577464788733	93.11740890688259	98.5781990521327	99.29577464788733	97.96747967479675	98.046875
