Sample	Gene	Type	Expression	Threshold	Percent difference	Mean Accuracy	Minimum Accuracy	Maximum Accuracy	Sample 1 Accuracy	Sample 2 Accuracy	Sample 3 Accuracy	Sample 4 Accuracy	Sample 5 Accuracy
TH03_0004_S03	THAP4	Down	3.52857131887	3.82825565338	8.493078569996753	99.92423997847726	99.80952380952381	100	100	100	100	99.80952380952381	99.81167608286252
