Sample	Gene	Type	Expression	Threshold	Percent difference	Mean Accuracy	Minimum Accuracy	Maximum Accuracy	Sample 1 Accuracy	Sample 2 Accuracy	Sample 3 Accuracy	Sample 4 Accuracy	Sample 5 Accuracy
TH03_0004_S03	RAD51L3-RFFL	Up	0.250961573533	0.216049432755	13.911349170517248	41.61166626517	34.93333333333333	52.10745715609079	34.93333333333333	52.10745715609079	45.630667765869745	39.74193548387097	35.64493758668516
