Sample	Gene	Type	Expression	Threshold	Percent difference	Mean Accuracy	Minimum Accuracy	Maximum Accuracy	Sample 1 Accuracy	Sample 2 Accuracy	Sample 3 Accuracy	Sample 4 Accuracy	Sample 5 Accuracy
TH03_0004_S03	MINOS1	Down	4.73660487531	5.08947324753	7.44981651434257	97.60000066074208	95.45454545454545	99.3421052631579	97.35099337748345	98.63013698630137	97.22222222222221	99.3421052631579	95.45454545454545
