Sample	Gene	Type	Expression	Threshold	Percent difference	Mean Accuracy	Minimum Accuracy	Maximum Accuracy	Sample 1 Accuracy	Sample 2 Accuracy	Sample 3 Accuracy	Sample 4 Accuracy	Sample 5 Accuracy
TH03_0004_S03	LSM4	Down	5.00495075995	5.08934688568	1.6862528679671502	99.1169272684198	97.32142857142857	100	99.44444444444444	99.71428571428571	100	99.1044776119403	97.32142857142857
