Sample	Gene	Type	Expression	Threshold	Percent difference	Mean Accuracy	Minimum Accuracy	Maximum Accuracy	Sample 1 Accuracy	Sample 2 Accuracy	Sample 3 Accuracy	Sample 4 Accuracy	Sample 5 Accuracy
TH03_0004_S03	RP11-655M14.13	Up	2.52356195606	0.535611569881	78.77557281307084	99.95934959349593	99.79674796747967	100	100	99.79674796747967	100	100	100
