Sample	Gene	Type	Expression	Threshold	Percent difference	Mean Accuracy	Minimum Accuracy	Maximum Accuracy	Sample 1 Accuracy	Sample 2 Accuracy	Sample 3 Accuracy	Sample 4 Accuracy	Sample 5 Accuracy
TH03_0004_S03	H2AFZ	Down	4.98322165074	5.07685804367	1.8790332739081526	84.06121980745834	76.70454545454545	92.5233644859813	79.48717948717949	91.3312693498452	92.5233644859813	80.25974025974027	76.70454545454545
