Sample	Gene	Type	Expression	Threshold	Percent difference	Mean Accuracy	Minimum Accuracy	Maximum Accuracy	Sample 1 Accuracy	Sample 2 Accuracy	Sample 3 Accuracy	Sample 4 Accuracy	Sample 5 Accuracy
TH03_0004_S03	FTSJ2	Down	3.06867081067	3.07623887062	0.2466233889827928	20.43407363112625	16.761904761904763	25.91943957968476	17.115384615384617	23.541247484909455	25.91943957968476	16.761904761904763	18.832391713747647
