Sample	Gene	Type	Expression	Threshold	Percent difference	Mean Accuracy	Minimum Accuracy	Maximum Accuracy	Sample 1 Accuracy	Sample 2 Accuracy	Sample 3 Accuracy	Sample 4 Accuracy	Sample 5 Accuracy
TH03_0004_S03	TAZ	Down	2.23878685959	2.48340535164	10.926385913074304	96.11377013157244	93.62186788154897	99.14346895074947	94.66019417475728	97.95918367346938	99.14346895074947	95.18413597733712	93.62186788154897
