Sample	Gene	Type	Expression	Threshold	Percent difference	Mean Accuracy	Minimum Accuracy	Maximum Accuracy	Sample 1 Accuracy	Sample 2 Accuracy	Sample 3 Accuracy	Sample 4 Accuracy	Sample 5 Accuracy
TH03_0004_S03	KRT222	Up	1.73118324157	1.46738910675	15.237793925313564	98.66860769539524	97.49430523917995	99.78586723768737	98.30097087378641	99.74489795918367	99.78586723768737	98.01699716713881	97.49430523917995
