Sample	Gene	Type	Expression	Threshold	Percent difference	Mean Accuracy	Minimum Accuracy	Maximum Accuracy	Sample 1 Accuracy	Sample 2 Accuracy	Sample 3 Accuracy	Sample 4 Accuracy	Sample 5 Accuracy
TH03_0004_S03	AGTRAP	Down	3.02147972741	3.10483574867	2.7587814177211833	93.44949978740956	89.77272727272727	97.42990654205607	90.88319088319088	97.21362229102168	97.42990654205607	91.94805194805194	89.77272727272727
