Sample	Gene	Type	Expression	Threshold	Percent difference	Mean Accuracy	Minimum Accuracy	Maximum Accuracy	Sample 1 Accuracy	Sample 2 Accuracy	Sample 3 Accuracy	Sample 4 Accuracy	Sample 5 Accuracy
TH02_0081_S01	TMPRSS12	Up	0.214124805353	0.071774750948	66.47994573553764	92.38948296780254	89.1891891891892	96.12546125461255	89.1891891891892	94.68503937007874	96.12546125461255	91.40969162995594	90.53803339517626
