Sample	Gene	Type	Expression	Threshold	Percent difference	Mean Accuracy	Minimum Accuracy	Maximum Accuracy	Sample 1 Accuracy	Sample 2 Accuracy	Sample 3 Accuracy	Sample 4 Accuracy	Sample 5 Accuracy
TH02_0081_S01	PCDHB1	Up	0.344828496997	0.106960088015	68.98165640413107	94.93501860076152	92.03839638622247	97.83301465901847	94.2110655737705	95.61243144424132	97.83301465901847	94.98018494055482	92.03839638622247
