Sample	Gene	Type	Expression	Threshold	Percent difference	Mean Accuracy	Minimum Accuracy	Maximum Accuracy	Sample 1 Accuracy	Sample 2 Accuracy	Sample 3 Accuracy	Sample 4 Accuracy	Sample 5 Accuracy
TH02_0081_S01	RBBP6	Up	6.52559910792	6.38030338287	2.2265499710770893	99.81156098705813	99.48822927328557	100	99.79919678714859	100	99.88518943742825	99.48822927328557	99.88518943742825
