Sample	Gene	Type	Expression	Threshold	Percent difference	Mean Accuracy	Minimum Accuracy	Maximum Accuracy	Sample 1 Accuracy	Sample 2 Accuracy	Sample 3 Accuracy	Sample 4 Accuracy	Sample 5 Accuracy
TH02_0081_S01	INTS6	Up	5.40633257782	5.34619426727	1.1123679441535541	97.55850151304016	95.29276693455799	99.42594718714122	97.18875502008032	99.36507936507937	99.42594718714122	96.51995905834187	95.29276693455799
