Sample	Gene	Type	Expression	Threshold	Percent difference	Mean Accuracy	Minimum Accuracy	Maximum Accuracy	Sample 1 Accuracy	Sample 2 Accuracy	Sample 3 Accuracy	Sample 4 Accuracy	Sample 5 Accuracy
TH02_0081_S01	RPL23AP23	Up	0.910732661903	0.176311850548	80.64065801927079	83.30189260771694	76.84426229508196	92.58539294640377	77.76092233009709	88.17654639175258	92.58539294640377	81.14233907524931	76.84426229508196
