Sample	Gene	Type	Expression	Threshold	Percent difference	Mean Accuracy	Minimum Accuracy	Maximum Accuracy	Sample 1 Accuracy	Sample 2 Accuracy	Sample 3 Accuracy	Sample 4 Accuracy	Sample 5 Accuracy
TH02_0081_S01	PPP4C	Down	4.60110220338	4.82856369019	4.943630390190106	99.58268720799704	99.01185770750988	100	99.76303317535546	100	99.800796812749	99.01185770750988	99.33774834437085
