Sample	Gene	Type	Expression	Threshold	Percent difference	Mean Accuracy	Minimum Accuracy	Maximum Accuracy	Sample 1 Accuracy	Sample 2 Accuracy	Sample 3 Accuracy	Sample 4 Accuracy	Sample 5 Accuracy
TH02_0081_S01	NR2C2	Up	5.78920757535	5.67690134048	1.9399241331091917	99.76812804547521	99.38587512794268	100	99.79919678714859	100	99.77037887485649	99.38587512794268	99.88518943742825
