Sample	Gene	Type	Expression	Threshold	Percent difference	Mean Accuracy	Minimum Accuracy	Maximum Accuracy	Sample 1 Accuracy	Sample 2 Accuracy	Sample 3 Accuracy	Sample 4 Accuracy	Sample 5 Accuracy
TH02_0081_S01	XXbac-B562F10.11	Up	2.21412480535	1.47864305973	33.217718524396275	99.9071080650028	99.76076555023924	100	100	99.77477477477478	100	99.76076555023924	100
