Sample	Gene	Type	Expression	Threshold	Percent difference	Mean Accuracy	Minimum Accuracy	Maximum Accuracy	Sample 1 Accuracy	Sample 2 Accuracy	Sample 3 Accuracy	Sample 4 Accuracy	Sample 5 Accuracy
TH02_0081_S01	UBE4A	Up	5.86814347967	5.79662561417	1.2187477308244277	98.42035227625914	97.12973593570608	99.68253968253968	98.19277108433735	99.68253968253968	99.65556831228473	97.44114636642784	97.12973593570608
