Sample	Gene	Type	Expression	Threshold	Percent difference	Mean Accuracy	Minimum Accuracy	Maximum Accuracy	Sample 1 Accuracy	Sample 2 Accuracy	Sample 3 Accuracy	Sample 4 Accuracy	Sample 5 Accuracy
TH02_0081_S01	MACF1	Up	8.24231668224	8.23814487457	0.050614503553216166	39.055085647906886	33.90804597701149	47.82608695652174	38.18181818181819	47.82608695652174	38.88888888888889	33.90804597701149	36.470588235294116
