Sample	Gene	Type	Expression	Threshold	Percent difference	Mean Accuracy	Minimum Accuracy	Maximum Accuracy	Sample 1 Accuracy	Sample 2 Accuracy	Sample 3 Accuracy	Sample 4 Accuracy	Sample 5 Accuracy
TH02_0081_S01	UBAC2	Down	4.18745105403	4.18987131119	0.057797861485940814	4.4768047651634975	2.6490066225165565	5.9760956175298805	3.5545023696682465	5.066079295154185	5.9760956175298805	5.138339920948617	2.6490066225165565
