Sample	Gene	Type	Expression	Threshold	Percent difference	Mean Accuracy	Minimum Accuracy	Maximum Accuracy	Sample 1 Accuracy	Sample 2 Accuracy	Sample 3 Accuracy	Sample 4 Accuracy	Sample 5 Accuracy
TH02_0081_S01	RPL7AP26	Up	0.555816155062	0.244370207191	56.03398624429312	81.9627338455565	74.98844197873325	92.1681780708986	75.6888888888889	87.3552570634553	92.1681780708986	79.61290322580645	74.98844197873325
