Sample	Gene	Type	Expression	Threshold	Percent difference	Mean Accuracy	Minimum Accuracy	Maximum Accuracy	Sample 1 Accuracy	Sample 2 Accuracy	Sample 3 Accuracy	Sample 4 Accuracy	Sample 5 Accuracy
TH02_0081_S01	RN7SL431P	Up	2.25701061821	1.08263778687	52.032224477143885	90.203283694876	82.22222222222221	94.6969696969697	86.93181818181817	93.61702127659575	94.6969696969697	93.54838709677419	82.22222222222221
