Sample	Gene	Type	Expression	Threshold	Percent difference	Mean Accuracy	Minimum Accuracy	Maximum Accuracy	Sample 1 Accuracy	Sample 2 Accuracy	Sample 3 Accuracy	Sample 4 Accuracy	Sample 5 Accuracy
TH02_0081_S01	ZNF680	Up	5.68594014845	5.47553777695	3.7003972255556716	99.903236914600555	99.72451790633609	100	100	100	99.79166666666667	99.72451790633609	100
