Sample	Gene	Type	Expression	Threshold	Percent difference	Mean Accuracy	Minimum Accuracy	Maximum Accuracy	Sample 1 Accuracy	Sample 2 Accuracy	Sample 3 Accuracy	Sample 4 Accuracy	Sample 5 Accuracy
TH02_0081_S01	RBPJ	Up	6.64197946609	6.61768531799	0.3657666848268754	66.22761049084818	58.87096774193549	75.64575645756457	60.89108910891089	72.51184834123224	75.64575645756457	63.2183908045977	58.87096774193549
