Sample	Gene	Type	Expression	Threshold	Percent difference	Mean Accuracy	Minimum Accuracy	Maximum Accuracy	Sample 1 Accuracy	Sample 2 Accuracy	Sample 3 Accuracy	Sample 4 Accuracy	Sample 5 Accuracy
TH02_0081_S01	FAM177B	Up	1.55581615506	1.37757611275	11.456369168703375	93.91005200628038	89.04428904428904	98.19639278557113	92.3963133640553	97.24310776942356	98.19639278557113	92.67015706806284	89.04428904428904
