Sample	Gene	Type	Expression	Threshold	Percent difference	Mean Accuracy	Minimum Accuracy	Maximum Accuracy	Sample 1 Accuracy	Sample 2 Accuracy	Sample 3 Accuracy	Sample 4 Accuracy	Sample 5 Accuracy
TH02_0081_S01	NPHP3-AS1	Up	0.545968369105	0.154226914048	71.75167596232313	92.62145381218251	89.54954954954954	96.12546125461255	89.54954954954954	95.07874015748031	96.12546125461255	91.62995594713657	90.72356215213358
