Sample	Gene	Type	Expression	Threshold	Percent difference	Mean Accuracy	Minimum Accuracy	Maximum Accuracy	Sample 1 Accuracy	Sample 2 Accuracy	Sample 3 Accuracy	Sample 4 Accuracy	Sample 5 Accuracy
TH02_0081_S01	RP11-290I21.2	Up	1.21412480535	0.0362440273166	97.01480217215791	99.90243065860298	99.8062015503876	100	99.86595174262735	99.83999999999999	99.8062015503876	100	100
