Sample	Gene	Type	Expression	Threshold	Percent difference	Mean Accuracy	Minimum Accuracy	Maximum Accuracy	Sample 1 Accuracy	Sample 2 Accuracy	Sample 3 Accuracy	Sample 4 Accuracy	Sample 5 Accuracy
TH02_0081_S01	PIP5K1P1	Up	0.263034405834	0.071774750948	72.71278990274116	87.51385442771357	81.92640692640693	94.93243243243244	81.92640692640693	90.347923681257015	94.93243243243244	86.99386503067484	83.36864406779661
