Sample	Gene	Type	Expression	Threshold	Percent difference	Mean Accuracy	Minimum Accuracy	Maximum Accuracy	Sample 1 Accuracy	Sample 2 Accuracy	Sample 3 Accuracy	Sample 4 Accuracy	Sample 5 Accuracy
TH02_0081_S01	RP5-1052I5.2	Up	1.85199883711	0.504391551018	72.76501794109703	99.94897959183673	99.74489795918367	100	100	99.74489795918367	100	100	100
