Sample	Gene	Type	Expression	Threshold	Percent difference	Mean Accuracy	Minimum Accuracy	Maximum Accuracy	Sample 1 Accuracy	Sample 2 Accuracy	Sample 3 Accuracy	Sample 4 Accuracy	Sample 5 Accuracy
TH02_0081_S01	BANF1	Down	6.04984854945	6.05047750473	0.010396215291323655	1.3965662812770678	0.8620689655172413	2.242152466367713	1.2987012987012987	1.6666666666666667	2.242152466367713	0.8620689655172413	0.91324200913242
