Sample	Gene	Type	Expression	Threshold	Percent difference	Mean Accuracy	Minimum Accuracy	Maximum Accuracy	Sample 1 Accuracy	Sample 2 Accuracy	Sample 3 Accuracy	Sample 4 Accuracy	Sample 5 Accuracy
TH02_0081_S01	LINC00493	Down	4.65477921696	4.94176197052	6.165335458110652	95.47063626037733	93.18181818181817	98.63013698630137	93.37748344370861	98.63013698630137	96.11111111111111	96.05263157894737	93.18181818181817
