Sample	Gene	Type	Expression	Threshold	Percent difference	Mean Accuracy	Minimum Accuracy	Maximum Accuracy	Sample 1 Accuracy	Sample 2 Accuracy	Sample 3 Accuracy	Sample 4 Accuracy	Sample 5 Accuracy
TH02_0081_S01	UPF3A	Up	7.24773767266	7.22366380692	0.3321569685228947	90.2847018572825	82.72727272727273	97.84946236559139	82.72727272727273	97.84946236559139	93.75	87.09677419354838	90
