Sample	Gene	Type	Expression	Threshold	Percent difference	Mean Accuracy	Minimum Accuracy	Maximum Accuracy	Sample 1 Accuracy	Sample 2 Accuracy	Sample 3 Accuracy	Sample 4 Accuracy	Sample 5 Accuracy
TH02_0081_S01	LINC00574	Up	0.575312330687	0.45116469264	21.579172116605104	68.10579150640613	63.32819722650231	75.38461538461539	63.96526772793053	75.38461538461539	73.68421052631578	64.16666666666667	63.32819722650231
