Sample	Gene	Type	Expression	Threshold	Percent difference	Mean Accuracy	Minimum Accuracy	Maximum Accuracy	Sample 1 Accuracy	Sample 2 Accuracy	Sample 3 Accuracy	Sample 4 Accuracy	Sample 5 Accuracy
TH02_0081_S01	PCDHA12	Up	1.68257329735	1.41678059101	15.796798080571897	99.54677688020074	99.23394225103122	99.82718894009217	99.50135992747053	99.82718894009217	99.73319103521878	99.43820224719101	99.23394225103122
