Sample	Gene	Type	Expression	Threshold	Percent difference	Mean Accuracy	Minimum Accuracy	Maximum Accuracy	Sample 1 Accuracy	Sample 2 Accuracy	Sample 3 Accuracy	Sample 4 Accuracy	Sample 5 Accuracy
TH02_0081_S01	ATR	Up	4.98732086593	4.86742305756	2.4040524280092113	96.80015810855858	93.96878954027837	98.77515310586176	96.79453494482397	98.30292745014849	98.77515310586176	96.15938550168028	93.96878954027837
