Sample	Gene	Type	Expression	Threshold	Percent difference	Mean Accuracy	Minimum Accuracy	Maximum Accuracy	Sample 1 Accuracy	Sample 2 Accuracy	Sample 3 Accuracy	Sample 4 Accuracy	Sample 5 Accuracy
TH02_0081_S01	BMS1P2	Up	2.56071495447	1.75131249428	31.608456020343144	99.9071080650028	99.76076555023924	100	100	99.77477477477478	100	99.76076555023924	100
