Sample	Gene	Type	Expression	Threshold	Percent difference	Mean Accuracy	Minimum Accuracy	Maximum Accuracy	Sample 1 Accuracy	Sample 2 Accuracy	Sample 3 Accuracy	Sample 4 Accuracy	Sample 5 Accuracy
TH02_0081_S01	PIK3C3	Up	6.59782909783	6.56404495239	0.5120494171501316	79.48838554769029	70.53140096618358	88.13559322033898	76.78571428571429	88.13559322033898	85.44600938967136	76.5432098765432	70.53140096618358
