Sample	Gene	Type	Expression	Threshold	Percent difference	Mean Accuracy	Minimum Accuracy	Maximum Accuracy	Sample 1 Accuracy	Sample 2 Accuracy	Sample 3 Accuracy	Sample 4 Accuracy	Sample 5 Accuracy
TH02_0081_S01	NAA15	Up	5.4419481905	5.43627882004	0.10417905980613197	24.56703111884672	21.428571428571427	29.37853107344633	21.428571428571427	29.37853107344633	26.76056338028169	23.045267489711936	22.22222222222222
