Sample	Gene	Type	Expression	Threshold	Percent difference	Mean Accuracy	Minimum Accuracy	Maximum Accuracy	Sample 1 Accuracy	Sample 2 Accuracy	Sample 3 Accuracy	Sample 4 Accuracy	Sample 5 Accuracy
TH02_0081_S01	FAM196B	Up	1.21412480535	0.725209057331	40.268986010713995	99.83848428715349	99.57264957264957	100	100	100	100	99.57264957264957	99.61977186311786
