Sample	Gene	Type	Expression	Threshold	Percent difference	Mean Accuracy	Minimum Accuracy	Maximum Accuracy	Sample 1 Accuracy	Sample 2 Accuracy	Sample 3 Accuracy	Sample 4 Accuracy	Sample 5 Accuracy
TH02_0081_S01	RP11-575H3.1	Up	2.64846544303	1.69537055492	35.98668393496588	98.9190081211694	98.25737265415549	99.52	98.25737265415549	99.52	99.4186046511628	99.07192575406032	98.3271375464684
