Sample	Gene	Type	Expression	Threshold	Percent difference	Mean Accuracy	Minimum Accuracy	Maximum Accuracy	Sample 1 Accuracy	Sample 2 Accuracy	Sample 3 Accuracy	Sample 4 Accuracy	Sample 5 Accuracy
TH02_0081_S01	CDK17	Up	5.87897051015	5.8476228714	0.5332164652957386	79.67162762707623	71.18055555555556	90.2621722846442	71.27659574468085	90.2621722846442	88.01169590643275	77.62711864406779	71.18055555555556
