Sample	Gene	Type	Expression	Threshold	Percent difference	Mean Accuracy	Minimum Accuracy	Maximum Accuracy	Sample 1 Accuracy	Sample 2 Accuracy	Sample 3 Accuracy	Sample 4 Accuracy	Sample 5 Accuracy
TH02_0081_S01	CTC-529I10.1	Up	3.53356334821	2.90354347229	17.82959052479276	81.35217723453017	74.50980392156863	88.09523809523809	74.60317460317461	85.71428571428571	83.83838383838383	88.09523809523809	74.50980392156863
