Sample	Gene	Type	Expression	Threshold	Percent difference	Mean Accuracy	Minimum Accuracy	Maximum Accuracy	Sample 1 Accuracy	Sample 2 Accuracy	Sample 3 Accuracy	Sample 4 Accuracy	Sample 5 Accuracy
TH02_0081_S01	LMO2	Up	7.06910063192	7.05160665512	0.247471039257911	81.67970245713146	73.7864077669903	91.66666666666666	79.1044776119403	91.66666666666666	87.09677419354838	76.74418604651163	73.7864077669903
