Sample	Gene	Type	Expression	Threshold	Percent difference	Mean Accuracy	Minimum Accuracy	Maximum Accuracy	Sample 1 Accuracy	Sample 2 Accuracy	Sample 3 Accuracy	Sample 4 Accuracy	Sample 5 Accuracy
TH02_0081_S01	LSM2	Down	3.75595576955	4.12107419968	9.721052443962742	99.50287247737697	98.78542510121457	100	98.78542510121457	99.52606635071089	100	99.59349593495935	99.609375
