Sample	Gene	Type	Expression	Threshold	Percent difference	Mean Accuracy	Minimum Accuracy	Maximum Accuracy	Sample 1 Accuracy	Sample 2 Accuracy	Sample 3 Accuracy	Sample 4 Accuracy	Sample 5 Accuracy
TH02_0081_S01	LCOR	Up	5.15704371015	5.05439996719	1.9903601506804807	99.79109015798956	99.38587512794268	100	99.79919678714859	100	99.88518943742825	99.38587512794268	99.88518943742825
