Sample	Gene	Type	Expression	Threshold	Percent difference	Mean Accuracy	Minimum Accuracy	Maximum Accuracy	Sample 1 Accuracy	Sample 2 Accuracy	Sample 3 Accuracy	Sample 4 Accuracy	Sample 5 Accuracy
TH02_0081_S01	ZDHHC12	Down	2.47248777146	2.74188375473	10.895745830561662	90.67277988250004	84.23645320197043	95.57692307692308	88.91402714932126	95.48693586698337	95.57692307692308	89.14956011730204	84.23645320197043
