Sample	Gene	Type	Expression	Threshold	Percent difference	Mean Accuracy	Minimum Accuracy	Maximum Accuracy	Sample 1 Accuracy	Sample 2 Accuracy	Sample 3 Accuracy	Sample 4 Accuracy	Sample 5 Accuracy
TH02_0081_S01	PRDM2	Up	5.74092756032	5.73913955688	0.031144852834564696	8.256266879760993	7.233065442020665	8.904810644831116	8.032128514056225	8.73015873015873	8.381171067738231	8.904810644831116	7.233065442020665
