Sample	Gene	Type	Expression	Threshold	Percent difference	Mean Accuracy	Minimum Accuracy	Maximum Accuracy	Sample 1 Accuracy	Sample 2 Accuracy	Sample 3 Accuracy	Sample 4 Accuracy	Sample 5 Accuracy
TH02_0081_S01	TRPC5OS	Up	0.238786859587	0.141808778048	40.612821704984505	83.1842972811102	75.95907928388746	91.2928759894459	80.3030303030303	83.88888888888889	91.2928759894459	84.4776119402985	75.95907928388746
