Sample	Gene	Type	Expression	Threshold	Percent difference	Mean Accuracy	Minimum Accuracy	Maximum Accuracy	Sample 1 Accuracy	Sample 2 Accuracy	Sample 3 Accuracy	Sample 4 Accuracy	Sample 5 Accuracy
TH02_0081_S01	PCDHGA10	Up	3.90400231628	3.62744140625	7.084035500612261	99.93857052722224	99.83129481231548	100	100	99.95757318625371	100	99.90398463754201	99.83129481231548
