Sample	Gene	Type	Expression	Threshold	Percent difference	Mean Accuracy	Minimum Accuracy	Maximum Accuracy	Sample 1 Accuracy	Sample 2 Accuracy	Sample 3 Accuracy	Sample 4 Accuracy	Sample 5 Accuracy
TH02_0081_S01	AC000068.10	Up	2.07724299893	1.72343218327	17.032711909114635	90.0727912042903	84.71849865951742	94.86434108527132	84.71849865951742	94.56	94.86434108527132	90.71925754060325	85.50185873605948
