Sample	Gene	Type	Expression	Threshold	Percent difference	Mean Accuracy	Minimum Accuracy	Maximum Accuracy	Sample 1 Accuracy	Sample 2 Accuracy	Sample 3 Accuracy	Sample 4 Accuracy	Sample 5 Accuracy
TH02_0081_S01	AC007238.1	Up	1.0071955014	0.988523960114	1.8538150001709306	42.14490855650422	34.70319634703196	50.63559322033898	34.70319634703196	47.97297297297297	50.63559322033898	42.10526315789473	35.30751708428246
