Sample	Gene	Type	Expression	Threshold	Percent difference	Mean Accuracy	Minimum Accuracy	Maximum Accuracy	Sample 1 Accuracy	Sample 2 Accuracy	Sample 3 Accuracy	Sample 4 Accuracy	Sample 5 Accuracy
TH02_0081_S01	SMARCC2	Up	7.26978123827	7.20525407791	0.8876080069687979	99.36734183545886	98.38709677419355	100	100	100	98.38709677419355	98.44961240310077	100
