Sample	Gene	Type	Expression	Threshold	Percent difference	Mean Accuracy	Minimum Accuracy	Maximum Accuracy	Sample 1 Accuracy	Sample 2 Accuracy	Sample 3 Accuracy	Sample 4 Accuracy	Sample 5 Accuracy
TH02_0081_S01	RP4-791M13.3	Up	2.40871186103	1.99077737331	17.350954029897338	95.25483770598393	92.60000000000001	98.69358669833728	94.98381877022653	96.95121951219512	98.69358669833728	93.04556354916068	92.60000000000001
