Sample	Gene	Type	Expression	Threshold	Percent difference	Mean Accuracy	Minimum Accuracy	Maximum Accuracy	Sample 1 Accuracy	Sample 2 Accuracy	Sample 3 Accuracy	Sample 4 Accuracy	Sample 5 Accuracy
TH02_0081_S01	RP11-762H8.1	Up	2.12101540096	0.597287535667	71.83954744521611	99.78189171978804	99.62825278810409	100	99.73190348525469	99.83999999999999	99.70930232558139	100	99.62825278810409
