Sample	Gene	Type	Expression	Threshold	Percent difference	Mean Accuracy	Minimum Accuracy	Maximum Accuracy	Sample 1 Accuracy	Sample 2 Accuracy	Sample 3 Accuracy	Sample 4 Accuracy	Sample 5 Accuracy
TH02_0081_S01	CCDC91	Up	6.20084957464	6.12115716934	1.2851852692238062	97.0670249370413	95.26627218934911	98.85321100917432	95.77114427860697	98.84393063583815	98.85321100917432	95.26627218934911	96.60056657223795
