Sample	Gene	Type	Expression	Threshold	Percent difference	Mean Accuracy	Minimum Accuracy	Maximum Accuracy	Sample 1 Accuracy	Sample 2 Accuracy	Sample 3 Accuracy	Sample 4 Accuracy	Sample 5 Accuracy
TH02_0081_S01	RP11-90O23.1	Up	1.93734439215	0.176311850548	90.89930260915898	99.95934959349593	99.79674796747967	100	100	99.79674796747967	100	100	100
