Sample	Gene	Type	Expression	Threshold	Percent difference	Mean Accuracy	Minimum Accuracy	Maximum Accuracy	Sample 1 Accuracy	Sample 2 Accuracy	Sample 3 Accuracy	Sample 4 Accuracy	Sample 5 Accuracy
TH02_0081_S01	PHF20L1	Up	6.33127526715	6.12669944763	3.2311945206591632	99.95905834186284	99.79529170931423	100	100	100	100	99.79529170931423	100
