Sample	Gene	Type	Expression	Threshold	Percent difference	Mean Accuracy	Minimum Accuracy	Maximum Accuracy	Sample 1 Accuracy	Sample 2 Accuracy	Sample 3 Accuracy	Sample 4 Accuracy	Sample 5 Accuracy
TH02_0081_S01	AC004538.3	Up	1.516015147	1.28399944305	15.304313047869577	95.87411124507976	93.34975369458128	98.26923076923076	94.34389140271493	98.09976247030879	98.26923076923076	95.30791788856305	93.34975369458128
