Sample	Gene	Type	Expression	Threshold	Percent difference	Mean Accuracy	Minimum Accuracy	Maximum Accuracy	Sample 1 Accuracy	Sample 2 Accuracy	Sample 3 Accuracy	Sample 4 Accuracy	Sample 5 Accuracy
TH02_0081_S01	RP11-433P17.3	Up	1.02147972741	0.311149060726	69.5393797471703	99.95337995337995	99.76689976689977	100	100	100	100	100	99.76689976689977
