Sample	Gene	Type	Expression	Threshold	Percent difference	Mean Accuracy	Minimum Accuracy	Maximum Accuracy	Sample 1 Accuracy	Sample 2 Accuracy	Sample 3 Accuracy	Sample 4 Accuracy	Sample 5 Accuracy
TH02_0081_S01	RP11-366L20.2	Up	1.64616265716	1.53781688213	6.581717460224791	94.90117091027724	91.101944608132	97.2926267281106	94.87760652765186	97.2926267281106	96.85165421558165	94.3820224719101	91.101944608132
