Sample	Gene	Type	Expression	Threshold	Percent difference	Mean Accuracy	Minimum Accuracy	Maximum Accuracy	Sample 1 Accuracy	Sample 2 Accuracy	Sample 3 Accuracy	Sample 4 Accuracy	Sample 5 Accuracy
TH02_0081_S01	PHTF1	Up	5.34908214639	5.22484731674	2.322544807688991	99.8612814040149	99.64539007092199	100	99.64539007092199	100	100	99.66101694915255	100
