Sample	Gene	Type	Expression	Threshold	Percent difference	Mean Accuracy	Minimum Accuracy	Maximum Accuracy	Sample 1 Accuracy	Sample 2 Accuracy	Sample 3 Accuracy	Sample 4 Accuracy	Sample 5 Accuracy
TH02_0081_S01	EIF3B	Down	4.72246602447	4.74430656433	0.4624816726437221	41.10308580812668	33.101851851851855	51.590909090909086	36.507936507936506	44.8051948051948	51.590909090909086	39.509536784741144	33.101851851851855
