Sample	Gene	Type	Expression	Threshold	Percent difference	Mean Accuracy	Minimum Accuracy	Maximum Accuracy	Sample 1 Accuracy	Sample 2 Accuracy	Sample 3 Accuracy	Sample 4 Accuracy	Sample 5 Accuracy
TH02_0081_S01	GMEB2	Down	1.46988597627	1.59527254105	8.530359960177476	96.94095888618524	94.87330583382439	98.18569903948773	96.91749773345421	98.09907834101382	98.18569903948773	96.62921348314607	94.87330583382439
