Sample	Gene	Type	Expression	Threshold	Percent difference	Mean Accuracy	Minimum Accuracy	Maximum Accuracy	Sample 1 Accuracy	Sample 2 Accuracy	Sample 3 Accuracy	Sample 4 Accuracy	Sample 5 Accuracy
TH02_0081_S01	SPG11	Up	6.77491880656	6.69185781479	1.2260071912533324	97.68063737872784	96.27118644067797	99.625468164794	96.45390070921985	99.625468164794	98.83040935672514	96.27118644067797	97.22222222222221
