Sample	Gene	Type	Expression	Threshold	Percent difference	Mean Accuracy	Minimum Accuracy	Maximum Accuracy	Sample 1 Accuracy	Sample 2 Accuracy	Sample 3 Accuracy	Sample 4 Accuracy	Sample 5 Accuracy
TH02_0081_S01	RP11-304L19.2	Up	0.48542682717	0.409074544907	15.728896301040422	47.67674442086652	36.529126213592235	64.70424881977227	36.529126213592235	52.996134020618555	64.70424881977227	47.23481414324569	36.919398907103826
