Sample	Gene	Type	Expression	Threshold	Percent difference	Mean Accuracy	Minimum Accuracy	Maximum Accuracy	Sample 1 Accuracy	Sample 2 Accuracy	Sample 3 Accuracy	Sample 4 Accuracy	Sample 5 Accuracy
TH02_0081_S01	ZFP28	Up	4.60940039001	4.33384370804	5.978145933410714	99.84818068358953	99.74694221847322	99.95625546806649	99.9474513925381	99.83029274501484	99.95625546806649	99.75996159385502	99.74694221847322
