Sample	Gene	Type	Expression	Threshold	Percent difference	Mean Accuracy	Minimum Accuracy	Maximum Accuracy	Sample 1 Accuracy	Sample 2 Accuracy	Sample 3 Accuracy	Sample 4 Accuracy	Sample 5 Accuracy
TH02_0081_S01	CCM2	Down	2.97636363573	3.27939128876	10.181136786926162	96.94063707315647	94.77124183006535	98.83720930232558	96.62576687116564	98.21428571428571	98.83720930232558	96.25468164794007	94.77124183006535
