Sample	Gene	Type	Expression	Threshold	Percent difference	Mean Accuracy	Minimum Accuracy	Maximum Accuracy	Sample 1 Accuracy	Sample 2 Accuracy	Sample 3 Accuracy	Sample 4 Accuracy	Sample 5 Accuracy
TH02_0081_S01	RP11-737O24.2	Up	1.39506279952	0.210507676005	84.91052330565839	99.88305081364174	99.70930232558139	100	99.86595174262735	99.83999999999999	99.70930232558139	100	100
