Sample	Gene	Type	Expression	Threshold	Percent difference	Mean Accuracy	Minimum Accuracy	Maximum Accuracy	Sample 1 Accuracy	Sample 2 Accuracy	Sample 3 Accuracy	Sample 4 Accuracy	Sample 5 Accuracy
TH02_0081_S01	RNASEH2B-AS1	Up	1.50589092973	1.29733109474	13.849597661591192	94.61002224323485	91.37931034482759	97.8622327790974	92.76018099547511	97.8622327790974	97.5	93.54838709677419	91.37931034482759
