Sample	Gene	Type	Expression	Threshold	Percent difference	Mean Accuracy	Minimum Accuracy	Maximum Accuracy	Sample 1 Accuracy	Sample 2 Accuracy	Sample 3 Accuracy	Sample 4 Accuracy	Sample 5 Accuracy
TH02_0081_S01	RP11-142C4.5	Up	0.124328135002	0.0362440273166	70.84808895748581	85.95229256169452	80.44412607449857	92.43353783231085	80.44412607449857	90.32761310452419	92.43353783231085	85.67493112947659	80.88125466766243
