Sample	Gene	Type	Expression	Threshold	Percent difference	Mean Accuracy	Minimum Accuracy	Maximum Accuracy	Sample 1 Accuracy	Sample 2 Accuracy	Sample 3 Accuracy	Sample 4 Accuracy	Sample 5 Accuracy
TH02_0081_S01	RP11-56D16.8	Up	2.76765479824	0.89061820507	67.82047365024137	99.92698713394901	99.79674796747967	100	99.83818770226537	99.79674796747967	100	100	100
