Sample	Gene	Type	Expression	Threshold	Percent difference	Mean Accuracy	Minimum Accuracy	Maximum Accuracy	Sample 1 Accuracy	Sample 2 Accuracy	Sample 3 Accuracy	Sample 4 Accuracy	Sample 5 Accuracy
TH02_0081_S01	RP11-285A1.1	Up	1.15055967658	0.256172209978	77.73499148349582	99.94897959183673	99.74489795918367	100	100	99.74489795918367	100	100	100
