Sample	Gene	Type	Expression	Threshold	Percent difference	Mean Accuracy	Minimum Accuracy	Maximum Accuracy	Sample 1 Accuracy	Sample 2 Accuracy	Sample 3 Accuracy	Sample 4 Accuracy	Sample 5 Accuracy
TH02_0081_S01	XAB2	Down	2.7591558338	3.39002013206	22.864395353529314	99.69610367569294	99.40476190476191	100	99.69325153374233	99.40476190476191	99.70930232558139	100	99.67320261437908
