Sample	Gene	Type	Expression	Threshold	Percent difference	Mean Accuracy	Minimum Accuracy	Maximum Accuracy	Sample 1 Accuracy	Sample 2 Accuracy	Sample 3 Accuracy	Sample 4 Accuracy	Sample 5 Accuracy
TH02_0081_S01	ZNF721	Up	5.43962313756	5.32741641998	2.0627663855097844	99.59651975695115	99.17355371900827	100	99.76190476190476	100	99.58333333333333	99.17355371900827	99.46380697050938
