Sample	Gene	Type	Expression	Threshold	Percent difference	Mean Accuracy	Minimum Accuracy	Maximum Accuracy	Sample 1 Accuracy	Sample 2 Accuracy	Sample 3 Accuracy	Sample 4 Accuracy	Sample 5 Accuracy
TH02_0081_S01	FAM71F1	Up	0.918386234446	0.376716196537	58.980635553161655	84.92978001974224	78.8961038961039	94.14414414414415	78.8961038961039	87.42985409652077	94.14414414414415	85.15337423312883	79.02542372881356
