Sample	Gene	Type	Expression	Threshold	Percent difference	Mean Accuracy	Minimum Accuracy	Maximum Accuracy	Sample 1 Accuracy	Sample 2 Accuracy	Sample 3 Accuracy	Sample 4 Accuracy	Sample 5 Accuracy
TH02_0081_S01	TBC1D10B	Down	3.11935617704	3.36400365829	7.8428838313087335	99.96387630537492	99.90398463754201	100	100	99.95757318625371	100	99.90398463754201	99.95782370307887
