Sample	Gene	Type	Expression	Threshold	Percent difference	Mean Accuracy	Minimum Accuracy	Maximum Accuracy	Sample 1 Accuracy	Sample 2 Accuracy	Sample 3 Accuracy	Sample 4 Accuracy	Sample 5 Accuracy
TH02_0081_S01	DHX40P1	Up	1.32192809489	1.28792500496	2.572234455220469	46.27050678744908	34.96503496503497	59.118236472945895	40.55299539170507	56.14035087719298	59.118236472945895	40.575916230366495	34.96503496503497
