Sample	Gene	Type	Expression	Threshold	Percent difference	Mean Accuracy	Minimum Accuracy	Maximum Accuracy	Sample 1 Accuracy	Sample 2 Accuracy	Sample 3 Accuracy	Sample 4 Accuracy	Sample 5 Accuracy
TH02_0081_S01	ZCCHC7	Up	5.18308946064	5.16955900192	0.2610500710579923	50.86361139030214	42.36111111111111	62.172284644194754	44.32624113475177	62.172284644194754	59.356725146198826	46.101694915254235	42.36111111111111
