Sample	Gene	Type	Expression	Threshold	Percent difference	Mean Accuracy	Minimum Accuracy	Maximum Accuracy	Sample 1 Accuracy	Sample 2 Accuracy	Sample 3 Accuracy	Sample 4 Accuracy	Sample 5 Accuracy
TH02_0081_S01	RP11-182J23.1	Up	1.19534759832	0.504084646702	57.829450829995785	99.88633672744494	99.59349593495935	100	99.83818770226537	99.59349593495935	100	100	100
