Sample	Gene	Type	Expression	Threshold	Percent difference	Mean Accuracy	Minimum Accuracy	Maximum Accuracy	Sample 1 Accuracy	Sample 2 Accuracy	Sample 3 Accuracy	Sample 4 Accuracy	Sample 5 Accuracy
TH02_0081_S01	NDUFB3	Down	4.45811948117	4.8344335556	8.441094412553515	98.18612506265595	97.22222222222221	100	97.35099337748345	98.63013698630137	97.22222222222221	100	97.72727272727273
