Sample	Gene	Type	Expression	Threshold	Percent difference	Mean Accuracy	Minimum Accuracy	Maximum Accuracy	Sample 1 Accuracy	Sample 2 Accuracy	Sample 3 Accuracy	Sample 4 Accuracy	Sample 5 Accuracy
TH02_0078_S01	SF3B4	Down	3.56681515401	4.06877565384	14.073072984050498	99.9206336708502	99.800796812749	100	100	100	99.800796812749	99.80237154150198	100
