Sample	Gene	Type	Expression	Threshold	Percent difference	Mean Accuracy	Minimum Accuracy	Maximum Accuracy	Sample 1 Accuracy	Sample 2 Accuracy	Sample 3 Accuracy	Sample 4 Accuracy	Sample 5 Accuracy
TH02_0078_S01	ACTBP7	Up	0.214124805353	0.141808778048	33.77283971643635	70.21411538386397	59.52722063037249	86.84389911383776	59.52722063037249	74.88299531981279	86.84389911383776	69.6969696969697	60.11949215832711
