Sample	Gene	Type	Expression	Threshold	Percent difference	Mean Accuracy	Minimum Accuracy	Maximum Accuracy	Sample 1 Accuracy	Sample 2 Accuracy	Sample 3 Accuracy	Sample 4 Accuracy	Sample 5 Accuracy
TH02_0078_S01	DUS1L	Down	4.30305008468	4.30404615402	0.023147983881164996	1.8276543776601644	0.9345794392523363	2.3376623376623376	1.9943019943019942	2.1671826625387	0.9345794392523363	2.3376623376623376	1.7045454545454544
