Sample	Gene	Type	Expression	Threshold	Percent difference	Mean Accuracy	Minimum Accuracy	Maximum Accuracy	Sample 1 Accuracy	Sample 2 Accuracy	Sample 3 Accuracy	Sample 4 Accuracy	Sample 5 Accuracy
TH02_0078_S01	RP11-466H18.1	Down	4.6322682155	5.67740154266	22.562020991420294	86.63504795857737	78.43137254901961	94.64285714285714	84.12698412698413	94.64285714285714	87.87878787878788	88.09523809523809	78.43137254901961
