Sample	Gene	Type	Expression	Threshold	Percent difference	Mean Accuracy	Minimum Accuracy	Maximum Accuracy	Sample 1 Accuracy	Sample 2 Accuracy	Sample 3 Accuracy	Sample 4 Accuracy	Sample 5 Accuracy
TH02_0078_S01	LINC01473	Up	2.39231742278	1.58897542953	33.580075352896685	99.25170086340839	98.56115107913669	99.8812351543943	99.02912621359224	99.1869918699187	99.8812351543943	98.56115107913669	99.6
