Sample	Gene	Type	Expression	Threshold	Percent difference	Mean Accuracy	Minimum Accuracy	Maximum Accuracy	Sample 1 Accuracy	Sample 2 Accuracy	Sample 3 Accuracy	Sample 4 Accuracy	Sample 5 Accuracy
TH02_0078_S01	HSPG2	Down	0.62293035092	2.12495446205	241.12231951961797	99.95605225545185	99.84631147540983	100	99.84631147540983	100	100	99.93394980184941	100
