Sample	Gene	Type	Expression	Threshold	Percent difference	Mean Accuracy	Minimum Accuracy	Maximum Accuracy	Sample 1 Accuracy	Sample 2 Accuracy	Sample 3 Accuracy	Sample 4 Accuracy	Sample 5 Accuracy
TH02_0078_S01	FLJ27354	Up	3.48284828307	3.34682512283	3.9055149459482297	85.77665068201364	81.45695364238411	91.0958904109589	81.45695364238411	91.0958904109589	89.44444444444444	83.55263157894737	83.33333333333334
