Sample	Gene	Type	Expression	Threshold	Percent difference	Mean Accuracy	Minimum Accuracy	Maximum Accuracy	Sample 1 Accuracy	Sample 2 Accuracy	Sample 3 Accuracy	Sample 4 Accuracy	Sample 5 Accuracy
TH02_0078_S01	TBL3	Down	2.85598969731	3.64747810364	27.71327946580085	99.43319630617354	98.6013986013986	99.79959919839679	99.53917050691244	99.74937343358395	99.79959919839679	99.47643979057592	98.6013986013986
