Sample	Gene	Type	Expression	Threshold	Percent difference	Mean Accuracy	Minimum Accuracy	Maximum Accuracy	Sample 1 Accuracy	Sample 2 Accuracy	Sample 3 Accuracy	Sample 4 Accuracy	Sample 5 Accuracy
TH02_0078_S01	NOVA2	Up	3.06867081067	2.95473194122	3.71297139640479	99.18428861772654	98.10206663854913	99.86876640419948	99.52706253284288	99.57573186253713	99.86876640419948	98.84781565050407	98.10206663854913
