Sample	Gene	Type	Expression	Threshold	Percent difference	Mean Accuracy	Minimum Accuracy	Maximum Accuracy	Sample 1 Accuracy	Sample 2 Accuracy	Sample 3 Accuracy	Sample 4 Accuracy	Sample 5 Accuracy
TH02_0078_S01	ATP13A1	Down	3.57288966842	3.64498376846	2.017809300892325	91.68809449852657	87.03703703703704	95.45454545454545	91.60997732426304	95.23809523809523	95.45454545454545	89.10081743869209	87.03703703703704
