Sample	Gene	Type	Expression	Threshold	Percent difference	Mean Accuracy	Minimum Accuracy	Maximum Accuracy	Sample 1 Accuracy	Sample 2 Accuracy	Sample 3 Accuracy	Sample 4 Accuracy	Sample 5 Accuracy
TH02_0078_S01	SNX11	Down	2.18269229752	2.32313275337	6.434276421352195	87.13297212288592	82.6879271070615	94.43254817987152	83.25242718446601	90.3061224489796	94.43254817987152	84.98583569405099	82.6879271070615
