Sample	Gene	Type	Expression	Threshold	Percent difference	Mean Accuracy	Minimum Accuracy	Maximum Accuracy	Sample 1 Accuracy	Sample 2 Accuracy	Sample 3 Accuracy	Sample 4 Accuracy	Sample 5 Accuracy
TH02_0078_S01	TARBP2	Down	1.80735492206	2.74534440041	51.898465923942126	99.90325464009675	99.74937343358395	100	100	99.74937343358395	100	100	99.76689976689977
