Sample	Gene	Type	Expression	Threshold	Percent difference	Mean Accuracy	Minimum Accuracy	Maximum Accuracy	Sample 1 Accuracy	Sample 2 Accuracy	Sample 3 Accuracy	Sample 4 Accuracy	Sample 5 Accuracy
TH02_0078_S01	ZNF652	Up	6.16410241248	6.09441375732	1.1305564135162125	96.54826168624386	94.25287356321839	98.8929889298893	95.04950495049505	98.5781990521327	98.8929889298893	94.25287356321839	95.96774193548387
