Sample	Gene	Type	Expression	Threshold	Percent difference	Mean Accuracy	Minimum Accuracy	Maximum Accuracy	Sample 1 Accuracy	Sample 2 Accuracy	Sample 3 Accuracy	Sample 4 Accuracy	Sample 5 Accuracy
TH02_0078_S01	AP1M1	Down	3.03210084317	3.2466943264	7.077386087385112	99.93857052722224	99.83129481231548	100	100	99.95757318625371	100	99.90398463754201	99.83129481231548
