Sample	Gene	Type	Expression	Threshold	Percent difference	Mean Accuracy	Minimum Accuracy	Maximum Accuracy	Sample 1 Accuracy	Sample 2 Accuracy	Sample 3 Accuracy	Sample 4 Accuracy	Sample 5 Accuracy
TH02_0078_S01	ZNF462	Up	5.39437694496	5.13689947128	4.773071594868125	99.97952917093143	99.89764585465711	100	100	100	100	99.89764585465711	100
