Sample	Gene	Type	Expression	Threshold	Percent difference	Mean Accuracy	Minimum Accuracy	Maximum Accuracy	Sample 1 Accuracy	Sample 2 Accuracy	Sample 3 Accuracy	Sample 4 Accuracy	Sample 5 Accuracy
TH02_0078_S01	NLRP9P	Up	0.0976107966264	0.0362440273166	62.868833603190396	91.0406456432848	88.10810810810811	95.20295202952029	88.10810810810811	93.7007874015748	95.20295202952029	88.76651982378854	89.42486085343229
