Sample	Gene	Type	Expression	Threshold	Percent difference	Mean Accuracy	Minimum Accuracy	Maximum Accuracy	Sample 1 Accuracy	Sample 2 Accuracy	Sample 3 Accuracy	Sample 4 Accuracy	Sample 5 Accuracy
TH02_0078_S01	RP3-337H4.10	Up	1.13750352375	1.07829773426	5.20488844683458	48.43068984289756	40.3485254691689	58.236434108527135	40.3485254691689	58.08	58.236434108527135	42.92343387470998	42.565055762081784
