Sample	Gene	Type	Expression	Threshold	Percent difference	Mean Accuracy	Minimum Accuracy	Maximum Accuracy	Sample 1 Accuracy	Sample 2 Accuracy	Sample 3 Accuracy	Sample 4 Accuracy	Sample 5 Accuracy
TH02_0078_S01	RP11-477D19.2	Up	1.92599941856	1.64825844765	14.420615511797866	99.33548015390592	98.93930465527401	99.6264674493063	99.27470534904805	99.53917050691244	99.6264674493063	99.29775280898876	98.93930465527401
