Sample	Gene	Type	Expression	Threshold	Percent difference	Mean Accuracy	Minimum Accuracy	Maximum Accuracy	Sample 1 Accuracy	Sample 2 Accuracy	Sample 3 Accuracy	Sample 4 Accuracy	Sample 5 Accuracy
TH02_0078_S01	RAD9B	Up	1.24488705912	1.22250926495	1.7975762544932186	42.109859479110774	32.11845102505695	51.605995717344754	35.43689320388349	49.744897959183675	51.605995717344754	41.64305949008499	32.11845102505695
