Sample	Gene	Type	Expression	Threshold	Percent difference	Mean Accuracy	Minimum Accuracy	Maximum Accuracy	Sample 1 Accuracy	Sample 2 Accuracy	Sample 3 Accuracy	Sample 4 Accuracy	Sample 5 Accuracy
TH02_0078_S01	PSMD13	Down	5.09169983414	5.23677778244	2.849302846315645	99.88077469793888	99.70149253731343	100	100	100	100	99.70149253731343	99.70238095238095
