Sample	Gene	Type	Expression	Threshold	Percent difference	Mean Accuracy	Minimum Accuracy	Maximum Accuracy	Sample 1 Accuracy	Sample 2 Accuracy	Sample 3 Accuracy	Sample 4 Accuracy	Sample 5 Accuracy
TH02_0078_S01	PUF60	Down	4.74469931421	4.87524080276	2.751312146568237	95.48850815469682	93.03201506591337	98.59154929577466	93.26923076923077	98.59154929577466	98.07355516637479	94.47619047619048	93.03201506591337
