Sample	Gene	Type	Expression	Threshold	Percent difference	Mean Accuracy	Minimum Accuracy	Maximum Accuracy	Sample 1 Accuracy	Sample 2 Accuracy	Sample 3 Accuracy	Sample 4 Accuracy	Sample 5 Accuracy
TH02_0078_S01	HMGB1P19	Up	0.333423733725	0.210507676005	36.86481953362632	68.63028037400176	58.060109289617486	84.11552346570397	59.07160194174757	77.12628865979381	84.11552346570397	64.77787851314596	58.060109289617486
