Sample	Gene	Type	Expression	Threshold	Percent difference	Mean Accuracy	Minimum Accuracy	Maximum Accuracy	Sample 1 Accuracy	Sample 2 Accuracy	Sample 3 Accuracy	Sample 4 Accuracy	Sample 5 Accuracy
TH02_0078_S01	ARHGEF18	Down	1.73118324157	2.06075811386	19.037549831588628	99.7840450891198	99.57865168539325	99.94239631336406	99.68268359020853	99.94239631336406	99.89327641408752	99.57865168539325	99.82321744254567
