Sample	Gene	Type	Expression	Threshold	Percent difference	Mean Accuracy	Minimum Accuracy	Maximum Accuracy	Sample 1 Accuracy	Sample 2 Accuracy	Sample 3 Accuracy	Sample 4 Accuracy	Sample 5 Accuracy
TH02_0078_S01	TGFBI	Down	0.956056652412	1.31248795986	37.28140027568165	77.26884452783035	69.04761904761905	90.54054054054053	69.04761904761905	81.3692480359147	90.54054054054053	76.31901840490798	69.0677966101695
