Sample	Gene	Type	Expression	Threshold	Percent difference	Mean Accuracy	Minimum Accuracy	Maximum Accuracy	Sample 1 Accuracy	Sample 2 Accuracy	Sample 3 Accuracy	Sample 4 Accuracy	Sample 5 Accuracy
TH02_0078_S01	ZNF415P1	Up	0.367371065649	0.071774750948	80.4626009886755	86.82341070902868	81.51862464183381	92.77436946148603	81.51862464183381	91.26365054602185	92.77436946148603	86.40955004591369	82.15085884988798
