Sample	Gene	Type	Expression	Threshold	Percent difference	Mean Accuracy	Minimum Accuracy	Maximum Accuracy	Sample 1 Accuracy	Sample 2 Accuracy	Sample 3 Accuracy	Sample 4 Accuracy	Sample 5 Accuracy
TH02_0078_S01	RPS16	Down	9.12603329579	9.14501285553	0.20797162496388866	64.88469236830028	49.152542372881356	75.51020408163265	59.42028985507246	75.51020408163265	72.3404255319149	68	49.152542372881356
