Sample	Gene	Type	Expression	Threshold	Percent difference	Mean Accuracy	Minimum Accuracy	Maximum Accuracy	Sample 1 Accuracy	Sample 2 Accuracy	Sample 3 Accuracy	Sample 4 Accuracy	Sample 5 Accuracy
TH02_0078_S01	RP11-775C24.4	Up	0.526068811668	0.0451485849917	91.4177415595979	93.30777337451428	90.27027027027027	96.49446494464945	90.27027027027027	95.2755905511811	96.49446494464945	92.29074889867842	92.20779220779221
