Sample	Gene	Type	Expression	Threshold	Percent difference	Mean Accuracy	Minimum Accuracy	Maximum Accuracy	Sample 1 Accuracy	Sample 2 Accuracy	Sample 3 Accuracy	Sample 4 Accuracy	Sample 5 Accuracy
TH02_0078_S01	KMT2A	Up	5.90953311495	5.83346843719	1.287152069045378	98.8446128328111	97.47416762342137	99.84126984126985	99.19678714859438	99.84126984126985	99.65556831228473	98.05527123848515	97.47416762342137
