Sample	Gene	Type	Expression	Threshold	Percent difference	Mean Accuracy	Minimum Accuracy	Maximum Accuracy	Sample 1 Accuracy	Sample 2 Accuracy	Sample 3 Accuracy	Sample 4 Accuracy	Sample 5 Accuracy
TH02_0078_S01	RP11-410L14.1	Up	2.28688114779	0.918712258339	59.8268471788826	99.70754227740885	99.25650557620817	100	99.73190348525469	99.83999999999999	99.70930232558139	100	99.25650557620817
