Sample	Gene	Type	Expression	Threshold	Percent difference	Mean Accuracy	Minimum Accuracy	Maximum Accuracy	Sample 1 Accuracy	Sample 2 Accuracy	Sample 3 Accuracy	Sample 4 Accuracy	Sample 5 Accuracy
TH02_0078_S01	SNX31	Up	1.66448284036	1.01275897026	39.1547364921493	99.9071080650028	99.76076555023924	100	100	99.77477477477478	100	99.76076555023924	100
