Sample	Gene	Type	Expression	Threshold	Percent difference	Mean Accuracy	Minimum Accuracy	Maximum Accuracy	Sample 1 Accuracy	Sample 2 Accuracy	Sample 3 Accuracy	Sample 4 Accuracy	Sample 5 Accuracy
TH02_0078_S01	ATP6AP1	Down	4.83137058797	4.89721393585	1.3628295880251446	79.60718074328823	72.74590163934425	87.94063079777365	76.64670658682635	85.42914171656687	87.94063079777365	75.27352297592998	72.74590163934425
