Sample	Gene	Type	Expression	Threshold	Percent difference	Mean Accuracy	Minimum Accuracy	Maximum Accuracy	Sample 1 Accuracy	Sample 2 Accuracy	Sample 3 Accuracy	Sample 4 Accuracy	Sample 5 Accuracy
TH02_0078_S01	RP11-433P17.1	Up	0.731183241572	0.141808778048	80.60557600539099	86.0750696048657	80.95238095238095	93.98186314921682	81.68888888888888	89.30060213061603	93.98186314921682	84.45161290322581	80.95238095238095
