Sample	Gene	Type	Expression	Threshold	Percent difference	Mean Accuracy	Minimum Accuracy	Maximum Accuracy	Sample 1 Accuracy	Sample 2 Accuracy	Sample 3 Accuracy	Sample 4 Accuracy	Sample 5 Accuracy
TH02_0078_S01	RP11-195F19.30	Up	0.918386234446	0.576201438904	37.2593558905439	87.77940423682091	82.6651609260305	94.13639260675589	85.60450819672131	90.49360146252286	94.13639260675589	85.99735799207397	82.6651609260305
