Sample	Gene	Type	Expression	Threshold	Percent difference	Mean Accuracy	Minimum Accuracy	Maximum Accuracy	Sample 1 Accuracy	Sample 2 Accuracy	Sample 3 Accuracy	Sample 4 Accuracy	Sample 5 Accuracy
TH02_0078_S01	TNIK	Up	6.62512434188	6.53824710846	1.3113298549102714	98.91100788690838	97.70378874856488	99.84126984126985	99.19678714859438	99.84126984126985	99.65556831228473	98.15762538382803	97.70378874856488
