Sample	Gene	Type	Expression	Threshold	Percent difference	Mean Accuracy	Minimum Accuracy	Maximum Accuracy	Sample 1 Accuracy	Sample 2 Accuracy	Sample 3 Accuracy	Sample 4 Accuracy	Sample 5 Accuracy
TH02_0078_S01	AF131215.4	Up	0.18903382439	0.106960088015	43.41748712953709	79.58106764140351	72.2943722943723	90.990990990991	72.2943722943723	82.49158249158249	90.990990990991	79.14110429447852	72.98728813559322
