Sample	Gene	Type	Expression	Threshold	Percent difference	Mean Accuracy	Minimum Accuracy	Maximum Accuracy	Sample 1 Accuracy	Sample 2 Accuracy	Sample 3 Accuracy	Sample 4 Accuracy	Sample 5 Accuracy
TH02_0078_S01	RP11-83B20.3	Up	0.17632277264	0.175973325968	0.1981857855158934	19.93842259117788	15.735461801596351	25.296442687747035	18.486352357320097	25.296442687747035	23.05795314426634	17.11590296495957	15.735461801596351
