Sample	Gene	Type	Expression	Threshold	Percent difference	Mean Accuracy	Minimum Accuracy	Maximum Accuracy	Sample 1 Accuracy	Sample 2 Accuracy	Sample 3 Accuracy	Sample 4 Accuracy	Sample 5 Accuracy
TH02_0078_S01	GAB1	Up	5.89699834234	5.84853935242	0.8217568855678395	93.83369505977993	88.97818599311137	97.12973593570608	94.37751004016064	96.66666666666667	97.12973593570608	92.01637666325486	88.97818599311137
