Sample	Gene	Type	Expression	Threshold	Percent difference	Mean Accuracy	Minimum Accuracy	Maximum Accuracy	Sample 1 Accuracy	Sample 2 Accuracy	Sample 3 Accuracy	Sample 4 Accuracy	Sample 5 Accuracy
TH02_0078_S01	ZNF648	Up	0.411426245726	0.210507676005	48.83465063500274	89.65931150756074	85.26256352343309	94.96494582536647	87.9610655737705	91.4686166971359	94.96494582536647	88.63936591809775	85.26256352343309
