Sample	Gene	Type	Expression	Threshold	Percent difference	Mean Accuracy	Minimum Accuracy	Maximum Accuracy	Sample 1 Accuracy	Sample 2 Accuracy	Sample 3 Accuracy	Sample 4 Accuracy	Sample 5 Accuracy
TH02_0078_S01	AC100830.3	Up	1.0071955014	0.398050010204	60.4793697300364	99.95495495495496	99.77477477477478	100	100	99.77477477477478	100	100	100
