Sample	Gene	Type	Expression	Threshold	Percent difference	Mean Accuracy	Minimum Accuracy	Maximum Accuracy	Sample 1 Accuracy	Sample 2 Accuracy	Sample 3 Accuracy	Sample 4 Accuracy	Sample 5 Accuracy
TH02_0078_S01	LUC7L3	Up	8.31360865703	8.25309181213	0.7279251092583878	99.12608990109506	97.3913043478261	100	99.27007299270073	100	100	97.3913043478261	98.96907216494846
