Sample	Gene	Type	Expression	Threshold	Percent difference	Mean Accuracy	Minimum Accuracy	Maximum Accuracy	Sample 1 Accuracy	Sample 2 Accuracy	Sample 3 Accuracy	Sample 4 Accuracy	Sample 5 Accuracy
TH02_0078_S01	ALKBH7	Down	3.95326523901	4.12845182419	4.431440204196148	89.30308489865303	84.76821192052981	95.2054794520548	84.76821192052981	95.2054794520548	92.77777777777779	88.1578947368421	85.60606060606061
