Sample	Gene	Type	Expression	Threshold	Percent difference	Mean Accuracy	Minimum Accuracy	Maximum Accuracy	Sample 1 Accuracy	Sample 2 Accuracy	Sample 3 Accuracy	Sample 4 Accuracy	Sample 5 Accuracy
TH02_0078_S01	RP11-547D13.1	Up	0.516015147004	0.408735066652	20.79010296013043	76.87383077577348	69.73461321287408	86.10579987253027	72.95081967213115	81.53564899451554	86.10579987253027	74.04227212681637	69.73461321287408
