Sample	Gene	Type	Expression	Threshold	Percent difference	Mean Accuracy	Minimum Accuracy	Maximum Accuracy	Sample 1 Accuracy	Sample 2 Accuracy	Sample 3 Accuracy	Sample 4 Accuracy	Sample 5 Accuracy
TH02_0078_S01	EIF2S2P2	Up	0.722466024471	0.071774750948	90.0653112372233	87.08459303468817	81.73352435530086	92.84253578732107	81.73352435530086	91.41965678627145	92.84253578732107	87.05234159779614	82.37490664675131
