Sample	Gene	Type	Expression	Threshold	Percent difference	Mean Accuracy	Minimum Accuracy	Maximum Accuracy	Sample 1 Accuracy	Sample 2 Accuracy	Sample 3 Accuracy	Sample 4 Accuracy	Sample 5 Accuracy
TH02_0078_S01	NCAM1	Up	7.9686667932	7.90992975235	0.7370999738641656	99.521421107628	98.18181818181819	100	98.18181818181819	100	100	99.42528735632183	100
