Sample	Gene	Type	Expression	Threshold	Percent difference	Mean Accuracy	Minimum Accuracy	Maximum Accuracy	Sample 1 Accuracy	Sample 2 Accuracy	Sample 3 Accuracy	Sample 4 Accuracy	Sample 5 Accuracy
TH02_0078_S01	CTA-243E7.2	Up	0.62293035092	0.071774750948	88.47788507302677	92.44433892452528	89.72222222222223	97.36147757255937	90.65656565656566	89.72222222222223	97.36147757255937	93.43283582089552	91.04859335038363
