Sample	Gene	Type	Expression	Threshold	Percent difference	Mean Accuracy	Minimum Accuracy	Maximum Accuracy	Sample 1 Accuracy	Sample 2 Accuracy	Sample 3 Accuracy	Sample 4 Accuracy	Sample 5 Accuracy
TH02_0078_S01	BBC3	Down	0.124328135002	0.498704314232	301.1194362595221	99.75307682508473	99.36440677966102	100	99.89177489177489	100	100	99.50920245398774	99.36440677966102
