Sample	Gene	Type	Expression	Threshold	Percent difference	Mean Accuracy	Minimum Accuracy	Maximum Accuracy	Sample 1 Accuracy	Sample 2 Accuracy	Sample 3 Accuracy	Sample 4 Accuracy	Sample 5 Accuracy
TH02_0078_S01	PCYT2	Down	2.18903382439	2.37771773338	8.619506326841654	94.91240887359778	92.33449477351915	98.88888888888889	92.33449477351915	98.88888888888889	96.07142857142857	94.87179487179486	92.39543726235742
