Sample	Gene	Type	Expression	Threshold	Percent difference	Mean Accuracy	Minimum Accuracy	Maximum Accuracy	Sample 1 Accuracy	Sample 2 Accuracy	Sample 3 Accuracy	Sample 4 Accuracy	Sample 5 Accuracy
TH02_0078_S01	RP11-209D14.2	Up	0.765534746363	0.504391551018	34.112520246229494	70.42474248720615	59.598853868194844	86.9120654396728	59.598853868194844	74.88299531981279	86.9120654396728	69.78879706152433	60.94100074682599
