Sample	Gene	Type	Expression	Threshold	Percent difference	Mean Accuracy	Minimum Accuracy	Maximum Accuracy	Sample 1 Accuracy	Sample 2 Accuracy	Sample 3 Accuracy	Sample 4 Accuracy	Sample 5 Accuracy
TH02_0078_S01	RP11-776H12.1	Up	2.35049724708	1.6271750927	30.77315471347929	99.9071080650028	99.76076555023924	100	100	99.77477477477478	100	99.76076555023924	100
