Sample	Gene	Type	Expression	Threshold	Percent difference	Mean Accuracy	Minimum Accuracy	Maximum Accuracy	Sample 1 Accuracy	Sample 2 Accuracy	Sample 3 Accuracy	Sample 4 Accuracy	Sample 5 Accuracy
TH02_0078_S01	ZNF292	Up	5.36071542539	5.22933721542	2.450758892138756	99.89515457121134	99.59058341862846	100	100	100	100	99.59058341862846	99.88518943742825
