Sample	Gene	Type	Expression	Threshold	Percent difference	Mean Accuracy	Minimum Accuracy	Maximum Accuracy	Sample 1 Accuracy	Sample 2 Accuracy	Sample 3 Accuracy	Sample 4 Accuracy	Sample 5 Accuracy
TH02_0078_S01	MCAT	Down	2.31903981556	2.44879627228	5.595266448181552	77.26673922082918	67.36596736596736	87.374749498998	71.88940092165899	81.95488721804512	87.374749498998	77.74869109947645	67.36596736596736
