Sample	Gene	Type	Expression	Threshold	Percent difference	Mean Accuracy	Minimum Accuracy	Maximum Accuracy	Sample 1 Accuracy	Sample 2 Accuracy	Sample 3 Accuracy	Sample 4 Accuracy	Sample 5 Accuracy
TH02_0078_S01	ASIC4	Up	0.62293035092	0.513865172863	17.5084065009712	65.07966719101026	56.21521335807051	72.87822878228782	57.2972972972973	72.04724409448819	72.87822878228782	66.96035242290749	56.21521335807051
