Sample	Gene	Type	Expression	Threshold	Percent difference	Mean Accuracy	Minimum Accuracy	Maximum Accuracy	Sample 1 Accuracy	Sample 2 Accuracy	Sample 3 Accuracy	Sample 4 Accuracy	Sample 5 Accuracy
TH02_0078_S01	LYPLA1P3	Up	1.44890095115	0.566591203213	60.89510447465069	99.92698713394901	99.79674796747967	100	99.83818770226537	99.79674796747967	100	100	100
