Sample	Gene	Type	Expression	Threshold	Percent difference	Mean Accuracy	Minimum Accuracy	Maximum Accuracy	Sample 1 Accuracy	Sample 2 Accuracy	Sample 3 Accuracy	Sample 4 Accuracy	Sample 5 Accuracy
TH02_0078_S01	ADCYAP1	Up	1.50589092973	1.25128436089	16.90737116569591	99.68999267546874	99.50842696629213	99.88479262672811	99.68268359020853	99.88479262672811	99.78655282817502	99.50842696629213	99.5875073659399
