Sample	Gene	Type	Expression	Threshold	Percent difference	Mean Accuracy	Minimum Accuracy	Maximum Accuracy	Sample 1 Accuracy	Sample 2 Accuracy	Sample 3 Accuracy	Sample 4 Accuracy	Sample 5 Accuracy
TH02_0078_S01	PIGQ	Down	2.47767732757	2.58251023293	4.231095962072492	80.95333026771402	74.1444866920152	87.85714285714286	77.35191637630662	85.92592592592592	87.85714285714286	79.48717948717949	74.1444866920152
