Sample	Gene	Type	Expression	Threshold	Percent difference	Mean Accuracy	Minimum Accuracy	Maximum Accuracy	Sample 1 Accuracy	Sample 2 Accuracy	Sample 3 Accuracy	Sample 4 Accuracy	Sample 5 Accuracy
TH02_0078_S01	AC015971.2	Up	2.47767732757	0.923047721386	62.74544263230249	99.94897959183673	99.74489795918367	100	100	99.74489795918367	100	100	100
