Sample	Gene	Type	Expression	Threshold	Percent difference	Mean Accuracy	Minimum Accuracy	Maximum Accuracy	Sample 1 Accuracy	Sample 2 Accuracy	Sample 3 Accuracy	Sample 4 Accuracy	Sample 5 Accuracy
TH02_0078_S01	COX6CP1	Up	1.89141918685	1.29032027721	31.780311515242683	82.2333383018009	72.5925925925926	90.0709219858156	74.43181818181817	90.0709219858156	89.39393939393939	84.67741935483872	72.5925925925926
