Sample	Gene	Type	Expression	Threshold	Percent difference	Mean Accuracy	Minimum Accuracy	Maximum Accuracy	Sample 1 Accuracy	Sample 2 Accuracy	Sample 3 Accuracy	Sample 4 Accuracy	Sample 5 Accuracy
TH03_0019_S01	SSRP1	Down	4.08321336825	4.32932186127	6.0273238458140765	99.82936068926213	99.4535519125683	100	100	100	100	99.69325153374233	99.4535519125683
