Sample	Gene	Type	Expression	Threshold	Percent difference	Mean Accuracy	Minimum Accuracy	Maximum Accuracy	Sample 1 Accuracy	Sample 2 Accuracy	Sample 3 Accuracy	Sample 4 Accuracy	Sample 5 Accuracy
TH03_0019_S01	CCHCR1	Down	1.80735492206	1.81086885929	0.19442430410927755	6.2625899901721604	3.067484662576687	9.226190476190476	3.067484662576687	9.226190476190476	6.395348837209303	6.741573033707865	5.88235294117647
