Sample	Gene	Type	Expression	Threshold	Percent difference	Mean Accuracy	Minimum Accuracy	Maximum Accuracy	Sample 1 Accuracy	Sample 2 Accuracy	Sample 3 Accuracy	Sample 4 Accuracy	Sample 5 Accuracy
TH03_0019_S01	LRRC47	Down	2.71808758396	2.99071311951	10.030049699605707	97.93769949629245	96.64113140836771	98.93276414087512	98.00543970988214	98.84792626728111	98.93276414087512	97.26123595505618	96.64113140836771
