Sample	Gene	Type	Expression	Threshold	Percent difference	Mean Accuracy	Minimum Accuracy	Maximum Accuracy	Sample 1 Accuracy	Sample 2 Accuracy	Sample 3 Accuracy	Sample 4 Accuracy	Sample 5 Accuracy
TH03_0019_S01	RBM10	Down	3.24336442569	3.33425760269	2.802434912341481	97.9542452833639	96.07760438633488	99.30008748906387	97.95060430898582	98.9393296563428	99.30008748906387	97.50360057609217	96.07760438633488
