Sample	Gene	Type	Expression	Threshold	Percent difference	Mean Accuracy	Minimum Accuracy	Maximum Accuracy	Sample 1 Accuracy	Sample 2 Accuracy	Sample 3 Accuracy	Sample 4 Accuracy	Sample 5 Accuracy
TH03_0019_S01	EIF3D	Down	5.52575569283	5.71037817001	3.341126308199967	99.64836877217603	99.13793103448276	100	99.13793103448276	99.71181556195965	100	100	99.3920972644377
