Sample	Gene	Type	Expression	Threshold	Percent difference	Mean Accuracy	Minimum Accuracy	Maximum Accuracy	Sample 1 Accuracy	Sample 2 Accuracy	Sample 3 Accuracy	Sample 4 Accuracy	Sample 5 Accuracy
TH03_0019_S01	ERGIC3	Down	6.37277801706	6.4441204071	1.1194865072816826	94.48358450794316	90.9090909090909	98.33333333333333	90.9090909090909	98.33333333333333	97.75784753363229	91.8103448275862	93.60730593607306
