Sample	Gene	Type	Expression	Threshold	Percent difference	Mean Accuracy	Minimum Accuracy	Maximum Accuracy	Sample 1 Accuracy	Sample 2 Accuracy	Sample 3 Accuracy	Sample 4 Accuracy	Sample 5 Accuracy
TH03_0019_S01	HAVCR1	Up	0.978195629682	0.746955513954	23.639455003818973	63.052848358771094	51.5828677839851	73.56215213358071	51.5828677839851	70.4183266932271	73.56215213358071	62.67441860465116	57.0264765784114
