Sample	Gene	Type	Expression	Threshold	Percent difference	Mean Accuracy	Minimum Accuracy	Maximum Accuracy	Sample 1 Accuracy	Sample 2 Accuracy	Sample 3 Accuracy	Sample 4 Accuracy	Sample 5 Accuracy
TH03_0019_S01	PI4KB	Down	3.54101915313	3.7646214962	6.314632409495781	99.83287447851599	99.77064220183486	100	99.7867803837953	99.8	99.8069498069498	99.77064220183486	100
