Sample	Gene	Type	Expression	Threshold	Percent difference	Mean Accuracy	Minimum Accuracy	Maximum Accuracy	Sample 1 Accuracy	Sample 2 Accuracy	Sample 3 Accuracy	Sample 4 Accuracy	Sample 5 Accuracy
TH03_0019_S01	AC079354.5	Up	1.25096157353	1.13570904732	9.21311482692286	70.63836379854574	63.1367292225201	78.72	63.1367292225201	78.72	78.39147286821705	68.44547563805105	64.49814126394052
