Sample	Gene	Type	Expression	Threshold	Percent difference	Mean Accuracy	Minimum Accuracy	Maximum Accuracy	Sample 1 Accuracy	Sample 2 Accuracy	Sample 3 Accuracy	Sample 4 Accuracy	Sample 5 Accuracy
TH03_0019_S01	CCDC38	Up	0.422233000683	0.387328118086	8.266734845580102	46.8574618001399	38.5899814471243	55.118110236220474	39.63963963963964	55.118110236220474	54.24354243542435	46.69603524229075	38.5899814471243
