Sample	Gene	Type	Expression	Threshold	Percent difference	Mean Accuracy	Minimum Accuracy	Maximum Accuracy	Sample 1 Accuracy	Sample 2 Accuracy	Sample 3 Accuracy	Sample 4 Accuracy	Sample 5 Accuracy
TH03_0019_S01	YKT6	Down	3.64385618977	3.76736545563	3.3895208654706965	97.74654523136422	96.29629629629629	99.31818181818181	97.95918367346938	98.7012987012987	99.31818181818181	96.45776566757493	96.29629629629629
