Sample	Gene	Type	Expression	Threshold	Percent difference	Mean Accuracy	Minimum Accuracy	Maximum Accuracy	Sample 1 Accuracy	Sample 2 Accuracy	Sample 3 Accuracy	Sample 4 Accuracy	Sample 5 Accuracy
TH03_0019_S01	RP11-783K16.10	Up	1.516015147	1.50087046623	0.9989795154731375	15.269197314455893	11	20.783847980997624	12.7831715210356	19.308943089430894	20.783847980997624	12.470023980815348	11
