Sample	Gene	Type	Expression	Threshold	Percent difference	Mean Accuracy	Minimum Accuracy	Maximum Accuracy	Sample 1 Accuracy	Sample 2 Accuracy	Sample 3 Accuracy	Sample 4 Accuracy	Sample 5 Accuracy
TH03_0019_S01	RP11-638F5.2	Up	0.516015147004	0.106960088015	79.27190923832109	89.95529532120128	85.86088939566704	96.17755856966707	86.72456575682382	93.41238471673255	96.17755856966707	87.6010781671159	85.86088939566704
