Sample	Gene	Type	Expression	Threshold	Percent difference	Mean Accuracy	Minimum Accuracy	Maximum Accuracy	Sample 1 Accuracy	Sample 2 Accuracy	Sample 3 Accuracy	Sample 4 Accuracy	Sample 5 Accuracy
TH03_0019_S01	CUL4A	Down	3.10097764772	3.15839362144	1.8515442625720042	93.65090803244901	88.8654576128216	97.02537182852143	93.32632685233841	96.47857445905812	97.02537182852143	92.55880940950551	88.8654576128216
