Sample	Gene	Type	Expression	Threshold	Percent difference	Mean Accuracy	Minimum Accuracy	Maximum Accuracy	Sample 1 Accuracy	Sample 2 Accuracy	Sample 3 Accuracy	Sample 4 Accuracy	Sample 5 Accuracy
TH03_0019_S01	AC009014.3	Up	2.04963076772	1.18794322014	42.04111106989955	99.95495495495496	99.77477477477478	100	100	99.77477477477478	100	100	100
