Sample	Gene	Type	Expression	Threshold	Percent difference	Mean Accuracy	Minimum Accuracy	Maximum Accuracy	Sample 1 Accuracy	Sample 2 Accuracy	Sample 3 Accuracy	Sample 4 Accuracy	Sample 5 Accuracy
TH03_0019_S01	FAM122B	Down	1.93734439215	2.08298897743	7.51774366344687	92.73080686217105	89.19860627177701	96.29629629629629	89.19860627177701	96.29629629629629	95.35714285714286	92.3076923076923	90.49429657794677
