Sample	Gene	Type	Expression	Threshold	Percent difference	Mean Accuracy	Minimum Accuracy	Maximum Accuracy	Sample 1 Accuracy	Sample 2 Accuracy	Sample 3 Accuracy	Sample 4 Accuracy	Sample 5 Accuracy
TH03_0019_S01	RP11-92C4.6	Up	3.32481060342	3.23130750656	2.8122834053711223	76.70070026120533	70.45454545454545	82.87671232876713	72.84768211920529	82.87671232876713	81.66666666666667	75.6578947368421	70.45454545454545
