Sample	Gene	Type	Expression	Threshold	Percent difference	Mean Accuracy	Minimum Accuracy	Maximum Accuracy	Sample 1 Accuracy	Sample 2 Accuracy	Sample 3 Accuracy	Sample 4 Accuracy	Sample 5 Accuracy
TH03_0019_S01	STARD7	Down	4.02059109477	4.15458869934	3.3327836980065917	98.77230445622224	97.51159848165331	99.78127734033247	98.89647924330005	99.44845142129826	99.78127734033247	98.22371579452712	97.51159848165331
