Sample	Gene	Type	Expression	Threshold	Percent difference	Mean Accuracy	Minimum Accuracy	Maximum Accuracy	Sample 1 Accuracy	Sample 2 Accuracy	Sample 3 Accuracy	Sample 4 Accuracy	Sample 5 Accuracy
TH03_0019_S01	ARAP1	Down	3.516015147	3.56453919411	1.3800864069485739	87.77163082202011	81.02066638549135	92.78215223097112	87.23068838675775	91.93890538820536	92.78215223097112	85.88574171867499	81.02066638549135
