Sample	Gene	Type	Expression	Threshold	Percent difference	Mean Accuracy	Minimum Accuracy	Maximum Accuracy	Sample 1 Accuracy	Sample 2 Accuracy	Sample 3 Accuracy	Sample 4 Accuracy	Sample 5 Accuracy
TH03_0019_S01	CYP7A1	Up	0.17632277264	0.106960088015	39.33847204559249	82.82053478180121	75.70332480818415	90.76517150395779	79.54545454545455	83.61111111111111	90.76517150395779	84.4776119402985	75.70332480818415
