Sample	Gene	Type	Expression	Threshold	Percent difference	Mean Accuracy	Minimum Accuracy	Maximum Accuracy	Sample 1 Accuracy	Sample 2 Accuracy	Sample 3 Accuracy	Sample 4 Accuracy	Sample 5 Accuracy
TH03_0019_S01	CYP2A7	Up	0.464668267003	0.176311850548	62.056403876001774	85.28360550988016	79.32900432900432	94.14414414414415	79.32900432900432	87.99102132435466	94.14414414414415	85.39877300613496	79.55508474576271
