Sample	Gene	Type	Expression	Threshold	Percent difference	Mean Accuracy	Minimum Accuracy	Maximum Accuracy	Sample 1 Accuracy	Sample 2 Accuracy	Sample 3 Accuracy	Sample 4 Accuracy	Sample 5 Accuracy
TH03_0019_S01	YY1AP1	Down	3.52857131887	3.76425075531	6.679174519716795	99.84471187809062	99.45504087193461	100	100	100	100	99.45504087193461	99.76851851851852
