Sample	Gene	Type	Expression	Threshold	Percent difference	Mean Accuracy	Minimum Accuracy	Maximum Accuracy	Sample 1 Accuracy	Sample 2 Accuracy	Sample 3 Accuracy	Sample 4 Accuracy	Sample 5 Accuracy
TH03_0019_S01	RP11-887P2.6	Up	0.475084882949	0.409074544907	13.89443032416717	41.576023388245574	34.88888888888889	52.061139416396486	34.88888888888889	52.061139416396486	45.589447650453415	39.74193548387097	35.59870550161812
