Sample	Gene	Type	Expression	Threshold	Percent difference	Mean Accuracy	Minimum Accuracy	Maximum Accuracy	Sample 1 Accuracy	Sample 2 Accuracy	Sample 3 Accuracy	Sample 4 Accuracy	Sample 5 Accuracy
TH03_0019_S01	IGF1	Up	5.32589006104	5.31563091278	0.1926278639329811	42.06380218968523	33.87096774193548	52.02952029520295	36.633663366336634	50.23696682464455	52.02952029520295	37.547892720306514	33.87096774193548
