Sample	Gene	Type	Expression	Threshold	Percent difference	Mean Accuracy	Minimum Accuracy	Maximum Accuracy	Sample 1 Accuracy	Sample 2 Accuracy	Sample 3 Accuracy	Sample 4 Accuracy	Sample 5 Accuracy
TH03_0019_S01	BRD9	Down	2.52857131887	2.81826853752	11.456952647056967	97.40470776508236	95.53072625698324	99.50372208436724	97.38219895287958	98.07692307692307	99.50372208436724	96.52996845425868	95.53072625698324
