Sample	Gene	Type	Expression	Threshold	Percent difference	Mean Accuracy	Minimum Accuracy	Maximum Accuracy	Sample 1 Accuracy	Sample 2 Accuracy	Sample 3 Accuracy	Sample 4 Accuracy	Sample 5 Accuracy
TH03_0019_S01	AP5Z1	Down	2.33913738492	2.40581655502	2.850588021459051	65.75667999772743	58.16993464052288	73.54651162790698	59.20245398773007	72.32142857142857	73.54651162790698	65.54307116104869	58.16993464052288
