Sample	Gene	Type	Expression	Threshold	Percent difference	Mean Accuracy	Minimum Accuracy	Maximum Accuracy	Sample 1 Accuracy	Sample 2 Accuracy	Sample 3 Accuracy	Sample 4 Accuracy	Sample 5 Accuracy
TH03_0019_S01	APH1A	Down	4.88019572894	5.22358131409	7.036307644664571	99.91551840175693	99.77064220183486	100	100	100	99.8069498069498	99.77064220183486	100
