Sample	Gene	Type	Expression	Threshold	Percent difference	Mean Accuracy	Minimum Accuracy	Maximum Accuracy	Sample 1 Accuracy	Sample 2 Accuracy	Sample 3 Accuracy	Sample 4 Accuracy	Sample 5 Accuracy
TH03_0019_S01	LMF2	Down	3.4944156104	3.51629447937	0.6261095247195162	53.29175843403169	44.44444444444444	63.86363636363637	48.97959183673469	59.307359307359306	63.86363636363637	49.863760217983646	44.44444444444444
