Sample	Gene	Type	Expression	Threshold	Percent difference	Mean Accuracy	Minimum Accuracy	Maximum Accuracy	Sample 1 Accuracy	Sample 2 Accuracy	Sample 3 Accuracy	Sample 4 Accuracy	Sample 5 Accuracy
TH03_0019_S01	MAPRE1	Down	4.17072627613	4.3306350708	3.834075508268034	98.55658893893616	97.54768392370572	99.31818181818181	98.86621315192744	99.13419913419914	99.31818181818181	97.54768392370572	97.91666666666666
