Sample	Gene	Type	Expression	Threshold	Percent difference	Mean Accuracy	Minimum Accuracy	Maximum Accuracy	Sample 1 Accuracy	Sample 2 Accuracy	Sample 3 Accuracy	Sample 4 Accuracy	Sample 5 Accuracy
TH03_0019_S01	AFP	Up	2.88752527074	1.08263778687	62.506378806771544	99.92698713394901	99.79674796747967	100	99.83818770226537	99.79674796747967	100	100	100
