Sample	Gene	Type	Expression	Threshold	Percent difference	Mean Accuracy	Minimum Accuracy	Maximum Accuracy	Sample 1 Accuracy	Sample 2 Accuracy	Sample 3 Accuracy	Sample 4 Accuracy	Sample 5 Accuracy
TH03_0019_S01	RELA	Down	3.85598969731	4.19201374054	8.714339757298	99.8840054980053	99.69325153374233	100	100	100	100	99.69325153374233	99.72677595628416
