Sample	Gene	Type	Expression	Threshold	Percent difference	Mean Accuracy	Minimum Accuracy	Maximum Accuracy	Sample 1 Accuracy	Sample 2 Accuracy	Sample 3 Accuracy	Sample 4 Accuracy	Sample 5 Accuracy
TH03_0019_S01	RNF220	Down	4.2927817492300004	4.33867931366	1.0691800121968087	68.39666836661623	59.133709981167605	80.03502626970229	61.73076923076923	77.46478873239437	80.03502626970229	63.61904761904762	59.133709981167605
