Sample	Gene	Type	Expression	Threshold	Percent difference	Mean Accuracy	Minimum Accuracy	Maximum Accuracy	Sample 1 Accuracy	Sample 2 Accuracy	Sample 3 Accuracy	Sample 4 Accuracy	Sample 5 Accuracy
TH03_0019_S01	TRPC4AP	Down	3.64270157183	3.87459945679	6.366096162071832	99.90329946245626	99.78911851539435	100	100	99.91514637250742	99.95625546806649	99.85597695631301	99.78911851539435
