Sample	Gene	Type	Expression	Threshold	Percent difference	Mean Accuracy	Minimum Accuracy	Maximum Accuracy	Sample 1 Accuracy	Sample 2 Accuracy	Sample 3 Accuracy	Sample 4 Accuracy	Sample 5 Accuracy
TH03_0019_S01	RP11-178C3.1	Up	0.956056652412	0.776138663292	18.81875814221799	53.324736775143215	41.717233009708735	70.89697306303805	41.717233009708735	59.02061855670103	70.89697306303805	52.94650951949229	42.04234972677596
