Sample	Gene	Type	Expression	Threshold	Percent difference	Mean Accuracy	Minimum Accuracy	Maximum Accuracy	Sample 1 Accuracy	Sample 2 Accuracy	Sample 3 Accuracy	Sample 4 Accuracy	Sample 5 Accuracy
TH03_0019_S01	XRCC6	Down	5.70154905694	5.8889374733	3.28662288947437	99.64836877217603	99.13793103448276	100	99.13793103448276	99.71181556195965	100	100	99.3920972644377
