Sample	Gene	Type	Expression	Threshold	Percent difference	Mean Accuracy	Minimum Accuracy	Maximum Accuracy	Sample 1 Accuracy	Sample 2 Accuracy	Sample 3 Accuracy	Sample 4 Accuracy	Sample 5 Accuracy
TH03_0019_S01	RP11-1069G10.1	Up	0.650764559117	0.513865172863	21.036699730506843	77.01532783089127	69.96047430830039	86.16953473550032	73.10450819672131	81.53564899451554	86.16953473550032	74.30647291941875	69.96047430830039
