Sample	Gene	Type	Expression	Threshold	Percent difference	Mean Accuracy	Minimum Accuracy	Maximum Accuracy	Sample 1 Accuracy	Sample 2 Accuracy	Sample 3 Accuracy	Sample 4 Accuracy	Sample 5 Accuracy
TH03_0019_S01	TCN1	Up	4.60940039001	4.40236663818	4.491554959701621	99.31268120076015	98.81422924901186	100	99.0521327014218	100	99.800796812749	98.81422924901186	98.89624724061811
