Sample	Gene	Type	Expression	Threshold	Percent difference	Mean Accuracy	Minimum Accuracy	Maximum Accuracy	Sample 1 Accuracy	Sample 2 Accuracy	Sample 3 Accuracy	Sample 4 Accuracy	Sample 5 Accuracy
TH03_0019_S01	FGGY	Up	5.69432306013	5.62441015244	1.2277650381220895	96.47096907489133	93.45238095238095	99.74160206718346	94.44444444444444	98	99.74160206718346	96.71641791044776	93.45238095238095
