Sample	Gene	Type	Expression	Threshold	Percent difference	Mean Accuracy	Minimum Accuracy	Maximum Accuracy	Sample 1 Accuracy	Sample 2 Accuracy	Sample 3 Accuracy	Sample 4 Accuracy	Sample 5 Accuracy
TH03_0019_S01	VSIG1	Up	2.08746284125	1.8103415966	13.275505516738011	99.13205700322425	98.40895698291102	99.6264674493063	99.18404351767906	99.42396313364056	99.6264674493063	99.01685393258427	98.40895698291102
