Sample	Gene	Type	Expression	Threshold	Percent difference	Mean Accuracy	Minimum Accuracy	Maximum Accuracy	Sample 1 Accuracy	Sample 2 Accuracy	Sample 3 Accuracy	Sample 4 Accuracy	Sample 5 Accuracy
TH03_0118_S01	NMT1	Up	7.34260807756	7.24687290192	1.3038306638288293	99.68367091772943	99.19354838709677	100	100	100	99.19354838709677	99.2248062015504	100
