Sample	Gene	Type	Expression	Threshold	Percent difference	Mean Accuracy	Minimum Accuracy	Maximum Accuracy	Sample 1 Accuracy	Sample 2 Accuracy	Sample 3 Accuracy	Sample 4 Accuracy	Sample 5 Accuracy
TH03_0118_S01	INPP5B	Up	4.94110631095	4.82630348206	2.323423574910448	96.54662579648405	93.50485027414594	98.64391951006124	96.53179190751445	98.13322019516335	98.64391951006124	95.91934709553529	93.50485027414594
