Sample	Gene	Type	Expression	Threshold	Percent difference	Mean Accuracy	Minimum Accuracy	Maximum Accuracy	Sample 1 Accuracy	Sample 2 Accuracy	Sample 3 Accuracy	Sample 4 Accuracy	Sample 5 Accuracy
TH03_0118_S01	PVRIG2P	Up	3.12101540096	3.05096459389	2.2444877089825717	88.91381203715916	84.0909090909091	95.56074766355141	85.18518518518519	93.49845201238391	95.56074766355141	86.23376623376623	84.0909090909091
