Sample	Gene	Type	Expression	Threshold	Percent difference	Mean Accuracy	Minimum Accuracy	Maximum Accuracy	Sample 1 Accuracy	Sample 2 Accuracy	Sample 3 Accuracy	Sample 4 Accuracy	Sample 5 Accuracy
TH03_0118_S01	AC094019.4	Up	0.422233000683	0.376716196537	10.780020527143181	27.89118233112844	21.63287975562344	37.69329896907217	26.001213592233007	37.69329896907217	21.63287975562344	28.377153218495017	25.751366120218577
