Sample	Gene	Type	Expression	Threshold	Percent difference	Mean Accuracy	Minimum Accuracy	Maximum Accuracy	Sample 1 Accuracy	Sample 2 Accuracy	Sample 3 Accuracy	Sample 4 Accuracy	Sample 5 Accuracy
TH03_0118_S01	SGCB	Down	0.238786859587	0.280844569206	17.61307539775932	73.23603338372277	65.61264822134387	83.04652644996813	69.31352459016394	78.06215722120659	83.04652644996813	70.14531043593131	65.61264822134387
