Sample	Gene	Type	Expression	Threshold	Percent difference	Mean Accuracy	Minimum Accuracy	Maximum Accuracy	Sample 1 Accuracy	Sample 2 Accuracy	Sample 3 Accuracy	Sample 4 Accuracy	Sample 5 Accuracy
TH03_0118_S01	FGF10	Up	2.21723071622	1.36513733864	38.43052377664485	99.85189221319595	99.51456310679612	100	99.51456310679612	99.74489795918367	100	100	100
