Sample	Gene	Type	Expression	Threshold	Percent difference	Mean Accuracy	Minimum Accuracy	Maximum Accuracy	Sample 1 Accuracy	Sample 2 Accuracy	Sample 3 Accuracy	Sample 4 Accuracy	Sample 5 Accuracy
TH03_0118_S01	SLC26A11	Down	0.495695162624	0.640266418457	29.165355390539045	76.4844062755828	70.50092764378478	82.28346456692913	70.8108108108108	82.28346456692913	81.73431734317343	77.09251101321586	70.50092764378478
