Sample	Gene	Type	Expression	Threshold	Percent difference	Mean Accuracy	Minimum Accuracy	Maximum Accuracy	Sample 1 Accuracy	Sample 2 Accuracy	Sample 3 Accuracy	Sample 4 Accuracy	Sample 5 Accuracy
TH03_0118_S01	RP11-165F24.3	Up	1.02147972741	0.784831106663	23.16723615720024	99.03891182675645	97.78325123152709	99.61538461538461	99.09502262443439	99.2874109263658	99.61538461538461	99.41348973607037	97.78325123152709
