Sample	Gene	Type	Expression	Threshold	Percent difference	Mean Accuracy	Minimum Accuracy	Maximum Accuracy	Sample 1 Accuracy	Sample 2 Accuracy	Sample 3 Accuracy	Sample 4 Accuracy	Sample 5 Accuracy
TH03_0118_S01	FAM122C	Up	3.48155728071	3.46449303627	0.4901325201382373	37.116642428936615	29.80132450331126	45.37444933920705	30.80568720379147	45.37444933920705	44.6215139442231	34.980237154150196	29.80132450331126
