Sample	Gene	Type	Expression	Threshold	Percent difference	Mean Accuracy	Minimum Accuracy	Maximum Accuracy	Sample 1 Accuracy	Sample 2 Accuracy	Sample 3 Accuracy	Sample 4 Accuracy	Sample 5 Accuracy
TH03_0118_S01	AC093627.10	Up	3.43696133783	3.39113903046	1.3332214961408566	76.83964522315148	68.7382297551789	86.69001751313485	72.11538461538461	83.70221327967808	86.69001751313485	72.95238095238096	68.7382297551789
