Sample	Gene	Type	Expression	Threshold	Percent difference	Mean Accuracy	Minimum Accuracy	Maximum Accuracy	Sample 1 Accuracy	Sample 2 Accuracy	Sample 3 Accuracy	Sample 4 Accuracy	Sample 5 Accuracy
TH03_0118_S01	CMB9-55A18.1	Up	0.565597175854	0.437731921673	22.607123875386257	64.85025354247392	52.01271186440678	82.2072072072072	55.41125541125541	72.16610549943884	82.2072072072072	62.45398773006134	52.01271186440678
