Sample	Gene	Type	Expression	Threshold	Percent difference	Mean Accuracy	Minimum Accuracy	Maximum Accuracy	Sample 1 Accuracy	Sample 2 Accuracy	Sample 3 Accuracy	Sample 4 Accuracy	Sample 5 Accuracy
TH03_0118_S01	FAM127C	Down	0.150559676575	0.633026242256	320.4487261505663	99.90136971352777	99.86824769433466	100	99.87593052109182	99.86824769433466	99.8766954377312	100	99.8859749144812
