Sample	Gene	Type	Expression	Threshold	Percent difference	Mean Accuracy	Minimum Accuracy	Maximum Accuracy	Sample 1 Accuracy	Sample 2 Accuracy	Sample 3 Accuracy	Sample 4 Accuracy	Sample 5 Accuracy
TH03_0118_S01	FGR	Up	5.72846476509	5.5945186615	2.338254821890227	99.8612814040149	99.64539007092199	100	99.64539007092199	100	100	99.66101694915255	100
