Sample	Gene	Type	Expression	Threshold	Percent difference	Mean Accuracy	Minimum Accuracy	Maximum Accuracy	Sample 1 Accuracy	Sample 2 Accuracy	Sample 3 Accuracy	Sample 4 Accuracy	Sample 5 Accuracy
TH03_0118_S01	AP003068.23	Up	4.66732447028	3.94553804398	15.464672124170928	99.96047430830039	99.80237154150198	100	100	100	100	99.80237154150198	100
