Sample	Gene	Type	Expression	Threshold	Percent difference	Mean Accuracy	Minimum Accuracy	Maximum Accuracy	Sample 1 Accuracy	Sample 2 Accuracy	Sample 3 Accuracy	Sample 4 Accuracy	Sample 5 Accuracy
TH03_0118_S01	M6PR	Up	7.89342288812	7.85126638412	0.5340712717096144	97.36096971641838	96.11650485436894	100	97.01492537313433	100	96.7741935483871	96.89922480620154	96.11650485436894
