Sample	Gene	Type	Expression	Threshold	Percent difference	Mean Accuracy	Minimum Accuracy	Maximum Accuracy	Sample 1 Accuracy	Sample 2 Accuracy	Sample 3 Accuracy	Sample 4 Accuracy	Sample 5 Accuracy
TH03_0118_S01	STAG3L1	Up	4.5631581304	4.3974275589	3.631926984863714	97.69493385855036	95.72649572649573	99.38080495356037	95.72649572649573	99.38080495356037	99.06542056074767	97.14285714285714	97.1590909090909
