Sample	Gene	Type	Expression	Threshold	Percent difference	Mean Accuracy	Minimum Accuracy	Maximum Accuracy	Sample 1 Accuracy	Sample 2 Accuracy	Sample 3 Accuracy	Sample 4 Accuracy	Sample 5 Accuracy
TH03_0118_S01	LRRC70	Up	3.33913738492	2.8682012558	14.103526594826912	99.9206336708502	99.800796812749	100	100	100	99.800796812749	99.80237154150198	100
