Sample	Gene	Type	Expression	Threshold	Percent difference	Mean Accuracy	Minimum Accuracy	Maximum Accuracy	Sample 1 Accuracy	Sample 2 Accuracy	Sample 3 Accuracy	Sample 4 Accuracy	Sample 5 Accuracy
TH03_0118_S01	PTPRF	Down	0.378511623254	1.85521256924	390.13357985972885	99.96629815709119	99.89754098360656	100	99.89754098360656	100	100	99.93394980184941	100
