Sample	Gene	Type	Expression	Threshold	Percent difference	Mean Accuracy	Minimum Accuracy	Maximum Accuracy	Sample 1 Accuracy	Sample 2 Accuracy	Sample 3 Accuracy	Sample 4 Accuracy	Sample 5 Accuracy
TH03_0118_S01	RP5-943J3.2	Up	2.60880924268	2.53409123421	2.8640656145959964	39.75661249760211	31.414868105515588	50.95011876484561	34.627831715210355	49.390243902439025	50.95011876484561	31.414868105515588	32.4
