Sample	Gene	Type	Expression	Threshold	Percent difference	Mean Accuracy	Minimum Accuracy	Maximum Accuracy	Sample 1 Accuracy	Sample 2 Accuracy	Sample 3 Accuracy	Sample 4 Accuracy	Sample 5 Accuracy
TH03_0118_S01	C9orf43	Up	2.44095219803	1.34955096245	44.71211015360435	99.85189221319595	99.51456310679612	100	99.51456310679612	99.74489795918367	100	100	100
