Sample	Gene	Type	Expression	Threshold	Percent difference	Mean Accuracy	Minimum Accuracy	Maximum Accuracy	Sample 1 Accuracy	Sample 2 Accuracy	Sample 3 Accuracy	Sample 4 Accuracy	Sample 5 Accuracy
TH03_0118_S01	HSD17B1P1	Up	1.0285691522	0.656734228134	36.15069762404256	99.76624927206466	99.26108374384236	100	100	99.7624703087886	99.8076923076923	100	99.26108374384236
