Sample	Gene	Type	Expression	Threshold	Percent difference	Mean Accuracy	Minimum Accuracy	Maximum Accuracy	Sample 1 Accuracy	Sample 2 Accuracy	Sample 3 Accuracy	Sample 4 Accuracy	Sample 5 Accuracy
TH03_0118_S01	AC007256.5	Up	0.422233000683	0.154565423727	63.39333413613421	90.09301466040007	87.87878787878788	95.25065963060686	87.87878787878788	88.05555555555556	95.25065963060686	91.04477611940298	88.23529411764706
