Sample	Gene	Type	Expression	Threshold	Percent difference	Mean Accuracy	Minimum Accuracy	Maximum Accuracy	Sample 1 Accuracy	Sample 2 Accuracy	Sample 3 Accuracy	Sample 4 Accuracy	Sample 5 Accuracy
TH03_0118_S01	CEACAM21	Up	4.19770815796	3.80857658386	9.270095953719428	99.50287247737697	98.78542510121457	100	98.78542510121457	99.52606635071089	100	99.59349593495935	99.609375
