Sample	Gene	Type	Expression	Threshold	Percent difference	Mean Accuracy	Minimum Accuracy	Maximum Accuracy	Sample 1 Accuracy	Sample 2 Accuracy	Sample 3 Accuracy	Sample 4 Accuracy	Sample 5 Accuracy
TH03_0118_S01	LINC00921	Up	1.82374936031	1.55568265915	14.698659091753383	99.04128014383541	98.36601307189542	99.70930232558139	98.77300613496932	99.10714285714286	99.70930232558139	99.25093632958801	98.36601307189542
