Sample	Gene	Type	Expression	Threshold	Percent difference	Mean Accuracy	Minimum Accuracy	Maximum Accuracy	Sample 1 Accuracy	Sample 2 Accuracy	Sample 3 Accuracy	Sample 4 Accuracy	Sample 5 Accuracy
TH03_0118_S01	DEFA1	Up	1.33913738492	1.10930132866	17.162993046731373	90.2751250193336	84.85254691689008	94.88	84.85254691689008	94.88	94.86434108527132	90.71925754060325	86.05947955390334
