Sample	Gene	Type	Expression	Threshold	Percent difference	Mean Accuracy	Minimum Accuracy	Maximum Accuracy	Sample 1 Accuracy	Sample 2 Accuracy	Sample 3 Accuracy	Sample 4 Accuracy	Sample 5 Accuracy
TH03_0118_S01	ANKRD23	Up	3.27947129564	3.23521566391	1.3494745872249931	77.39790944740056	71.30242825607064	85.90308370044053	71.80094786729858	85.90308370044053	84.86055776892431	73.12252964426878	71.30242825607064
