Sample	Gene	Type	Expression	Threshold	Percent difference	Mean Accuracy	Minimum Accuracy	Maximum Accuracy	Sample 1 Accuracy	Sample 2 Accuracy	Sample 3 Accuracy	Sample 4 Accuracy	Sample 5 Accuracy
TH03_0118_S01	AGAP1	Down	0.432959407276	0.615136027336	42.077067041037246	79.26749057215072	71.75324675324676	90.990990990991	71.75324675324676	82.37934904601572	90.990990990991	78.65030674846626	72.5635593220339
