Sample	Gene	Type	Expression	Threshold	Percent difference	Mean Accuracy	Minimum Accuracy	Maximum Accuracy	Sample 1 Accuracy	Sample 2 Accuracy	Sample 3 Accuracy	Sample 4 Accuracy	Sample 5 Accuracy
TH03_0118_S01	FAT1	Down	1.02147972741	1.16118192673	13.676453440169606	99.23985644468057	98.76252209781968	99.6264674493063	99.18404351767906	99.53917050691244	99.6264674493063	99.08707865168539	98.76252209781968
