Sample	Gene	Type	Expression	Threshold	Percent difference	Mean Accuracy	Minimum Accuracy	Maximum Accuracy	Sample 1 Accuracy	Sample 2 Accuracy	Sample 3 Accuracy	Sample 4 Accuracy	Sample 5 Accuracy
TH03_0118_S01	PIWIL4	Up	3.56071495447	3.42273449898	3.8750772598852303	98.61108485174269	97.82016348773843	99.31818181818181	98.86621315192744	99.13419913419914	99.31818181818181	97.82016348773843	97.91666666666666
