Sample	Gene	Type	Expression	Threshold	Percent difference	Mean Accuracy	Minimum Accuracy	Maximum Accuracy	Sample 1 Accuracy	Sample 2 Accuracy	Sample 3 Accuracy	Sample 4 Accuracy	Sample 5 Accuracy
TH03_0118_S01	RP11-162P23.2	Up	4.29351763042	3.7265753746	13.204609940417106	99.83805668016194	99.19028340080972	100	99.19028340080972	100	100	100	100
