Sample	Gene	Type	Expression	Threshold	Percent difference	Mean Accuracy	Minimum Accuracy	Maximum Accuracy	Sample 1 Accuracy	Sample 2 Accuracy	Sample 3 Accuracy	Sample 4 Accuracy	Sample 5 Accuracy
TH03_0118_S01	C21orf62-AS1	Up	2.39780296186	2.15967702866	9.931005048691881	89.17498424263498	82.75862068965517	95.01187648456056	86.87782805429865	95.01187648456056	94.42307692307692	86.80351906158357	82.75862068965517
