Sample	Gene	Type	Expression	Threshold	Percent difference	Mean Accuracy	Minimum Accuracy	Maximum Accuracy	Sample 1 Accuracy	Sample 2 Accuracy	Sample 3 Accuracy	Sample 4 Accuracy	Sample 5 Accuracy
TH03_0118_S01	OBFC1	Up	6.06867081067	5.96065378189	1.779912474245321	99.1856187778477	98.5207100591716	99.71098265895954	99.00497512437812	99.71098265895954	99.54128440366972	98.5207100591716	99.15014164305948
