Sample	Gene	Type	Expression	Threshold	Percent difference	Mean Accuracy	Minimum Accuracy	Maximum Accuracy	Sample 1 Accuracy	Sample 2 Accuracy	Sample 3 Accuracy	Sample 4 Accuracy	Sample 5 Accuracy
TH03_0118_S01	RP11-554I8.1	Up	0.286881147788	0.244370207191	14.818310971209172	45.658419666841354	35.042475728155345	60.5665093029714	35.042475728155345	51.095360824742265	60.5665093029714	45.82955575702629	35.75819672131148
