Sample	Gene	Type	Expression	Threshold	Percent difference	Mean Accuracy	Minimum Accuracy	Maximum Accuracy	Sample 1 Accuracy	Sample 2 Accuracy	Sample 3 Accuracy	Sample 4 Accuracy	Sample 5 Accuracy
TH03_0118_S01	ATP8B3	Up	3.10601323762	2.93597769737	5.474398440757803	99.78563503731523	99.5782370307887	99.95625546806649	99.9474513925381	99.83029274501484	99.95625546806649	99.61593855016802	99.5782370307887
