Sample	Gene	Type	Expression	Threshold	Percent difference	Mean Accuracy	Minimum Accuracy	Maximum Accuracy	Sample 1 Accuracy	Sample 2 Accuracy	Sample 3 Accuracy	Sample 4 Accuracy	Sample 5 Accuracy
TH03_0118_S01	CH17-262H11.1	Up	2.7355221773	1.76238965988	35.57392169931139	98.87260440887242	98.25737265415549	99.52	98.25737265415549	99.52	99.4186046511628	98.83990719257541	98.3271375464684
