Sample	Gene	Type	Expression	Threshold	Percent difference	Mean Accuracy	Minimum Accuracy	Maximum Accuracy	Sample 1 Accuracy	Sample 2 Accuracy	Sample 3 Accuracy	Sample 4 Accuracy	Sample 5 Accuracy
TH03_0118_S01	CKAP4	Down	2.08746284125	2.56999349594	23.11565241568825	99.83848428715349	99.57264957264957	100	100	100	100	99.57264957264957	99.61977186311786
