Sample	Gene	Type	Expression	Threshold	Percent difference	Mean Accuracy	Minimum Accuracy	Maximum Accuracy	Sample 1 Accuracy	Sample 2 Accuracy	Sample 3 Accuracy	Sample 4 Accuracy	Sample 5 Accuracy
TH03_0118_S01	AC068533.7	Up	2.31903981556	2.25118565559	2.925959248940908	48.073234958999386	37.782805429864254	60.38461538461538	37.782805429864254	57.95724465558195	60.38461538461538	43.10850439882698	41.13300492610838
