Sample	Gene	Type	Expression	Threshold	Percent difference	Mean Accuracy	Minimum Accuracy	Maximum Accuracy	Sample 1 Accuracy	Sample 2 Accuracy	Sample 3 Accuracy	Sample 4 Accuracy	Sample 5 Accuracy
TH03_0118_S01	TBC1D29	Up	0.526068811668	0.244370207191	53.547862604479754	88.09623061494581	85.97842835130972	91.84615384615384	86.25180897250362	91.84615384615384	88.57142857142857	87.83333333333333	85.97842835130972
