Sample	Gene	Type	Expression	Threshold	Percent difference	Mean Accuracy	Minimum Accuracy	Maximum Accuracy	Sample 1 Accuracy	Sample 2 Accuracy	Sample 3 Accuracy	Sample 4 Accuracy	Sample 5 Accuracy
TH03_0118_S01	LINC00877	Up	1.51096191928	1.36732780933	9.506136992416328	87.9906434337852	81.5270935960591	94.29928741092637	85.52036199095022	94.29928741092637	93.26923076923077	85.33724340175954	81.5270935960591
