Sample	Gene	Type	Expression	Threshold	Percent difference	Mean Accuracy	Minimum Accuracy	Maximum Accuracy	Sample 1 Accuracy	Sample 2 Accuracy	Sample 3 Accuracy	Sample 4 Accuracy	Sample 5 Accuracy
TH03_0118_S01	RP11-108O10.8	Up	0.748461233004	0.106960088015	85.70933492631163	92.32493593945065	89.72222222222223	97.36147757255937	90.65656565656566	89.72222222222223	97.36147757255937	92.83582089552239	91.04859335038363
