Sample	Gene	Type	Expression	Threshold	Percent difference	Mean Accuracy	Minimum Accuracy	Maximum Accuracy	Sample 1 Accuracy	Sample 2 Accuracy	Sample 3 Accuracy	Sample 4 Accuracy	Sample 5 Accuracy
TH03_0118_S01	HOXA-AS3	Up	2.77399632511	2.21107435226	20.29281609908687	99.52860114993774	98.73817034700315	100	99.73821989528795	99.72527472527473	100	98.73817034700315	99.4413407821229
