Sample	Gene	Type	Expression	Threshold	Percent difference	Mean Accuracy	Minimum Accuracy	Maximum Accuracy	Sample 1 Accuracy	Sample 2 Accuracy	Sample 3 Accuracy	Sample 4 Accuracy	Sample 5 Accuracy
TH03_0118_S01	COL6A2	Down	0.871843648509	1.28950917721	47.90601266812905	84.98064914569957	78.77237851662404	92.0844327176781	83.33333333333334	84.44444444444444	92.0844327176781	86.26865671641791	78.77237851662404
