Sample	Gene	Type	Expression	Threshold	Percent difference	Mean Accuracy	Minimum Accuracy	Maximum Accuracy	Sample 1 Accuracy	Sample 2 Accuracy	Sample 3 Accuracy	Sample 4 Accuracy	Sample 5 Accuracy
TH03_0118_S01	MTCP1	Down	1.64616265716	1.71538484097	4.2050634248637255	65.5308134308938	55.71095571095571	78.3567134268537	60.13824884792627	71.9298245614035	78.3567134268537	61.518324607329845	55.71095571095571
