Sample	Gene	Type	Expression	Threshold	Percent difference	Mean Accuracy	Minimum Accuracy	Maximum Accuracy	Sample 1 Accuracy	Sample 2 Accuracy	Sample 3 Accuracy	Sample 4 Accuracy	Sample 5 Accuracy
TH03_0118_S01	POR	Down	3.82680268429	3.83241438866	0.14664211439585356	12.5222667301126	10.860655737704917	14.570858283433132	10.978043912175648	14.570858283433132	13.729128014842301	12.472647702407002	10.860655737704917
