Sample	Gene	Type	Expression	Threshold	Percent difference	Mean Accuracy	Minimum Accuracy	Maximum Accuracy	Sample 1 Accuracy	Sample 2 Accuracy	Sample 3 Accuracy	Sample 4 Accuracy	Sample 5 Accuracy
TH03_0118_S01	FAM20C	Down	0.62293035092	1.19041466713	91.09915986143356	93.30777337451428	90.27027027027027	96.49446494464945	90.27027027027027	95.2755905511811	96.49446494464945	92.29074889867842	92.20779220779221
