Sample	Gene	Type	Expression	Threshold	Percent difference	Mean Accuracy	Minimum Accuracy	Maximum Accuracy	Sample 1 Accuracy	Sample 2 Accuracy	Sample 3 Accuracy	Sample 4 Accuracy	Sample 5 Accuracy
TH03_0010_S02	RP11-817G13.3	Up	0.333423733725	0.176311850548	47.120785740640216	77.13466001758613	67.62295081967213	90.22493751735628	69.23543689320388	84.02061855670104	90.22493751735628	74.56935630099728	67.62295081967213
