Sample	Gene	Type	Expression	Threshold	Percent difference	Mean Accuracy	Minimum Accuracy	Maximum Accuracy	Sample 1 Accuracy	Sample 2 Accuracy	Sample 3 Accuracy	Sample 4 Accuracy	Sample 5 Accuracy
TH03_0010_S02	RP11-500C11.3	Up	3.36176835942	3.14681434631	6.394075680666051	99.61168923668923	99.14772727272727	100	99.43019943019942	100	100	99.48051948051948	99.14772727272727
