Sample	Gene	Type	Expression	Threshold	Percent difference	Mean Accuracy	Minimum Accuracy	Maximum Accuracy	Sample 1 Accuracy	Sample 2 Accuracy	Sample 3 Accuracy	Sample 4 Accuracy	Sample 5 Accuracy
TH03_0010_S02	ITM2A	Up	8.8023224849	8.74119091034	0.6944936937367124	98.95217685761679	96.52173913043478	100	99.27007299270073	100	100	96.52173913043478	98.96907216494846
