Sample	Gene	Type	Expression	Threshold	Percent difference	Mean Accuracy	Minimum Accuracy	Maximum Accuracy	Sample 1 Accuracy	Sample 2 Accuracy	Sample 3 Accuracy	Sample 4 Accuracy	Sample 5 Accuracy
TH03_0010_S02	OR2L13	Up	0.713695814843	0.277918636799	61.05923125524605	85.21543250278823	79.32900432900432	94.14414414414415	79.32900432900432	87.87878787878788	94.14414414414415	85.2760736196319	79.44915254237289
