Sample	Gene	Type	Expression	Threshold	Percent difference	Mean Accuracy	Minimum Accuracy	Maximum Accuracy	Sample 1 Accuracy	Sample 2 Accuracy	Sample 3 Accuracy	Sample 4 Accuracy	Sample 5 Accuracy
TH03_0010_S02	MED12L	Up	2.9221978484	1.81412935257	37.91901005049005	99.965103369212585	99.92977528089888	100	99.95466908431551	100	100	99.92977528089888	99.94107248084856
