Sample	Gene	Type	Expression	Threshold	Percent difference	Mean Accuracy	Minimum Accuracy	Maximum Accuracy	Sample 1 Accuracy	Sample 2 Accuracy	Sample 3 Accuracy	Sample 4 Accuracy	Sample 5 Accuracy
TH03_0010_S02	MAPK7	Down	1.56071495447	1.59039354324	1.9016021269610022	51.32151182665882	42.585551330798474	63.57142857142857	46.68989547038328	58.88888888888889	63.57142857142857	44.871794871794876	42.585551330798474
