Sample	Gene	Type	Expression	Threshold	Percent difference	Mean Accuracy	Minimum Accuracy	Maximum Accuracy	Sample 1 Accuracy	Sample 2 Accuracy	Sample 3 Accuracy	Sample 4 Accuracy	Sample 5 Accuracy
TH03_0010_S02	PRORSD1P	Up	2.52356195606	2.45603775978	2.6757494943942044	55.83864452012747	46.34703196347032	65.46610169491525	46.34703196347032	62.16216216216216	65.46610169491525	56.698564593301434	48.51936218678816
