Sample	Gene	Type	Expression	Threshold	Percent difference	Mean Accuracy	Minimum Accuracy	Maximum Accuracy	Sample 1 Accuracy	Sample 2 Accuracy	Sample 3 Accuracy	Sample 4 Accuracy	Sample 5 Accuracy
TH03_0010_S02	AMIGO3	Up	2.14077865578	1.34038150311	37.388132141030376	99.83848428715349	99.57264957264957	100	100	100	100	99.57264957264957	99.61977186311786
