Sample	Gene	Type	Expression	Threshold	Percent difference	Mean Accuracy	Minimum Accuracy	Maximum Accuracy	Sample 1 Accuracy	Sample 2 Accuracy	Sample 3 Accuracy	Sample 4 Accuracy	Sample 5 Accuracy
TH03_0010_S02	C20orf203	Up	0.464668267003	0.289402633905	37.7184424984348	87.825446287633	82.77809147374364	94.13639260675589	85.65573770491804	90.49360146252286	94.13639260675589	86.06340819022456	82.77809147374364
