Sample	Gene	Type	Expression	Threshold	Percent difference	Mean Accuracy	Minimum Accuracy	Maximum Accuracy	Sample 1 Accuracy	Sample 2 Accuracy	Sample 3 Accuracy	Sample 4 Accuracy	Sample 5 Accuracy
TH03_0010_S02	G6PC	Up	0.111031312389	0.106610842049	3.981282617387085	39.42249786035038	32.975719932241674	47.992351816443595	34.63114754098361	45.58196221815966	47.992351816443595	35.93130779392338	32.975719932241674
