Sample	Gene	Type	Expression	Threshold	Percent difference	Mean Accuracy	Minimum Accuracy	Maximum Accuracy	Sample 1 Accuracy	Sample 2 Accuracy	Sample 3 Accuracy	Sample 4 Accuracy	Sample 5 Accuracy
TH03_0010_S02	WT1-AS	Up	1.15055967658	0.89061820507	22.592610952842293	99.89783431413079	99.82321744254567	100	99.86400725294651	99.94239631336406	100	99.85955056179775	99.82321744254567
