Sample	Gene	Type	Expression	Threshold	Percent difference	Mean Accuracy	Minimum Accuracy	Maximum Accuracy	Sample 1 Accuracy	Sample 2 Accuracy	Sample 3 Accuracy	Sample 4 Accuracy	Sample 5 Accuracy
TH03_0010_S02	LTK	Up	2.94860084749	2.67794179916	9.179236605062995	95.8181390603722	93.37979094076655	99.25925925925925	93.37979094076655	99.25925925925925	96.42857142857143	95.72649572649573	94.29657794676805
