Sample	Gene	Type	Expression	Threshold	Percent difference	Mean Accuracy	Minimum Accuracy	Maximum Accuracy	Sample 1 Accuracy	Sample 2 Accuracy	Sample 3 Accuracy	Sample 4 Accuracy	Sample 5 Accuracy
TH03_0010_S02	RP1-29C18.8	Up	0.310340120612	0.154565423727	50.19483029709715	89.29951285353009	86.18925831202046	94.9868073878628	87.37373737373737	87.5	94.9868073878628	90.44776119402985	86.18925831202046
