Sample	Gene	Type	Expression	Threshold	Percent difference	Mean Accuracy	Minimum Accuracy	Maximum Accuracy	Sample 1 Accuracy	Sample 2 Accuracy	Sample 3 Accuracy	Sample 4 Accuracy	Sample 5 Accuracy
TH03_0010_S02	KCTD19	Up	1.11769504267	0.666062772274	40.40746833028091	99.9071080650028	99.76076555023924	100	100	99.77477477477478	100	99.76076555023924	100
