Sample	Gene	Type	Expression	Threshold	Percent difference	Mean Accuracy	Minimum Accuracy	Maximum Accuracy	Sample 1 Accuracy	Sample 2 Accuracy	Sample 3 Accuracy	Sample 4 Accuracy	Sample 5 Accuracy
TH03_0010_S02	LAMB4	Up	1.64616265716	0.728250324726	55.760731082164426	99.90325464009675	99.74937343358395	100	100	99.74937343358395	100	100	99.76689976689977
