Sample	Gene	Type	Expression	Threshold	Percent difference	Mean Accuracy	Minimum Accuracy	Maximum Accuracy	Sample 1 Accuracy	Sample 2 Accuracy	Sample 3 Accuracy	Sample 4 Accuracy	Sample 5 Accuracy
TH03_0010_S02	C22orf34	Up	2.88362081629	2.61971926689	9.151742417351876	92.30340707931299	89.06605922551253	96.1864406779661	89.26940639269407	93.69369369369369	96.1864406779661	93.30143540669856	89.06605922551253
