Sample	Gene	Type	Expression	Threshold	Percent difference	Mean Accuracy	Minimum Accuracy	Maximum Accuracy	Sample 1 Accuracy	Sample 2 Accuracy	Sample 3 Accuracy	Sample 4 Accuracy	Sample 5 Accuracy
TH03_0010_S02	RP11-216M21.1	Up	2.7398481027	2.30750083923	15.77997200078139	94.10576448598175	91.2	97.74346793349169	93.52750809061489	95.73170731707317	97.74346793349169	92.32613908872902	91.2
