Sample	Gene	Type	Expression	Threshold	Percent difference	Mean Accuracy	Minimum Accuracy	Maximum Accuracy	Sample 1 Accuracy	Sample 2 Accuracy	Sample 3 Accuracy	Sample 4 Accuracy	Sample 5 Accuracy
TH03_0010_S02	RP11-121A8.1	Up	1.28688114779	0.847895741463	34.112350396995325	99.85189221319595	99.51456310679612	100	99.51456310679612	99.74489795918367	100	100	100
