Sample	Gene	Type	Expression	Threshold	Percent difference	Mean Accuracy	Minimum Accuracy	Maximum Accuracy	Sample 1 Accuracy	Sample 2 Accuracy	Sample 3 Accuracy	Sample 4 Accuracy	Sample 5 Accuracy
TH03_0010_S02	SH3PXD2B	Down	0.0840642647885	0.11622941494	38.26257236939541	87.83819326022702	82.77809147374364	94.20012746972594	85.65573770491804	90.49360146252286	94.20012746972594	86.06340819022456	82.77809147374364
