Sample	Gene	Type	Expression	Threshold	Percent difference	Mean Accuracy	Minimum Accuracy	Maximum Accuracy	Sample 1 Accuracy	Sample 2 Accuracy	Sample 3 Accuracy	Sample 4 Accuracy	Sample 5 Accuracy
TH03_0010_S02	RP11-338H14.1	Up	0.790772037862	0.344080448151	56.48803553027928	79.28508826209458	70.79918032786885	90.83587892252152	72.05703883495146	85.53479381443299	90.83587892252152	77.19854941069809	70.79918032786885
