Sample	Gene	Type	Expression	Threshold	Percent difference	Mean Accuracy	Minimum Accuracy	Maximum Accuracy	Sample 1 Accuracy	Sample 2 Accuracy	Sample 3 Accuracy	Sample 4 Accuracy	Sample 5 Accuracy
TH03_0010_S02	NONO	Up	9.37866334102	9.35481929779	0.25423711634590285	81.28104553921985	71.30434782608695	93.51851851851852	72.26277372262774	92	93.51851851851852	71.30434782608695	77.31958762886599
