Sample	Gene	Type	Expression	Threshold	Percent difference	Mean Accuracy	Minimum Accuracy	Maximum Accuracy	Sample 1 Accuracy	Sample 2 Accuracy	Sample 3 Accuracy	Sample 4 Accuracy	Sample 5 Accuracy
TH03_0010_S02	CTD-2319I12.2	Up	1.20789285164	0.8761895895	27.461315106686364	98.63997794148544	97.84172661870504	99.8812351543943	97.89644012944983	98.78048780487805	99.8812351543943	97.84172661870504	98.8
