Sample	Gene	Type	Expression	Threshold	Percent difference	Mean Accuracy	Minimum Accuracy	Maximum Accuracy	Sample 1 Accuracy	Sample 2 Accuracy	Sample 3 Accuracy	Sample 4 Accuracy	Sample 5 Accuracy
TH03_0010_S02	CERS4	Down	0.516015147004	1.20312130451	133.15619928898593	98.32100474181972	96.8342644320298	99.35064935064936	96.8342644320298	99.30278884462152	99.35064935064936	98.25581395348837	97.86150712830958
