Sample	Gene	Type	Expression	Threshold	Percent difference	Mean Accuracy	Minimum Accuracy	Maximum Accuracy	Sample 1 Accuracy	Sample 2 Accuracy	Sample 3 Accuracy	Sample 4 Accuracy	Sample 5 Accuracy
TH03_0010_S02	NLRP9	Up	0.0703893278914	0.0362440273166	48.50920103610165	85.08457048938905	79.02813299232737	92.34828496042216	83.33333333333334	84.44444444444444	92.34828496042216	86.26865671641791	79.02813299232737
