Sample	Gene	Type	Expression	Threshold	Percent difference	Mean Accuracy	Minimum Accuracy	Maximum Accuracy	Sample 1 Accuracy	Sample 2 Accuracy	Sample 3 Accuracy	Sample 4 Accuracy	Sample 5 Accuracy
TH03_0010_S02	FGL1	Up	1.26903314646	1.16181409359	8.448877255026014	84.89101844735097	78.07881773399015	91.53846153846153	81.22171945701358	91.21140142517815	91.53846153846153	82.40469208211144	78.07881773399015
