Sample	Gene	Type	Expression	Threshold	Percent difference	Mean Accuracy	Minimum Accuracy	Maximum Accuracy	Sample 1 Accuracy	Sample 2 Accuracy	Sample 3 Accuracy	Sample 4 Accuracy	Sample 5 Accuracy
TH03_0010_S02	RP11-574O7.1	Up	0.2750070475	0.106960088015	61.10641927640054	84.21858887589985	77.44585511575804	91.47920927062032	78.29512893982809	89.39157566302653	91.47920927062032	84.48117539026629	77.44585511575804
