Sample	Gene	Type	Expression	Threshold	Percent difference	Mean Accuracy	Minimum Accuracy	Maximum Accuracy	Sample 1 Accuracy	Sample 2 Accuracy	Sample 3 Accuracy	Sample 4 Accuracy	Sample 5 Accuracy
TH03_0010_S02	TUBG2	Down	0.545968369105	0.955164790154	74.94874139316737	87.863297221725	83.008658008658	94.93243243243244	83.008658008658	90.57239057239057	94.93243243243244	87.11656441717791	83.6864406779661
