Sample	Gene	Type	Expression	Threshold	Percent difference	Mean Accuracy	Minimum Accuracy	Maximum Accuracy	Sample 1 Accuracy	Sample 2 Accuracy	Sample 3 Accuracy	Sample 4 Accuracy	Sample 5 Accuracy
TH03_0010_S02	RP11-244H3.4	Up	2.07724299893	2.01337313652	3.074741974959116	78.59043519723808	69.47554507955215	85.77188940092167	76.65457842248414	85.77188940092167	85.6990394877268	75.35112359550563	69.47554507955215
