Sample	Gene	Type	Expression	Threshold	Percent difference	Mean Accuracy	Minimum Accuracy	Maximum Accuracy	Sample 1 Accuracy	Sample 2 Accuracy	Sample 3 Accuracy	Sample 4 Accuracy	Sample 5 Accuracy
TH03_0010_S02	SLC27A6	Up	1.80735492206	1.80640685558	0.052456021140525416	2.6578125309393728	1.5337423312883436	3.273809523809524	1.5337423312883436	3.273809523809524	3.1976744186046515	2.9962546816479403	2.287581699346405
