Sample	Gene	Type	Expression	Threshold	Percent difference	Mean Accuracy	Minimum Accuracy	Maximum Accuracy	Sample 1 Accuracy	Sample 2 Accuracy	Sample 3 Accuracy	Sample 4 Accuracy	Sample 5 Accuracy
TH03_0010_S02	CLEC5A	Up	4.17312743348	4.05715322495	2.779071820322732	96.04789559012993	93.18801089918256	98.4090909090909	96.82539682539682	97.83549783549783	98.4090909090909	93.18801089918256	93.98148148148148
