Sample	Gene	Type	Expression	Threshold	Percent difference	Mean Accuracy	Minimum Accuracy	Maximum Accuracy	Sample 1 Accuracy	Sample 2 Accuracy	Sample 3 Accuracy	Sample 4 Accuracy	Sample 5 Accuracy
TH03_0010_S02	SUCNR1	Up	2.76128527336	2.42660236359	12.120548101238006	98.830240790285	97.9964643488509	99.5197438633938	98.73073436083409	99.30875576036865	99.5197438633938	98.59550561797754	97.9964643488509
