Sample	Gene	Type	Expression	Threshold	Percent difference	Mean Accuracy	Minimum Accuracy	Maximum Accuracy	Sample 1 Accuracy	Sample 2 Accuracy	Sample 3 Accuracy	Sample 4 Accuracy	Sample 5 Accuracy
TH03_0010_S02	OCM	Up	1.18269229752	0.784831106663	33.64029610163855	99.25170086340839	98.56115107913669	99.8812351543943	99.02912621359224	99.1869918699187	99.8812351543943	98.56115107913669	99.6
