Sample	Gene	Type	Expression	Threshold	Percent difference	Mean Accuracy	Minimum Accuracy	Maximum Accuracy	Sample 1 Accuracy	Sample 2 Accuracy	Sample 3 Accuracy	Sample 4 Accuracy	Sample 5 Accuracy
TH03_0010_S02	STAC3	Up	4.73063995592	4.10623216629	13.199224533006493	99.9206336708502	99.800796812749	100	100	100	99.800796812749	99.80237154150198	100
