Sample	Gene	Type	Expression	Threshold	Percent difference	Mean Accuracy	Minimum Accuracy	Maximum Accuracy	Sample 1 Accuracy	Sample 2 Accuracy	Sample 3 Accuracy	Sample 4 Accuracy	Sample 5 Accuracy
TH03_0010_S02	RP3-496C20.1	Up	0.475084882949	0.333651334047	29.77016402291689	68.80437819776543	58.37988826815642	79.40630797773655	58.37988826815642	74.800796812749	79.40630797773655	69.41860465116278	62.016293279022406
