Sample	Gene	Type	Expression	Threshold	Percent difference	Mean Accuracy	Minimum Accuracy	Maximum Accuracy	Sample 1 Accuracy	Sample 2 Accuracy	Sample 3 Accuracy	Sample 4 Accuracy	Sample 5 Accuracy
TH03_0010_S02	CHRNA2	Up	0.298658315565	0.244026988745	18.29225036532091	65.53866061494601	58.05626598465473	74.93403693931398	60.1010101010101	68.33333333333333	74.93403693931398	66.26865671641791	58.05626598465473
