Sample	Gene	Type	Expression	Threshold	Percent difference	Mean Accuracy	Minimum Accuracy	Maximum Accuracy	Sample 1 Accuracy	Sample 2 Accuracy	Sample 3 Accuracy	Sample 4 Accuracy	Sample 5 Accuracy
TH03_0010_S02	RP11-465L10.10	Up	1.49057013045	1.21407687664	18.549496475320304	99.25457335134668	98.7864077669903	99.78586723768737	98.7864077669903	99.74489795918367	99.78586723768737	98.86685552407933	99.08883826879271
