Sample	Gene	Type	Expression	Threshold	Percent difference	Mean Accuracy	Minimum Accuracy	Maximum Accuracy	Sample 1 Accuracy	Sample 2 Accuracy	Sample 3 Accuracy	Sample 4 Accuracy	Sample 5 Accuracy
TH03_0010_S02	EEF1A1P38	Up	0.739848102699	0.071774750948	90.298717981953	88.81905590998159	83.61266294227188	95.64007421150278	83.61266294227188	90.5378486055777	95.64007421150278	88.25581395348837	86.0488798370672
