Sample	Gene	Type	Expression	Threshold	Percent difference	Mean Accuracy	Minimum Accuracy	Maximum Accuracy	Sample 1 Accuracy	Sample 2 Accuracy	Sample 3 Accuracy	Sample 4 Accuracy	Sample 5 Accuracy
TH03_0010_S02	ANKH	Down	0.985500430305	1.08483052254	10.079152599076844	51.37805693974769	42.67161410018553	60.43307086614173	43.42342342342342	60.43307086614173	59.040590405904055	51.3215859030837	42.67161410018553
