Sample	Gene	Type	Expression	Threshold	Percent difference	Mean Accuracy	Minimum Accuracy	Maximum Accuracy	Sample 1 Accuracy	Sample 2 Accuracy	Sample 3 Accuracy	Sample 4 Accuracy	Sample 5 Accuracy
TH03_0010_S02	GPR174	Up	2.07382023329	1.82959532738	11.776570697381562	94.35500739519082	89.5104895104895	98.19639278557113	92.85714285714286	97.4937343358396	98.19639278557113	93.717277486911	89.5104895104895
