Sample	Gene	Type	Expression	Threshold	Percent difference	Mean Accuracy	Minimum Accuracy	Maximum Accuracy	Sample 1 Accuracy	Sample 2 Accuracy	Sample 3 Accuracy	Sample 4 Accuracy	Sample 5 Accuracy
TH03_0010_S02	CLTC	Down	5.33985000288	5.41044807434	1.3220984001783505	98.9544408284913	97.81859931113662	99.84126984126985	99.19678714859438	99.84126984126985	99.65556831228473	98.25997952917092	97.81859931113662
