Sample	Gene	Type	Expression	Threshold	Percent difference	Mean Accuracy	Minimum Accuracy	Maximum Accuracy	Sample 1 Accuracy	Sample 2 Accuracy	Sample 3 Accuracy	Sample 4 Accuracy	Sample 5 Accuracy
TH03_0010_S02	RP1-300G12.2	Up	0.765534746363	0.106960088015	86.02805574493391	86.39412141760458	81.46093388811836	94.02308326463314	82.35555555555555	89.48587308939324	94.02308326463314	84.64516129032258	81.46093388811836
