Sample	Gene	Type	Expression	Threshold	Percent difference	Mean Accuracy	Minimum Accuracy	Maximum Accuracy	Sample 1 Accuracy	Sample 2 Accuracy	Sample 3 Accuracy	Sample 4 Accuracy	Sample 5 Accuracy
TH03_0010_S02	PHOSPHO1	Up	1.68257329735	1.4045855999	16.52158024187248	98.9671400919888	98.17767653758543	99.78586723768737	98.54368932038835	99.74489795918367	99.78586723768737	98.58356940509914	98.17767653758543
