Sample	Gene	Type	Expression	Threshold	Percent difference	Mean Accuracy	Minimum Accuracy	Maximum Accuracy	Sample 1 Accuracy	Sample 2 Accuracy	Sample 3 Accuracy	Sample 4 Accuracy	Sample 5 Accuracy
TH03_0010_S02	NMT2	Down	0.48542682717	0.775383353233	59.732282979377885	89.13454835618128	87.05701078582435	92.61538461538461	87.84370477568741	92.61538461538461	89.32330827067669	88.83333333333333	87.05701078582435
