Sample	Gene	Type	Expression	Threshold	Percent difference	Mean Accuracy	Minimum Accuracy	Maximum Accuracy	Sample 1 Accuracy	Sample 2 Accuracy	Sample 3 Accuracy	Sample 4 Accuracy	Sample 5 Accuracy
TH03_0010_S02	PDZD11	Down	3.97361127552	4.28954124451	7.950701442195193	99.88620176120176	99.71509971509973	100	99.71509971509973	100	100	100	99.7159090909091
