Sample	Gene	Type	Expression	Threshold	Percent difference	Mean Accuracy	Minimum Accuracy	Maximum Accuracy	Sample 1 Accuracy	Sample 2 Accuracy	Sample 3 Accuracy	Sample 4 Accuracy	Sample 5 Accuracy
TH03_0010_S02	CDC42BPA	Down	0.356143810225	0.504779458046	41.73472725163939	88.71153046807112	84.02032749858836	94.45506692160612	86.7827868852459	90.98110907982937	94.45506692160612	87.31836195508586	84.02032749858836
