Sample	Gene	Type	Expression	Threshold	Percent difference	Mean Accuracy	Minimum Accuracy	Maximum Accuracy	Sample 1 Accuracy	Sample 2 Accuracy	Sample 3 Accuracy	Sample 4 Accuracy	Sample 5 Accuracy
TH03_0010_S02	CPB2	Up	0.516015147004	0.376716196537	26.99512820035885	69.80637857294644	57.94491525423729	86.93693693693693	61.471861471861466	76.5432098765432	86.93693693693693	66.13496932515336	57.94491525423729
