Sample	Gene	Type	Expression	Threshold	Percent difference	Mean Accuracy	Minimum Accuracy	Maximum Accuracy	Sample 1 Accuracy	Sample 2 Accuracy	Sample 3 Accuracy	Sample 4 Accuracy	Sample 5 Accuracy
TH03_0010_S02	RP3-455J7.4	Up	0.367371065649	0.210507676005	42.69889610573554	84.01521222853013	80.72072072072072	87.26937269372694	80.72072072072072	87.00787401574803	87.26937269372694	83.25991189427313	81.81818181818183
