Sample	Gene	Type	Expression	Threshold	Percent difference	Mean Accuracy	Minimum Accuracy	Maximum Accuracy	Sample 1 Accuracy	Sample 2 Accuracy	Sample 3 Accuracy	Sample 4 Accuracy	Sample 5 Accuracy
TH03_0010_S02	C19orf35	Up	1.17632277264	1.02715373039	12.680961868588383	98.17850434301175	97.05882352941177	99.4186046511628	97.85276073619632	98.80952380952381	99.4186046511628	97.75280898876404	97.05882352941177
