Sample	Gene	Type	Expression	Threshold	Percent difference	Mean Accuracy	Minimum Accuracy	Maximum Accuracy	Sample 1 Accuracy	Sample 2 Accuracy	Sample 3 Accuracy	Sample 4 Accuracy	Sample 5 Accuracy
TH03_0010_S02	RP11-398H6.1	Up	0.713695814843	0.54260379076	23.972681431603625	60.40875667884066	49.355300859598856	74.30129516019086	49.355300859598856	67.08268330733229	74.30129516019086	60.14692378328742	51.15758028379388
