Sample	Gene	Type	Expression	Threshold	Percent difference	Mean Accuracy	Minimum Accuracy	Maximum Accuracy	Sample 1 Accuracy	Sample 2 Accuracy	Sample 3 Accuracy	Sample 4 Accuracy	Sample 5 Accuracy
TH03_0010_S02	RP11-476D10.1	Up	0.20163386117	0.141808778048	29.670156974061392	72.79003959090284	64.42417331812999	83.60049321824907	66.62531017369727	77.60210803689066	83.60049321824907	71.69811320754717	64.42417331812999
