Sample	Gene	Type	Expression	Threshold	Percent difference	Mean Accuracy	Minimum Accuracy	Maximum Accuracy	Sample 1 Accuracy	Sample 2 Accuracy	Sample 3 Accuracy	Sample 4 Accuracy	Sample 5 Accuracy
TH03_0010_S02	SNRPGP10	Up	6.24811732925	5.38414382935	13.827741291851	97.72079772079772	92.3076923076923	100	96.29629629629629	100	100	92.3076923076923	100
