Sample	Gene	Type	Expression	Threshold	Percent difference	Mean Accuracy	Minimum Accuracy	Maximum Accuracy	Sample 1 Accuracy	Sample 2 Accuracy	Sample 3 Accuracy	Sample 4 Accuracy	Sample 5 Accuracy
TH03_0010_S02	SLC2A8	Down	0.575312330687	1.9528118372	239.43507431312673	99.44738265533039	98.9406779661017	100	99.13419913419914	99.77553310886644	100	99.38650306748467	98.9406779661017
