Sample	Gene	Type	Expression	Threshold	Percent difference	Mean Accuracy	Minimum Accuracy	Maximum Accuracy	Sample 1 Accuracy	Sample 2 Accuracy	Sample 3 Accuracy	Sample 4 Accuracy	Sample 5 Accuracy
TH03_0010_S02	NSFP1	Up	1.29865831556	1.21384310722	6.530987198386088	82.43980159293163	74.12587412587412	90.98196392785572	77.88018433179722	85.96491228070175	90.98196392785572	83.24607329842932	74.12587412587412
