Sample	Gene	Type	Expression	Threshold	Percent difference	Mean Accuracy	Minimum Accuracy	Maximum Accuracy	Sample 1 Accuracy	Sample 2 Accuracy	Sample 3 Accuracy	Sample 4 Accuracy	Sample 5 Accuracy
TH03_0010_S02	RP4-594I10.3	Up	0.454175893186	0.441114872694	2.8757626038621686	20.770779189661752	16.573556797020483	26.195219123505975	16.573556797020483	26.195219123505975	19.29499072356215	22.441860465116278	19.34826883910387
