Sample	Gene	Type	Expression	Threshold	Percent difference	Mean Accuracy	Minimum Accuracy	Maximum Accuracy	Sample 1 Accuracy	Sample 2 Accuracy	Sample 3 Accuracy	Sample 4 Accuracy	Sample 5 Accuracy
TH03_0010_S02	RPS28P7	Down	3.98458935036	7.12026977539	78.6951966517377	93.09226720991427	88.88888888888889	100	88.88888888888889	100	93.93939393939394	90.47619047619048	92.15686274509804
