Sample	Gene	Type	Expression	Threshold	Percent difference	Mean Accuracy	Minimum Accuracy	Maximum Accuracy	Sample 1 Accuracy	Sample 2 Accuracy	Sample 3 Accuracy	Sample 4 Accuracy	Sample 5 Accuracy
TH03_0010_S02	LINC00664	Up	1.03562390973	1.01846182346	1.6571736234319174	56.97424269931914	45.433117265763116	67.12913553895412	53.853127833182235	64.8041474654378	67.12913553895412	53.65168539325843	45.433117265763116
