Sample	Gene	Type	Expression	Threshold	Percent difference	Mean Accuracy	Minimum Accuracy	Maximum Accuracy	Sample 1 Accuracy	Sample 2 Accuracy	Sample 3 Accuracy	Sample 4 Accuracy	Sample 5 Accuracy
TH03_0010_S02	MPPED2	Up	6.23859581211	6.14471292496	1.5048720894493515	97.94854865884363	97.2451790633609	99.26108374384236	97.70114942528735	98.27089337175792	99.26108374384236	97.2451790633609	97.26443768996961
