Sample	Gene	Type	Expression	Threshold	Percent difference	Mean Accuracy	Minimum Accuracy	Maximum Accuracy	Sample 1 Accuracy	Sample 2 Accuracy	Sample 3 Accuracy	Sample 4 Accuracy	Sample 5 Accuracy
TH03_0010_S02	RNF7	Down	4.83895176695	4.88630104065	0.9785027001797212	57.901762774404624	48.57954545454545	69.1588785046729	49.572649572649574	66.87306501547987	69.1588785046729	55.32467532467532	48.57954545454545
