Sample	Gene	Type	Expression	Threshold	Percent difference	Mean Accuracy	Minimum Accuracy	Maximum Accuracy	Sample 1 Accuracy	Sample 2 Accuracy	Sample 3 Accuracy	Sample 4 Accuracy	Sample 5 Accuracy
TH03_0010_S02	PPAP2B	Down	0.2750070475	0.424044251442	54.19395804465702	86.57041913701161	80.84378563283923	95.43773119605426	82.38213399503722	91.30434782608695	95.43773119605426	82.88409703504043	80.84378563283923
