Sample	Gene	Type	Expression	Threshold	Percent difference	Mean Accuracy	Minimum Accuracy	Maximum Accuracy	Sample 1 Accuracy	Sample 2 Accuracy	Sample 3 Accuracy	Sample 4 Accuracy	Sample 5 Accuracy
TH03_0010_S02	ITGAM	Up	5.75568877685	5.68260860443	1.2697033361834213	98.68069796351732	97.35935706084959	99.84126984126985	98.59437751004016	99.84126984126985	99.65556831228473	97.95291709314228	97.35935706084959
