Sample	Gene	Type	Expression	Threshold	Percent difference	Mean Accuracy	Minimum Accuracy	Maximum Accuracy	Sample 1 Accuracy	Sample 2 Accuracy	Sample 3 Accuracy	Sample 4 Accuracy	Sample 5 Accuracy
TH03_0010_S02	MTERF2	Down	0.807354922058	0.834851503372	3.405761278312325	26.838383426127937	19.49828962371722	35.01849568434032	23.69727047146402	33.201581027667984	35.01849568434032	22.776280323450134	19.49828962371722
