Sample	Gene	Type	Expression	Threshold	Percent difference	Mean Accuracy	Minimum Accuracy	Maximum Accuracy	Sample 1 Accuracy	Sample 2 Accuracy	Sample 3 Accuracy	Sample 4 Accuracy	Sample 5 Accuracy
TH03_0010_S02	AC007880.1	Up	0.124328135002	0.106960088015	13.969522656091172	53.549136289166775	41.61915621436716	66.46115906288532	48.51116625310174	60.21080368906456	66.46115906288532	50.943396226415096	41.61915621436716
