Sample	Gene	Type	Expression	Threshold	Percent difference	Mean Accuracy	Minimum Accuracy	Maximum Accuracy	Sample 1 Accuracy	Sample 2 Accuracy	Sample 3 Accuracy	Sample 4 Accuracy	Sample 5 Accuracy
TH03_0010_S02	TMEM263	Down	2.04264433741	2.1262485981	4.0929426214260705	86.20903086283968	78.07896287566294	92.10829493087557	85.49410698096102	92.10829493087557	91.51547491995731	83.84831460674157	78.07896287566294
