Sample	Gene	Type	Expression	Threshold	Percent difference	Mean Accuracy	Minimum Accuracy	Maximum Accuracy	Sample 1 Accuracy	Sample 2 Accuracy	Sample 3 Accuracy	Sample 4 Accuracy	Sample 5 Accuracy
TH03_0010_S02	RCSD1	Up	5.96970308801	5.94899702072	0.3468525483551691	71.2005779717006	58.43857634902411	79.84126984126985	71.08433734939759	79.84126984126985	77.03788748564868	69.60081883316275	58.43857634902411
