Sample	Gene	Type	Expression	Threshold	Percent difference	Mean Accuracy	Minimum Accuracy	Maximum Accuracy	Sample 1 Accuracy	Sample 2 Accuracy	Sample 3 Accuracy	Sample 4 Accuracy	Sample 5 Accuracy
TH03_0010_S02	PPDPF	Down	5.7468501831	5.8745803833	2.2226123203215016	99.38209153325519	99.08675799086758	100	99.13419913419914	100	99.55156950672645	99.13793103448276	99.08675799086758
