Sample	Gene	Type	Expression	Threshold	Percent difference	Mean Accuracy	Minimum Accuracy	Maximum Accuracy	Sample 1 Accuracy	Sample 2 Accuracy	Sample 3 Accuracy	Sample 4 Accuracy	Sample 5 Accuracy
TH03_0010_S02	SFXN3	Down	1.31614574229	1.44513821602	9.800774305249977	96.48937314879075	94.67680608365019	99.62962962962963	94.77351916376307	99.62962962962963	96.78571428571429	96.58119658119658	94.67680608365019
