Sample	Gene	Type	Expression	Threshold	Percent difference	Mean Accuracy	Minimum Accuracy	Maximum Accuracy	Sample 1 Accuracy	Sample 2 Accuracy	Sample 3 Accuracy	Sample 4 Accuracy	Sample 5 Accuracy
TH03_0010_S02	FAM129B	Down	0.555816155062	2.34609460831	322.09903165702315	99.96629815709119	99.89754098360656	100	99.89754098360656	100	100	99.93394980184941	100
