Sample	Gene	Type	Expression	Threshold	Percent difference	Mean Accuracy	Minimum Accuracy	Maximum Accuracy	Sample 1 Accuracy	Sample 2 Accuracy	Sample 3 Accuracy	Sample 4 Accuracy	Sample 5 Accuracy
TH03_0010_S02	NDFIP2	Down	0.333423733725	1.13962256908	241.79407576904336	99.88682918325246	99.63099630996311	100	100	99.80314960629921	99.63099630996311	100	100
