Sample	Gene	Type	Expression	Threshold	Percent difference	Mean Accuracy	Minimum Accuracy	Maximum Accuracy	Sample 1 Accuracy	Sample 2 Accuracy	Sample 3 Accuracy	Sample 4 Accuracy	Sample 5 Accuracy
TH03_0010_S02	MAGED1	Down	3.51475349844	3.73556685448	6.282470623843361	99.91525271729382	99.78118161925602	100	100	100	100	99.78118161925602	99.79508196721312
