Sample	Gene	Type	Expression	Threshold	Percent difference	Mean Accuracy	Minimum Accuracy	Maximum Accuracy	Sample 1 Accuracy	Sample 2 Accuracy	Sample 3 Accuracy	Sample 4 Accuracy	Sample 5 Accuracy
TH03_0010_S02	RAB1A	Down	5.11270013275	5.33622550964	4.371963367422675	99.82426719770814	99.42528735632183	100	99.42528735632183	100	100	100	99.69604863221885
