Sample	Gene	Type	Expression	Threshold	Percent difference	Mean Accuracy	Minimum Accuracy	Maximum Accuracy	Sample 1 Accuracy	Sample 2 Accuracy	Sample 3 Accuracy	Sample 4 Accuracy	Sample 5 Accuracy
TH03_0010_S02	TMLHE-AS1	Up	0.895302621333	0.623633146286	30.3438712870645	71.876342977414	61.228813559322035	88.62612612612612	63.528138528138534	77.77777777777779	88.62612612612612	68.22085889570552	61.228813559322035
