Sample	Gene	Type	Expression	Threshold	Percent difference	Mean Accuracy	Minimum Accuracy	Maximum Accuracy	Sample 1 Accuracy	Sample 2 Accuracy	Sample 3 Accuracy	Sample 4 Accuracy	Sample 5 Accuracy
TH03_0160_S01	DYRK1B	Down	1.30451104181	1.56673622131	20.101415096967234	99.52860114993774	98.73817034700315	100	99.73821989528795	99.72527472527473	100	98.73817034700315	99.4413407821229
