Sample	Gene	Type	Expression	Threshold	Percent difference	Mean Accuracy	Minimum Accuracy	Maximum Accuracy	Sample 1 Accuracy	Sample 2 Accuracy	Sample 3 Accuracy	Sample 4 Accuracy	Sample 5 Accuracy
TH03_0160_S01	CSAD	Down	0.400537929584	0.507548928261	26.7168202492438	73.89281598000491	68.7211093990755	81.50375939849624	69.17510853835022	79.23076923076923	81.50375939849624	70.83333333333334	68.7211093990755
