Sample	Gene	Type	Expression	Threshold	Percent difference	Mean Accuracy	Minimum Accuracy	Maximum Accuracy	Sample 1 Accuracy	Sample 2 Accuracy	Sample 3 Accuracy	Sample 4 Accuracy	Sample 5 Accuracy
TH03_0160_S01	AP1G2	Down	2.39231742278	2.51095557213	4.959130766691314	83.54100887849819	79.05027932960894	88.83374689826302	81.15183246073299	87.91208791208791	88.83374689826302	80.7570977917981	79.05027932960894
