Sample	Gene	Type	Expression	Threshold	Percent difference	Mean Accuracy	Minimum Accuracy	Maximum Accuracy	Sample 1 Accuracy	Sample 2 Accuracy	Sample 3 Accuracy	Sample 4 Accuracy	Sample 5 Accuracy
TH03_0160_S01	PAPPA2	Up	0.731183241572	0.60565751791	17.16747820862623	72.74306775533745	65.16092603049125	82.79158699808795	68.64754098360656	77.6965265082267	82.79158699808795	69.41875825627477	65.16092603049125
