Sample	Gene	Type	Expression	Threshold	Percent difference	Mean Accuracy	Minimum Accuracy	Maximum Accuracy	Sample 1 Accuracy	Sample 2 Accuracy	Sample 3 Accuracy	Sample 4 Accuracy	Sample 5 Accuracy
TH03_0160_S01	MT2P1	Up	3.29719141657	1.18782770634	63.97456027664683	92.73512435277141	88.88888888888889	98.21428571428571	88.88888888888889	98.21428571428571	93.93939393939394	90.47619047619048	92.15686274509804
