Sample	Gene	Type	Expression	Threshold	Percent difference	Mean Accuracy	Minimum Accuracy	Maximum Accuracy	Sample 1 Accuracy	Sample 2 Accuracy	Sample 3 Accuracy	Sample 4 Accuracy	Sample 5 Accuracy
TH03_0160_S01	CAMK2D	Up	6.90074607531	6.88434362411	0.23769098327912952	51.424062767756226	45.410628019323674	61.016949152542374	47.023809523809526	61.016949152542374	53.051643192488264	50.617283950617285	45.410628019323674
