Sample	Gene	Type	Expression	Threshold	Percent difference	Mean Accuracy	Minimum Accuracy	Maximum Accuracy	Sample 1 Accuracy	Sample 2 Accuracy	Sample 3 Accuracy	Sample 4 Accuracy	Sample 5 Accuracy
TH03_0160_S01	HMGN1	Down	5.2938854303	5.35185337067	1.0949980148458784	94.75559547496864	91.42011834319527	98.84393063583815	92.03980099502488	98.84393063583815	97.70642201834863	91.42011834319527	93.76770538243626
