Sample	Gene	Type	Expression	Threshold	Percent difference	Mean Accuracy	Minimum Accuracy	Maximum Accuracy	Sample 1 Accuracy	Sample 2 Accuracy	Sample 3 Accuracy	Sample 4 Accuracy	Sample 5 Accuracy
TH03_0160_S01	FGL1	Up	1.23266075679	1.16181409359	5.747458318093406	84.36028545884317	79.6116504854369	91.64882226980728	79.6116504854369	87.24489795918367	91.64882226980728	83.56940509915015	79.72665148063781
