Sample	Gene	Type	Expression	Threshold	Percent difference	Mean Accuracy	Minimum Accuracy	Maximum Accuracy	Sample 1 Accuracy	Sample 2 Accuracy	Sample 3 Accuracy	Sample 4 Accuracy	Sample 5 Accuracy
TH03_0160_S01	SEL1L	Up	6.64082334459	6.62150382996	0.29092047216914835	64.82083261599107	51.66475315729046	74.76190476190476	64.05622489959839	74.76190476190476	70.26406429391504	63.357215967246674	51.66475315729046
