Sample	Gene	Type	Expression	Threshold	Percent difference	Mean Accuracy	Minimum Accuracy	Maximum Accuracy	Sample 1 Accuracy	Sample 2 Accuracy	Sample 3 Accuracy	Sample 4 Accuracy	Sample 5 Accuracy
TH03_0160_S01	LINC00922	Up	1.35049724708	0.535611569881	60.33967703088019	99.95495495495496	99.77477477477478	100	100	99.77477477477478	100	100	100
