Sample	Gene	Type	Expression	Threshold	Percent difference	Mean Accuracy	Minimum Accuracy	Maximum Accuracy	Sample 1 Accuracy	Sample 2 Accuracy	Sample 3 Accuracy	Sample 4 Accuracy	Sample 5 Accuracy
TH03_0160_S01	RP11-415I12.2	Up	0.321928094887	0.141808778048	55.95017014660485	89.83188181550932	87.62626262626263	94.9868073878628	87.62626262626263	87.77777777777777	94.9868073878628	91.04477611940298	87.7237851662404
