Sample	Gene	Type	Expression	Threshold	Percent difference	Mean Accuracy	Minimum Accuracy	Maximum Accuracy	Sample 1 Accuracy	Sample 2 Accuracy	Sample 3 Accuracy	Sample 4 Accuracy	Sample 5 Accuracy
TH03_0160_S01	TECR	Up	9.23304440127	9.19933414459	0.36510445758673415	93.21527974234135	88.69565217391305	98.14814814814815	90.51094890510949	98	98.14814814814815	88.69565217391305	90.72164948453609
