Sample	Gene	Type	Expression	Threshold	Percent difference	Mean Accuracy	Minimum Accuracy	Maximum Accuracy	Sample 1 Accuracy	Sample 2 Accuracy	Sample 3 Accuracy	Sample 4 Accuracy	Sample 5 Accuracy
TH03_0160_S01	EGLN2	Down	3.82578562746	3.83117961884	0.1409904240656784	11.803123684667788	10.655737704918032	13.77245508982036	10.778443113772456	13.77245508982036	12.430426716141001	11.37855579868709	10.655737704918032
