Sample	Gene	Type	Expression	Threshold	Percent difference	Mean Accuracy	Minimum Accuracy	Maximum Accuracy	Sample 1 Accuracy	Sample 2 Accuracy	Sample 3 Accuracy	Sample 4 Accuracy	Sample 5 Accuracy
TH03_0160_S01	IRX6	Up	2.05658352837	1.84959411621	10.064721870259019	97.94948500012273	96.70005892751915	98.93276414087512	98.00543970988214	98.84792626728111	98.93276414087512	97.26123595505618	96.70005892751915
