Sample	Gene	Type	Expression	Threshold	Percent difference	Mean Accuracy	Minimum Accuracy	Maximum Accuracy	Sample 1 Accuracy	Sample 2 Accuracy	Sample 3 Accuracy	Sample 4 Accuracy	Sample 5 Accuracy
TH03_0160_S01	POLR2J	Down	4.4841381312	4.72837972641	5.446790176034087	99.29063481516752	98.57954545454545	100	98.86039886039886	100	99.53271028037383	99.48051948051948	98.57954545454545
