Sample	Gene	Type	Expression	Threshold	Percent difference	Mean Accuracy	Minimum Accuracy	Maximum Accuracy	Sample 1 Accuracy	Sample 2 Accuracy	Sample 3 Accuracy	Sample 4 Accuracy	Sample 5 Accuracy
TH03_0160_S01	TMEM182	Up	3.87578006307	3.84383487701	0.8242259761947495	57.09318736894495	48.39924670433145	70.75306479859896	48.84615384615385	66.80080482897385	70.75306479859896	50.66666666666667	48.39924670433145
