Sample	Gene	Type	Expression	Threshold	Percent difference	Mean Accuracy	Minimum Accuracy	Maximum Accuracy	Sample 1 Accuracy	Sample 2 Accuracy	Sample 3 Accuracy	Sample 4 Accuracy	Sample 5 Accuracy
TH03_0160_S01	FGGY	Up	5.7227392363	5.62441015244	1.7182170949933677	99.17645107794361	97.61904761904762	100	99.44444444444444	99.71428571428571	100	99.1044776119403	97.61904761904762
