Sample	Gene	Type	Expression	Threshold	Percent difference	Mean Accuracy	Minimum Accuracy	Maximum Accuracy	Sample 1 Accuracy	Sample 2 Accuracy	Sample 3 Accuracy	Sample 4 Accuracy	Sample 5 Accuracy
TH03_0160_S01	C14orf1	Down	2.55090066465	2.55327391624	0.09303582937934483	3.4998711705940972	2.147239263803681	4.49438202247191	2.147239263803681	4.464285714285714	3.77906976744186	4.49438202247191	2.6143790849673203
