Sample	Gene	Type	Expression	Threshold	Percent difference	Mean Accuracy	Minimum Accuracy	Maximum Accuracy	Sample 1 Accuracy	Sample 2 Accuracy	Sample 3 Accuracy	Sample 4 Accuracy	Sample 5 Accuracy
TH03_0160_S01	LYPD8	Up	1.42223300068	1.31546032429	7.50739691309016	86.52097682122941	80.41958041958041	93.5871743486974	82.25806451612904	90.47619047619048	93.5871743486974	85.86387434554975	80.41958041958041
