Sample	Gene	Type	Expression	Threshold	Percent difference	Mean Accuracy	Minimum Accuracy	Maximum Accuracy	Sample 1 Accuracy	Sample 2 Accuracy	Sample 3 Accuracy	Sample 4 Accuracy	Sample 5 Accuracy
TH03_0160_S01	ATP6AP1L	Up	4.33199177823	4.21737861633	2.645738213908362	94.43367146065792	91.3907284768212	98.40637450199203	92.65402843601895	98.01762114537445	98.40637450199203	91.699604743083	91.3907284768212
