Sample	Gene	Type	Expression	Threshold	Percent difference	Mean Accuracy	Minimum Accuracy	Maximum Accuracy	Sample 1 Accuracy	Sample 2 Accuracy	Sample 3 Accuracy	Sample 4 Accuracy	Sample 5 Accuracy
TH03_0160_S01	RP11-977B10.2	Up	1.09761079663	1.02565133572	6.55600884493279	82.53600985552359	74.12587412587412	90.98196392785572	78.11059907834101	86.21553884711778	90.98196392785572	83.24607329842932	74.12587412587412
