Sample	Gene	Type	Expression	Threshold	Percent difference	Mean Accuracy	Minimum Accuracy	Maximum Accuracy	Sample 1 Accuracy	Sample 2 Accuracy	Sample 3 Accuracy	Sample 4 Accuracy	Sample 5 Accuracy
TH03_0160_S01	TFB1M	Down	1.64154602909	1.67659270763	2.1349799468875337	39.72704034901212	29.13752913752914	50.901803607214426	33.87096774193548	49.122807017543856	50.901803607214426	35.602094240837694	29.13752913752914
