Sample	Gene	Type	Expression	Threshold	Percent difference	Mean Accuracy	Minimum Accuracy	Maximum Accuracy	Sample 1 Accuracy	Sample 2 Accuracy	Sample 3 Accuracy	Sample 4 Accuracy	Sample 5 Accuracy
TH03_0160_S01	TYW5	Up	3.65764000521	3.55171179771	2.896080733727609	97.8719152575678	94.53551912568307	99.25	98.49849849849849	99.25	99.22279792746113	97.85276073619632	94.53551912568307
