Sample	Gene	Type	Expression	Threshold	Percent difference	Mean Accuracy	Minimum Accuracy	Maximum Accuracy	Sample 1 Accuracy	Sample 2 Accuracy	Sample 3 Accuracy	Sample 4 Accuracy	Sample 5 Accuracy
TH03_0160_S01	P3H1	Up	7.20359271421	7.09212779999	1.5473516985506588	99.37003968253968	98.4126984126984	100	100	100	98.4126984126984	98.4375	100
