Sample	Gene	Type	Expression	Threshold	Percent difference	Mean Accuracy	Minimum Accuracy	Maximum Accuracy	Sample 1 Accuracy	Sample 2 Accuracy	Sample 3 Accuracy	Sample 4 Accuracy	Sample 5 Accuracy
TH03_0160_S01	APOPT1	Up	6.8887432489	6.69019937515	2.8821494222723993	99.88077469793888	99.70149253731343	100	100	100	100	99.70149253731343	99.70238095238095
