Sample	Gene	Type	Expression	Threshold	Percent difference	Mean Accuracy	Minimum Accuracy	Maximum Accuracy	Sample 1 Accuracy	Sample 2 Accuracy	Sample 3 Accuracy	Sample 4 Accuracy	Sample 5 Accuracy
TH03_0160_S01	WDR6	Down	3.21256933885	3.42751908302	6.690898203210314	99.84471187809062	99.45504087193461	100	100	100	100	99.45504087193461	99.76851851851852
