Sample	Gene	Type	Expression	Threshold	Percent difference	Mean Accuracy	Minimum Accuracy	Maximum Accuracy	Sample 1 Accuracy	Sample 2 Accuracy	Sample 3 Accuracy	Sample 4 Accuracy	Sample 5 Accuracy
TH01_0130_S01	LYPLA2	Down	3.60644222813	3.8500418663	6.754569261360664	99.88657519504977	99.62335216572504	100	100	100	100	99.80952380952381	99.62335216572504
