Sample	Gene	Type	Expression	Threshold	Percent difference	Mean Accuracy	Minimum Accuracy	Maximum Accuracy	Sample 1 Accuracy	Sample 2 Accuracy	Sample 3 Accuracy	Sample 4 Accuracy	Sample 5 Accuracy
TH01_0130_S01	SF3A3P1	Up	0.17632277264	0.141808778048	19.574326149276004	59.012026293824476	46.927374301675975	70.50092764378478	46.927374301675975	66.23505976095618	70.50092764378478	59.76744186046512	51.62932790224033
