Sample	Gene	Type	Expression	Threshold	Percent difference	Mean Accuracy	Minimum Accuracy	Maximum Accuracy	Sample 1 Accuracy	Sample 2 Accuracy	Sample 3 Accuracy	Sample 4 Accuracy	Sample 5 Accuracy
TH01_0130_S01	SMS	Down	3.52356195606	3.71687245369	5.486223884825837	99.54090339516455	99.04761904761905	100	99.42307692307692	99.79879275653923	100	99.04761904761905	99.43502824858757
