Sample	Gene	Type	Expression	Threshold	Percent difference	Mean Accuracy	Minimum Accuracy	Maximum Accuracy	Sample 1 Accuracy	Sample 2 Accuracy	Sample 3 Accuracy	Sample 4 Accuracy	Sample 5 Accuracy
TH01_0130_S01	RWDD3	Down	1.54596836911	2.12693452835	37.57943376127787	99.80471081052619	99.26108374384236	100	100	99.7624703087886	100	100	99.26108374384236
