Sample	Gene	Type	Expression	Threshold	Percent difference	Mean Accuracy	Minimum Accuracy	Maximum Accuracy	Sample 1 Accuracy	Sample 2 Accuracy	Sample 3 Accuracy	Sample 4 Accuracy	Sample 5 Accuracy
TH01_0130_S01	TAS2R50	Up	0.2750070475	0.141808778048	48.43449310221769	76.78555319275345	68.19484240687679	89.84321745057942	68.19484240687679	80.10920436817473	89.84321745057942	76.40036730945822	69.38013442867812
