Sample	Gene	Type	Expression	Threshold	Percent difference	Mean Accuracy	Minimum Accuracy	Maximum Accuracy	Sample 1 Accuracy	Sample 2 Accuracy	Sample 3 Accuracy	Sample 4 Accuracy	Sample 5 Accuracy
TH01_0130_S01	HSPBP1	Down	2.83794324189	3.358543396	18.344276461402835	99.35654746083672	98.86104783599089	100	99.31506849315068	99.32432432432432	100	99.28229665071771	98.86104783599089
