Sample	Gene	Type	Expression	Threshold	Percent difference	Mean Accuracy	Minimum Accuracy	Maximum Accuracy	Sample 1 Accuracy	Sample 2 Accuracy	Sample 3 Accuracy	Sample 4 Accuracy	Sample 5 Accuracy
TH01_0130_S01	XXYLT1-AS2	Up	1.49057013045	0.918712258339	38.365043041507704	99.52406364370971	99.1869918699187	100	99.35275080906149	99.1869918699187	100	99.28057553956835	99.8
