Sample	Gene	Type	Expression	Threshold	Percent difference	Mean Accuracy	Minimum Accuracy	Maximum Accuracy	Sample 1 Accuracy	Sample 2 Accuracy	Sample 3 Accuracy	Sample 4 Accuracy	Sample 5 Accuracy
TH01_0130_S01	VAT1	Down	3.30888505741	3.55437326431	7.419061183471689	99.89920779089717	99.72752043596729	100	100	100	100	99.72752043596729	99.76851851851852
