Sample	Gene	Type	Expression	Threshold	Percent difference	Mean Accuracy	Minimum Accuracy	Maximum Accuracy	Sample 1 Accuracy	Sample 2 Accuracy	Sample 3 Accuracy	Sample 4 Accuracy	Sample 5 Accuracy
TH01_0130_S01	SRPRB	Down	2.55336050334	3.21106934547	25.75855784052679	99.3865762595535	98.36829836829837	99.79959919839679	99.53917050691244	99.74937343358395	99.79959919839679	99.47643979057592	98.36829836829837
