Sample	Gene	Type	Expression	Threshold	Percent difference	Mean Accuracy	Minimum Accuracy	Maximum Accuracy	Sample 1 Accuracy	Sample 2 Accuracy	Sample 3 Accuracy	Sample 4 Accuracy	Sample 5 Accuracy
TH01_0130_S01	TMEM87A	Down	2.70265754339	2.81315588951	4.08850712108348	78.55425365855658	71.89542483660131	85.11904761904762	73.92638036809815	85.11904761904762	84.30232558139535	77.52808988764045	71.89542483660131
