Sample	Gene	Type	Expression	Threshold	Percent difference	Mean Accuracy	Minimum Accuracy	Maximum Accuracy	Sample 1 Accuracy	Sample 2 Accuracy	Sample 3 Accuracy	Sample 4 Accuracy	Sample 5 Accuracy
TH01_0130_S01	FAM156B	Down	0.704871964456	0.709455966949	0.650331226684248	24.567056707342257	19.0990990990991	31.10236220472441	19.0990990990991	31.10236220472441	23.985239852398525	27.312775330396477	21.335807050092765
