Sample	Gene	Type	Expression	Threshold	Percent difference	Mean Accuracy	Minimum Accuracy	Maximum Accuracy	Sample 1 Accuracy	Sample 2 Accuracy	Sample 3 Accuracy	Sample 4 Accuracy	Sample 5 Accuracy
TH01_0130_S01	MRPS30	Down	2.90689059561	3.04462194443	4.738098813488273	78.84034735236818	70.87378640776699	86.50963597430406	70.87378640776699	84.43877551020408	86.50963597430406	80.16997167138811	72.20956719817767
