Sample	Gene	Type	Expression	Threshold	Percent difference	Mean Accuracy	Minimum Accuracy	Maximum Accuracy	Sample 1 Accuracy	Sample 2 Accuracy	Sample 3 Accuracy	Sample 4 Accuracy	Sample 5 Accuracy
TH01_0130_S01	PRKACA	Down	3.54225804977	3.78173732758	6.7606389609461	99.84471187809062	99.45504087193461	100	100	100	100	99.45504087193461	99.76851851851852
