Sample	Gene	Type	Expression	Threshold	Percent difference	Mean Accuracy	Minimum Accuracy	Maximum Accuracy	Sample 1 Accuracy	Sample 2 Accuracy	Sample 3 Accuracy	Sample 4 Accuracy	Sample 5 Accuracy
TH01_0130_S01	PIGH	Down	1.97452931248	2.30599713326	16.787181567017498	97.05986756736841	94.82758620689656	98.84615384615385	95.92760180995475	98.33729216152018	98.84615384615385	97.36070381231671	94.82758620689656
