Sample	Gene	Type	Expression	Threshold	Percent difference	Mean Accuracy	Minimum Accuracy	Maximum Accuracy	Sample 1 Accuracy	Sample 2 Accuracy	Sample 3 Accuracy	Sample 4 Accuracy	Sample 5 Accuracy
TH01_0130_S01	NDUFV3	Down	2.89724042557	3.10148429871	7.049600417604869	89.40701264496556	85.42141230068337	96.35974304068522	86.16504854368931	91.83673469387756	96.35974304068522	87.25212464589235	85.42141230068337
