Sample	Gene	Type	Expression	Threshold	Percent difference	Mean Accuracy	Minimum Accuracy	Maximum Accuracy	Sample 1 Accuracy	Sample 2 Accuracy	Sample 3 Accuracy	Sample 4 Accuracy	Sample 5 Accuracy
TH01_0130_S01	ERI3	Down	3.59215800213	3.84747266769	7.107556666733725	99.83695786877531	99.60474308300395	100	100	100	99.800796812749	99.60474308300395	99.77924944812362
