Sample	Gene	Type	Expression	Threshold	Percent difference	Mean Accuracy	Minimum Accuracy	Maximum Accuracy	Sample 1 Accuracy	Sample 2 Accuracy	Sample 3 Accuracy	Sample 4 Accuracy	Sample 5 Accuracy
TH01_0130_S01	LANCL2	Down	1.31034012061	1.81817185879	38.75571923597898	99.83848428715349	99.57264957264957	100	100	100	100	99.57264957264957	99.61977186311786
