Sample	Gene	Type	Expression	Threshold	Percent difference	Mean Accuracy	Minimum Accuracy	Maximum Accuracy	Sample 1 Accuracy	Sample 2 Accuracy	Sample 3 Accuracy	Sample 4 Accuracy	Sample 5 Accuracy
TH01_0130_S01	NUDT19	Down	0.464668267003	0.961343765259	106.88818960232405	99.26749137493857	98.46547314578005	99.73614775725594	98.98989898989899	99.44444444444444	99.73614775725594	99.70149253731343	98.46547314578005
