Sample	Gene	Type	Expression	Threshold	Percent difference	Mean Accuracy	Minimum Accuracy	Maximum Accuracy	Sample 1 Accuracy	Sample 2 Accuracy	Sample 3 Accuracy	Sample 4 Accuracy	Sample 5 Accuracy
TH01_0130_S01	SLC25A39	Down	4.47897180503	5.1424937248199996	14.81415710286115	99.96190476190476	99.80952380952381	100	100	100	100	99.80952380952381	100
