Sample	Gene	Type	Expression	Threshold	Percent difference	Mean Accuracy	Minimum Accuracy	Maximum Accuracy	Sample 1 Accuracy	Sample 2 Accuracy	Sample 3 Accuracy	Sample 4 Accuracy	Sample 5 Accuracy
TH01_0122_S01	RP4-635A23.6	Up	0.97085365434	0.949019551277	2.248959249975031	23.05091234432585	17.67388825541619	29.099876695437732	20.471464019851116	28.063241106719367	29.099876695437732	19.946091644204852	17.67388825541619
