Sample	Gene	Type	Expression	Threshold	Percent difference	Mean Accuracy	Minimum Accuracy	Maximum Accuracy	Sample 1 Accuracy	Sample 2 Accuracy	Sample 3 Accuracy	Sample 4 Accuracy	Sample 5 Accuracy
TH01_0122_S01	SCARNA16	Up	2.99759350229	1.51415014267	49.487809420681266	89.11436603509355	82.22222222222221	94.31818181818183	84.0909090909091	92.19858156028369	94.31818181818183	92.74193548387096	82.22222222222221
