Sample	Gene	Type	Expression	Threshold	Percent difference	Mean Accuracy	Minimum Accuracy	Maximum Accuracy	Sample 1 Accuracy	Sample 2 Accuracy	Sample 3 Accuracy	Sample 4 Accuracy	Sample 5 Accuracy
TH01_0122_S01	RP11-893F2.18	Up	0.748461233004	0.715751886368	4.370212536555677	30.840814310605857	26.194144838212637	39.07692307692307	28.21997105643994	39.07692307692307	31.879699248120303	28.833333333333332	26.194144838212637
