Sample	Gene	Type	Expression	Threshold	Percent difference	Mean Accuracy	Minimum Accuracy	Maximum Accuracy	Sample 1 Accuracy	Sample 2 Accuracy	Sample 3 Accuracy	Sample 4 Accuracy	Sample 5 Accuracy
TH01_0122_S01	MTUS1	Down	0.555816155062	0.734487712383	32.14580139382052	76.96280488952323	71.0997442455243	83.64116094986808	73.23232323232324	78.33333333333333	83.64116094986808	78.50746268656717	71.0997442455243
