Sample	Gene	Type	Expression	Threshold	Percent difference	Mean Accuracy	Minimum Accuracy	Maximum Accuracy	Sample 1 Accuracy	Sample 2 Accuracy	Sample 3 Accuracy	Sample 4 Accuracy	Sample 5 Accuracy
TH01_0122_S01	BBS4	Down	1.11769504267	1.15077805519	2.959931936440347	52.152063446984954	41.02564102564102	65.53106212424849	47.69585253456221	59.64912280701754	65.53106212424849	46.8586387434555	41.02564102564102
