Sample	Gene	Type	Expression	Threshold	Percent difference	Mean Accuracy	Minimum Accuracy	Maximum Accuracy	Sample 1 Accuracy	Sample 2 Accuracy	Sample 3 Accuracy	Sample 4 Accuracy	Sample 5 Accuracy
TH01_0122_S01	RP5-956O18.2	Up	1.03562390973	0.311149060726	69.95540004410284	99.92698713394901	99.79674796747967	100	99.83818770226537	99.79674796747967	100	100	100
