Sample	Gene	Type	Expression	Threshold	Percent difference	Mean Accuracy	Minimum Accuracy	Maximum Accuracy	Sample 1 Accuracy	Sample 2 Accuracy	Sample 3 Accuracy	Sample 4 Accuracy	Sample 5 Accuracy
TH01_0122_S01	SNORD3C	Up	4.66675659188	0.277918636799	94.0447153965011	93.40972752737459	90.47619047619048	100	90.47619047619048	100	93.93939393939394	90.47619047619048	92.15686274509804
