Sample	Gene	Type	Expression	Threshold	Percent difference	Mean Accuracy	Minimum Accuracy	Maximum Accuracy	Sample 1 Accuracy	Sample 2 Accuracy	Sample 3 Accuracy	Sample 4 Accuracy	Sample 5 Accuracy
TH01_0122_S01	TRAPPC2B	Down	1.95977015521	2.16119265556	10.277863443043216	89.72670394051362	83.74384236453201	95.48693586698337	87.10407239819004	95.48693586698337	94.61538461538461	87.68328445747801	83.74384236453201
