Sample	Gene	Type	Expression	Threshold	Percent difference	Mean Accuracy	Minimum Accuracy	Maximum Accuracy	Sample 1 Accuracy	Sample 2 Accuracy	Sample 3 Accuracy	Sample 4 Accuracy	Sample 5 Accuracy
TH01_0122_S01	RP11-709A23.1	Up	0.238786859587	0.071774750948	69.94191762807222	92.54497798205088	89.54954954954954	96.12546125461255	89.54954954954954	94.88188976377953	96.12546125461255	91.62995594713657	90.53803339517626
