Sample	Gene	Type	Expression	Threshold	Percent difference	Mean Accuracy	Minimum Accuracy	Maximum Accuracy	Sample 1 Accuracy	Sample 2 Accuracy	Sample 3 Accuracy	Sample 4 Accuracy	Sample 5 Accuracy
TH01_0122_S01	JPX_1	Up	4.58375975364	1.78993594646	60.95048513311375	92.73512435277141	88.88888888888889	98.21428571428571	88.88888888888889	98.21428571428571	93.93939393939394	90.47619047619048	92.15686274509804
