Sample	Gene	Type	Expression	Threshold	Percent difference	Mean Accuracy	Minimum Accuracy	Maximum Accuracy	Sample 1 Accuracy	Sample 2 Accuracy	Sample 3 Accuracy	Sample 4 Accuracy	Sample 5 Accuracy
TH01_0122_S01	TBCB	Down	5.04919510562	5.0904164314300004	0.8163939984042039	86.6830925894295	78.78787878787878	95	78.78787878787878	95	92.82511210762333	82.32758620689656	84.47488584474885
