Sample	Gene	Type	Expression	Threshold	Percent difference	Mean Accuracy	Minimum Accuracy	Maximum Accuracy	Sample 1 Accuracy	Sample 2 Accuracy	Sample 3 Accuracy	Sample 4 Accuracy	Sample 5 Accuracy
TH01_0122_S01	TRUB2	Down	2.49825086753	2.80625200272	12.328671199242622	98.06566347464056	97.21254355400697	99.62962962962963	97.21254355400697	99.62962962962963	97.85714285714285	98.29059829059828	97.33840304182509
