Sample	Gene	Type	Expression	Threshold	Percent difference	Mean Accuracy	Minimum Accuracy	Maximum Accuracy	Sample 1 Accuracy	Sample 2 Accuracy	Sample 3 Accuracy	Sample 4 Accuracy	Sample 5 Accuracy
TH01_0122_S01	SDF2L1	Down	2.51853513898	2.68940973282	6.784681745961425	71.79743594810874	62.8	82.54156769596199	67.63754045307444	78.86178861788618	82.54156769596199	67.14628297362111	62.8
