Sample	Gene	Type	Expression	Threshold	Percent difference	Mean Accuracy	Minimum Accuracy	Maximum Accuracy	Sample 1 Accuracy	Sample 2 Accuracy	Sample 3 Accuracy	Sample 4 Accuracy	Sample 5 Accuracy
TH01_0122_S01	CMC2	Down	3.87872534148	3.93218660355	1.378320385263494	66.31326483731647	57.08502024291497	75	57.08502024291497	68.72037914691943	75	67.47967479674797	63.28125
