Sample	Gene	Type	Expression	Threshold	Percent difference	Mean Accuracy	Minimum Accuracy	Maximum Accuracy	Sample 1 Accuracy	Sample 2 Accuracy	Sample 3 Accuracy	Sample 4 Accuracy	Sample 5 Accuracy
TH01_0122_S01	SGTA	Down	4.05050169745	4.09815883636	1.1765737301135473	76.43284845858406	70.02141327623126	85.32818532818533	71.85501066098081	83.39999999999999	85.32818532818533	71.55963302752293	70.02141327623126
