Sample	Gene	Type	Expression	Threshold	Percent difference	Mean Accuracy	Minimum Accuracy	Maximum Accuracy	Sample 1 Accuracy	Sample 2 Accuracy	Sample 3 Accuracy	Sample 4 Accuracy	Sample 5 Accuracy
TH01_0122_S01	RP11-72I8.1	Up	2.59215800213	2.56543183327	1.0310393439766825	31.0240161626157	24.539877300613497	36.904761904761905	24.539877300613497	36.904761904761905	35.46511627906977	31.086142322097377	27.124183006535947
