Sample	Gene	Type	Expression	Threshold	Percent difference	Mean Accuracy	Minimum Accuracy	Maximum Accuracy	Sample 1 Accuracy	Sample 2 Accuracy	Sample 3 Accuracy	Sample 4 Accuracy	Sample 5 Accuracy
TH01_0122_S01	GLT8D1	Down	3.40599235968	3.51671767235	3.250897270961669	97.29139075511767	95.65217391304348	99.11894273127754	95.97156398104265	99.11894273127754	98.80478087649402	95.65217391304348	96.90949227373068
