Sample	Gene	Type	Expression	Threshold	Percent difference	Mean Accuracy	Minimum Accuracy	Maximum Accuracy	Sample 1 Accuracy	Sample 2 Accuracy	Sample 3 Accuracy	Sample 4 Accuracy	Sample 5 Accuracy
TH01_0122_S01	OR10AD1	Up	0.575312330687	0.277918636799	51.69256385185976	84.31349189114454	76.72253258845437	93.69202226345084	76.72253258845437	88.14741035856574	93.69202226345084	83.37209302325581	79.63340122199592
