Sample	Gene	Type	Expression	Threshold	Percent difference	Mean Accuracy	Minimum Accuracy	Maximum Accuracy	Sample 1 Accuracy	Sample 2 Accuracy	Sample 3 Accuracy	Sample 4 Accuracy	Sample 5 Accuracy
TH01_0122_S01	RP5-1182A14.5	Up	0.545968369105	0.311149060726	43.00969097604258	74.52130564979961	64.03688524590164	89.61399611219106	65.53398058252428	81.5721649484536	89.61399611219106	71.84950135992747	64.03688524590164
