Sample	Gene	Type	Expression	Threshold	Percent difference	Mean Accuracy	Minimum Accuracy	Maximum Accuracy	Sample 1 Accuracy	Sample 2 Accuracy	Sample 3 Accuracy	Sample 4 Accuracy	Sample 5 Accuracy
TH01_0122_S01	SAMD4B	Down	4.93875626149	5.02135419846	1.6724440850434001	86.34948149040629	81.76229508196722	92.02226345083488	84.03193612774452	91.21756487025948	92.02226345083488	82.71334792122538	81.76229508196722
