Sample	Gene	Type	Expression	Threshold	Percent difference	Mean Accuracy	Minimum Accuracy	Maximum Accuracy	Sample 1 Accuracy	Sample 2 Accuracy	Sample 3 Accuracy	Sample 4 Accuracy	Sample 5 Accuracy
TH01_0122_S01	CEP295NL	Up	1.43295940728	0.45116469264	68.515179819616307	99.95337995337995	99.76689976689977	100	100	100	100	100	99.76689976689977
