Sample	Gene	Type	Expression	Threshold	Percent difference	Mean Accuracy	Minimum Accuracy	Maximum Accuracy	Sample 1 Accuracy	Sample 2 Accuracy	Sample 3 Accuracy	Sample 4 Accuracy	Sample 5 Accuracy
TH01_0122_S01	MED8	Down	2.77610398807	3.19921398163	15.24114353706735	98.07454204476537	97.48858447488584	99.57627118644068	97.48858447488584	97.52252252252252	99.57627118644068	97.60765550239235	98.17767653758543
