Sample	Gene	Type	Expression	Threshold	Percent difference	Mean Accuracy	Minimum Accuracy	Maximum Accuracy	Sample 1 Accuracy	Sample 2 Accuracy	Sample 3 Accuracy	Sample 4 Accuracy	Sample 5 Accuracy
TH01_0122_S01	RP11-457M11.7	Up	0.20163386117	0.0980196818709	51.38729115133177	93.34123430481924	89.66685488424618	96.94072657743786	92.26434426229508	94.63741620962828	96.94072657743786	93.19682959048878	89.66685488424618
