Sample	Gene	Type	Expression	Threshold	Percent difference	Mean Accuracy	Minimum Accuracy	Maximum Accuracy	Sample 1 Accuracy	Sample 2 Accuracy	Sample 3 Accuracy	Sample 4 Accuracy	Sample 5 Accuracy
TH02_0088_S01	UBE2R2	Down	3.29719141657	3.3581635952	1.8492156179827814	93.64242266969976	88.8654576128216	97.02537182852143	93.32632685233841	96.43614764531183	97.02537182852143	92.55880940950551	88.8654576128216
