Sample	Gene	Type	Expression	Threshold	Percent difference	Mean Accuracy	Minimum Accuracy	Maximum Accuracy	Sample 1 Accuracy	Sample 2 Accuracy	Sample 3 Accuracy	Sample 4 Accuracy	Sample 5 Accuracy
TH02_0088_S01	RP11-483C6.1	Up	0.263034405834	0.176311850548	32.97004245928583	74.38411302741828	63.771186440677965	89.52702702702703	66.66666666666666	79.68574635241302	89.52702702702703	72.26993865030676	63.771186440677965
