Sample	Gene	Type	Expression	Threshold	Percent difference	Mean Accuracy	Minimum Accuracy	Maximum Accuracy	Sample 1 Accuracy	Sample 2 Accuracy	Sample 3 Accuracy	Sample 4 Accuracy	Sample 5 Accuracy
TH02_0088_S01	DNAJA3	Down	2.99276843077	3.35437488556	12.082674057643791	97.91874927071112	96.73202614379085	99.12790697674419	97.54601226993866	98.80952380952381	99.12790697674419	97.37827715355806	96.73202614379085
