Sample	Gene	Type	Expression	Threshold	Percent difference	Mean Accuracy	Minimum Accuracy	Maximum Accuracy	Sample 1 Accuracy	Sample 2 Accuracy	Sample 3 Accuracy	Sample 4 Accuracy	Sample 5 Accuracy
TH02_0088_S01	GSKIP	Down	1.46988597627	1.57921814919	7.438139739072991	92.257620783062	88.8268156424581	95.7816377171216	92.14659685863874	93.68131868131869	95.7816377171216	90.85173501577287	88.8268156424581
