Sample	Gene	Type	Expression	Threshold	Percent difference	Mean Accuracy	Minimum Accuracy	Maximum Accuracy	Sample 1 Accuracy	Sample 2 Accuracy	Sample 3 Accuracy	Sample 4 Accuracy	Sample 5 Accuracy
TH02_0088_S01	OXA1L	Down	5.05441438792	5.09035778046	0.71112872395078	86.35458136941807	80.42895442359249	94.32432432432432	81.66666666666667	94.32432432432432	92.70833333333334	82.64462809917356	80.42895442359249
