Sample	Gene	Type	Expression	Threshold	Percent difference	Mean Accuracy	Minimum Accuracy	Maximum Accuracy	Sample 1 Accuracy	Sample 2 Accuracy	Sample 3 Accuracy	Sample 4 Accuracy	Sample 5 Accuracy
TH02_0088_S01	HSD17B12	Down	2.6322682155	2.96623444557	12.687393636539548	98.13662089846599	96.64804469273743	99.75186104218362	97.90575916230367	98.9010989010989	99.75186104218362	97.47634069400631	96.64804469273743
