Sample	Gene	Type	Expression	Threshold	Percent difference	Mean Accuracy	Minimum Accuracy	Maximum Accuracy	Sample 1 Accuracy	Sample 2 Accuracy	Sample 3 Accuracy	Sample 4 Accuracy	Sample 5 Accuracy
TH02_0088_S01	CNPY3	Down	4.16912328148	4.26528358459	2.3064873983736827	92.47255810818946	89.42307692307693	96.8476357267951	89.42307692307693	95.97585513078471	96.8476357267951	90.28571428571428	89.83050847457628
