Sample	Gene	Type	Expression	Threshold	Percent difference	Mean Accuracy	Minimum Accuracy	Maximum Accuracy	Sample 1 Accuracy	Sample 2 Accuracy	Sample 3 Accuracy	Sample 4 Accuracy	Sample 5 Accuracy
TH02_0088_S01	ADIPOR1	Down	4.20554891117	4.48789072037	6.7135542865782885	99.91551840175693	99.77064220183486	100	100	100	99.8069498069498	99.77064220183486	100
