Sample	Gene	Type	Expression	Threshold	Percent difference	Mean Accuracy	Minimum Accuracy	Maximum Accuracy	Sample 1 Accuracy	Sample 2 Accuracy	Sample 3 Accuracy	Sample 4 Accuracy	Sample 5 Accuracy
TH02_0088_S01	YWHAB	Down	4.95559179175	5.3282084465	7.519115181567757	99.8840054980053	99.69325153374233	100	100	100	100	99.69325153374233	99.72677595628416
