Sample	Gene	Type	Expression	Threshold	Percent difference	Mean Accuracy	Minimum Accuracy	Maximum Accuracy	Sample 1 Accuracy	Sample 2 Accuracy	Sample 3 Accuracy	Sample 4 Accuracy	Sample 5 Accuracy
TH02_0088_S01	DDX23	Down	3.82476785314	3.94210481644	3.067819219502971	98.37649668582819	96.668072543230707	99.60629921259843	98.63373620599054	99.27874416631312	99.60629921259843	97.69563130100816	96.668072543230707
