Sample	Gene	Type	Expression	Threshold	Percent difference	Mean Accuracy	Minimum Accuracy	Maximum Accuracy	Sample 1 Accuracy	Sample 2 Accuracy	Sample 3 Accuracy	Sample 4 Accuracy	Sample 5 Accuracy
TH02_0088_S01	MON2	Down	1.464668267	1.55266714096	6.008109545531647	93.63711414037199	89.15733647613435	96.48617511520737	93.33635539437897	96.48617511520737	96.15795090715048	93.04775280898876	89.15733647613435
