Sample	Gene	Type	Expression	Threshold	Percent difference	Mean Accuracy	Minimum Accuracy	Maximum Accuracy	Sample 1 Accuracy	Sample 2 Accuracy	Sample 3 Accuracy	Sample 4 Accuracy	Sample 5 Accuracy
TH02_0088_S01	COG8	Down	1.9855004303	2.10272097588	5.90382876735457	90.21100534915107	84.640522875817	94.76744186046511	87.11656441717791	94.64285714285714	94.76744186046511	89.8876404494382	84.640522875817
