Sample	Gene	Type	Expression	Threshold	Percent difference	Mean Accuracy	Minimum Accuracy	Maximum Accuracy	Sample 1 Accuracy	Sample 2 Accuracy	Sample 3 Accuracy	Sample 4 Accuracy	Sample 5 Accuracy
TH02_0088_S01	LINC01141	Up	0.250961573533	0.106960088015	57.37989425662596	84.61478613516671	78.60169491525424	93.69369369369369	78.78787878787878	87.20538720538721	93.69369369369369	84.78527607361963	78.60169491525424
