Sample	Gene	Type	Expression	Threshold	Percent difference	Mean Accuracy	Minimum Accuracy	Maximum Accuracy	Sample 1 Accuracy	Sample 2 Accuracy	Sample 3 Accuracy	Sample 4 Accuracy	Sample 5 Accuracy
TH02_0088_S01	NUP37	Down	2.19534759832	2.27359604836	3.564285222981536	59.74167481950539	48.717948717948715	73.14629258517033	53.91705069124424	67.16791979949875	73.14629258517033	55.75916230366492	48.717948717948715
