Sample	Gene	Type	Expression	Threshold	Percent difference	Mean Accuracy	Minimum Accuracy	Maximum Accuracy	Sample 1 Accuracy	Sample 2 Accuracy	Sample 3 Accuracy	Sample 4 Accuracy	Sample 5 Accuracy
TH02_0088_S01	BECN1	Down	3.96901230752	4.1297492981	4.04979824011771	99.14273630786269	98.20359281437125	99.81447124304268	98.20359281437125	99.8003992015968	99.81447124304268	99.12472647702407	98.77049180327869
