Sample	Gene	Type	Expression	Threshold	Percent difference	Mean Accuracy	Minimum Accuracy	Maximum Accuracy	Sample 1 Accuracy	Sample 2 Accuracy	Sample 3 Accuracy	Sample 4 Accuracy	Sample 5 Accuracy
TH02_0088_S01	PSMB5	Down	5.18824265626	5.30225801468	2.197571817163017	99.64250177683013	98.80952380952381	100	100	100	100	99.40298507462687	98.80952380952381
