Sample	Gene	Type	Expression	Threshold	Percent difference	Mean Accuracy	Minimum Accuracy	Maximum Accuracy	Sample 1 Accuracy	Sample 2 Accuracy	Sample 3 Accuracy	Sample 4 Accuracy	Sample 5 Accuracy
TH02_0088_S01	NHEJ1	Down	1.26903314646	1.27007257938	0.0819074681303327	2.9068603333715064	1.6990291262135921	3.6827195467422094	1.6990291262135921	2.5510204081632653	3.640256959314775	3.6827195467422094	2.9612756264236904
