Sample	Gene	Type	Expression	Threshold	Percent difference	Mean Accuracy	Minimum Accuracy	Maximum Accuracy	Sample 1 Accuracy	Sample 2 Accuracy	Sample 3 Accuracy	Sample 4 Accuracy	Sample 5 Accuracy
TH02_0088_S01	HMGN1	Down	5.25474519763	5.35185337067	1.8480091686233893	99.1856187778477	98.5207100591716	99.71098265895954	99.00497512437812	99.71098265895954	99.54128440366972	98.5207100591716	99.15014164305948
