Sample	Gene	Type	Expression	Threshold	Percent difference	Mean Accuracy	Minimum Accuracy	Maximum Accuracy	Sample 1 Accuracy	Sample 2 Accuracy	Sample 3 Accuracy	Sample 4 Accuracy	Sample 5 Accuracy
TH02_0088_S01	ZMYM6NB	Down	2.18586654531	2.50223064423	14.47316624149774	93.02045155466749	89.8	97.14964370546319	91.42394822006472	95.1219512195122	97.14964370546319	91.60671462829735	89.8
