Sample	Gene	Type	Expression	Threshold	Percent difference	Mean Accuracy	Minimum Accuracy	Maximum Accuracy	Sample 1 Accuracy	Sample 2 Accuracy	Sample 3 Accuracy	Sample 4 Accuracy	Sample 5 Accuracy
TH02_0088_S01	ATG101	Down	3.21723071622	3.3870849609399998	5.279517066142074	99.58268720799704	99.01185770750988	100	99.76303317535546	100	99.800796812749	99.01185770750988	99.33774834437085
