Sample	Gene	Type	Expression	Threshold	Percent difference	Mean Accuracy	Minimum Accuracy	Maximum Accuracy	Sample 1 Accuracy	Sample 2 Accuracy	Sample 3 Accuracy	Sample 4 Accuracy	Sample 5 Accuracy
TH02_0088_S01	COPS5	Down	4.03826057518	4.17818403244	3.46494374632482	97.75759852804387	96.2085308056872	99.55947136563876	96.2085308056872	99.55947136563876	99.20318725099602	96.24505928853755	97.57174392935983
