Sample	Gene	Type	Expression	Threshold	Percent difference	Mean Accuracy	Minimum Accuracy	Maximum Accuracy	Sample 1 Accuracy	Sample 2 Accuracy	Sample 3 Accuracy	Sample 4 Accuracy	Sample 5 Accuracy
TH02_0088_S01	CCDC47	Down	3.26303440583	3.40173387527	4.250628469996776	99.48992975757464	98.81906368620835	99.91251093613297	99.84235417761428	99.78786593126856	99.91251093613297	99.08785405664906	98.81906368620835
