Sample	Gene	Type	Expression	Threshold	Percent difference	Mean Accuracy	Minimum Accuracy	Maximum Accuracy	Sample 1 Accuracy	Sample 2 Accuracy	Sample 3 Accuracy	Sample 4 Accuracy	Sample 5 Accuracy
TH02_0088_S01	SMG8	Down	0.992768430769	1.16486799717	17.335318193759587	64.59047142835166	55.49872122762148	74.93403693931398	59.09090909090909	68.05555555555556	74.93403693931398	65.3731343283582	55.49872122762148
