Sample	Gene	Type	Expression	Threshold	Percent difference	Mean Accuracy	Minimum Accuracy	Maximum Accuracy	Sample 1 Accuracy	Sample 2 Accuracy	Sample 3 Accuracy	Sample 4 Accuracy	Sample 5 Accuracy
TH02_0088_S01	RP11-54D18.2	Up	1.13750352375	0.76206433773	33.005540482397116	99.66948225007853	99.01477832512316	100	100	99.5249406175772	99.8076923076923	100	99.01477832512316
