Sample	Gene	Type	Expression	Threshold	Percent difference	Mean Accuracy	Minimum Accuracy	Maximum Accuracy	Sample 1 Accuracy	Sample 2 Accuracy	Sample 3 Accuracy	Sample 4 Accuracy	Sample 5 Accuracy
TH02_0088_S01	TAPBPL	Down	1.72683121703	2.16344285011	25.283978467272224	99.28918537052604	98.0295566502463	100	99.3212669683258	99.2874109263658	99.8076923076923	100	98.0295566502463
