Sample	Gene	Type	Expression	Threshold	Percent difference	Mean Accuracy	Minimum Accuracy	Maximum Accuracy	Sample 1 Accuracy	Sample 2 Accuracy	Sample 3 Accuracy	Sample 4 Accuracy	Sample 5 Accuracy
TH02_0088_S01	ALKBH3	Down	2.41953889151	2.80642843246	15.990217900921946	94.24187991464983	91.60000000000001	97.8622327790974	93.68932038834951	95.73170731707317	97.8622327790974	92.32613908872902	91.60000000000001
