Sample	Gene	Type	Expression	Threshold	Percent difference	Mean Accuracy	Minimum Accuracy	Maximum Accuracy	Sample 1 Accuracy	Sample 2 Accuracy	Sample 3 Accuracy	Sample 4 Accuracy	Sample 5 Accuracy
TH02_0088_S01	GPR158-AS1	Up	0.226508529809	0.0362440273166	83.99882452675745	91.77787740883592	90.44684129429892	94.76923076923077	92.32995658465991	94.76923076923077	90.67669172932331	90.66666666666666	90.44684129429892
