Sample	Gene	Type	Expression	Threshold	Percent difference	Mean Accuracy	Minimum Accuracy	Maximum Accuracy	Sample 1 Accuracy	Sample 2 Accuracy	Sample 3 Accuracy	Sample 4 Accuracy	Sample 5 Accuracy
TH02_0088_S01	SLC39A9	Down	2.74631276643	2.94177269936	7.117176722157657	95.60361443384905	92.33942251031232	97.63824884792626	95.46690843155031	97.63824884792626	97.2785485592316	95.29494382022472	92.33942251031232
