Sample	Gene	Type	Expression	Threshold	Percent difference	Mean Accuracy	Minimum Accuracy	Maximum Accuracy	Sample 1 Accuracy	Sample 2 Accuracy	Sample 3 Accuracy	Sample 4 Accuracy	Sample 5 Accuracy
TH02_0088_S01	CHMP6	Down	2.53356334821	2.70103549957	6.610142646653052	85.20465024861946	78.53881278538812	91.94915254237289	78.53881278538812	88.73873873873875	91.94915254237289	86.8421052631579	79.95444191343964
