Sample	Gene	Type	Expression	Threshold	Percent difference	Mean Accuracy	Minimum Accuracy	Maximum Accuracy	Sample 1 Accuracy	Sample 2 Accuracy	Sample 3 Accuracy	Sample 4 Accuracy	Sample 5 Accuracy
TH02_0088_S01	ZRSR1	Up	1.2750070475	1.05582380295	17.19074768878875	98.72144209378533	97.94520547945206	99.57627118644068	97.94520547945206	98.64864864864865	99.57627118644068	98.80382775119617	98.63325740318906
