Sample	Gene	Type	Expression	Threshold	Percent difference	Mean Accuracy	Minimum Accuracy	Maximum Accuracy	Sample 1 Accuracy	Sample 2 Accuracy	Sample 3 Accuracy	Sample 4 Accuracy	Sample 5 Accuracy
TH02_0088_S01	ITPKC	Down	1.15055967658	1.26641237736	10.069247440025741	97.97531544777326	96.75898644667059	98.93276414087512	98.00543970988214	98.84792626728111	98.93276414087512	97.3314606741573	96.75898644667059
