Sample	Gene	Type	Expression	Threshold	Percent difference	Mean Accuracy	Minimum Accuracy	Maximum Accuracy	Sample 1 Accuracy	Sample 2 Accuracy	Sample 3 Accuracy	Sample 4 Accuracy	Sample 5 Accuracy
TH02_0088_S01	MRPS22	Down	3.58375975364	3.61545419693	0.884390848404621	53.96628618047269	44.31818181818182	66.1214953271028	46.15384615384615	62.848297213622295	66.1214953271028	50.38961038961038	44.31818181818182
