Sample	Gene	Type	Expression	Threshold	Percent difference	Mean Accuracy	Minimum Accuracy	Maximum Accuracy	Sample 1 Accuracy	Sample 2 Accuracy	Sample 3 Accuracy	Sample 4 Accuracy	Sample 5 Accuracy
TH02_0088_S01	ERCC3	Down	2.89336221076	2.94141077995	1.6606482593611809	44.813935096038755	37.908496732026144	51.488095238095234	38.65030674846626	51.488095238095234	51.45348837209303	44.569288389513105	37.908496732026144
