Sample	Gene	Type	Expression	Threshold	Percent difference	Mean Accuracy	Minimum Accuracy	Maximum Accuracy	Sample 1 Accuracy	Sample 2 Accuracy	Sample 3 Accuracy	Sample 4 Accuracy	Sample 5 Accuracy
TH02_0088_S01	TWF2	Down	3.14730669878	3.38867235184	7.668958768891549	99.88657519504977	99.62335216572504	100	100	100	100	99.80952380952381	99.62335216572504
