Sample	Gene	Type	Expression	Threshold	Percent difference	Mean Accuracy	Minimum Accuracy	Maximum Accuracy	Sample 1 Accuracy	Sample 2 Accuracy	Sample 3 Accuracy	Sample 4 Accuracy	Sample 5 Accuracy
TH02_0088_S01	LTBR	Down	2.84197311893	3.46490430832	21.9189683829428	99.76300605796756	99.36908517350159	100	100	99.72527472527473	100	99.36908517350159	99.72067039106145
