Sample	Gene	Type	Expression	Threshold	Percent difference	Mean Accuracy	Minimum Accuracy	Maximum Accuracy	Sample 1 Accuracy	Sample 2 Accuracy	Sample 3 Accuracy	Sample 4 Accuracy	Sample 5 Accuracy
TH02_0088_S01	KLF10	Down	1.36176835942	1.75214660168	28.66700783283499	99.93927292156208	99.85955056179775	100	99.95466908431551	100	100	99.85955056179775	99.88214496169712
