Sample	Gene	Type	Expression	Threshold	Percent difference	Mean Accuracy	Minimum Accuracy	Maximum Accuracy	Sample 1 Accuracy	Sample 2 Accuracy	Sample 3 Accuracy	Sample 4 Accuracy	Sample 5 Accuracy
TH02_0088_S01	FRMD8	Down	1.87578006307	2.02298259735	7.847536988909068	94.6775211642579	91.83006535947712	97.96511627906976	92.63803680981594	97.32142857142857	97.96511627906976	93.63295880149812	91.83006535947712
