Sample	Gene	Type	Expression	Threshold	Percent difference	Mean Accuracy	Minimum Accuracy	Maximum Accuracy	Sample 1 Accuracy	Sample 2 Accuracy	Sample 3 Accuracy	Sample 4 Accuracy	Sample 5 Accuracy
TH02_0088_S01	RAC1	Down	5.9968406478	6.0858745575	1.4846802663109502	99.11841472596024	97.28813559322033	100	99.29078014184397	100	99.70760233918129	97.28813559322033	99.30555555555556
