Sample	Gene	Type	Expression	Threshold	Percent difference	Mean Accuracy	Minimum Accuracy	Maximum Accuracy	Sample 1 Accuracy	Sample 2 Accuracy	Sample 3 Accuracy	Sample 4 Accuracy	Sample 5 Accuracy
TH02_0088_S01	NUDT19	Down	0.526068811668	0.961338996887	82.74016166039078	92.2693803838951	89.44444444444444	97.36147757255937	90.65656565656566	89.44444444444444	97.36147757255937	92.83582089552239	91.04859335038363
