Sample	Gene	Type	Expression	Threshold	Percent difference	Mean Accuracy	Minimum Accuracy	Maximum Accuracy	Sample 1 Accuracy	Sample 2 Accuracy	Sample 3 Accuracy	Sample 4 Accuracy	Sample 5 Accuracy
TH02_0088_S01	RASSF1	Down	2.19219416528	2.32980394363	6.277262321443298	83.92901818517322	76.48401826484019	90.88983050847457	76.48401826484019	88.28828828828829	90.88983050847457	85.16746411483254	78.81548974943053
