Sample	Gene	Type	Expression	Threshold	Percent difference	Mean Accuracy	Minimum Accuracy	Maximum Accuracy	Sample 1 Accuracy	Sample 2 Accuracy	Sample 3 Accuracy	Sample 4 Accuracy	Sample 5 Accuracy
TH02_0088_S01	RP11-840I19.5	Up	1.6182386556	1.14870917797	29.014847470437594	98.11089553144338	96.7828418230563	99.52	96.7828418230563	99.52	99.12790697674419	97.91183294663574	97.21189591078067
