Sample	Gene	Type	Expression	Threshold	Percent difference	Mean Accuracy	Minimum Accuracy	Maximum Accuracy	Sample 1 Accuracy	Sample 2 Accuracy	Sample 3 Accuracy	Sample 4 Accuracy	Sample 5 Accuracy
TH02_0088_S01	PPRC1	Down	2.44095219803	2.4972987175	2.3083827497922758	57.57808235341087	49.693251533742334	65.40697674418605	49.693251533742334	64.88095238095238	65.40697674418605	56.92883895131086	50.98039215686274
