Sample	Gene	Type	Expression	Threshold	Percent difference	Mean Accuracy	Minimum Accuracy	Maximum Accuracy	Sample 1 Accuracy	Sample 2 Accuracy	Sample 3 Accuracy	Sample 4 Accuracy	Sample 5 Accuracy
TH02_0088_S01	GPM6B	Up	6.78541977215	6.76638793945	0.2804812869221987	63.45096054733155	50.5166475315729	73.17460317460316	62.65060240963856	73.17460317460316	68.88633754305397	62.026612077789146	50.5166475315729
