Sample	Gene	Type	Expression	Threshold	Percent difference	Mean Accuracy	Minimum Accuracy	Maximum Accuracy	Sample 1 Accuracy	Sample 2 Accuracy	Sample 3 Accuracy	Sample 4 Accuracy	Sample 5 Accuracy
TH02_0088_S01	CENPVP1	Up	0.879705766282	0.441114872694	49.856544130848015	84.15008364334935	76.53631284916202	93.59925788497218	76.53631284916202	88.14741035856574	93.59925788497218	83.13953488372093	79.32790224032587
