Sample	Gene	Type	Expression	Threshold	Percent difference	Mean Accuracy	Minimum Accuracy	Maximum Accuracy	Sample 1 Accuracy	Sample 2 Accuracy	Sample 3 Accuracy	Sample 4 Accuracy	Sample 5 Accuracy
TH02_0088_S01	AC125232.1	Down	0.903038270113	0.948710083961	5.057572348764904	25.652161003730473	19.832402234636874	31.374501992031874	19.832402234636874	31.374501992031874	25.69573283858998	27.325581395348834	24.03258655804481
