Sample	Gene	Type	Expression	Threshold	Percent difference	Mean Accuracy	Minimum Accuracy	Maximum Accuracy	Sample 1 Accuracy	Sample 2 Accuracy	Sample 3 Accuracy	Sample 4 Accuracy	Sample 5 Accuracy
TH02_0088_S01	CPOX	Down	0.948600847493	1.33789610863	41.038890294674005	83.56068717409383	76.47058823529412	91.55672823218998	80.55555555555556	84.44444444444444	91.55672823218998	84.77611940298507	76.47058823529412
