Sample	Gene	Type	Expression	Threshold	Percent difference	Mean Accuracy	Minimum Accuracy	Maximum Accuracy	Sample 1 Accuracy	Sample 2 Accuracy	Sample 3 Accuracy	Sample 4 Accuracy	Sample 5 Accuracy
TH02_0088_S01	CCDC174	Down	1.92979099772	2.16633248329	12.257362887974292	98.04545844108682	97.05882352941177	99.12790697674419	97.85276073619632	98.80952380952381	99.12790697674419	97.37827715355806	97.05882352941177
