Sample	Gene	Type	Expression	Threshold	Percent difference	Mean Accuracy	Minimum Accuracy	Maximum Accuracy	Sample 1 Accuracy	Sample 2 Accuracy	Sample 3 Accuracy	Sample 4 Accuracy	Sample 5 Accuracy
TH02_0088_S01	UBE2V1	Down	5.12845838415	5.21433115005	1.6744362431680784	98.46278719382518	97.7961432506887	99.50738916256158	98.5632183908046	98.27089337175792	99.50738916256158	97.7961432506887	98.17629179331307
