Sample	Gene	Type	Expression	Threshold	Percent difference	Mean Accuracy	Minimum Accuracy	Maximum Accuracy	Sample 1 Accuracy	Sample 2 Accuracy	Sample 3 Accuracy	Sample 4 Accuracy	Sample 5 Accuracy
TH02_0088_S01	KCNQ1DN	Up	0.0612001564367	0.0240839701146	60.64720824772676	75.05088516484558	65.2605459057072	86.66666666666667	65.2605459057072	79.90867579908677	86.66666666666667	74.32762836185819	69.0909090909091
