Sample	Gene	Type	Expression	Threshold	Percent difference	Mean Accuracy	Minimum Accuracy	Maximum Accuracy	Sample 1 Accuracy	Sample 2 Accuracy	Sample 3 Accuracy	Sample 4 Accuracy	Sample 5 Accuracy
TH02_0088_S01	RNMTL1	Down	1.7355221773	1.97152507305	13.598379717460956	97.52603654887682	96.57534246575342	99.36440677966102	96.57534246575342	97.52252252252252	99.36440677966102	97.1291866028708	97.03872437357631
