Sample	Gene	Type	Expression	Threshold	Percent difference	Mean Accuracy	Minimum Accuracy	Maximum Accuracy	Sample 1 Accuracy	Sample 2 Accuracy	Sample 3 Accuracy	Sample 4 Accuracy	Sample 5 Accuracy
TH02_0088_S01	UTP14A	Down	1.97819562968	2.06569862366	4.42337414293826	81.197246315539	75.49019607843137	87.20238095238095	75.76687116564416	87.20238095238095	86.62790697674419	80.89887640449437	75.49019607843137
