Sample	Gene	Type	Expression	Threshold	Percent difference	Mean Accuracy	Minimum Accuracy	Maximum Accuracy	Sample 1 Accuracy	Sample 2 Accuracy	Sample 3 Accuracy	Sample 4 Accuracy	Sample 5 Accuracy
TH02_0088_S01	GLRX3	Down	4.0152477737	4.01542615891	0.004442694948222783	1.1699367340263147	0.46728971962616817	1.5584415584415585	1.1396011396011396	1.5479876160990713	0.46728971962616817	1.5584415584415585	1.1363636363636365
