Sample	Gene	Type	Expression	Threshold	Percent difference	Mean Accuracy	Minimum Accuracy	Maximum Accuracy	Sample 1 Accuracy	Sample 2 Accuracy	Sample 3 Accuracy	Sample 4 Accuracy	Sample 5 Accuracy
TH02_0088_S01	USP10	Down	3.33055840003	3.50549817085	5.252565780513689	99.6700710717758	98.90710382513662	100	100	99.75	100	99.69325153374233	98.90710382513662
