Sample	Gene	Type	Expression	Threshold	Percent difference	Mean Accuracy	Minimum Accuracy	Maximum Accuracy	Sample 1 Accuracy	Sample 2 Accuracy	Sample 3 Accuracy	Sample 4 Accuracy	Sample 5 Accuracy
TH02_0088_S01	FSTL5	Up	0.855989697308	0.409074544907	52.21034246165607	93.3878604417272	89.83625070581593	97.00446144040791	92.26434426229508	94.63741620962828	97.00446144040791	93.19682959048878	89.83625070581593
