Sample	Gene	Type	Expression	Threshold	Percent difference	Mean Accuracy	Minimum Accuracy	Maximum Accuracy	Sample 1 Accuracy	Sample 2 Accuracy	Sample 3 Accuracy	Sample 4 Accuracy	Sample 5 Accuracy
TH02_0088_S01	DNAJA1	Down	4.59335377098	4.65074062347	1.2493453661801461	77.90808362596584	72.37687366167023	86.2934362934363	73.13432835820896	84.8	86.2934362934363	72.93577981651376	72.37687366167023
