Sample	Gene	Type	Expression	Threshold	Percent difference	Mean Accuracy	Minimum Accuracy	Maximum Accuracy	Sample 1 Accuracy	Sample 2 Accuracy	Sample 3 Accuracy	Sample 4 Accuracy	Sample 5 Accuracy
TH02_0088_S01	MTX2	Down	2.78659636189	3.3323404789	19.58461313140633	98.67085914911287	97.66899766899768	99.79959919839679	97.6958525345622	99.49874686716792	99.79959919839679	98.69109947643979	97.66899766899768
