Sample	Gene	Type	Expression	Threshold	Percent difference	Mean Accuracy	Minimum Accuracy	Maximum Accuracy	Sample 1 Accuracy	Sample 2 Accuracy	Sample 3 Accuracy	Sample 4 Accuracy	Sample 5 Accuracy
TH02_0088_S01	ST8SIA3	Up	0.678071905113	0.0362440273166	94.65484013667252	88.95739462074103	83.79888268156425	95.82560296846012	83.79888268156425	90.5378486055777	95.82560296846012	88.37209302325581	86.25254582484725
