Sample	Gene	Type	Expression	Threshold	Percent difference	Mean Accuracy	Minimum Accuracy	Maximum Accuracy	Sample 1 Accuracy	Sample 2 Accuracy	Sample 3 Accuracy	Sample 4 Accuracy	Sample 5 Accuracy
TH02_0088_S01	UXS1	Down	2.24488705912	3.03975296021	35.40783478887304	99.85189221319595	99.51456310679612	100	99.51456310679612	99.74489795918367	100	100	100
