Sample	Gene	Type	Expression	Threshold	Percent difference	Mean Accuracy	Minimum Accuracy	Maximum Accuracy	Sample 1 Accuracy	Sample 2 Accuracy	Sample 3 Accuracy	Sample 4 Accuracy	Sample 5 Accuracy
TH02_0088_S01	SOX21-AS1	Up	1.5210507369	1.4866143465	2.2639869640498396	68.3092174398441	57.63111373011196	77.64140875133404	65.36718041704442	76.44009216589862	77.64140875133404	64.46629213483146	57.63111373011196
