Sample	Gene	Type	Expression	Threshold	Percent difference	Mean Accuracy	Minimum Accuracy	Maximum Accuracy	Sample 1 Accuracy	Sample 2 Accuracy	Sample 3 Accuracy	Sample 4 Accuracy	Sample 5 Accuracy
TH02_0088_S01	AL365181.2	Up	1.41683974191	1.32755494118	6.301686640271523	86.73752684168147	82.23234624145786	94.43254817987152	82.52427184466019	89.79591836734694	94.43254817987152	84.70254957507082	82.23234624145786
