Sample	Gene	Type	Expression	Threshold	Percent difference	Mean Accuracy	Minimum Accuracy	Maximum Accuracy	Sample 1 Accuracy	Sample 2 Accuracy	Sample 3 Accuracy	Sample 4 Accuracy	Sample 5 Accuracy
TH02_0088_S01	SLC9A1	Down	1.7782085764	1.84215283394	3.5959930903862665	72.42499554161614	65.36312849162012	79.12087912087912	67.80104712041884	79.12087912087912	77.91563275434244	71.92429022082018	65.36312849162012
