Sample	Gene	Type	Expression	Threshold	Percent difference	Mean Accuracy	Minimum Accuracy	Maximum Accuracy	Sample 1 Accuracy	Sample 2 Accuracy	Sample 3 Accuracy	Sample 4 Accuracy	Sample 5 Accuracy
TH02_0088_S01	NUP54	Down	2.44360665148	2.67552781105	9.490936662393427	95.71172728987206	93.69085173501577	98.51116625310173	96.07329842931938	96.42857142857143	98.51116625310173	93.69085173501577	93.85474860335195
