Sample	Gene	Type	Expression	Threshold	Percent difference	Mean Accuracy	Minimum Accuracy	Maximum Accuracy	Sample 1 Accuracy	Sample 2 Accuracy	Sample 3 Accuracy	Sample 4 Accuracy	Sample 5 Accuracy
TH02_0088_S01	NDUFA10	Down	4.77925972037	4.95963859558	3.7742011475374704	98.19379267411992	96.83794466403161	99.77973568281938	97.1563981042654	99.77973568281938	99.40239043824701	96.83794466403161	97.7924944812362
