Sample	Gene	Type	Expression	Threshold	Percent difference	Mean Accuracy	Minimum Accuracy	Maximum Accuracy	Sample 1 Accuracy	Sample 2 Accuracy	Sample 3 Accuracy	Sample 4 Accuracy	Sample 5 Accuracy
TH02_0088_S01	PPP4C	Down	4.65076455912	4.82856369019	3.82300864319915	98.32161858657008	97.03557312252964	99.77973568281938	97.1563981042654	99.77973568281938	99.40239043824701	97.03557312252964	98.23399558498896
