Sample	Gene	Type	Expression	Threshold	Percent difference	Mean Accuracy	Minimum Accuracy	Maximum Accuracy	Sample 1 Accuracy	Sample 2 Accuracy	Sample 3 Accuracy	Sample 4 Accuracy	Sample 5 Accuracy
TH02_0088_S01	RP11-467C18.1	Up	0.933572638261	0.566591203213	39.30936062260669	70.24196918028706	59.528688524590166	86.36489863926687	60.77063106796117	78.54381443298969	86.36489863926687	66.00181323662738	59.528688524590166
