Sample	Gene	Type	Expression	Threshold	Percent difference	Mean Accuracy	Minimum Accuracy	Maximum Accuracy	Sample 1 Accuracy	Sample 2 Accuracy	Sample 3 Accuracy	Sample 4 Accuracy	Sample 5 Accuracy
TH02_0088_S01	UQCRC1	Down	5.77267747042	5.87422847748	1.7591664800322167	99.02003871263743	98.22485207100591	99.71098265895954	98.75621890547264	99.71098265895954	99.54128440366972	98.22485207100591	98.86685552407933
