Sample	Gene	Type	Expression	Threshold	Percent difference	Mean Accuracy	Minimum Accuracy	Maximum Accuracy	Sample 1 Accuracy	Sample 2 Accuracy	Sample 3 Accuracy	Sample 4 Accuracy	Sample 5 Accuracy
TH02_0088_S01	METTL13	Down	2.57773093149	2.85310101509	10.682654276908117	96.99640039766996	94.97206703910615	99.50372208436724	97.12041884816755	97.8021978021978	99.50372208436724	95.58359621451105	94.97206703910615
