Sample	Gene	Type	Expression	Threshold	Percent difference	Mean Accuracy	Minimum Accuracy	Maximum Accuracy	Sample 1 Accuracy	Sample 2 Accuracy	Sample 3 Accuracy	Sample 4 Accuracy	Sample 5 Accuracy
TH02_0088_S01	HDGF	Down	5.44625622989	5.48312091827	0.676881270801764	84.70104537916106	79.02298850574712	91.13300492610837	79.02298850574712	90.48991354466858	91.13300492610837	82.92011019283747	79.93920972644378
