Sample	Gene	Type	Expression	Threshold	Percent difference	Mean Accuracy	Minimum Accuracy	Maximum Accuracy	Sample 1 Accuracy	Sample 2 Accuracy	Sample 3 Accuracy	Sample 4 Accuracy	Sample 5 Accuracy
TH02_0088_S01	TES	Down	1.17632277264	1.23660266399	5.124434615400237	80.93315642337387	73.30097087378641	88.86509635974305	73.30097087378641	85.45918367346938	88.86509635974305	81.86968838526913	75.17084282460137
