Sample	Gene	Type	Expression	Threshold	Percent difference	Mean Accuracy	Minimum Accuracy	Maximum Accuracy	Sample 1 Accuracy	Sample 2 Accuracy	Sample 3 Accuracy	Sample 4 Accuracy	Sample 5 Accuracy
TH02_0088_S01	RP11-329B9.5	Up	1.54596836911	1.26498711109	18.175097475102827	91.46537752124914	86.59517426273459	95.83333333333334	86.59517426273459	95.52000000000001	95.83333333333334	92.5754060324826	86.80297397769516
