Sample	Gene	Type	Expression	Threshold	Percent difference	Mean Accuracy	Minimum Accuracy	Maximum Accuracy	Sample 1 Accuracy	Sample 2 Accuracy	Sample 3 Accuracy	Sample 4 Accuracy	Sample 5 Accuracy
TH02_0088_S01	GLRA1	Up	0.0565835283664	0.0362440273166	35.94597515745916	76.71153766469352	68.18181818181817	90.42792792792793	68.18181818181817	81.14478114478115	90.42792792792793	75.58282208588956	68.22033898305084
