Sample	Gene	Type	Expression	Threshold	Percent difference	Mean Accuracy	Minimum Accuracy	Maximum Accuracy	Sample 1 Accuracy	Sample 2 Accuracy	Sample 3 Accuracy	Sample 4 Accuracy	Sample 5 Accuracy
TH02_0088_S01	MRPL2	Down	3.81455042346	4.13438367844	8.384559632846432	99.42190081745794	98.38056680161942	100	98.38056680161942	99.52606635071089	100	99.59349593495935	99.609375
