Sample	Gene	Type	Expression	Threshold	Percent difference	Mean Accuracy	Minimum Accuracy	Maximum Accuracy	Sample 1 Accuracy	Sample 2 Accuracy	Sample 3 Accuracy	Sample 4 Accuracy	Sample 5 Accuracy
TH02_0088_S01	EIF5A	Down	6.8054214461700004	6.8485417366	0.6336167535115217	81.73053261160695	74.12935323383084	91.90751445086705	74.12935323383084	91.90751445086705	86.92660550458714	77.2189349112426	78.47025495750708
