Sample	Gene	Type	Expression	Threshold	Percent difference	Mean Accuracy	Minimum Accuracy	Maximum Accuracy	Sample 1 Accuracy	Sample 2 Accuracy	Sample 3 Accuracy	Sample 4 Accuracy	Sample 5 Accuracy
TH02_0088_S01	BCL2L12	Down	1.25096157353	1.54202461243	23.267144655664364	97.66792360975336	96.8	99.6437054631829	97.24919093851133	97.76422764227642	99.6437054631829	96.88249400479616	96.8
