Sample	Gene	Type	Expression	Threshold	Percent difference	Mean Accuracy	Minimum Accuracy	Maximum Accuracy	Sample 1 Accuracy	Sample 2 Accuracy	Sample 3 Accuracy	Sample 4 Accuracy	Sample 5 Accuracy
TH02_0088_S01	RREB1	Down	0.641546029088	0.813506245613	26.804034118869513	82.18789195036116	75.55053642010164	90.12109623964308	79.76434426229508	86.04509445460086	90.12109623964308	79.45838837516513	75.55053642010164
