Sample	Gene	Type	Expression	Threshold	Percent difference	Mean Accuracy	Minimum Accuracy	Maximum Accuracy	Sample 1 Accuracy	Sample 2 Accuracy	Sample 3 Accuracy	Sample 4 Accuracy	Sample 5 Accuracy
TH02_0088_S01	VPS26A	Down	3.12928301694	3.19686985016	2.159818490501715	93.20639334642838	89.12037037037037	97.04545454545455	92.97052154195012	95.88744588744589	97.04545454545455	91.00817438692098	89.12037037037037
