Sample	Gene	Type	Expression	Threshold	Percent difference	Mean Accuracy	Minimum Accuracy	Maximum Accuracy	Sample 1 Accuracy	Sample 2 Accuracy	Sample 3 Accuracy	Sample 4 Accuracy	Sample 5 Accuracy
TH02_0088_S01	PDXK	Down	3.69376571222	3.73638820648	1.153903565648281	82.67139805882329	75.07380851961197	88.4076990376203	81.5028901734104	88.24777259227832	88.4076990376203	80.1248199711954	75.07380851961197
