Sample	Gene	Type	Expression	Threshold	Percent difference	Mean Accuracy	Minimum Accuracy	Maximum Accuracy	Sample 1 Accuracy	Sample 2 Accuracy	Sample 3 Accuracy	Sample 4 Accuracy	Sample 5 Accuracy
TH02_0088_S01	ZNF586	Down	0.526068811668	0.600150942802	14.082213104234151	55.96998452429798	49.30662557781202	65.07692307692308	50.7959479015919	65.07692307692308	61.503759398496236	53.166666666666664	49.30662557781202
