Sample	Gene	Type	Expression	Threshold	Percent difference	Mean Accuracy	Minimum Accuracy	Maximum Accuracy	Sample 1 Accuracy	Sample 2 Accuracy	Sample 3 Accuracy	Sample 4 Accuracy	Sample 5 Accuracy
TH02_0088_S01	IPO11	Down	1.88752527074	1.91419434547	1.4129121947884833	50.908961911654835	40.65998821449617	60.61899679829242	47.41613780598368	58.23732718894009	60.61899679829242	47.6123595505618	40.65998821449617
