Sample	Gene	Type	Expression	Threshold	Percent difference	Mean Accuracy	Minimum Accuracy	Maximum Accuracy	Sample 1 Accuracy	Sample 2 Accuracy	Sample 3 Accuracy	Sample 4 Accuracy	Sample 5 Accuracy
TH02_0088_S01	GDNF-AS1	Up	1.11769504267	0.952453970909	14.784092749151398	95.5361150791048	92.85714285714286	98.09976247030879	94.11764705882352	98.09976247030879	97.88461538461539	94.72140762463343	92.85714285714286
