Sample	Gene	Type	Expression	Threshold	Percent difference	Mean Accuracy	Minimum Accuracy	Maximum Accuracy	Sample 1 Accuracy	Sample 2 Accuracy	Sample 3 Accuracy	Sample 4 Accuracy	Sample 5 Accuracy
TH02_0088_S01	MEPCE	Down	3.23266075679	3.40397930145	5.299614081067934	99.59163780008467	98.63760217983652	100	100	99.78354978354979	100	98.63760217983652	99.53703703703704
