Sample	Gene	Type	Expression	Threshold	Percent difference	Mean Accuracy	Minimum Accuracy	Maximum Accuracy	Sample 1 Accuracy	Sample 2 Accuracy	Sample 3 Accuracy	Sample 4 Accuracy	Sample 5 Accuracy
TH02_0088_S01	TUBB4B	Down	5.07681559705	5.24556255341	3.3238740532166258	99.903236914600555	99.72451790633609	100	100	100	99.79166666666667	99.72451790633609	100
