Sample	Gene	Type	Expression	Threshold	Percent difference	Mean Accuracy	Minimum Accuracy	Maximum Accuracy	Sample 1 Accuracy	Sample 2 Accuracy	Sample 3 Accuracy	Sample 4 Accuracy	Sample 5 Accuracy
TH02_0088_S01	SHKBP1	Down	3.43028527298	3.44338345528	0.38183944650822005	26.013739554942067	19.318181818181817	30.340557275541798	23.931623931623932	30.340557275541798	29.205607476635514	27.27272727272727	19.318181818181817
