Sample	Gene	Type	Expression	Threshold	Percent difference	Mean Accuracy	Minimum Accuracy	Maximum Accuracy	Sample 1 Accuracy	Sample 2 Accuracy	Sample 3 Accuracy	Sample 4 Accuracy	Sample 5 Accuracy
TH02_0088_S01	RP11-414C23.1	Up	1.26903314646	1.08263778687	14.687981957756946	86.01590550697725	79.92565055762083	93.12015503875969	80.56300268096514	92.47999999999999	93.12015503875969	83.9907192575406	79.92565055762083
