Sample	Gene	Type	Expression	Threshold	Percent difference	Mean Accuracy	Minimum Accuracy	Maximum Accuracy	Sample 1 Accuracy	Sample 2 Accuracy	Sample 3 Accuracy	Sample 4 Accuracy	Sample 5 Accuracy
TH02_0088_S01	POLR3K	Down	1.95977015521	2.01629137993	2.8840741639900958	51.26059716903642	39.62703962703963	65.13026052104209	46.31336405529954	58.89724310776943	65.13026052104209	46.33507853403142	39.62703962703963
