Sample	Gene	Type	Expression	Threshold	Percent difference	Mean Accuracy	Minimum Accuracy	Maximum Accuracy	Sample 1 Accuracy	Sample 2 Accuracy	Sample 3 Accuracy	Sample 4 Accuracy	Sample 5 Accuracy
TH02_0088_S01	BRMS1	Down	3.5993177937	3.64911103249	1.38340768012079	78.09399084929599	71.7439293598234	87.00440528634361	72.74881516587678	87.00440528634361	85.0597609561753	73.91304347826086	71.7439293598234
