Sample	Gene	Type	Expression	Threshold	Percent difference	Mean Accuracy	Minimum Accuracy	Maximum Accuracy	Sample 1 Accuracy	Sample 2 Accuracy	Sample 3 Accuracy	Sample 4 Accuracy	Sample 5 Accuracy
TH02_0088_S01	MTFMT	Down	1.48026512205	1.53576850891	3.749557159269819	73.78922847901599	67.87709497206704	79.67032967032966	69.3717277486911	79.67032967032966	79.15632754342433	72.87066246056783	67.87709497206704
