Sample	Gene	Type	Expression	Threshold	Percent difference	Mean Accuracy	Minimum Accuracy	Maximum Accuracy	Sample 1 Accuracy	Sample 2 Accuracy	Sample 3 Accuracy	Sample 4 Accuracy	Sample 5 Accuracy
TH02_0088_S01	SIGMAR1	Down	3.63110428237	3.69017863274	1.6268976536097306	82.90176500319978	77.40112994350282	91.24343257443083	78.84615384615384	88.73239436619718	91.24343257443083	78.28571428571428	77.40112994350282
