Sample	Gene	Type	Expression	Threshold	Percent difference	Mean Accuracy	Minimum Accuracy	Maximum Accuracy	Sample 1 Accuracy	Sample 2 Accuracy	Sample 3 Accuracy	Sample 4 Accuracy	Sample 5 Accuracy
TH02_0088_S01	RP11-642C5.1	Up	0.443606651476	0.409074544907	7.784397834005026	12.950899263348154	10.290117860380779	18.0090206185567	13.197815533980584	18.0090206185567	10.552624271035823	10.290117860380779	12.704918032786885
