Sample	Gene	Type	Expression	Threshold	Percent difference	Mean Accuracy	Minimum Accuracy	Maximum Accuracy	Sample 1 Accuracy	Sample 2 Accuracy	Sample 3 Accuracy	Sample 4 Accuracy	Sample 5 Accuracy
TH02_0088_S01	TSFM	Down	2.9836776947	3.43707871437	15.19604548693013	98.028983958205	97.48858447488584	99.57627118644068	97.48858447488584	97.52252252252252	99.57627118644068	97.60765550239235	97.9498861047836
