Sample	Gene	Type	Expression	Threshold	Percent difference	Mean Accuracy	Minimum Accuracy	Maximum Accuracy	Sample 1 Accuracy	Sample 2 Accuracy	Sample 3 Accuracy	Sample 4 Accuracy	Sample 5 Accuracy
TH02_0088_S01	GUSB	Down	3.79701297784	3.88000631332	2.1857532740699805	91.45051475017355	88.51224105461394	95.97197898423818	88.84615384615384	94.96981891348088	95.97197898423818	88.95238095238095	88.51224105461394
