Sample	Gene	Type	Expression	Threshold	Percent difference	Mean Accuracy	Minimum Accuracy	Maximum Accuracy	Sample 1 Accuracy	Sample 2 Accuracy	Sample 3 Accuracy	Sample 4 Accuracy	Sample 5 Accuracy
TH02_0088_S01	NSUN2	Down	2.76128527336	3.32085132599	20.26469550352204	99.76705571572491	99.57264957264957	100	100	100	99.64285714285714	99.57264957264957	99.61977186311786
