Sample	Gene	Type	Expression	Threshold	Percent difference	Mean Accuracy	Minimum Accuracy	Maximum Accuracy	Sample 1 Accuracy	Sample 2 Accuracy	Sample 3 Accuracy	Sample 4 Accuracy	Sample 5 Accuracy
TH02_0088_S01	TMEM11	Down	2.78031009904	3.21335339546	15.575359617962171	97.12392507740374	94.87179487179486	98.79759519038076	96.08294930875576	98.74686716791979	98.79759519038076	97.12041884816755	94.87179487179486
