Sample	Gene	Type	Expression	Threshold	Percent difference	Mean Accuracy	Minimum Accuracy	Maximum Accuracy	Sample 1 Accuracy	Sample 2 Accuracy	Sample 3 Accuracy	Sample 4 Accuracy	Sample 5 Accuracy
TH02_0088_S01	KIAA0100	Down	2.50080205306	3.18598866463	27.398674386547324	99.93020673842517	99.85955056179775	100	99.909338168631	100	100	99.85955056179775	99.88214496169712
