Sample	Gene	Type	Expression	Threshold	Percent difference	Mean Accuracy	Minimum Accuracy	Maximum Accuracy	Sample 1 Accuracy	Sample 2 Accuracy	Sample 3 Accuracy	Sample 4 Accuracy	Sample 5 Accuracy
TH02_0088_S01	PSMD2	Down	5.06651978143	5.10197067261	0.6997089266272273	85.9800819791313	80.85106382978722	92.36453201970444	81.60919540229885	90.77809798270894	92.36453201970444	84.29752066115702	80.85106382978722
