Sample	Gene	Type	Expression	Threshold	Percent difference	Mean Accuracy	Minimum Accuracy	Maximum Accuracy	Sample 1 Accuracy	Sample 2 Accuracy	Sample 3 Accuracy	Sample 4 Accuracy	Sample 5 Accuracy
TH02_0088_S01	POLR2E	Down	5.64904056563	5.82939481735	3.1926527987303652	99.8490852831008	99.54128440366972	100	100	100	99.54128440366972	99.70414201183432	100
