Sample	Gene	Type	Expression	Threshold	Percent difference	Mean Accuracy	Minimum Accuracy	Maximum Accuracy	Sample 1 Accuracy	Sample 2 Accuracy	Sample 3 Accuracy	Sample 4 Accuracy	Sample 5 Accuracy
TH02_0088_S01	UQCRC2	Down	5.32804655627	5.41921949387	1.7111888313496082	98.90169551737115	97.63313609467455	99.71098265895954	98.75621890547264	99.71098265895954	99.54128440366972	97.63313609467455	98.86685552407933
