Sample	Gene	Type	Expression	Threshold	Percent difference	Mean Accuracy	Minimum Accuracy	Maximum Accuracy	Sample 1 Accuracy	Sample 2 Accuracy	Sample 3 Accuracy	Sample 4 Accuracy	Sample 5 Accuracy
TH02_0088_S01	NAT16	Up	0.432959407276	0.376716196537	12.99041198639356	51.233072810935965	40.136830102622575	62.63871763255241	46.898263027295286	57.839262187088266	62.63871763255241	48.65229110512129	40.136830102622575
