Sample	Gene	Type	Expression	Threshold	Percent difference	Mean Accuracy	Minimum Accuracy	Maximum Accuracy	Sample 1 Accuracy	Sample 2 Accuracy	Sample 3 Accuracy	Sample 4 Accuracy	Sample 5 Accuracy
TH02_0088_S01	RAB11A	Down	5.29241366783	5.41538143158	2.3234722655460818	99.42560825160986	98.85057471264368	100	98.85057471264368	99.71181556195965	100	99.17355371900827	99.3920972644377
