Sample	Gene	Type	Expression	Threshold	Percent difference	Mean Accuracy	Minimum Accuracy	Maximum Accuracy	Sample 1 Accuracy	Sample 2 Accuracy	Sample 3 Accuracy	Sample 4 Accuracy	Sample 5 Accuracy
TH02_0088_S01	CTBS	Down	1.26903314646	1.29404234886	1.9707288552520266	52.37799661740124	42.96577946768061	64.64285714285715	47.386759581881535	60.74074074074074	64.64285714285715	46.15384615384615	42.96577946768061
