Sample	Gene	Type	Expression	Threshold	Percent difference	Mean Accuracy	Minimum Accuracy	Maximum Accuracy	Sample 1 Accuracy	Sample 2 Accuracy	Sample 3 Accuracy	Sample 4 Accuracy	Sample 5 Accuracy
TH02_0088_S01	TMEM60	Down	2.60644222813	2.87551641464	10.323427989541429	89.72670394051362	83.74384236453201	95.48693586698337	87.10407239819004	95.48693586698337	94.61538461538461	87.68328445747801	83.74384236453201
