Sample	Gene	Type	Expression	Threshold	Percent difference	Mean Accuracy	Minimum Accuracy	Maximum Accuracy	Sample 1 Accuracy	Sample 2 Accuracy	Sample 3 Accuracy	Sample 4 Accuracy	Sample 5 Accuracy
TH02_0088_S01	SIDT2	Down	2.04614178164	2.23316311836	9.140194408722783	95.74209343299577	93.37979094076655	99.25925925925925	93.37979094076655	99.25925925925925	96.42857142857143	95.72649572649573	93.91634980988593
