Sample	Gene	Type	Expression	Threshold	Percent difference	Mean Accuracy	Minimum Accuracy	Maximum Accuracy	Sample 1 Accuracy	Sample 2 Accuracy	Sample 3 Accuracy	Sample 4 Accuracy	Sample 5 Accuracy
TH02_0088_S01	STOM	Down	2.62993940944	2.75018167496	4.5720545913870865	82.85354113189595	76.04562737642586	88.92857142857142	79.09407665505228	88.14814814814815	88.92857142857142	82.05128205128204	76.04562737642586
