Sample	Gene	Type	Expression	Threshold	Percent difference	Mean Accuracy	Minimum Accuracy	Maximum Accuracy	Sample 1 Accuracy	Sample 2 Accuracy	Sample 3 Accuracy	Sample 4 Accuracy	Sample 5 Accuracy
TH02_0088_S01	SFT2D1	Down	3.57773093149	3.71593308449	3.8628436751235387	97.9641095459178	96.01139601139602	99.69040247678018	96.01139601139602	99.69040247678018	99.53271028037383	97.14285714285714	97.44318181818183
