Sample	Gene	Type	Expression	Threshold	Percent difference	Mean Accuracy	Minimum Accuracy	Maximum Accuracy	Sample 1 Accuracy	Sample 2 Accuracy	Sample 3 Accuracy	Sample 4 Accuracy	Sample 5 Accuracy
TH02_0088_S01	DCPS	Down	2.16027483141	2.28203821182	5.636476370486883	77.6047518601956	67.83216783216784	87.374749498998	72.35023041474655	82.45614035087719	87.374749498998	78.01047120418848	67.83216783216784
