Sample	Gene	Type	Expression	Threshold	Percent difference	Mean Accuracy	Minimum Accuracy	Maximum Accuracy	Sample 1 Accuracy	Sample 2 Accuracy	Sample 3 Accuracy	Sample 4 Accuracy	Sample 5 Accuracy
TH02_0088_S01	AIMP1	Down	3.38543103719	3.39669370651	0.3326805123565026	31.0708007338019	22.916666666666664	38.86363636363636	29.024943310657598	34.84848484848485	38.86363636363636	29.70027247956403	22.916666666666664
