Sample	Gene	Type	Expression	Threshold	Percent difference	Mean Accuracy	Minimum Accuracy	Maximum Accuracy	Sample 1 Accuracy	Sample 2 Accuracy	Sample 3 Accuracy	Sample 4 Accuracy	Sample 5 Accuracy
TH02_0088_S01	PMPCA	Down	3.54720302476	3.63809847832	2.562454218874316	95.67448323286631	92.61477045908184	98.7012987012987	92.61477045908184	98.00399201596807	98.7012987012987	95.40481400437638	93.64754098360656
