Sample	Gene	Type	Expression	Threshold	Percent difference	Mean Accuracy	Minimum Accuracy	Maximum Accuracy	Sample 1 Accuracy	Sample 2 Accuracy	Sample 3 Accuracy	Sample 4 Accuracy	Sample 5 Accuracy
TH02_0088_S01	FAM182A	Up	1.464668267	1.36367607117	6.8952265919474565	95.3070335610251	91.9269298762522	97.35023041474655	95.28558476881233	97.35023041474655	96.95837780149414	95.01404494382022	91.9269298762522
