Sample	Gene	Type	Expression	Threshold	Percent difference	Mean Accuracy	Minimum Accuracy	Maximum Accuracy	Sample 1 Accuracy	Sample 2 Accuracy	Sample 3 Accuracy	Sample 4 Accuracy	Sample 5 Accuracy
TH03_0012_S01	AC093627.9	Up	2.49569516262	2.39880657196	3.8822285714688785	51.12631464880568	42.68585131894484	62.19512195121951	45.79288025889968	62.19512195121951	61.75771971496437	42.68585131894484	43.2
