Sample	Gene	Type	Expression	Threshold	Percent difference	Mean Accuracy	Minimum Accuracy	Maximum Accuracy	Sample 1 Accuracy	Sample 2 Accuracy	Sample 3 Accuracy	Sample 4 Accuracy	Sample 5 Accuracy
TH03_0012_S01	MAGEE2	Up	0.50589092973	0.344080448151	31.985250588572566	76.25330900863639	71.64869029275809	83.45864661654136	72.06946454413892	80.92307692307692	83.45864661654136	73.16666666666667	71.64869029275809
