Sample	Gene	Type	Expression	Threshold	Percent difference	Mean Accuracy	Minimum Accuracy	Maximum Accuracy	Sample 1 Accuracy	Sample 2 Accuracy	Sample 3 Accuracy	Sample 4 Accuracy	Sample 5 Accuracy
TH03_0012_S01	ERVV-1	Up	0.238786859587	0.210507676005	11.842855855180217	49.7473344414005	44.37596302003082	58.15384615384615	46.888567293777136	58.15384615384615	53.984962406015036	45.33333333333333	44.37596302003082
