Sample	Gene	Type	Expression	Threshold	Percent difference	Mean Accuracy	Minimum Accuracy	Maximum Accuracy	Sample 1 Accuracy	Sample 2 Accuracy	Sample 3 Accuracy	Sample 4 Accuracy	Sample 5 Accuracy
TH03_0012_S01	ANKRD30BL	Up	0.59454854955	0.141808778048	76.14849482765844	88.18963843349702	82.21601489757914	95.26901669758813	82.21601489757914	90.43824701195219	95.26901669758813	87.79069767441861	85.23421588594705
