Sample	Gene	Type	Expression	Threshold	Percent difference	Mean Accuracy	Minimum Accuracy	Maximum Accuracy	Sample 1 Accuracy	Sample 2 Accuracy	Sample 3 Accuracy	Sample 4 Accuracy	Sample 5 Accuracy
TH03_0012_S01	SYCE1L	Up	4.66448284036	4.60744810104	1.2227451846644122	60.79485462455537	50.607287449392715	70.07042253521126	50.607287449392715	62.08530805687204	70.07042253521126	63.00813008130082	58.203125
