Sample	Gene	Type	Expression	Threshold	Percent difference	Mean Accuracy	Minimum Accuracy	Maximum Accuracy	Sample 1 Accuracy	Sample 2 Accuracy	Sample 3 Accuracy	Sample 4 Accuracy	Sample 5 Accuracy
TH03_0012_S01	TUSC8	Up	2.2750070475	1.43852698803	36.768240361681784	99.47610201301426	99.04076738609112	100	99.35275080906149	99.1869918699187	100	99.04076738609112	99.8
