Sample	Gene	Type	Expression	Threshold	Percent difference	Mean Accuracy	Minimum Accuracy	Maximum Accuracy	Sample 1 Accuracy	Sample 2 Accuracy	Sample 3 Accuracy	Sample 4 Accuracy	Sample 5 Accuracy
TH03_0012_S01	RP11-156P1.3	Up	5.1497471195	5.13548755646	0.2768983157639792	46.211080110747226	36.79653679653679	57.08333333333333	36.79653679653679	57.08333333333333	55.15695067264574	41.37931034482759	40.63926940639269
