Sample	Gene	Type	Expression	Threshold	Percent difference	Mean Accuracy	Minimum Accuracy	Maximum Accuracy	Sample 1 Accuracy	Sample 2 Accuracy	Sample 3 Accuracy	Sample 4 Accuracy	Sample 5 Accuracy
TH03_0012_S01	FRMPD1	Up	1.0285691522	0.985769927502	4.161044943498162	86.51722881810251	78.49145550972304	92.2811059907834	85.90208522212149	92.2811059907834	91.78228388473852	84.12921348314607	78.49145550972304
