Sample	Gene	Type	Expression	Threshold	Percent difference	Mean Accuracy	Minimum Accuracy	Maximum Accuracy	Sample 1 Accuracy	Sample 2 Accuracy	Sample 3 Accuracy	Sample 4 Accuracy	Sample 5 Accuracy
TH03_0012_S01	SYT16	Up	0.604071323669	0.482858598232	20.065962525878533	76.44073833696135	69.1699604743083	85.72339069471	72.43852459016394	81.29189518586229	85.72339069471	73.57992073976222	69.1699604743083
