Sample	Gene	Type	Expression	Threshold	Percent difference	Mean Accuracy	Minimum Accuracy	Maximum Accuracy	Sample 1 Accuracy	Sample 2 Accuracy	Sample 3 Accuracy	Sample 4 Accuracy	Sample 5 Accuracy
TH03_0012_S01	ZNF250	Up	5.04919510562	4.71600055695	6.598963630839657	99.94252873563218	99.71264367816092	100	99.71264367816092	100	100	100	100
