Sample	Gene	Type	Expression	Threshold	Percent difference	Mean Accuracy	Minimum Accuracy	Maximum Accuracy	Sample 1 Accuracy	Sample 2 Accuracy	Sample 3 Accuracy	Sample 4 Accuracy	Sample 5 Accuracy
TH03_0012_S01	AC005237.4	Up	0.748461233004	0.597287535667	20.197932861566407	57.03605640502603	45.35800970873786	74.09053040821993	45.35800970873786	64.59407216494846	74.09053040821993	55.16772438803264	45.96994535519126
