Sample	Gene	Type	Expression	Threshold	Percent difference	Mean Accuracy	Minimum Accuracy	Maximum Accuracy	Sample 1 Accuracy	Sample 2 Accuracy	Sample 3 Accuracy	Sample 4 Accuracy	Sample 5 Accuracy
TH03_0012_S01	CSNK1G2	Up	6.94684780539	6.8679895401	1.13516615735866	95.8196440843894	93.93939393939394	98.37837837837839	94.76190476190476	98.37837837837839	97.91666666666666	93.93939393939394	94.10187667560321
