Sample	Gene	Type	Expression	Threshold	Percent difference	Mean Accuracy	Minimum Accuracy	Maximum Accuracy	Sample 1 Accuracy	Sample 2 Accuracy	Sample 3 Accuracy	Sample 4 Accuracy	Sample 5 Accuracy
TH03_0005_S01	TRAV8-2	Up	1.86393845042	1.53994488716	17.382202893394613	90.54886600294995	85.12064343163539	95.15503875968993	85.12064343163539	95.04	95.15503875968993	91.1832946635731	86.2453531598513
