Sample	Gene	Type	Expression	Threshold	Percent difference	Mean Accuracy	Minimum Accuracy	Maximum Accuracy	Sample 1 Accuracy	Sample 2 Accuracy	Sample 3 Accuracy	Sample 4 Accuracy	Sample 5 Accuracy
TH03_0005_S01	GIMAP1-GIMAP5	Up	4.82374936031	4.4794254303	7.138097448493297	99.91551840175693	99.77064220183486	100	100	100	99.8069498069498	99.77064220183486	100
