Sample	Gene	Type	Expression	Threshold	Percent difference	Mean Accuracy	Minimum Accuracy	Maximum Accuracy	Sample 1 Accuracy	Sample 2 Accuracy	Sample 3 Accuracy	Sample 4 Accuracy	Sample 5 Accuracy
TH03_0005_S01	PP12613	Up	0.150559676575	0.0362440273166	75.92713524557463	91.30181413322616	89.98459167950693	94.61538461538461	90.88277858176555	94.61538461538461	90.52631578947368	90.5	89.98459167950693
