Sample	Gene	Type	Expression	Threshold	Percent difference	Mean Accuracy	Minimum Accuracy	Maximum Accuracy	Sample 1 Accuracy	Sample 2 Accuracy	Sample 3 Accuracy	Sample 4 Accuracy	Sample 5 Accuracy
TH03_0005_S01	CCR8	Up	2.19219416528	1.37116467953	37.452407216179836	99.80471081052619	99.26108374384236	100	100	99.7624703087886	100	100	99.26108374384236
