Sample	Gene	Type	Expression	Threshold	Percent difference	Mean Accuracy	Minimum Accuracy	Maximum Accuracy	Sample 1 Accuracy	Sample 2 Accuracy	Sample 3 Accuracy	Sample 4 Accuracy	Sample 5 Accuracy
TH03_0005_S01	ABCA17P	Up	2.69376571222	2.46036553383	8.664457244043277	85.16374875963503	78.57142857142857	91.73076923076923	81.90045248868778	91.21140142517815	91.73076923076923	82.40469208211144	78.57142857142857
