Sample	Gene	Type	Expression	Threshold	Percent difference	Mean Accuracy	Minimum Accuracy	Maximum Accuracy	Sample 1 Accuracy	Sample 2 Accuracy	Sample 3 Accuracy	Sample 4 Accuracy	Sample 5 Accuracy
TH03_0005_S01	FTX_5	Up	1.58976348698	0.277918636799	82.518240035381055	92.54111984637036	88.06818181818183	95.96774193548387	88.06818181818183	94.32624113475178	95.45454545454545	95.96774193548387	88.88888888888889
