Sample	Gene	Type	Expression	Threshold	Percent difference	Mean Accuracy	Minimum Accuracy	Maximum Accuracy	Sample 1 Accuracy	Sample 2 Accuracy	Sample 3 Accuracy	Sample 4 Accuracy	Sample 5 Accuracy
TH03_0005_S01	LIPM	Up	1.04963076772	0.918712258339	12.472815527824151	92.81650371981267	88.42364532019704	96.67458432304038	90.9502262443439	96.67458432304038	96.53846153846153	91.49560117302052	88.42364532019704
