Sample	Gene	Type	Expression	Threshold	Percent difference	Mean Accuracy	Minimum Accuracy	Maximum Accuracy	Sample 1 Accuracy	Sample 2 Accuracy	Sample 3 Accuracy	Sample 4 Accuracy	Sample 5 Accuracy
TH03_0005_S01	TRGV5	Up	1.94860084749	1.50621879101	22.70254870564354	99.8260975406174	99.6845425867508	100	100	99.72527472527473	100	99.6845425867508	99.72067039106145
