Sample	Gene	Type	Expression	Threshold	Percent difference	Mean Accuracy	Minimum Accuracy	Maximum Accuracy	Sample 1 Accuracy	Sample 2 Accuracy	Sample 3 Accuracy	Sample 4 Accuracy	Sample 5 Accuracy
TH03_0005_S01	LINC01220	Up	2.31903981556	1.20309710503	48.120894822175494	89.11436603509355	82.22222222222221	94.31818181818183	84.0909090909091	92.19858156028369	94.31818181818183	92.74193548387096	82.22222222222221
