Sample	Gene	Type	Expression	Threshold	Percent difference	Mean Accuracy	Minimum Accuracy	Maximum Accuracy	Sample 1 Accuracy	Sample 2 Accuracy	Sample 3 Accuracy	Sample 4 Accuracy	Sample 5 Accuracy
TH03_0005_S01	LLNLR-284B4.1	Up	3.91360751182	3.64214468002	6.936383655747785	96.67720526164831	95.45454545454545	98.63013698630137	96.02649006622516	98.63013698630137	97.22222222222221	96.05263157894737	95.45454545454545
