Sample	Gene	Type	Expression	Threshold	Percent difference	Mean Accuracy	Minimum Accuracy	Maximum Accuracy	Sample 1 Accuracy	Sample 2 Accuracy	Sample 3 Accuracy	Sample 4 Accuracy	Sample 5 Accuracy
TH03_0005_S01	CTD-3214H19.16	Up	1.88752527074	1.55755960941	17.48139039222706	95.36785057203491	92.80000000000001	98.69358669833728	95.14563106796116	97.15447154471545	98.69358669833728	93.04556354916068	92.80000000000001
