Sample	Gene	Type	Expression	Threshold	Percent difference	Mean Accuracy	Minimum Accuracy	Maximum Accuracy	Sample 1 Accuracy	Sample 2 Accuracy	Sample 3 Accuracy	Sample 4 Accuracy	Sample 5 Accuracy
TH03_0005_S01	RP11-27M24.1	Up	1.58496250072	0.946536004543	40.28022719067374	99.2294422366226	98.51301115241635	99.76798143851508	98.92761394101876	99.52	99.4186046511628	99.76798143851508	98.51301115241635
