Sample	Gene	Type	Expression	Threshold	Percent difference	Mean Accuracy	Minimum Accuracy	Maximum Accuracy	Sample 1 Accuracy	Sample 2 Accuracy	Sample 3 Accuracy	Sample 4 Accuracy	Sample 5 Accuracy
TH03_0005_S01	CSAG3	Up	2.20163386117	2.17978310585	0.992479072264451	15.245444345334754	11	20.665083135391924	12.7831715210356	19.308943089430894	20.665083135391924	12.470023980815348	11
