Sample	Gene	Type	Expression	Threshold	Percent difference	Mean Accuracy	Minimum Accuracy	Maximum Accuracy	Sample 1 Accuracy	Sample 2 Accuracy	Sample 3 Accuracy	Sample 4 Accuracy	Sample 5 Accuracy
TH03_0005_S01	C1orf94	Up	0.18903382439	0.071774750948	62.03073646760705	89.35594183919756	87.51926040061633	92.61538461538461	87.98842257597684	92.61538461538461	89.32330827067669	89.33333333333333	87.51926040061633
