Sample	Gene	Type	Expression	Threshold	Percent difference	Mean Accuracy	Minimum Accuracy	Maximum Accuracy	Sample 1 Accuracy	Sample 2 Accuracy	Sample 3 Accuracy	Sample 4 Accuracy	Sample 5 Accuracy
TH03_0005_S01	TRBV29-1	Up	4.14730669878	3.60591626167	13.054024609977812	99.33548677375222	98.67549668874173	100	98.67549668874173	99.31506849315068	99.44444444444444	100	99.24242424242425
