Sample	Gene	Type	Expression	Threshold	Percent difference	Mean Accuracy	Minimum Accuracy	Maximum Accuracy	Sample 1 Accuracy	Sample 2 Accuracy	Sample 3 Accuracy	Sample 4 Accuracy	Sample 5 Accuracy
TH03_0005_S01	IL13	Up	1.04264433741	0.344080448151	66.99925029030327	99.95337995337995	99.76689976689977	100	100	100	100	100	99.76689976689977
