Sample	Gene	Type	Expression	Threshold	Percent difference	Mean Accuracy	Minimum Accuracy	Maximum Accuracy	Sample 1 Accuracy	Sample 2 Accuracy	Sample 3 Accuracy	Sample 4 Accuracy	Sample 5 Accuracy
TH03_0005_S01	AC011899.9	Up	2.20789285164	1.839828372	16.670395910136925	99.48831007112561	98.60627177700349	100	98.60627177700349	100	99.64285714285714	99.57264957264957	99.61977186311786
