Sample	Gene	Type	Expression	Threshold	Percent difference	Mean Accuracy	Minimum Accuracy	Maximum Accuracy	Sample 1 Accuracy	Sample 2 Accuracy	Sample 3 Accuracy	Sample 4 Accuracy	Sample 5 Accuracy
TH03_0005_S01	OR2I1P	Up	6.45499836344	6.44140386581	0.21060419948356074	40.905280353492785	33.88888888888889	50.90439276485789	33.88888888888889	50.28571428571429	50.90439276485789	34.32835820895522	35.11904761904761
