Sample	Gene	Type	Expression	Threshold	Percent difference	Mean Accuracy	Minimum Accuracy	Maximum Accuracy	Sample 1 Accuracy	Sample 2 Accuracy	Sample 3 Accuracy	Sample 4 Accuracy	Sample 5 Accuracy
TH03_0029_S01	EFCAB8	Up	0.378511623254	0.289402633905	23.541942670860465	60.53109769835038	48.69538834951456	78.75590113857261	48.69538834951456	67.75128865979381	78.75590113857261	58.34088848594742	49.1120218579235
