Sample	Gene	Type	Expression	Threshold	Percent difference	Mean Accuracy	Minimum Accuracy	Maximum Accuracy	Sample 1 Accuracy	Sample 2 Accuracy	Sample 3 Accuracy	Sample 4 Accuracy	Sample 5 Accuracy
TH03_0029_S01	ANAPC13	Down	4.1366835777	4.14391088486	0.17471259341567436	13.781862102938842	10.375275938189846	16.733067729083665	12.085308056872037	16.079295154185022	16.733067729083665	13.636363636363635	10.375275938189846
