Sample	Gene	Type	Expression	Threshold	Percent difference	Mean Accuracy	Minimum Accuracy	Maximum Accuracy	Sample 1 Accuracy	Sample 2 Accuracy	Sample 3 Accuracy	Sample 4 Accuracy	Sample 5 Accuracy
TH03_0029_S01	IRX1	Up	2.58014548442	2.23846769333	13.242578496181462	97.76961093833498	96.60194174757282	99.57173447537473	96.60194174757282	98.9795918367347	99.57173447537473	96.88385269121812	96.81093394077449
