Sample	Gene	Type	Expression	Threshold	Percent difference	Mean Accuracy	Minimum Accuracy	Maximum Accuracy	Sample 1 Accuracy	Sample 2 Accuracy	Sample 3 Accuracy	Sample 4 Accuracy	Sample 5 Accuracy
TH03_0029_S01	ZCCHC5	Up	0.650764559117	0.176311850548	72.90696795362804	92.7455955750908	89.72972972972974	96.12546125461255	89.72972972972974	95.07874015748031	96.12546125461255	92.07048458149781	90.72356215213358
