Sample	Gene	Type	Expression	Threshold	Percent difference	Mean Accuracy	Minimum Accuracy	Maximum Accuracy	Sample 1 Accuracy	Sample 2 Accuracy	Sample 3 Accuracy	Sample 4 Accuracy	Sample 5 Accuracy
TH03_0029_S01	PHOX2A	Up	0.807354922058	0.244370207191	69.73199759926099	85.79040537905615	80.15759312320917	92.3653715064758	80.15759312320917	90.17160686427457	92.3653715064758	85.67493112947659	80.58252427184466
