Sample	Gene	Type	Expression	Threshold	Percent difference	Mean Accuracy	Minimum Accuracy	Maximum Accuracy	Sample 1 Accuracy	Sample 2 Accuracy	Sample 3 Accuracy	Sample 4 Accuracy	Sample 5 Accuracy
TH03_0029_S01	SOX30	Up	0.879705766282	0.502415180206	42.888270207729335	83.44352921078388	79.66101694915254	87.23076923076924	80.60781476121564	87.23076923076924	87.21804511278195	82.5	79.66101694915254
