Sample	Gene	Type	Expression	Threshold	Percent difference	Mean Accuracy	Minimum Accuracy	Maximum Accuracy	Sample 1 Accuracy	Sample 2 Accuracy	Sample 3 Accuracy	Sample 4 Accuracy	Sample 5 Accuracy
TH03_0029_S01	COX17	Down	4.14404636962	4.17340135574	0.708365290871304	39.656447814832596	33.198380566801625	48.23943661971831	33.198380566801625	40.758293838862556	48.23943661971831	37.80487804878049	38.28125
