Sample	Gene	Type	Expression	Threshold	Percent difference	Mean Accuracy	Minimum Accuracy	Maximum Accuracy	Sample 1 Accuracy	Sample 2 Accuracy	Sample 3 Accuracy	Sample 4 Accuracy	Sample 5 Accuracy
TH03_0029_S01	SLC16A8	Up	2.75274859141	2.50546455383	8.983168254146209	82.42719725303238	75	90.14251781472684	77.66990291262135	89.22764227642277	90.14251781472684	80.0959232613909	75
