Sample	Gene	Type	Expression	Threshold	Percent difference	Mean Accuracy	Minimum Accuracy	Maximum Accuracy	Sample 1 Accuracy	Sample 2 Accuracy	Sample 3 Accuracy	Sample 4 Accuracy	Sample 5 Accuracy
TH03_0029_S01	RP11-497H16.8	Up	1.11769504267	0.946536004543	15.313572270851955	87.4465508775777	81.41263940520446	93.7015503875969	82.4396782841823	93.60000000000001	93.7015503875969	86.07888631090486	81.41263940520446
