Sample	Gene	Type	Expression	Threshold	Percent difference	Mean Accuracy	Minimum Accuracy	Maximum Accuracy	Sample 1 Accuracy	Sample 2 Accuracy	Sample 3 Accuracy	Sample 4 Accuracy	Sample 5 Accuracy
TH03_0029_S01	GOLGA6L17P	Up	0.2750070475	0.210507676005	23.453715852500103	63.029592544817604	51.5828677839851	73.56215213358071	51.5828677839851	70.4183266932271	73.56215213358071	62.558139534883715	57.0264765784114
