Sample	Gene	Type	Expression	Threshold	Percent difference	Mean Accuracy	Minimum Accuracy	Maximum Accuracy	Sample 1 Accuracy	Sample 2 Accuracy	Sample 3 Accuracy	Sample 4 Accuracy	Sample 5 Accuracy
TH03_0029_S01	ST18	Up	0.97085365434	0.826442122459	14.874696225887215	54.79625504300725	42.98745724059293	67.81750924784217	49.50372208436725	62.055335968379445	67.81750924784217	51.61725067385444	42.98745724059293
