Sample	Gene	Type	Expression	Threshold	Percent difference	Mean Accuracy	Minimum Accuracy	Maximum Accuracy	Sample 1 Accuracy	Sample 2 Accuracy	Sample 3 Accuracy	Sample 4 Accuracy	Sample 5 Accuracy
TH03_0029_S01	ELMOD1	Up	0.863938450424	0.703890621662	18.525373964250853	62.82562140907891	56.70261941448382	70.15384615384616	59.33429811866859	70.15384615384616	68.27067669172932	59.66666666666667	56.70261941448382
