Sample	Gene	Type	Expression	Threshold	Percent difference	Mean Accuracy	Minimum Accuracy	Maximum Accuracy	Sample 1 Accuracy	Sample 2 Accuracy	Sample 3 Accuracy	Sample 4 Accuracy	Sample 5 Accuracy
TH03_0029_S01	RP11-178C3.6	Up	0.0976107966264	0.0714228823781	26.828911507128474	66.5755902007305	54.93482309124767	77.55102040816327	54.93482309124767	72.70916334661355	77.55102040816327	67.90697674418604	59.775967413441954
