Sample	Gene	Type	Expression	Threshold	Percent difference	Mean Accuracy	Minimum Accuracy	Maximum Accuracy	Sample 1 Accuracy	Sample 2 Accuracy	Sample 3 Accuracy	Sample 4 Accuracy	Sample 5 Accuracy
TH03_0029_S01	CTD-2370N5.3	Up	1.748461233	1.6271750927	6.936736028850808	79.43529987596641	73.89162561576354	86.93586698337292	74.43438914027149	86.93586698337292	85.96153846153847	75.95307917888563	73.89162561576354
