Sample	Gene	Type	Expression	Threshold	Percent difference	Mean Accuracy	Minimum Accuracy	Maximum Accuracy	Sample 1 Accuracy	Sample 2 Accuracy	Sample 3 Accuracy	Sample 4 Accuracy	Sample 5 Accuracy
TH03_0029_S01	RP11-442H21.2	Up	4.28688114779	4.27328872681	0.31707016153241135	18.91762644461728	17.00404858299595	21.951219512195124	17.00404858299595	19.431279620853083	19.014084507042252	21.951219512195124	17.1875
