Sample	Gene	Type	Expression	Threshold	Percent difference	Mean Accuracy	Minimum Accuracy	Maximum Accuracy	Sample 1 Accuracy	Sample 2 Accuracy	Sample 3 Accuracy	Sample 4 Accuracy	Sample 5 Accuracy
TH03_0029_S01	SDHD	Down	4.45877569908	4.48397064209	0.5650641501252999	41.65752976955938	34.65783664459161	49.20318725099602	35.78199052132701	49.118942731277535	49.20318725099602	39.52569169960474	34.65783664459161
