Sample	Gene	Type	Expression	Threshold	Percent difference	Mean Accuracy	Minimum Accuracy	Maximum Accuracy	Sample 1 Accuracy	Sample 2 Accuracy	Sample 3 Accuracy	Sample 4 Accuracy	Sample 5 Accuracy
TH03_0029_S01	RP11-197K6.1	Up	0.855989697308	0.409074544907	52.21034246165607	81.14992688611511	73.83263985205733	91.92085737840065	74.53333333333333	86.75312644742937	91.92085737840065	78.70967741935485	73.83263985205733
