Sample	Gene	Type	Expression	Threshold	Percent difference	Mean Accuracy	Minimum Accuracy	Maximum Accuracy	Sample 1 Accuracy	Sample 2 Accuracy	Sample 3 Accuracy	Sample 4 Accuracy	Sample 5 Accuracy
TH03_0029_S01	ARSD-AS1	Up	1.01435529298	0.344080448151	66.07890247803101	99.92698713394901	99.79674796747967	100	99.83818770226537	99.79674796747967	100	100	100
