Sample	Gene	Type	Expression	Threshold	Percent difference	Mean Accuracy	Minimum Accuracy	Maximum Accuracy	Sample 1 Accuracy	Sample 2 Accuracy	Sample 3 Accuracy	Sample 4 Accuracy	Sample 5 Accuracy
TH03_0029_S01	SPRYD7	Down	0.879705766282	0.945332527161	7.460080790008436	52.25785390048334	44.38170525127047	62.77884002549394	47.84836065573771	58.98842169408896	62.77884002549394	47.29194187582563	44.38170525127047
