Sample	Gene	Type	Expression	Threshold	Percent difference	Mean Accuracy	Minimum Accuracy	Maximum Accuracy	Sample 1 Accuracy	Sample 2 Accuracy	Sample 3 Accuracy	Sample 4 Accuracy	Sample 5 Accuracy
TH03_0029_S01	CTB-158D10.3	Up	0.83995958749	0.746955513954	11.072446213027753	47.095693103258554	36.60205245153934	57.45992601726264	42.80397022332506	54.6772068511199	57.45992601726264	43.93530997304582	36.60205245153934
