Sample	Gene	Type	Expression	Threshold	Percent difference	Mean Accuracy	Minimum Accuracy	Maximum Accuracy	Sample 1 Accuracy	Sample 2 Accuracy	Sample 3 Accuracy	Sample 4 Accuracy	Sample 5 Accuracy
TH03_0029_S01	PPFIA2	Up	2.93545974781	2.01303195953	31.42362244851687	99.9071080650028	99.76076555023924	100	100	99.77477477477478	100	99.76076555023924	100
