Sample	Gene	Type	Expression	Threshold	Percent difference	Mean Accuracy	Minimum Accuracy	Maximum Accuracy	Sample 1 Accuracy	Sample 2 Accuracy	Sample 3 Accuracy	Sample 4 Accuracy	Sample 5 Accuracy
TH03_0029_S01	AK5	Up	5.74469931421	4.86993026733	15.227412246210775	99.95833333333333	99.79166666666667	100	100	100	99.79166666666667	100	100
