Sample	Gene	Type	Expression	Threshold	Percent difference	Mean Accuracy	Minimum Accuracy	Maximum Accuracy	Sample 1 Accuracy	Sample 2 Accuracy	Sample 3 Accuracy	Sample 4 Accuracy	Sample 5 Accuracy
TH03_0029_S01	C7orf65	Up	0.17632277264	0.0362440273166	79.44450012103665	91.89739515132638	89.16666666666667	97.0976253298153	90.40404040404042	89.16666666666667	97.0976253298153	92.53731343283582	90.28132992327366
