Sample	Gene	Type	Expression	Threshold	Percent difference	Mean Accuracy	Minimum Accuracy	Maximum Accuracy	Sample 1 Accuracy	Sample 2 Accuracy	Sample 3 Accuracy	Sample 4 Accuracy	Sample 5 Accuracy
TH03_0029_S01	RP11-173C1.1	Up	2.59693514239	1.7287311554	33.431870238814604	99.66948225007853	99.01477832512316	100	100	99.5249406175772	99.8076923076923	100	99.01477832512316
