Sample	Gene	Type	Expression	Threshold	Percent difference	Mean Accuracy	Minimum Accuracy	Maximum Accuracy	Sample 1 Accuracy	Sample 2 Accuracy	Sample 3 Accuracy	Sample 4 Accuracy	Sample 5 Accuracy
TH03_0029_S01	SDK2	Up	4.36876834909	4.12116956711	5.667473351650102	99.80367183294526	99.62041332770983	99.95625546806649	99.9474513925381	99.83029274501484	99.95625546806649	99.66394623139703	99.62041332770983
