Sample	Gene	Type	Expression	Threshold	Percent difference	Mean Accuracy	Minimum Accuracy	Maximum Accuracy	Sample 1 Accuracy	Sample 2 Accuracy	Sample 3 Accuracy	Sample 4 Accuracy	Sample 5 Accuracy
TH03_0029_S01	METTL5	Down	3.78450398293	4.17422485352	10.297805798271996	99.661969137296	99.19028340080972	100	99.19028340080972	99.52606635071089	100	99.59349593495935	100
