Sample	Gene	Type	Expression	Threshold	Percent difference	Mean Accuracy	Minimum Accuracy	Maximum Accuracy	Sample 1 Accuracy	Sample 2 Accuracy	Sample 3 Accuracy	Sample 4 Accuracy	Sample 5 Accuracy
TH03_0029_S01	URGCP-MRPS24	Up	1.52606881167	1.41416871548	7.332572118261568	75.00762490796335	65	85.1543942992874	71.19741100323624	81.5040650406504	85.1543942992874	72.18225419664267	65
