Sample	Gene	Type	Expression	Threshold	Percent difference	Mean Accuracy	Minimum Accuracy	Maximum Accuracy	Sample 1 Accuracy	Sample 2 Accuracy	Sample 3 Accuracy	Sample 4 Accuracy	Sample 5 Accuracy
TH03_0029_S01	FSTL5	Up	0.53605290024	0.409074544907	23.687653825984263	78.62279668304707	71.7673630717109	87.38049713193116	75	82.87629494210847	87.38049713193116	76.0898282694848	71.7673630717109
