Sample	Gene	Type	Expression	Threshold	Percent difference	Mean Accuracy	Minimum Accuracy	Maximum Accuracy	Sample 1 Accuracy	Sample 2 Accuracy	Sample 3 Accuracy	Sample 4 Accuracy	Sample 5 Accuracy
TH03_0029_S01	B4GALT4	Down	1.78659636189	1.89313602448	5.963275469636242	85.49353362569732	80.41002277904327	93.57601713062098	80.8252427184466	88.5204081632653	93.57601713062098	84.13597733711048	80.41002277904327
