Sample	Gene	Type	Expression	Threshold	Percent difference	Mean Accuracy	Minimum Accuracy	Maximum Accuracy	Sample 1 Accuracy	Sample 2 Accuracy	Sample 3 Accuracy	Sample 4 Accuracy	Sample 5 Accuracy
TH03_0105_S01	SNHG25	Up	4.74308405555	4.42082881927	6.7942130585461875	64.90429505135387	53.96825396825397	73.80952380952381	53.96825396825397	73.21428571428571	66.66666666666666	73.80952380952381	56.86274509803921
