Sample	Gene	Type	Expression	Threshold	Percent difference	Mean Accuracy	Minimum Accuracy	Maximum Accuracy	Sample 1 Accuracy	Sample 2 Accuracy	Sample 3 Accuracy	Sample 4 Accuracy	Sample 5 Accuracy
TH03_0105_S01	C10orf90	Up	1.28095631383	0.717490196228	43.98792617035177	99.85189221319595	99.51456310679612	100	99.51456310679612	99.74489795918367	100	100	100
