Sample	Gene	Type	Expression	Threshold	Percent difference	Mean Accuracy	Minimum Accuracy	Maximum Accuracy	Sample 1 Accuracy	Sample 2 Accuracy	Sample 3 Accuracy	Sample 4 Accuracy	Sample 5 Accuracy
TH03_0105_S01	DPP10-AS1	Up	2.6530600171	1.4866143465	43.96604913125997	99.69299977115159	99.39024390243902	100	99.51456310679612	99.39024390243902	100	99.76019184652279	99.8
