Sample	Gene	Type	Expression	Threshold	Percent difference	Mean Accuracy	Minimum Accuracy	Maximum Accuracy	Sample 1 Accuracy	Sample 2 Accuracy	Sample 3 Accuracy	Sample 4 Accuracy	Sample 5 Accuracy
TH03_0105_S01	RP11-470C13.4	Up	0.0840642647885	0.0714228823781	15.037760030620456	55.042341962366116	43.32953249714937	68.06411837237978	49.87593052109181	62.055335968379445	68.06411837237978	51.886792452830186	43.32953249714937
