Sample	Gene	Type	Expression	Threshold	Percent difference	Mean Accuracy	Minimum Accuracy	Maximum Accuracy	Sample 1 Accuracy	Sample 2 Accuracy	Sample 3 Accuracy	Sample 4 Accuracy	Sample 5 Accuracy
TH03_0105_S01	FAM155A	Up	1.78659636189	1.40152907372	21.553121700228143	99.88378937031057	99.78932584269663	100	99.86400725294651	99.94239631336406	100	99.78932584269663	99.82321744254567
