Sample	Gene	Type	Expression	Threshold	Percent difference	Mean Accuracy	Minimum Accuracy	Maximum Accuracy	Sample 1 Accuracy	Sample 2 Accuracy	Sample 3 Accuracy	Sample 4 Accuracy	Sample 5 Accuracy
TH03_0022_S01	XX-C2158C6.1	Up	1.04963076772	1.00159060955	4.576862611826113	43.430460831613374	34.45040214477212	52.81007751937985	34.45040214477212	52.16	52.81007751937985	40.37122969837587	37.36059479553903
