Sample	Gene	Type	Expression	Threshold	Percent difference	Mean Accuracy	Minimum Accuracy	Maximum Accuracy	Sample 1 Accuracy	Sample 2 Accuracy	Sample 3 Accuracy	Sample 4 Accuracy	Sample 5 Accuracy
TH03_0022_S01	RP11-849F2.7	Up	0.815575428863	0.756586909294	7.232748496510792	51.41521524433072	43.47826086956522	61.695347355003186	47.079918032786885	58.25716026812919	61.695347355003186	46.56538969616909	43.47826086956522
