Sample	Gene	Type	Expression	Threshold	Percent difference	Mean Accuracy	Minimum Accuracy	Maximum Accuracy	Sample 1 Accuracy	Sample 2 Accuracy	Sample 3 Accuracy	Sample 4 Accuracy	Sample 5 Accuracy
TH03_0022_S01	RP11-973H7.4	Up	1.11103131239	0.441114872694	60.29681002013402	99.70754227740885	99.25650557620817	100	99.73190348525469	99.83999999999999	99.70930232558139	100	99.25650557620817
