Sample	Gene	Type	Expression	Threshold	Percent difference	Mean Accuracy	Minimum Accuracy	Maximum Accuracy	Sample 1 Accuracy	Sample 2 Accuracy	Sample 3 Accuracy	Sample 4 Accuracy	Sample 5 Accuracy
TH03_0022_S01	DAAM2	Up	6.36159292377	6.32965230942	0.5020851653467828	83.88498934692534	74.51205510907003	91.11111111111111	83.13253012048193	91.11111111111111	89.09299655568313	81.57625383828045	74.51205510907003
