Sample	Gene	Type	Expression	Threshold	Percent difference	Mean Accuracy	Minimum Accuracy	Maximum Accuracy	Sample 1 Accuracy	Sample 2 Accuracy	Sample 3 Accuracy	Sample 4 Accuracy	Sample 5 Accuracy
TH03_0022_S01	CCDC144NL-AS1	Up	4.054848477	3.85481905937	4.9330922909847645	99.58268720799704	99.01185770750988	100	99.76303317535546	100	99.800796812749	99.01185770750988	99.33774834437085
