Sample	Gene	Type	Expression	Threshold	Percent difference	Mean Accuracy	Minimum Accuracy	Maximum Accuracy	Sample 1 Accuracy	Sample 2 Accuracy	Sample 3 Accuracy	Sample 4 Accuracy	Sample 5 Accuracy
TH03_0022_S01	CKM	Up	1.18269229752	0.997552573681	15.65409060558029	98.25752406985265	97.48858447488584	99.57627118644068	97.48858447488584	98.1981981981982	99.57627118644068	97.84688995215312	98.17767653758543
