Sample	Gene	Type	Expression	Threshold	Percent difference	Mean Accuracy	Minimum Accuracy	Maximum Accuracy	Sample 1 Accuracy	Sample 2 Accuracy	Sample 3 Accuracy	Sample 4 Accuracy	Sample 5 Accuracy
TH03_0022_S01	COL10A1	Up	9.87742218386	9.84443378448	0.3339778209936664	90.46652003910069	83.63636363636363	97.84946236559139	83.63636363636363	97.84946236559139	93.75	87.09677419354838	90
