Sample	Gene	Type	Expression	Threshold	Percent difference	Mean Accuracy	Minimum Accuracy	Maximum Accuracy	Sample 1 Accuracy	Sample 2 Accuracy	Sample 3 Accuracy	Sample 4 Accuracy	Sample 5 Accuracy
TH03_0022_S01	FAT3	Up	1.50589092973	1.44354951382	4.139836071738444	86.44613710707024	78.4325279905716	92.16589861751152	85.72076155938349	92.16589861751152	91.78228388473852	84.12921348314607	78.4325279905716
