Sample	Gene	Type	Expression	Threshold	Percent difference	Mean Accuracy	Minimum Accuracy	Maximum Accuracy	Sample 1 Accuracy	Sample 2 Accuracy	Sample 3 Accuracy	Sample 4 Accuracy	Sample 5 Accuracy
TH03_0022_S01	IBTK	Up	5.53325185193	5.49899816513	0.6190516484091144	85.15666308495952	80.45977011494253	91.9431279620853	81.1881188118812	91.9431279620853	91.14391143911439	80.45977011494253	81.04838709677419
