Sample	Gene	Type	Expression	Threshold	Percent difference	Mean Accuracy	Minimum Accuracy	Maximum Accuracy	Sample 1 Accuracy	Sample 2 Accuracy	Sample 3 Accuracy	Sample 4 Accuracy	Sample 5 Accuracy
TH03_0022_S01	LINC01060	Up	1.08406426479	0.833834350109	23.082572021638722	97.62792360975337	96.6	99.6437054631829	97.24919093851133	97.76422764227642	99.6437054631829	96.88249400479616	96.6
