Sample	Gene	Type	Expression	Threshold	Percent difference	Mean Accuracy	Minimum Accuracy	Maximum Accuracy	Sample 1 Accuracy	Sample 2 Accuracy	Sample 3 Accuracy	Sample 4 Accuracy	Sample 5 Accuracy
TH03_0022_S01	COX16	Down	3.92504996473	3.99532580376	1.7904444443125562	86.63159305640208	81.04265402843602	93.02788844621513	81.04265402843602	92.29074889867842	93.02788844621513	83.79446640316206	83.00220750551877
