Sample	Gene	Type	Expression	Threshold	Percent difference	Mean Accuracy	Minimum Accuracy	Maximum Accuracy	Sample 1 Accuracy	Sample 2 Accuracy	Sample 3 Accuracy	Sample 4 Accuracy	Sample 5 Accuracy
TH03_0022_S01	RP11-620J15.4	Up	0.68706068834	0.644744336605	6.159041326791687	28.264328017991357	22.3463687150838	33.167330677290835	22.3463687150838	33.167330677290835	29.87012987012987	30.58139534883721	25.35641547861507
