Sample	Gene	Type	Expression	Threshold	Percent difference	Mean Accuracy	Minimum Accuracy	Maximum Accuracy	Sample 1 Accuracy	Sample 2 Accuracy	Sample 3 Accuracy	Sample 4 Accuracy	Sample 5 Accuracy
TH03_0022_S01	TBL3	Down	3.51475349844	3.64747810364	3.7762137589139293	98.86116829634474	97.40518962075848	99.81447124304268	97.40518962075848	99.60079840319361	99.81447124304268	99.12472647702407	98.36065573770492
