Sample	Gene	Type	Expression	Threshold	Percent difference	Mean Accuracy	Minimum Accuracy	Maximum Accuracy	Sample 1 Accuracy	Sample 2 Accuracy	Sample 3 Accuracy	Sample 4 Accuracy	Sample 5 Accuracy
TH03_0022_S01	AJ011931.1	Up	0.18903382439	0.0362440273166	80.82669732067414	93.1614897996593	89.90990990990991	96.49446494464945	89.90990990990991	95.2755905511811	96.49446494464945	92.29074889867842	91.83673469387756
