Sample	Gene	Type	Expression	Threshold	Percent difference	Mean Accuracy	Minimum Accuracy	Maximum Accuracy	Sample 1 Accuracy	Sample 2 Accuracy	Sample 3 Accuracy	Sample 4 Accuracy	Sample 5 Accuracy
TH03_0022_S01	HOXD12	Up	0.286881147788	0.176311850548	38.54184845973522	75.8090260695537	67.97020484171323	83.36653386454184	67.97020484171323	83.36653386454184	81.81818181818183	75.11627906976744	70.77393075356414
