Sample	Gene	Type	Expression	Threshold	Percent difference	Mean Accuracy	Minimum Accuracy	Maximum Accuracy	Sample 1 Accuracy	Sample 2 Accuracy	Sample 3 Accuracy	Sample 4 Accuracy	Sample 5 Accuracy
TH03_0022_S01	RGS10	Up	8.59028762688	8.52611637115	0.7470210372141842	99.01982896711041	97.47899159663865	100	99.31506849315068	100	100	97.47899159663865	98.30508474576271
