Sample	Gene	Type	Expression	Threshold	Percent difference	Mean Accuracy	Minimum Accuracy	Maximum Accuracy	Sample 1 Accuracy	Sample 2 Accuracy	Sample 3 Accuracy	Sample 4 Accuracy	Sample 5 Accuracy
TH03_0022_S01	RP11-248G5.8	Up	0.238786859587	0.176311850548	26.16350378201517	81.74043510897872	74.98588368153585	89.8661567877629	79.09836065573771	85.55758683729434	89.8661567877629	79.19418758256275	74.98588368153585
