Sample	Gene	Type	Expression	Threshold	Percent difference	Mean Accuracy	Minimum Accuracy	Maximum Accuracy	Sample 1 Accuracy	Sample 2 Accuracy	Sample 3 Accuracy	Sample 4 Accuracy	Sample 5 Accuracy
TH03_0022_S01	CCDC67	Up	1.32768736418	0.952453970909	28.262180042871005	99.4792792554823	98.6013986013986	99.79959919839679	99.76958525345621	99.74937343358395	99.79959919839679	99.47643979057592	98.6013986013986
