Sample	Gene	Type	Expression	Threshold	Percent difference	Mean Accuracy	Minimum Accuracy	Maximum Accuracy	Sample 1 Accuracy	Sample 2 Accuracy	Sample 3 Accuracy	Sample 4 Accuracy	Sample 5 Accuracy
TH03_0022_S01	NKX3-2	Up	2.24792751344	1.29731667042	42.288322792280866	99.83848428715349	99.57264957264957	100	100	100	100	99.57264957264957	99.61977186311786
