Sample	Gene	Type	Expression	Threshold	Percent difference	Mean Accuracy	Minimum Accuracy	Maximum Accuracy	Sample 1 Accuracy	Sample 2 Accuracy	Sample 3 Accuracy	Sample 4 Accuracy	Sample 5 Accuracy
TH03_0022_S01	NUP214	Down	3.3476656563	3.47502851486	3.804527441989763	99.24955881974059	98.27077182623366	99.86876640419948	99.6847083552286	99.57573186253713	99.86876640419948	98.84781565050407	98.27077182623366
