Sample	Gene	Type	Expression	Threshold	Percent difference	Mean Accuracy	Minimum Accuracy	Maximum Accuracy	Sample 1 Accuracy	Sample 2 Accuracy	Sample 3 Accuracy	Sample 4 Accuracy	Sample 5 Accuracy
TH03_0022_S01	RP11-1151B14.4	Up	0.298658315565	0.141808778048	52.51805469413199	90.46444872313417	87.2072072072072	94.8339483394834	87.2072072072072	93.30708661417323	94.8339483394834	88.10572687224669	88.86827458256029
