Sample	Gene	Type	Expression	Threshold	Percent difference	Mean Accuracy	Minimum Accuracy	Maximum Accuracy	Sample 1 Accuracy	Sample 2 Accuracy	Sample 3 Accuracy	Sample 4 Accuracy	Sample 5 Accuracy
TH03_0022_S01	RPL36A-HNRNPH2	Up	2.29572302454	1.68973469734	26.39640412725413	97.29418580192464	95.57640750670241	98.93410852713178	95.57640750670241	98.88	98.93410852713178	96.98375870069606	96.09665427509294
