Sample	Gene	Type	Expression	Threshold	Percent difference	Mean Accuracy	Minimum Accuracy	Maximum Accuracy	Sample 1 Accuracy	Sample 2 Accuracy	Sample 3 Accuracy	Sample 4 Accuracy	Sample 5 Accuracy
TH03_0022_S01	ING1	Up	5.49984588708	5.28417778015	3.9213481860762336	99.89495684273383	99.70414201183432	100	100	100	99.77064220183486	99.70414201183432	100
