Sample	Gene	Type	Expression	Threshold	Percent difference	Mean Accuracy	Minimum Accuracy	Maximum Accuracy	Sample 1 Accuracy	Sample 2 Accuracy	Sample 3 Accuracy	Sample 4 Accuracy	Sample 5 Accuracy
TH03_0022_S01	AC008063.2	Up	0.298658315565	0.277918636799	6.9442830435726615	21.120363595610726	18.400369856680538	28.022232515053265	19.644444444444446	28.022232515053265	20.115416323165704	19.419354838709676	18.400369856680538
