Sample	Gene	Type	Expression	Threshold	Percent difference	Mean Accuracy	Minimum Accuracy	Maximum Accuracy	Sample 1 Accuracy	Sample 2 Accuracy	Sample 3 Accuracy	Sample 4 Accuracy	Sample 5 Accuracy
TH03_0022_S01	LINC01603	Up	0.226508529809	0.071774750948	68.31256155848831	85.6705629069045	79.87106017191977	92.29720518064076	79.87106017191977	90.09360374414976	92.29720518064076	85.58310376492194	80.50784167289021
