Sample	Gene	Type	Expression	Threshold	Percent difference	Mean Accuracy	Minimum Accuracy	Maximum Accuracy	Sample 1 Accuracy	Sample 2 Accuracy	Sample 3 Accuracy	Sample 4 Accuracy	Sample 5 Accuracy
TH03_0022_S01	RP11-438J1.1	Up	2.40599235968	2.24900770187	6.524736339182681	92.29991762976806	88.23529411764706	95.63953488372093	89.87730061349694	95.23809523809523	95.63953488372093	92.50936329588015	88.23529411764706
