Sample	Gene	Type	Expression	Threshold	Percent difference	Mean Accuracy	Minimum Accuracy	Maximum Accuracy	Sample 1 Accuracy	Sample 2 Accuracy	Sample 3 Accuracy	Sample 4 Accuracy	Sample 5 Accuracy
TH03_0022_S01	UPF1	Down	3.4944156104	3.53060007095	1.035493901821768	79.29378188778367	71.6153521720793	85.5324565125159	77.03625853914872	85.5324565125159	85.52055993000874	76.76428228516563	71.6153521720793
