Sample	Gene	Type	Expression	Threshold	Percent difference	Mean Accuracy	Minimum Accuracy	Maximum Accuracy	Sample 1 Accuracy	Sample 2 Accuracy	Sample 3 Accuracy	Sample 4 Accuracy	Sample 5 Accuracy
TH03_0022_S01	SPTLC1P1	Up	3.23878685959	1.8281532526	43.55438218520415	92.331083948731	88.88888888888889	98.21428571428571	88.88888888888889	98.21428571428571	91.91919191919192	90.47619047619048	92.15686274509804
