Sample	Gene	Type	Expression	Threshold	Percent difference	Mean Accuracy	Minimum Accuracy	Maximum Accuracy	Sample 1 Accuracy	Sample 2 Accuracy	Sample 3 Accuracy	Sample 4 Accuracy	Sample 5 Accuracy
TH03_0022_S01	RP11-320P7.2	Up	1.56071495447	0.946536004543	39.352410135364394	99.20263258514807	98.51301115241635	99.76798143851508	98.79356568364611	99.52	99.4186046511628	99.76798143851508	98.51301115241635
