Sample	Gene	Type	Expression	Threshold	Percent difference	Mean Accuracy	Minimum Accuracy	Maximum Accuracy	Sample 1 Accuracy	Sample 2 Accuracy	Sample 3 Accuracy	Sample 4 Accuracy	Sample 5 Accuracy
TH03_0022_S01	USP21	Down	2.47248777146	2.62217783928	6.0542288438340055	85.69531303353737	80.6378132118451	93.57601713062098	81.06796116504854	88.77551020408163	93.57601713062098	84.41926345609065	80.6378132118451
