Sample	Gene	Type	Expression	Threshold	Percent difference	Mean Accuracy	Minimum Accuracy	Maximum Accuracy	Sample 1 Accuracy	Sample 2 Accuracy	Sample 3 Accuracy	Sample 4 Accuracy	Sample 5 Accuracy
TH03_0022_S01	AC011893.3	Up	0.823749360308	0.210507676005	74.44517881916278	89.52726933290576	85.40478905359178	96.05425400739827	86.10421836228288	93.2806324110672	96.05425400739827	86.79245283018868	85.40478905359178
