Sample	Gene	Type	Expression	Threshold	Percent difference	Mean Accuracy	Minimum Accuracy	Maximum Accuracy	Sample 1 Accuracy	Sample 2 Accuracy	Sample 3 Accuracy	Sample 4 Accuracy	Sample 5 Accuracy
TH03_0022_S01	WI2-1896O14.1	Up	5.64645070648	5.55520772934	1.6159350693575845	98.82309879175551	96.42857142857143	100	99.16666666666667	99.71428571428571	100	98.80597014925372	96.42857142857143
