Sample	Gene	Type	Expression	Threshold	Percent difference	Mean Accuracy	Minimum Accuracy	Maximum Accuracy	Sample 1 Accuracy	Sample 2 Accuracy	Sample 3 Accuracy	Sample 4 Accuracy	Sample 5 Accuracy
TH02_0095_S01	HIST2H2BB	Up	3.32624970084	2.76652908325	16.827378216633885	99.5835841862332	98.67549668874173	100	98.67549668874173	100	100	100	99.24242424242425
