Sample	Gene	Type	Expression	Threshold	Percent difference	Mean Accuracy	Minimum Accuracy	Maximum Accuracy	Sample 1 Accuracy	Sample 2 Accuracy	Sample 3 Accuracy	Sample 4 Accuracy	Sample 5 Accuracy
TH02_0095_S01	ADAMTSL1	Up	3.29865831556	3.14577698708	4.634651844928833	99.58021939447728	98.98776887389286	99.95625546806649	99.8949027850762	99.83029274501484	99.95625546806649	99.23187710033605	98.98776887389286
