Sample	Gene	Type	Expression	Threshold	Percent difference	Mean Accuracy	Minimum Accuracy	Maximum Accuracy	Sample 1 Accuracy	Sample 2 Accuracy	Sample 3 Accuracy	Sample 4 Accuracy	Sample 5 Accuracy
TH02_0095_S01	LINC00643	Up	2.14077865578	0.277918636799	87.0178714623937	99.94897959183673	99.74489795918367	100	100	99.74489795918367	100	100	100
