Sample	Gene	Type	Expression	Threshold	Percent difference	Mean Accuracy	Minimum Accuracy	Maximum Accuracy	Sample 1 Accuracy	Sample 2 Accuracy	Sample 3 Accuracy	Sample 4 Accuracy	Sample 5 Accuracy
TH02_0095_S01	EGR3	Up	5.37121034346	5.33438682556	0.685572069335095	91.23509597282438	84.50057405281287	95.17795637198623	92.3694779116466	95.07936507936508	95.17795637198623	89.04810644831116	84.50057405281287
