Sample	Gene	Type	Expression	Threshold	Percent difference	Mean Accuracy	Minimum Accuracy	Maximum Accuracy	Sample 1 Accuracy	Sample 2 Accuracy	Sample 3 Accuracy	Sample 4 Accuracy	Sample 5 Accuracy
TH02_0095_S01	MAPT-IT1	Up	0.400537929584	0.106960088015	73.2958903227744	91.51271338437924	89.16666666666667	96.83377308707124	90.15151515151516	89.16666666666667	96.83377308707124	91.64179104477613	89.769820971867
