Sample	Gene	Type	Expression	Threshold	Percent difference	Mean Accuracy	Minimum Accuracy	Maximum Accuracy	Sample 1 Accuracy	Sample 2 Accuracy	Sample 3 Accuracy	Sample 4 Accuracy	Sample 5 Accuracy
TH02_0095_S01	PRRT4	Up	2.76341157447	2.51237177849	9.084415738113407	95.2311926564501	93.29608938547486	98.01488833746899	95.54973821989529	95.6043956043956	98.01488833746899	93.69085173501577	93.29608938547486
