Sample	Gene	Type	Expression	Threshold	Percent difference	Mean Accuracy	Minimum Accuracy	Maximum Accuracy	Sample 1 Accuracy	Sample 2 Accuracy	Sample 3 Accuracy	Sample 4 Accuracy	Sample 5 Accuracy
TH02_0095_S01	RP11-422N16.3	Up	0.250961573533	0.176311850548	29.745479331394137	83.40692787331946	77.52682100508187	90.88591459528362	81.14754098360656	86.95917123705058	90.88591459528362	80.51519154557464	77.52682100508187
