Sample	Gene	Type	Expression	Threshold	Percent difference	Mean Accuracy	Minimum Accuracy	Maximum Accuracy	Sample 1 Accuracy	Sample 2 Accuracy	Sample 3 Accuracy	Sample 4 Accuracy	Sample 5 Accuracy
TH02_0095_S01	CTD-3193K9.4	Up	0.613531652918	0.472911119461	22.919849821634923	59.94590715255031	48.02791262135923	78.53374062760345	48.02791262135923	67.0103092783505	78.53374062760345	57.79691749773346	48.36065573770492
