Sample	Gene	Type	Expression	Threshold	Percent difference	Mean Accuracy	Minimum Accuracy	Maximum Accuracy	Sample 1 Accuracy	Sample 2 Accuracy	Sample 3 Accuracy	Sample 4 Accuracy	Sample 5 Accuracy
TH02_0095_S01	CRHR1	Up	1.57531233069	1.26498711109	19.699282075959825	99.52860114993774	98.73817034700315	100	99.73821989528795	99.72527472527473	100	98.73817034700315	99.4413407821229
