Sample	Gene	Type	Expression	Threshold	Percent difference	Mean Accuracy	Minimum Accuracy	Maximum Accuracy	Sample 1 Accuracy	Sample 2 Accuracy	Sample 3 Accuracy	Sample 4 Accuracy	Sample 5 Accuracy
TH02_0095_S01	PKI55	Up	4.59275601044	4.44551467896	3.2059471730111135	98.63898589253937	97.13201180936314	99.78127734033247	98.84393063583815	99.40602460755197	99.78127734033247	98.03168506961114	97.13201180936314
