Sample	Gene	Type	Expression	Threshold	Percent difference	Mean Accuracy	Minimum Accuracy	Maximum Accuracy	Sample 1 Accuracy	Sample 2 Accuracy	Sample 3 Accuracy	Sample 4 Accuracy	Sample 5 Accuracy
TH02_0095_S01	RP11-795F19.1	Up	2.04614178164	1.96179759502	4.122108613235849	74.5421970725809	66.74259681093395	82.86937901498929	66.99029126213593	81.88775510204081	82.86937901498929	74.22096317280453	66.74259681093395
