Sample	Gene	Type	Expression	Threshold	Percent difference	Mean Accuracy	Minimum Accuracy	Maximum Accuracy	Sample 1 Accuracy	Sample 2 Accuracy	Sample 3 Accuracy	Sample 4 Accuracy	Sample 5 Accuracy
TH02_0095_S01	DPF3	Up	2.67355642399	2.25027108192	15.832295076020564	99.55584306333765	99.23394225103122	99.82718894009217	99.54669084315503	99.82718894009217	99.73319103521878	99.43820224719101	99.23394225103122
