Sample	Gene	Type	Expression	Threshold	Percent difference	Mean Accuracy	Minimum Accuracy	Maximum Accuracy	Sample 1 Accuracy	Sample 2 Accuracy	Sample 3 Accuracy	Sample 4 Accuracy	Sample 5 Accuracy
TH02_0095_S01	MYBPC1	Up	2.124328135	1.97605133057	6.979938832754754	89.0284647056725	85.42141230068337	95.50321199143468	85.92233009708737	91.3265306122449	95.50321199143468	86.96883852691218	85.42141230068337
