Sample	Gene	Type	Expression	Threshold	Percent difference	Mean Accuracy	Minimum Accuracy	Maximum Accuracy	Sample 1 Accuracy	Sample 2 Accuracy	Sample 3 Accuracy	Sample 4 Accuracy	Sample 5 Accuracy
TH02_0095_S01	ORAOV1P1	Up	1.13750352375	0.918712258339	19.23433737503619	92.37895522090233	88.06970509383379	96.51162790697676	88.06970509383379	95.52000000000001	96.51162790697676	93.50348027842227	88.2899628252788
