Sample	Gene	Type	Expression	Threshold	Percent difference	Mean Accuracy	Minimum Accuracy	Maximum Accuracy	Sample 1 Accuracy	Sample 2 Accuracy	Sample 3 Accuracy	Sample 4 Accuracy	Sample 5 Accuracy
TH03_0010_S01	TEX30	Up	6.03452387533	5.86147594452	2.8676318858799124	99.88077469793888	99.70149253731343	100	100	100	100	99.70149253731343	99.70238095238095
