Sample	Gene	Type	Expression	Threshold	Percent difference	Mean Accuracy	Minimum Accuracy	Maximum Accuracy	Sample 1 Accuracy	Sample 2 Accuracy	Sample 3 Accuracy	Sample 4 Accuracy	Sample 5 Accuracy
TH03_0010_S01	RNVU1-6	Up	3.09592442	2.72730445862	11.906620168072447	75.16233766233766	66.66666666666666	83.33333333333334	66.66666666666666	80.35714285714286	78.78787878787878	83.33333333333334	66.66666666666666
