Sample	Gene	Type	Expression	Threshold	Percent difference	Mean Accuracy	Minimum Accuracy	Maximum Accuracy	Sample 1 Accuracy	Sample 2 Accuracy	Sample 3 Accuracy	Sample 4 Accuracy	Sample 5 Accuracy
TH03_0010_S01	IL4R	Down	0.378511623254	0.796768188477	110.5003227185785	99.64579177313543	99.18032786885246	100	99.18032786885246	100	100	99.66974900924703	99.37888198757764
