Sample	Gene	Type	Expression	Threshold	Percent difference	Mean Accuracy	Minimum Accuracy	Maximum Accuracy	Sample 1 Accuracy	Sample 2 Accuracy	Sample 3 Accuracy	Sample 4 Accuracy	Sample 5 Accuracy
TH03_0010_S01	CHCHD7	Up	6.81698362326	6.77404499054	0.6298773048755753	81.61607191960282	74.12935323383084	91.61849710982659	74.12935323383084	91.61849710982659	86.92660550458714	77.2189349112426	78.18696883852692
