Sample	Gene	Type	Expression	Threshold	Percent difference	Mean Accuracy	Minimum Accuracy	Maximum Accuracy	Sample 1 Accuracy	Sample 2 Accuracy	Sample 3 Accuracy	Sample 4 Accuracy	Sample 5 Accuracy
TH03_0010_S01	CCR3	Up	0.815575428863	0.55422270298	32.04519369193772	72.58871474844058	62.182203389830505	88.73873873873875	64.5021645021645	78.56341189674522	88.73873873873875	68.95705521472392	62.182203389830505
