Sample	Gene	Type	Expression	Threshold	Percent difference	Mean Accuracy	Minimum Accuracy	Maximum Accuracy	Sample 1 Accuracy	Sample 2 Accuracy	Sample 3 Accuracy	Sample 4 Accuracy	Sample 5 Accuracy
TH03_0010_S01	RP11-1280N14.3	Up	1.98185265329	1.93433845043	2.3974639477421995	59.886971725606614	48.669201520912544	70	54.35540069686411	70	70	56.41025641025641	48.669201520912544
