Sample	Gene	Type	Expression	Threshold	Percent difference	Mean Accuracy	Minimum Accuracy	Maximum Accuracy	Sample 1 Accuracy	Sample 2 Accuracy	Sample 3 Accuracy	Sample 4 Accuracy	Sample 5 Accuracy
TH03_0010_S01	ARID5B	Down	0.20163386117	0.25282728672	25.389299819457488	81.48759331797153	74.76002258610954	89.67495219885278	78.63729508196722	85.43570993296771	89.67495219885278	78.92998678996037	74.76002258610954
