Sample	Gene	Type	Expression	Threshold	Percent difference	Mean Accuracy	Minimum Accuracy	Maximum Accuracy	Sample 1 Accuracy	Sample 2 Accuracy	Sample 3 Accuracy	Sample 4 Accuracy	Sample 5 Accuracy
TH01_0063_S01	MORF4	Up	0.411426245726	0.210160672665	48.91899220134781	77.03865883057793	68.69627507163324	89.91138377641445	68.69627507163324	80.26521060842434	89.91138377641445	76.49219467401286	69.82823002240478
