Sample	Gene	Type	Expression	Threshold	Percent difference	Mean Accuracy	Minimum Accuracy	Maximum Accuracy	Sample 1 Accuracy	Sample 2 Accuracy	Sample 3 Accuracy	Sample 4 Accuracy	Sample 5 Accuracy
TH01_0063_S01	SNORA67	Up	0.354734239971	0.236686587334	33.2777722969879	62.5961018881655	46.898263027295286	78.4	46.898263027295286	71.23287671232876	78.4	61.12469437652812	55.32467532467532
