Sample	Gene	Type	Expression	Threshold	Percent difference	Mean Accuracy	Minimum Accuracy	Maximum Accuracy	Sample 1 Accuracy	Sample 2 Accuracy	Sample 3 Accuracy	Sample 4 Accuracy	Sample 5 Accuracy
TH01_0063_S01	ASB5	Up	0.50589092973	0.311149060726	38.49483308742777	82.18365788856246	74.93606138107417	90.23746701846966	78.78787878787878	82.77777777777777	90.23746701846966	84.17910447761194	74.93606138107417
