Sample	Gene	Type	Expression	Threshold	Percent difference	Mean Accuracy	Minimum Accuracy	Maximum Accuracy	Sample 1 Accuracy	Sample 2 Accuracy	Sample 3 Accuracy	Sample 4 Accuracy	Sample 5 Accuracy
TH03_0107_S01	RP11-242J7.1	Up	2.40053792958	0.277918636799	88.42265171591666	99.95934959349593	99.79674796747967	100	100	99.79674796747967	100	100	100
