Sample	Gene	Type	Expression	Threshold	Percent difference	Mean Accuracy	Minimum Accuracy	Maximum Accuracy	Sample 1 Accuracy	Sample 2 Accuracy	Sample 3 Accuracy	Sample 4 Accuracy	Sample 5 Accuracy
TH03_0107_S01	DCANP1	Up	0.321928094887	0.244370207191	24.09168038695834	79.05362718927931	72.2755505364201	87.50796685787125	75.56352459016394	83.30286410725168	87.50796685787125	76.61822985468957	72.2755505364201
