Sample	Gene	Type	Expression	Threshold	Percent difference	Mean Accuracy	Minimum Accuracy	Maximum Accuracy	Sample 1 Accuracy	Sample 2 Accuracy	Sample 3 Accuracy	Sample 4 Accuracy	Sample 5 Accuracy
TH03_0013_S02	RP11-162K6.1	Up	0.0840642647885	0.071774750948	14.61918910659552	42.932586745185596	36	53.31171838814266	36	53.31171838814266	48.14509480626546	40.45161290322581	36.754507628294036
