Sample	Gene	Type	Expression	Threshold	Percent difference	Mean Accuracy	Minimum Accuracy	Maximum Accuracy	Sample 1 Accuracy	Sample 2 Accuracy	Sample 3 Accuracy	Sample 4 Accuracy	Sample 5 Accuracy
TH03_0013_S02	NCKIPSD	Down	1.86393845042	2.09212613106	12.242232601005826	97.23185458181665	95.67198177676538	99.57173447537473	95.87378640776699	98.72448979591837	99.57173447537473	96.3172804532578	95.67198177676538
