Sample	Gene	Type	Expression	Threshold	Percent difference	Mean Accuracy	Minimum Accuracy	Maximum Accuracy	Sample 1 Accuracy	Sample 2 Accuracy	Sample 3 Accuracy	Sample 4 Accuracy	Sample 5 Accuracy
TH03_0013_S02	AGGF1P3	Up	0.69599381311	0.244026988745	64.93833937192885	84.940655583669	78.93982808022922	91.75187457396046	78.93982808022922	89.78159126365055	91.75187457396046	85.2157943067034	79.01418969380134
