Sample	Gene	Type	Expression	Threshold	Percent difference	Mean Accuracy	Minimum Accuracy	Maximum Accuracy	Sample 1 Accuracy	Sample 2 Accuracy	Sample 3 Accuracy	Sample 4 Accuracy	Sample 5 Accuracy
TH03_0013_S02	ZNF669	Up	4.08236196956	4.02698802948	1.3564191635355696	77.3986658555044	69.49152542372882	87.56567425569177	72.3076923076923	84.10462776659959	87.56567425569177	73.52380952380952	69.49152542372882
