Sample	Gene	Type	Expression	Threshold	Percent difference	Mean Accuracy	Minimum Accuracy	Maximum Accuracy	Sample 1 Accuracy	Sample 2 Accuracy	Sample 3 Accuracy	Sample 4 Accuracy	Sample 5 Accuracy
TH03_0013_S02	UMODL1	Up	0.855989697308	0.783382773399	8.482219369852391	47.507399550822164	39.130434782608695	56.464379947229546	40.4040404040404	51.388888888888886	56.464379947229546	50.14925373134328	39.130434782608695
