Sample	Gene	Type	Expression	Threshold	Percent difference	Mean Accuracy	Minimum Accuracy	Maximum Accuracy	Sample 1 Accuracy	Sample 2 Accuracy	Sample 3 Accuracy	Sample 4 Accuracy	Sample 5 Accuracy
TH03_0013_S02	HIST1H3I	Up	2.72465027173	0.71720290184	73.67724917647445	99.80870137126256	99.62825278810409	100	99.86595174262735	99.83999999999999	99.70930232558139	100	99.62825278810409
