Sample	Gene	Type	Expression	Threshold	Percent difference	Mean Accuracy	Minimum Accuracy	Maximum Accuracy	Sample 1 Accuracy	Sample 2 Accuracy	Sample 3 Accuracy	Sample 4 Accuracy	Sample 5 Accuracy
TH03_0013_S02	RP1-80N2.4	Up	1.45943161864	1.2261441946	15.984813612397508	98.82748022954767	97.72209567198178	99.78586723768737	98.30097087378641	99.74489795918367	99.78586723768737	98.58356940509914	97.72209567198178
