Sample	Gene	Type	Expression	Threshold	Percent difference	Mean Accuracy	Minimum Accuracy	Maximum Accuracy	Sample 1 Accuracy	Sample 2 Accuracy	Sample 3 Accuracy	Sample 4 Accuracy	Sample 5 Accuracy
TH03_0013_S02	TMED7	Down	2.88557436437	2.88768410683	0.0731134323221879	4.376770577410745	2.8874484384207424	5.816435432230524	4.2611060743427025	5.126728110599078	5.816435432230524	3.7921348314606744	2.8874484384207424
