Sample	Gene	Type	Expression	Threshold	Percent difference	Mean Accuracy	Minimum Accuracy	Maximum Accuracy	Sample 1 Accuracy	Sample 2 Accuracy	Sample 3 Accuracy	Sample 4 Accuracy	Sample 5 Accuracy
TH03_0013_S02	CTD-3222D19.9	Up	0.722466024471	0.611703038216	15.33123807947954	61.84947589906823	53.246753246753244	70.07874015748031	53.333333333333336	70.07874015748031	69.37269372693727	63.21585903083701	53.246753246753244
