Sample	Gene	Type	Expression	Threshold	Percent difference	Mean Accuracy	Minimum Accuracy	Maximum Accuracy	Sample 1 Accuracy	Sample 2 Accuracy	Sample 3 Accuracy	Sample 4 Accuracy	Sample 5 Accuracy
TH03_0013_S02	SLC9C2	Up	0.565597175854	0.311149060726	44.98751514163886	78.74826387558888	71.13594040968343	85.65737051792829	71.13594040968343	85.65737051792829	84.60111317254174	77.90697674418605	74.43991853360488
