Sample	Gene	Type	Expression	Threshold	Percent difference	Mean Accuracy	Minimum Accuracy	Maximum Accuracy	Sample 1 Accuracy	Sample 2 Accuracy	Sample 3 Accuracy	Sample 4 Accuracy	Sample 5 Accuracy
TH03_0013_S02	TRAP1	Down	4.05571626351	4.17993354797	3.062770578346548	97.51786316963917	94.61077844311377	99.44341372912801	94.61077844311377	99.00199600798403	99.44341372912801	97.81181619256017	96.72131147540983
