Sample	Gene	Type	Expression	Threshold	Percent difference	Mean Accuracy	Minimum Accuracy	Maximum Accuracy	Sample 1 Accuracy	Sample 2 Accuracy	Sample 3 Accuracy	Sample 4 Accuracy	Sample 5 Accuracy
TH03_0013_S02	AP000295.9	Up	2.90689059561	1.43852698803	50.51320506514865	99.8383750967495	99.59349593495935	100	99.83818770226537	99.59349593495935	100	99.76019184652279	100
