Sample	Gene	Type	Expression	Threshold	Percent difference	Mean Accuracy	Minimum Accuracy	Maximum Accuracy	Sample 1 Accuracy	Sample 2 Accuracy	Sample 3 Accuracy	Sample 4 Accuracy	Sample 5 Accuracy
TH03_0013_S02	SCOC	Down	2.78450398293	3.05739355087	9.800293682929176	93.49426771272562	89.97722095671982	96.61016949152543	91.55251141552512	94.5945945945946	96.61016949152543	94.73684210526315	89.97722095671982
