Sample	Gene	Type	Expression	Threshold	Percent difference	Mean Accuracy	Minimum Accuracy	Maximum Accuracy	Sample 1 Accuracy	Sample 2 Accuracy	Sample 3 Accuracy	Sample 4 Accuracy	Sample 5 Accuracy
TH03_0013_S02	POLR2H	Down	4.22187708108	4.23345422745	0.27421798758382987	19.530543843685827	14.772727272727273	22.429906542056074	18.51851851851852	21.671826625387	22.429906542056074	20.259740259740262	14.772727272727273
