Sample	Gene	Type	Expression	Threshold	Percent difference	Mean Accuracy	Minimum Accuracy	Maximum Accuracy	Sample 1 Accuracy	Sample 2 Accuracy	Sample 3 Accuracy	Sample 4 Accuracy	Sample 5 Accuracy
TH03_0013_S02	AC026150.6	Up	1.66902676551	1.03565299511	37.94868863031455	99.85397189427003	99.50738916256158	100	100	99.7624703087886	100	100	99.50738916256158
