Sample	Gene	Type	Expression	Threshold	Percent difference	Mean Accuracy	Minimum Accuracy	Maximum Accuracy	Sample 1 Accuracy	Sample 2 Accuracy	Sample 3 Accuracy	Sample 4 Accuracy	Sample 5 Accuracy
TH03_0013_S02	RP4-800J21.3	Up	1.9221978484	0.69934207201	63.617581166677574	99.95495495495496	99.77477477477478	100	100	99.77477477477478	100	100	100
