Sample	Gene	Type	Expression	Threshold	Percent difference	Mean Accuracy	Minimum Accuracy	Maximum Accuracy	Sample 1 Accuracy	Sample 2 Accuracy	Sample 3 Accuracy	Sample 4 Accuracy	Sample 5 Accuracy
TH03_0013_S02	RP11-632K20.2	Up	1.17632277264	1.02715373039	12.680961868588383	93.11066061964254	89.4088669950739	96.73076923076923	90.9502262443439	96.67458432304038	96.73076923076923	91.78885630498533	89.4088669950739
