Sample	Gene	Type	Expression	Threshold	Percent difference	Mean Accuracy	Minimum Accuracy	Maximum Accuracy	Sample 1 Accuracy	Sample 2 Accuracy	Sample 3 Accuracy	Sample 4 Accuracy	Sample 5 Accuracy
TH03_0013_S02	PGM1	Down	2.05311133646	2.59549927711	26.417853285306574	99.82098696234094	99.69325153374233	100	99.69325153374233	99.70238095238095	99.70930232558139	100	100
