Sample	Gene	Type	Expression	Threshold	Percent difference	Mean Accuracy	Minimum Accuracy	Maximum Accuracy	Sample 1 Accuracy	Sample 2 Accuracy	Sample 3 Accuracy	Sample 4 Accuracy	Sample 5 Accuracy
TH03_0013_S02	NUFIP2	Up	5.86764940602	5.85882472992	0.15039542224431307	33.90747780387234	25.806451612903224	44.07582938388626	29.207920792079207	44.07582938388626	41.32841328413284	29.118773946360154	25.806451612903224
