Sample	Gene	Type	Expression	Threshold	Percent difference	Mean Accuracy	Minimum Accuracy	Maximum Accuracy	Sample 1 Accuracy	Sample 2 Accuracy	Sample 3 Accuracy	Sample 4 Accuracy	Sample 5 Accuracy
TH03_0013_S02	MTUS2	Up	1.22032995488	1.18473637104	2.9167180316818455	67.67945041621199	58.935361216730044	77.4074074074074	62.02090592334495	77.4074074074074	76.78571428571429	63.24786324786324	58.935361216730044
