Sample	Gene	Type	Expression	Threshold	Percent difference	Mean Accuracy	Minimum Accuracy	Maximum Accuracy	Sample 1 Accuracy	Sample 2 Accuracy	Sample 3 Accuracy	Sample 4 Accuracy	Sample 5 Accuracy
TH03_0013_S02	RP1-60O19.1	Up	2.11103131239	1.7178337574	18.62585138753069	98.08951475554122	96.55172413793103	99.03846153846155	97.51131221719457	98.812351543943	99.03846153846155	98.53372434017595	96.55172413793103
