Sample	Gene	Type	Expression	Threshold	Percent difference	Mean Accuracy	Minimum Accuracy	Maximum Accuracy	Sample 1 Accuracy	Sample 2 Accuracy	Sample 3 Accuracy	Sample 4 Accuracy	Sample 5 Accuracy
TH03_0013_S02	PTK2	Down	2.85798099513	3.43978714943	20.35724363777777	99.43705976625031	98.86685552407933	100	99.02912621359224	99.74489795918367	100	98.86685552407933	99.54441913439635
