Sample	Gene	Type	Expression	Threshold	Percent difference	Mean Accuracy	Minimum Accuracy	Maximum Accuracy	Sample 1 Accuracy	Sample 2 Accuracy	Sample 3 Accuracy	Sample 4 Accuracy	Sample 5 Accuracy
TH03_0013_S02	RP11-449H3.3	Up	2.45680614923	2.09917473793	14.55676148531651	99.34700089123311	98.93930465527401	99.6264674493063	99.27470534904805	99.59677419354838	99.6264674493063	99.29775280898876	98.93930465527401
