Sample	Gene	Type	Expression	Threshold	Percent difference	Mean Accuracy	Minimum Accuracy	Maximum Accuracy	Sample 1 Accuracy	Sample 2 Accuracy	Sample 3 Accuracy	Sample 4 Accuracy	Sample 5 Accuracy
TH03_0013_S02	RP5-1086K13.1	Up	1.344828497	1.08387207985	19.404438389886387	99.47624512899534	98.73817034700315	100	99.47643979057592	99.72527472527473	100	98.73817034700315	99.4413407821229
