Sample	Gene	Type	Expression	Threshold	Percent difference	Mean Accuracy	Minimum Accuracy	Maximum Accuracy	Sample 1 Accuracy	Sample 2 Accuracy	Sample 3 Accuracy	Sample 4 Accuracy	Sample 5 Accuracy
TH03_0013_S02	PIK3R6	Up	2.83390207667	2.4461107254	13.684006743298527	99.23985644468057	98.76252209781968	99.6264674493063	99.18404351767906	99.53917050691244	99.6264674493063	99.08707865168539	98.76252209781968
