Sample	Gene	Type	Expression	Threshold	Percent difference	Mean Accuracy	Minimum Accuracy	Maximum Accuracy	Sample 1 Accuracy	Sample 2 Accuracy	Sample 3 Accuracy	Sample 4 Accuracy	Sample 5 Accuracy
TH03_0013_S02	TMEM99	Down	1.38956681176	1.50198936462	8.090474809023949	84.11100962873756	77.83251231527095	90.26128266033254	79.86425339366517	90.26128266033254	90.1923076923077	82.40469208211144	77.83251231527095
