Sample	Gene	Type	Expression	Threshold	Percent difference	Mean Accuracy	Minimum Accuracy	Maximum Accuracy	Sample 1 Accuracy	Sample 2 Accuracy	Sample 3 Accuracy	Sample 4 Accuracy	Sample 5 Accuracy
TH03_0013_S02	RP11-356I2.4	Up	3.28983446518	2.84167075157	13.622682793113691	99.9206336708502	99.800796812749	100	100	100	99.800796812749	99.80237154150198	100
