Sample	Gene	Type	Expression	Threshold	Percent difference	Mean Accuracy	Minimum Accuracy	Maximum Accuracy	Sample 1 Accuracy	Sample 2 Accuracy	Sample 3 Accuracy	Sample 4 Accuracy	Sample 5 Accuracy
TH03_0013_S02	KCNK17	Up	1.87184364851	1.57348930836	15.939063093623881	98.3053709598048	97.48858447488584	99.57627118644068	97.48858447488584	98.1981981981982	99.57627118644068	98.08612440191388	98.17767653758543
