Sample	Gene	Type	Expression	Threshold	Percent difference	Mean Accuracy	Minimum Accuracy	Maximum Accuracy	Sample 1 Accuracy	Sample 2 Accuracy	Sample 3 Accuracy	Sample 4 Accuracy	Sample 5 Accuracy
TH03_0013_S02	LGALS3	Down	1.53605290024	2.22096133232	44.588857061692764	99.90323297801388	99.75369458128078	100	100	99.7624703087886	100	100	99.75369458128078
