Sample	Gene	Type	Expression	Threshold	Percent difference	Mean Accuracy	Minimum Accuracy	Maximum Accuracy	Sample 1 Accuracy	Sample 2 Accuracy	Sample 3 Accuracy	Sample 4 Accuracy	Sample 5 Accuracy
TH03_0013_S02	RP13-131K19.6	Up	2.3645724323	2.33151173592	1.3981680547566198	14.646872123712921	11.528150134048257	17.919999999999998	11.528150134048257	17.919999999999998	17.829457364341085	13.68909512761021	12.267657992565056
