Sample	Gene	Type	Expression	Threshold	Percent difference	Mean Accuracy	Minimum Accuracy	Maximum Accuracy	Sample 1 Accuracy	Sample 2 Accuracy	Sample 3 Accuracy	Sample 4 Accuracy	Sample 5 Accuracy
TH03_0013_S02	ARFIP1	Down	1.44360665148	2.35344290733	63.025219156286575	99.90325464009675	99.74937343358395	100	100	99.74937343358395	100	100	99.76689976689977
