Sample	Gene	Type	Expression	Threshold	Percent difference	Mean Accuracy	Minimum Accuracy	Maximum Accuracy	Sample 1 Accuracy	Sample 2 Accuracy	Sample 3 Accuracy	Sample 4 Accuracy	Sample 5 Accuracy
TH03_0013_S02	TRMT112	Down	6.26416107129	6.28055620193	0.26172907199244666	43.92211422781217	35.93073593073593	55.41666666666667	35.93073593073593	55.41666666666667	52.91479820627802	38.362068965517246	36.986301369863014
