Sample	Gene	Type	Expression	Threshold	Percent difference	Mean Accuracy	Minimum Accuracy	Maximum Accuracy	Sample 1 Accuracy	Sample 2 Accuracy	Sample 3 Accuracy	Sample 4 Accuracy	Sample 5 Accuracy
TH03_0013_S02	DLGAP2	Up	0.963474123975	0.354866266251	63.168054292218024	94.08200674973226	91.1914172783738	97.25940089228808	93.0327868852459	95.00304692260816	97.25940089228808	93.92338177014531	91.1914172783738
