Sample	Gene	Type	Expression	Threshold	Percent difference	Mean Accuracy	Minimum Accuracy	Maximum Accuracy	Sample 1 Accuracy	Sample 2 Accuracy	Sample 3 Accuracy	Sample 4 Accuracy	Sample 5 Accuracy
TH03_0013_S02	VPS25	Down	4.27276973244	4.30561447144	0.7686990185928969	48.22688978275116	38.92045454545455	59.112149532710276	41.88034188034188	57.585139318885446	59.112149532710276	43.63636363636363	38.92045454545455
