Sample	Gene	Type	Expression	Threshold	Percent difference	Mean Accuracy	Minimum Accuracy	Maximum Accuracy	Sample 1 Accuracy	Sample 2 Accuracy	Sample 3 Accuracy	Sample 4 Accuracy	Sample 5 Accuracy
TH03_0013_S02	RP4-621N11.2	Up	0.378511623254	0.289402633905	23.541942670860465	63.029592544817604	51.5828677839851	73.56215213358071	51.5828677839851	70.4183266932271	73.56215213358071	62.558139534883715	57.0264765784114
