Sample	Gene	Type	Expression	Threshold	Percent difference	Mean Accuracy	Minimum Accuracy	Maximum Accuracy	Sample 1 Accuracy	Sample 2 Accuracy	Sample 3 Accuracy	Sample 4 Accuracy	Sample 5 Accuracy
TH03_0013_S02	ACR	Up	1.83592407425	1.17586004734	35.952686506365744	99.36341546322497	98.8009592326139	100	99.02912621359224	99.1869918699187	100	98.8009592326139	99.8
