Sample	Gene	Type	Expression	Threshold	Percent difference	Mean Accuracy	Minimum Accuracy	Maximum Accuracy	Sample 1 Accuracy	Sample 2 Accuracy	Sample 3 Accuracy	Sample 4 Accuracy	Sample 5 Accuracy
TH03_0013_S02	ATP5HP4	Up	2.16349873228	1.17350566387	45.75889292834006	99.52076388060608	98.88475836431226	100	99.32975871313673	99.68	99.70930232558139	100	98.88475836431226
