Sample	Gene	Type	Expression	Threshold	Percent difference	Mean Accuracy	Minimum Accuracy	Maximum Accuracy	Sample 1 Accuracy	Sample 2 Accuracy	Sample 3 Accuracy	Sample 4 Accuracy	Sample 5 Accuracy
TH03_0013_S02	RP11-473M20.9	Up	2.90110824301	2.42155694962	16.529934536067124	96.83866561941124	94.82758620689656	98.84615384615385	95.70135746606336	98.33729216152018	98.84615384615385	96.48093841642229	94.82758620689656
