Sample	Gene	Type	Expression	Threshold	Percent difference	Mean Accuracy	Minimum Accuracy	Maximum Accuracy	Sample 1 Accuracy	Sample 2 Accuracy	Sample 3 Accuracy	Sample 4 Accuracy	Sample 5 Accuracy
TH03_0013_S02	PARVG	Up	6.8880125854	6.8043346405	1.2148343787490532	96.6266901657375	95.11494252873564	98.76847290640394	95.11494252873564	97.69452449567724	98.76847290640394	96.41873278236915	95.13677811550151
