Sample	Gene	Type	Expression	Threshold	Percent difference	Mean Accuracy	Minimum Accuracy	Maximum Accuracy	Sample 1 Accuracy	Sample 2 Accuracy	Sample 3 Accuracy	Sample 4 Accuracy	Sample 5 Accuracy
TH03_0013_S02	CDC42EP4	Down	1.87970576628	2.01426696777	7.158631095562408	95.65909798510054	92.39835002946376	97.6958525345622	95.55757026291931	97.6958525345622	97.2785485592316	95.36516853932584	92.39835002946376
