Sample	Gene	Type	Expression	Threshold	Percent difference	Mean Accuracy	Minimum Accuracy	Maximum Accuracy	Sample 1 Accuracy	Sample 2 Accuracy	Sample 3 Accuracy	Sample 4 Accuracy	Sample 5 Accuracy
TH03_0013_S02	SMUG1	Down	3.41683974191	3.531686306	3.3611925862756813	96.86629496218701	94.87179487179486	99.07120743034056	94.87179487179486	99.07120743034056	99.06542056074767	95.58441558441558	95.73863636363636
