Sample	Gene	Type	Expression	Threshold	Percent difference	Mean Accuracy	Minimum Accuracy	Maximum Accuracy	Sample 1 Accuracy	Sample 2 Accuracy	Sample 3 Accuracy	Sample 4 Accuracy	Sample 5 Accuracy
TH03_0013_S02	TMBIM4	Down	3.47832471149	3.52995681763	1.4843958061029479	68.95993908874301	57.48987854251012	79.5774647887324	57.48987854251012	72.98578199052133	79.5774647887324	69.51219512195121	65.234375
