Sample	Gene	Type	Expression	Threshold	Percent difference	Mean Accuracy	Minimum Accuracy	Maximum Accuracy	Sample 1 Accuracy	Sample 2 Accuracy	Sample 3 Accuracy	Sample 4 Accuracy	Sample 5 Accuracy
TH03_0013_S02	RP1-55C23.7	Up	0.150559676575	0.141808778048	5.812245832396447	9.77428431683858	7.660924750679963	13.30541237113402	10.679611650485436	13.30541237113402	7.970008331019161	7.660924750679963	9.255464480874318
