Sample	Gene	Type	Expression	Threshold	Percent difference	Mean Accuracy	Minimum Accuracy	Maximum Accuracy	Sample 1 Accuracy	Sample 2 Accuracy	Sample 3 Accuracy	Sample 4 Accuracy	Sample 5 Accuracy
TH03_0013_S02	ZNF394	Up	5.24336442569	5.01004219055	4.449857309113054	99.88505747126436	99.42528735632183	100	99.42528735632183	100	100	100	100
