Sample	Gene	Type	Expression	Threshold	Percent difference	Mean Accuracy	Minimum Accuracy	Maximum Accuracy	Sample 1 Accuracy	Sample 2 Accuracy	Sample 3 Accuracy	Sample 4 Accuracy	Sample 5 Accuracy
TH03_0013_S02	DUSP8P5	Up	2.32768736418	2.09381008148	10.04762436309356	93.80660290841276	90.20501138952164	97.03389830508475	92.23744292237443	94.81981981981981	97.03389830508475	94.73684210526315	90.20501138952164
