Sample	Gene	Type	Expression	Threshold	Percent difference	Mean Accuracy	Minimum Accuracy	Maximum Accuracy	Sample 1 Accuracy	Sample 2 Accuracy	Sample 3 Accuracy	Sample 4 Accuracy	Sample 5 Accuracy
TH03_0013_S02	SLC2A5	Up	5.90231481249	5.8000702858	1.7322784354646463	99.45213762393266	98.89807162534436	100	99.52380952380952	100	99.375	98.89807162534436	99.46380697050938
