Sample	Gene	Type	Expression	Threshold	Percent difference	Mean Accuracy	Minimum Accuracy	Maximum Accuracy	Sample 1 Accuracy	Sample 2 Accuracy	Sample 3 Accuracy	Sample 4 Accuracy	Sample 5 Accuracy
TH03_0013_S02	ANKLE2	Up	6.73741636594	6.68031740189	0.8474905059846823	93.4962925387821	89.91935483870968	97.6303317535545	92.07920792079209	97.6303317535545	97.04797047970479	90.80459770114942	89.91935483870968
