Sample	Gene	Type	Expression	Threshold	Percent difference	Mean Accuracy	Minimum Accuracy	Maximum Accuracy	Sample 1 Accuracy	Sample 2 Accuracy	Sample 3 Accuracy	Sample 4 Accuracy	Sample 5 Accuracy
TH03_0013_S02	SAR1A	Down	3.78659636189	3.93819022179	4.003433305585675	99.05479796401048	96.99453551912568	100	99.69969969969969	99.5	100	99.079754601227	96.99453551912568
