Sample	Gene	Type	Expression	Threshold	Percent difference	Mean Accuracy	Minimum Accuracy	Maximum Accuracy	Sample 1 Accuracy	Sample 2 Accuracy	Sample 3 Accuracy	Sample 4 Accuracy	Sample 5 Accuracy
TH03_0013_S02	HIST1H2AG	Up	3.10097764772	2.96213626862	4.477342144084251	99.62596741173996	99.57173447537473	99.77064220183486	99.57356076759062	99.6	99.61389961389962	99.77064220183486	99.57173447537473
