Sample	Gene	Type	Expression	Threshold	Percent difference	Mean Accuracy	Minimum Accuracy	Maximum Accuracy	Sample 1 Accuracy	Sample 2 Accuracy	Sample 3 Accuracy	Sample 4 Accuracy	Sample 5 Accuracy
TH03_0025_S02	HPD	Up	2.14730669878	1.52125620842	29.15515006383079	99.57771822573346	98.6013986013986	100	100	99.74937343358395	99.79959919839679	99.73821989528795	98.6013986013986
