Sample	Gene	Type	Expression	Threshold	Percent difference	Mean Accuracy	Minimum Accuracy	Maximum Accuracy	Sample 1 Accuracy	Sample 2 Accuracy	Sample 3 Accuracy	Sample 4 Accuracy	Sample 5 Accuracy
TH03_0025_S02	CRP	Up	0.17632277264	0.176311850548	0.006194374008788559	15.939595680895335	13.741598207617626	21.37285491419657	13.896848137535816	21.37285491419657	13.974096796182685	16.712580348943984	13.741598207617626
