Sample	Gene	Type	Expression	Threshold	Percent difference	Mean Accuracy	Minimum Accuracy	Maximum Accuracy	Sample 1 Accuracy	Sample 2 Accuracy	Sample 3 Accuracy	Sample 4 Accuracy	Sample 5 Accuracy
TH03_0025_S02	ADRA1D	Up	0.97085365434	0.805532932281	17.028387473227095	64.1227875853532	54.987212276214834	74.14248021108179	58.333333333333336	67.77777777777779	74.14248021108179	65.3731343283582	54.987212276214834
