Sample	Gene	Type	Expression	Threshold	Percent difference	Mean Accuracy	Minimum Accuracy	Maximum Accuracy	Sample 1 Accuracy	Sample 2 Accuracy	Sample 3 Accuracy	Sample 4 Accuracy	Sample 5 Accuracy
TH03_0025_S02	KCNA3	Up	2.0071955014	1.91304624081	4.690587465163799	82.69474757573809	76.99386503067484	89.88095238095238	76.99386503067484	89.88095238095238	87.5	81.64794007490637	77.45098039215686
