Sample	Gene	Type	Expression	Threshold	Percent difference	Mean Accuracy	Minimum Accuracy	Maximum Accuracy	Sample 1 Accuracy	Sample 2 Accuracy	Sample 3 Accuracy	Sample 4 Accuracy	Sample 5 Accuracy
TH03_0025_S02	CTC-378H22.1	Up	0.887525270742	0.728047251701	17.96884261195979	50.338505414493795	41.55555555555556	63.39653751030503	41.55555555555556	59.14775358962483	63.39653751030503	45.29032258064516	42.302357836338416
