Sample	Gene	Type	Expression	Threshold	Percent difference	Mean Accuracy	Minimum Accuracy	Maximum Accuracy	Sample 1 Accuracy	Sample 2 Accuracy	Sample 3 Accuracy	Sample 4 Accuracy	Sample 5 Accuracy
TH03_0025_S02	PZP	Up	0.6322682155	0.513865172863	18.726711185911252	73.97493600676559	66.62902315076228	83.5564053537285	69.82581967213115	78.79341864716636	83.5564053537285	71.07001321003963	66.62902315076228
