Sample	Gene	Type	Expression	Threshold	Percent difference	Mean Accuracy	Minimum Accuracy	Maximum Accuracy	Sample 1 Accuracy	Sample 2 Accuracy	Sample 3 Accuracy	Sample 4 Accuracy	Sample 5 Accuracy
TH03_0025_S02	TMEM212	Up	0.83995958749	0.071774750948	91.4549756896662	90.27010325852719	86.54503990877993	96.17755856966707	87.34491315136476	93.41238471673255	96.17755856966707	87.87061994609164	86.54503990877993
