Sample	Gene	Type	Expression	Threshold	Percent difference	Mean Accuracy	Minimum Accuracy	Maximum Accuracy	Sample 1 Accuracy	Sample 2 Accuracy	Sample 3 Accuracy	Sample 4 Accuracy	Sample 5 Accuracy
TH03_0025_S02	CLEC12A	Up	3.77188557852	3.6779384613	2.490720231679525	93.50512189253513	89.40397350993378	98.00796812749005	91.23222748815166	97.57709251101322	98.00796812749005	91.30434782608695	89.40397350993378
