Sample	Gene	Type	Expression	Threshold	Percent difference	Mean Accuracy	Minimum Accuracy	Maximum Accuracy	Sample 1 Accuracy	Sample 2 Accuracy	Sample 3 Accuracy	Sample 4 Accuracy	Sample 5 Accuracy
TH03_0025_S02	OPN4	Up	0.400537929584	0.176311850548	55.98123485305921	90.61299662533786	87.56756756756758	94.8339483394834	87.56756756756758	93.50393700787401	94.8339483394834	88.10572687224669	89.05380333951763
