Sample	Gene	Type	Expression	Threshold	Percent difference	Mean Accuracy	Minimum Accuracy	Maximum Accuracy	Sample 1 Accuracy	Sample 2 Accuracy	Sample 3 Accuracy	Sample 4 Accuracy	Sample 5 Accuracy
TH03_0025_S02	CLEC1A	Up	3.48026512205	3.19847559929	8.09678322995163	99.88657519504977	99.62335216572504	100	100	100	100	99.80952380952381	99.62335216572504
