Sample	Gene	Type	Expression	Threshold	Percent difference	Mean Accuracy	Minimum Accuracy	Maximum Accuracy	Sample 1 Accuracy	Sample 2 Accuracy	Sample 3 Accuracy	Sample 4 Accuracy	Sample 5 Accuracy
TH03_0025_S02	DCDC2B	Up	1.35049724708	0.502624690533	62.78224989945309	99.90325464009675	99.74937343358395	100	100	99.74937343358395	100	100	99.76689976689977
