Sample	Gene	Type	Expression	Threshold	Percent difference	Mean Accuracy	Minimum Accuracy	Maximum Accuracy	Sample 1 Accuracy	Sample 2 Accuracy	Sample 3 Accuracy	Sample 4 Accuracy	Sample 5 Accuracy
TH03_0025_S02	GIMAP5	Up	6.36439733732	6.35631513596	0.12699083560680174	25.187523949272038	19.8300283286119	37.283236994219656	21.641791044776117	37.283236994219656	27.06422018348624	20.118343195266274	19.8300283286119
