Sample	Gene	Type	Expression	Threshold	Percent difference	Mean Accuracy	Minimum Accuracy	Maximum Accuracy	Sample 1 Accuracy	Sample 2 Accuracy	Sample 3 Accuracy	Sample 4 Accuracy	Sample 5 Accuracy
TH03_0025_S02	TRG-AS1	Up	2.81147103053	2.48004293442	11.788422946955322	95.9462281733514	94.07744874715262	98.30508474576271	94.97716894977168	95.72072072072072	98.30508474576271	96.65071770334929	94.07744874715262
