Sample	Gene	Type	Expression	Threshold	Percent difference	Mean Accuracy	Minimum Accuracy	Maximum Accuracy	Sample 1 Accuracy	Sample 2 Accuracy	Sample 3 Accuracy	Sample 4 Accuracy	Sample 5 Accuracy
TH03_0025_S02	ARHGAP20	Up	2.35895882583	2.2195892334	5.908097712598388	93.4028033258405	88.68591632292281	96.37096774193549	92.9283771532185	96.37096774193549	96.051227321238	92.97752808988764	88.68591632292281
