Sample	Gene	Type	Expression	Threshold	Percent difference	Mean Accuracy	Minimum Accuracy	Maximum Accuracy	Sample 1 Accuracy	Sample 2 Accuracy	Sample 3 Accuracy	Sample 4 Accuracy	Sample 5 Accuracy
TH03_0025_S02	GOLGA8O	Up	0.992768430769	0.6579002738	33.730741892105755	75.84952472707663	66.63135593220339	90.2027027027027	67.20779220779221	80.3591470258137	90.2027027027027	74.84662576687117	66.63135593220339
