Sample	Gene	Type	Expression	Threshold	Percent difference	Mean Accuracy	Minimum Accuracy	Maximum Accuracy	Sample 1 Accuracy	Sample 2 Accuracy	Sample 3 Accuracy	Sample 4 Accuracy	Sample 5 Accuracy
TH03_0025_S02	RP11-21C4.1	Up	0.53605290024	0.176311850548	67.10924416805464	91.25287222875971	88.88888888888889	96.56992084432717	89.39393939393939	88.88888888888889	96.56992084432717	91.64179104477613	89.769820971867
