Sample	Gene	Type	Expression	Threshold	Percent difference	Mean Accuracy	Minimum Accuracy	Maximum Accuracy	Sample 1 Accuracy	Sample 2 Accuracy	Sample 3 Accuracy	Sample 4 Accuracy	Sample 5 Accuracy
TH03_0025_S02	RP11-20D14.6	Up	2.42760617278	1.21407687664	49.988721801210175	99.85089861915434	99.73821989528795	100	100	99.74937343358395	100	99.73821989528795	99.76689976689977
