Sample	Gene	Type	Expression	Threshold	Percent difference	Mean Accuracy	Minimum Accuracy	Maximum Accuracy	Sample 1 Accuracy	Sample 2 Accuracy	Sample 3 Accuracy	Sample 4 Accuracy	Sample 5 Accuracy
TH03_0025_S02	GSTA2	Up	1.23878685959	1.02883481979	16.948197195883054	98.06228168461787	96.5034965034965	99.49874686716792	97.00460829493088	99.49874686716792	99.39879759519037	97.90575916230367	96.5034965034965
