Sample	Gene	Type	Expression	Threshold	Percent difference	Mean Accuracy	Minimum Accuracy	Maximum Accuracy	Sample 1 Accuracy	Sample 2 Accuracy	Sample 3 Accuracy	Sample 4 Accuracy	Sample 5 Accuracy
TH03_0025_S02	SLC4A1	Up	0.6322682155	0.311149060726	50.7884386565372	90.3923766510621	86.84684684684684	94.8339483394834	86.84684684684684	93.30708661417323	94.8339483394834	88.10572687224669	88.86827458256029
