Sample	Gene	Type	Expression	Threshold	Percent difference	Mean Accuracy	Minimum Accuracy	Maximum Accuracy	Sample 1 Accuracy	Sample 2 Accuracy	Sample 3 Accuracy	Sample 4 Accuracy	Sample 5 Accuracy
TH03_0025_S02	CCL11	Up	4.10265813136	3.97903013229	3.0133634124912634	94.74348584525157	91.19318181818183	98.76160990712074	92.5925925925926	98.76160990712074	97.66355140186917	93.5064935064935	91.19318181818183
