Sample	Gene	Type	Expression	Threshold	Percent difference	Mean Accuracy	Minimum Accuracy	Maximum Accuracy	Sample 1 Accuracy	Sample 2 Accuracy	Sample 3 Accuracy	Sample 4 Accuracy	Sample 5 Accuracy
TH03_0025_S02	SLC18A2	Up	1.72246602447	1.53968894482	10.611360517618355	98.2531454622105	97.1714790807307	99.1462113127001	98.23209428830462	98.963133640553	99.1462113127001	97.75280898876404	97.1714790807307
