Sample	Gene	Type	Expression	Threshold	Percent difference	Mean Accuracy	Minimum Accuracy	Maximum Accuracy	Sample 1 Accuracy	Sample 2 Accuracy	Sample 3 Accuracy	Sample 4 Accuracy	Sample 5 Accuracy
TH03_0025_S02	DNAH12	Up	1.54101915313	0.861322283745	44.10697089678943	99.83848428715349	99.57264957264957	100	100	100	100	99.57264957264957	99.61977186311786
