Sample	Gene	Type	Expression	Threshold	Percent difference	Mean Accuracy	Minimum Accuracy	Maximum Accuracy	Sample 1 Accuracy	Sample 2 Accuracy	Sample 3 Accuracy	Sample 4 Accuracy	Sample 5 Accuracy
TH03_0025_S02	CTD-2370N5.3	Up	2.91838623445	1.6271750927	44.244011519378	99.90323297801388	99.75369458128078	100	100	99.7624703087886	100	100	99.75369458128078
