Sample	Gene	Type	Expression	Threshold	Percent difference	Mean Accuracy	Minimum Accuracy	Maximum Accuracy	Sample 1 Accuracy	Sample 2 Accuracy	Sample 3 Accuracy	Sample 4 Accuracy	Sample 5 Accuracy
TH03_0025_S02	BCORP1	Up	0.263034405834	0.141808778048	46.08736541580231	89.09524566683098	84.58498023715416	94.5825366475462	87.0389344262295	91.22486288848263	94.5825366475462	88.0449141347424	84.58498023715416
