Sample	Gene	Type	Expression	Threshold	Percent difference	Mean Accuracy	Minimum Accuracy	Maximum Accuracy	Sample 1 Accuracy	Sample 2 Accuracy	Sample 3 Accuracy	Sample 4 Accuracy	Sample 5 Accuracy
TH03_0025_S02	CLEC4D	Up	1.13750352375	0.614835441113	45.948700089642244	99.90043590251635	99.74489795918367	100	99.75728155339806	99.74489795918367	100	100	100
