Sample	Gene	Type	Expression	Threshold	Percent difference	Mean Accuracy	Minimum Accuracy	Maximum Accuracy	Sample 1 Accuracy	Sample 2 Accuracy	Sample 3 Accuracy	Sample 4 Accuracy	Sample 5 Accuracy
TH03_0025_S02	C1QTNF2	Up	2.14730669878	2.05069446564	4.499228414594464	81.64140848401145	76.07361963190185	87.79761904761905	76.07361963190185	87.79761904761905	86.9186046511628	81.27340823970037	76.1437908496732
