Sample	Gene	Type	Expression	Threshold	Percent difference	Mean Accuracy	Minimum Accuracy	Maximum Accuracy	Sample 1 Accuracy	Sample 2 Accuracy	Sample 3 Accuracy	Sample 4 Accuracy	Sample 5 Accuracy
TH03_0025_S02	CFAP126	Up	3.55949181321	3.05096459389	14.286511839492148	99.83805668016194	99.19028340080972	100	99.19028340080972	100	100	100	100
