Sample	Gene	Type	Expression	Threshold	Percent difference	Mean Accuracy	Minimum Accuracy	Maximum Accuracy	Sample 1 Accuracy	Sample 2 Accuracy	Sample 3 Accuracy	Sample 4 Accuracy	Sample 5 Accuracy
TH03_0025_S02	AP001626.1	Up	1.57531233069	1.29032027721	18.091145985962743	99.2267566530798	98.86104783599089	99.57627118644068	99.31506849315068	99.09909909909909	99.57627118644068	99.28229665071771	98.86104783599089
