Sample	Gene	Type	Expression	Threshold	Percent difference	Mean Accuracy	Minimum Accuracy	Maximum Accuracy	Sample 1 Accuracy	Sample 2 Accuracy	Sample 3 Accuracy	Sample 4 Accuracy	Sample 5 Accuracy
TH03_0025_S02	CASQ2	Up	2.516015147	2.22512340546	11.561605337982485	97.65360013989773	96.07843137254902	99.12790697674419	97.54601226993866	98.51190476190477	99.12790697674419	97.00374531835206	96.07843137254902
