Sample	Gene	Type	Expression	Threshold	Percent difference	Mean Accuracy	Minimum Accuracy	Maximum Accuracy	Sample 1 Accuracy	Sample 2 Accuracy	Sample 3 Accuracy	Sample 4 Accuracy	Sample 5 Accuracy
TH03_0025_S02	CCDC102B	Up	4.73389660525	4.48863983154	5.180864606083813	99.6659178325202	99.34354485776805	100	99.60079840319361	100	100	99.34354485776805	99.38524590163934
