Sample	Gene	Type	Expression	Threshold	Percent difference	Mean Accuracy	Minimum Accuracy	Maximum Accuracy	Sample 1 Accuracy	Sample 2 Accuracy	Sample 3 Accuracy	Sample 4 Accuracy	Sample 5 Accuracy
TH03_0025_S02	SLC26A9	Up	2.39780296186	1.9755448103	17.610210608483452	99.73575677904775	99.50842696629213	99.94239631336406	99.68268359020853	99.94239631336406	99.83991462113127	99.50842696629213	99.70536240424278
